,Zenith angle (°),"Radiance raw, -1e-05 cm, 484 nm (W sr-1 m-2 nm-1)","Radiance raw, -1e-05 cm, 544 nm (W sr-1 m-2 nm-1)","Radiance raw, -1e-05 cm, 603 nm (W sr-1 m-2 nm-1)","Radiance raw, 0.0 cm, 484 nm (W sr-1 m-2 nm-1)","Radiance raw, 0.0 cm, 544 nm (W sr-1 m-2 nm-1)","Radiance raw, 0.0 cm, 603 nm (W sr-1 m-2 nm-1)","Radiance raw, 20.0 cm, 484 nm (W sr-1 m-2 nm-1)","Radiance fit, 20.0 cm, 484 nm (W sr-1 m-2 nm-1)","Radiance raw, 20.0 cm, 544 nm (W sr-1 m-2 nm-1)","Radiance fit, 20.0 cm, 544 nm (W sr-1 m-2 nm-1)","Radiance raw, 20.0 cm, 603 nm (W sr-1 m-2 nm-1)","Radiance fit, 20.0 cm, 603 nm (W sr-1 m-2 nm-1)","Radiance raw, 40.0 cm, 484 nm (W sr-1 m-2 nm-1)","Radiance fit, 40.0 cm, 484 nm (W sr-1 m-2 nm-1)","Radiance raw, 40.0 cm, 544 nm (W sr-1 m-2 nm-1)","Radiance fit, 40.0 cm, 544 nm (W sr-1 m-2 nm-1)","Radiance raw, 40.0 cm, 603 nm (W sr-1 m-2 nm-1)","Radiance fit, 40.0 cm, 603 nm (W sr-1 m-2 nm-1)","Radiance raw, 60.0 cm, 484 nm (W sr-1 m-2 nm-1)","Radiance fit, 60.0 cm, 484 nm (W sr-1 m-2 nm-1)","Radiance raw, 60.0 cm, 544 nm (W sr-1 m-2 nm-1)","Radiance fit, 60.0 cm, 544 nm (W sr-1 m-2 nm-1)","Radiance raw, 60.0 cm, 603 nm (W sr-1 m-2 nm-1)","Radiance fit, 60.0 cm, 603 nm (W sr-1 m-2 nm-1)","Radiance raw, 80.0 cm, 484 nm (W sr-1 m-2 nm-1)","Radiance fit, 80.0 cm, 484 nm (W sr-1 m-2 nm-1)","Radiance raw, 80.0 cm, 544 nm (W sr-1 m-2 nm-1)","Radiance fit, 80.0 cm, 544 nm (W sr-1 m-2 nm-1)","Radiance raw, 80.0 cm, 603 nm (W sr-1 m-2 nm-1)","Radiance fit, 80.0 cm, 603 nm (W sr-1 m-2 nm-1)","Radiance raw, 100.0 cm, 484 nm (W sr-1 m-2 nm-1)","Radiance fit, 100.0 cm, 484 nm (W sr-1 m-2 nm-1)","Radiance raw, 100.0 cm, 544 nm (W sr-1 m-2 nm-1)","Radiance fit, 100.0 cm, 544 nm (W sr-1 m-2 nm-1)","Radiance raw, 100.0 cm, 603 nm (W sr-1 m-2 nm-1)","Radiance fit, 100.0 cm, 603 nm (W sr-1 m-2 nm-1)","Radiance raw, 120.0 cm, 484 nm (W sr-1 m-2 nm-1)","Radiance fit, 120.0 cm, 484 nm (W sr-1 m-2 nm-1)","Radiance raw, 120.0 cm, 544 nm (W sr-1 m-2 nm-1)","Radiance fit, 120.0 cm, 544 nm (W sr-1 m-2 nm-1)","Radiance raw, 120.0 cm, 603 nm (W sr-1 m-2 nm-1)","Radiance fit, 120.0 cm, 603 nm (W sr-1 m-2 nm-1)","Radiance raw, 140.0 cm, 484 nm (W sr-1 m-2 nm-1)","Radiance fit, 140.0 cm, 484 nm (W sr-1 m-2 nm-1)","Radiance raw, 140.0 cm, 544 nm (W sr-1 m-2 nm-1)","Radiance fit, 140.0 cm, 544 nm (W sr-1 m-2 nm-1)","Radiance raw, 140.0 cm, 603 nm (W sr-1 m-2 nm-1)","Radiance fit, 140.0 cm, 603 nm (W sr-1 m-2 nm-1)","Radiance raw, 160.0 cm, 484 nm (W sr-1 m-2 nm-1)","Radiance fit, 160.0 cm, 484 nm (W sr-1 m-2 nm-1)","Radiance raw, 160.0 cm, 544 nm (W sr-1 m-2 nm-1)","Radiance fit, 160.0 cm, 544 nm (W sr-1 m-2 nm-1)","Radiance raw, 160.0 cm, 603 nm (W sr-1 m-2 nm-1)","Radiance fit, 160.0 cm, 603 nm (W sr-1 m-2 nm-1)","Radiance raw, 180.0 cm, 484 nm (W sr-1 m-2 nm-1)","Radiance fit, 180.0 cm, 484 nm (W sr-1 m-2 nm-1)","Radiance raw, 180.0 cm, 544 nm (W sr-1 m-2 nm-1)","Radiance fit, 180.0 cm, 544 nm (W sr-1 m-2 nm-1)","Radiance raw, 180.0 cm, 603 nm (W sr-1 m-2 nm-1)","Radiance fit, 180.0 cm, 603 nm (W sr-1 m-2 nm-1)","Radiance raw, 200.0 cm, 484 nm (W sr-1 m-2 nm-1)","Radiance fit, 200.0 cm, 484 nm (W sr-1 m-2 nm-1)","Radiance raw, 200.0 cm, 544 nm (W sr-1 m-2 nm-1)","Radiance fit, 200.0 cm, 544 nm (W sr-1 m-2 nm-1)","Radiance raw, 200.0 cm, 603 nm (W sr-1 m-2 nm-1)","Radiance fit, 200.0 cm, 603 nm (W sr-1 m-2 nm-1)"
0,0.0,,,,,,,,0.024487010127407213,,0.019917234454299073,,0.015665142944021836,,0.01622379860480505,,0.013166738291071674,,0.009719509982791004,,0.010743750607370515,,0.008535965198332347,,0.005782315075401131,,0.007680593444127359,,0.006032021317392397,,0.0038266191739151174,,0.006944691817641001,,0.0054416645742574685,,0.003340175229462827,,0.006284274671250968,,0.0049015523109865195,,0.002947537320825467,,0.005060126402281948,,0.003986889679228876,,0.0023430743902554635,,0.004728971325888549,,0.0037306278436586224,,0.0021809899152799004,,0.004656174729033625,,0.0036836106422622017,,0.0021511914467335354,,0.003875021465835856,,0.003121897240247937,,0.0017867436740573012
1,1.0,0.031434511384280515,0.027796268142611606,0.022952557076176945,0.04088163125594127,0.03481706756547606,0.02862124562393605,,0.02448480659242614,,0.01991547686858358,,0.01566339951064564,,0.016223180775832607,,0.01316622345999651,,0.009718904414844385,,0.010743821493461871,,0.008535989130267709,,0.005782197902431585,,0.007680578858205871,,0.006032009930666583,,0.0038265259329439373,,0.006944560026561681,,0.005441560825043651,,0.003340036844604162,,0.006283991818479498,,0.0049013466886373746,,0.002947343618177946,,0.0050600256981037164,,0.003986830739030793,,0.002342975358401912,,0.004728843176036482,,0.003730545128177519,,0.0021808797031249516,,0.004656072503318138,,0.0036835429141315254,,0.0021510911794118395,,0.0038748900317199988,,0.003121800190354097,,0.001786642490388516
2,2.0,0.03690458667127303,0.03178779271383466,0.026288931247791514,0.039538415953100675,0.032098892099899266,0.02720052661956225,,0.024478198052526705,,0.01991020564176794,,0.015658170942060977,,0.016221326858767728,,0.013164678577063375,,0.009717087688969154,,0.010744032979815995,,0.008536060049757098,,0.005781845953294282,,0.007680534325646355,,0.006031975153100039,,0.0038262459349482844,,0.006944164052390711,,0.00544124910335173,,0.0033396215122987963,,0.0062831429722348935,,0.0049007295696520065,,0.0029467624724666824,,0.005059723009292265,,0.00398665341951721,,0.0023426780838721024,,0.004728458283968825,,0.003730296595579366,,0.0021805489542827588,,0.0046557653355487364,,0.0036833393160699023,,0.0021507902467086675,,0.003874495324624823,,0.003121508697289852,,0.0017863388380459635
3,3.0,0.03169301445803486,0.026562730752622107,0.021911335830714442,0.02968789454940739,0.02409371949328288,0.02020112181685108,,0.02446719069973287,,0.01990142536271915,,0.01564946243014676,,0.016218235565479598,,0.013162102475172185,,0.00971405974011793,,0.010744381554381274,,0.008536175330655331,,0.005781257938931117,,0.007680457524506624,,0.006031915134468319,,0.0038257783557016376,,0.006943502094305033,,0.005440727988593713,,0.0033389287000966054,,0.0062817272699796315,,0.004899700199254746,,0.0029457937707812734,,0.005059216608915194,,0.003986356225535288,,0.0023421820304605186,,0.004727815323635128,,0.0037298810886546518,,0.002179997332112484,,0.004655251755453943,,0.003682998608389416,,0.0021502882569455566,,0.0038738361316782684,,0.0031210217320480427,,0.0017858324134531148
4,4.0,0.0339314132225297,0.027501130609709674,0.023235271545453278,0.02641718444719715,0.021780585793610897,0.018708085510579252,,0.02445179484373256,,0.019889143672467628,,0.015637282618864014,,0.016213904756782374,,0.013158493215892665,,0.00970982046340377,,0.010744861376088549,,0.008536330605395494,,0.005780431716333307,,0.007680344593019356,,0.006031826797534767,,0.003825121824889509,,0.006942571157513947,,0.005439995118329936,,0.0033379575230384644,,0.006279743278324246,,0.004898257322943494,,0.002944437326255406,,0.005058503625072719,,0.003985936670509714,,0.002341486306829055,,0.004726912089893524,,0.0037292966829007377,,0.002179224277181944,,0.0046545293179012905,,0.0036825187293427477,,0.0021495845591094544,,0.0038729104359922074,,0.003120337583416914,,0.0017851227120880134
5,5.0,0.03775178516122679,0.030788556369295048,0.02566216684920465,0.031040743781301373,0.025375678127878033,0.02197568942646717,,0.02443202489637105,,0.019873371253599035,,0.015621643590519773,,0.016208331453958034,,0.013153848099546988,,0.009704369719374908,,0.010745464293339451,,0.008536519778973524,,0.005779364296656472,,0.007680190141772518,,0.00603170584773753,,0.0038242744311935166,,0.00694136706311123,,0.0054390471960641396,,0.0033367067473351903,,0.006277188999273858,,0.0048963991916649964,,0.0029426928800387895,,0.005057580050360206,,0.003985391284446017,,0.002340589670006375,,0.0047257455059094055,,0.003728540692779397,,0.002178229009716277,,0.004653594610861643,,0.0036818968017091136,,0.0021486782455237396,,0.003871715423496856,,0.0031194538636691712,,0.0017842090306371908
6,6.0,0.04005994988892102,0.03231642571169151,0.026767023648810413,0.035419347094411364,0.028924520153447125,0.024364927063200054,,0.024407899349984323,,0.019854121815429934,,0.015602560846576049,,0.01620151185483752,,0.013148163679281287,,0.009697707341372881,,0.010746179869816387,,0.00853673504847076,,0.005778051856547749,,0.007679987270713913,,0.006031546786713186,,0.003823233729388106,,0.006939884461829296,,0.005437880002125803,,0.003335174795502702,,0.006274061878947117,,0.004894123569038791,,0.0029405601040486417,,0.005056440755078222,,0.003984715625103672,,0.002339490530272497,,0.004724311633484348,,0.003727609680452845,,0.0021770105330158078,,0.004652443266528001,,0.003681129141988845,,0.002147568155576559,,0.0038702474924819227,,0.0031183675165042625,,0.0017830904700022164
7,7.0,0.042902196580940015,0.034574588015415325,0.028711108117255215,0.03650186851718558,0.029859284795888445,0.025138391044931627,,0.02437944074961495,,0.01983141207499463,,0.015580053283043044,,0.016193441354389652,,0.013141435779081934,,0.009689833144947606,,0.010746995417540612,,0.008536966928058755,,0.005776489752651076,,0.007679727590931939,,0.006031342929618955,,0.0038219967494290247,,0.006938116851656661,,0.005436488407609064,,0.0033333597529381096,,0.006270358818741546,,0.004891427740608406,,0.002938038604491572,,0.00505507950415269,,0.003983904292307554,,0.002338186957414135,,0.004722605686286126,,0.0037264994669737985,,0.0021755676378328523,,0.004651069975557585,,0.0036802112721809888,,0.0021462528804954257,,0.0038685022658175245,,0.003117074827221586,,0.0017817659391499837
8,8.0,0.04353133071823003,0.03506160398044088,0.029223671137960087,0.03917624622056674,0.031597974908810306,0.026754218182673768,,0.0243466756591651,,0.01980526173387782,,0.015554143160507013,,0.01618411456975288,,0.013133659515680216,,0.009680746939295536,,0.010747896037084329,,0.008537204279414987,,0.0057746725392472855,,0.007679401251151234,,0.006031086426204738,,0.0038205600075067693,,0.0069360565992691555,,0.005434866391328934,,0.0033312593759171312,,0.0062660761889118104,,0.00488830852509245,,0.0029351279261440964,,0.005053488977717288,,0.003982950945357442,,0.002336676688332261,,0.004720622045942525,,0.0037252051458982662,,0.0021738989076943603,,0.004649468504397308,,0.0036791379341110705,,0.002144730769153916,,0.003866474605820368,,0.0031155714350960184,,0.0017802341597953292
9,9.0,0.04340743218409468,0.03491797722670695,0.029763729713003704,0.042124781622732047,0.03403486307073049,0.028530662463095612,,0.024309634621552882,,0.019775693450935494,,0.01552485606885412,,0.016173525369631053,,0.013124829324276721,,0.009670448540679801,,0.010748864664822232,,0.008537434347462724,,0.005772593988976172,,0.0076789969688685535,,0.006030768285575671,,0.003818919519032433,,0.006933694965214545,,0.005433007059747006,,0.0033288711009889903,,0.006261209844520347,,0.004884762287602262,,0.002931827557377497,,0.005051660795299814,,0.003981848323486607,,0.0023349571359793427,,0.004718354280953492,,0.0037237210992829535,,0.0021720027251544193,,0.00464763171564405,,0.003677903106269078,,0.0021429999348932358,,0.003864158631723182,,0.003113852347921002,,0.001778493671902114
10,10.0,0.04502918902207525,0.03604127795337546,0.03102019946799233,0.04350018156871109,0.0351584809193553,0.029215951123418665,,0.024268352112950337,,0.01974273281095397,,0.015492220886762373,,0.016161666907960538,,0.013114938988004806,,0.009658937787783924,,0.010749882127087983,,0.008537642801332991,,0.005770247116578601,,0.007678502066041162,,0.006030378404575527,,0.0038170708135176795,,0.006931022132779685,,0.005430902669810495,,0.0033261920557407995,,0.006255755143712575,,0.004880784954786969,,0.0029281369359102365,,0.005049585543544045,,0.003980588269311863,,0.002333025399599759,,0.004715795168368331,,0.0037220410160225103,,0.0021698772789578795,,0.004645551591382656,,0.0036765000231106892,,0.0021410582633384235,,0.00386154773969805,,0.003111911958678307,,0.001776542839986474
11,10.999999999999998,0.04465029997848066,0.0355286936722819,0.030220374543395486,0.03950196733509037,0.03201972050397409,0.026827139377184662,,0.024222866491192506,,0.01970640828930431,,0.015456269736044439,,0.016148531661742502,,0.013103981671040769,,0.00964621455894377,,0.010750927201081267,,0.008537813780431761,,0.005767624205587499,,0.007677902509227207,,0.006029905599711041,,0.003815008951304971,,0.006928027240458944,,0.005428544654640188,,0.0033232190708992982,,0.006249706968261954,,0.004876372031861052,,0.0029240554552686818,,0.005047252807388606,,0.003979161755209099,,0.002330878276243035,,0.004712936718166684,,0.0037201579124752798,,0.002167520572093599,,0.004643219259436219,,0.0036749211967679225,,0.0021389034211859712,,0.0038586346253770606,,0.003109744064287615,,0.0017743798602035535
12,12.0,0.043943087742532964,0.0350507579691806,0.03020533111964453,0.03834823393332438,0.031158461839115626,0.02697686625873214,,0.02417321993845864,,0.019666751212656524,,0.015417037930934489,,0.016134111472920903,,0.013091949955256685,,0.00963227879119543,,0.010751976682351986,,0.008537929945480829,,0.00576471683788785,,0.007677182954064914,,0.006029337642527299,,0.0038127285420986967,,0.006924698417932463,,0.005425923651994876,,0.003319948693733848,,0.006243059746323373,,0.004871518621463978,,0.002919582471934506,,0.005044651204614547,,0.00397755891254001,,0.0023285122735157257,,0.004709770200274554,,0.003718064155319806,,0.002164930430713129,,0.004640625022455037,,0.003673158441108636,,0.0021365328659367767,,0.003855411308806611,,0.003107341886383214,,0.0017720027681967106
13,13.000000000000002,0.0439332800675626,0.035421659994417945,0.030522168567491605,0.039901921872899516,0.032704699952188034,0.028124621192956088,,0.024119458398337554,,0.019623795715825267,,0.015374563922422549,,0.016118397594173935,,0.013078835880300859,,0.009617130501070109,,0.010753005458669203,,0.008537972534386614,,0.005761515926057076,,0.007676326793965295,,0.006028661298334592,,0.0038102237652425297,,0.0069210228254529505,,0.005423029535431978,,0.003316377202720654,,0.00623580747732662,,0.004866219444295909,,0.0029147173131548027,,0.005041768423663781,,0.003975769063647716,,0.002325923623534107,,0.004706286174139042,,0.00371575148657809,,0.002162104513888058,,0.004637758389762648,,0.003671202898077757,,0.0021339438565455057,,0.0038518691617648354,,0.0031046980940593817,,0.0017694094476859087
14,14.0,0.044778460693710505,0.03598398992200684,0.03091646265914727,0.041102092119300715,0.03315666969939799,0.028347047902904866,,0.024061631507400007,,0.01957757869482555,,0.01532888923774975,,0.01610138073847405,,0.013064630986979808,,0.009600769807060568,,0.010753986590064315,,0.008537921422777336,,0.005758011748388853,,0.007675316212881067,,0.006027862368177651,,0.0038074883916831446,,0.006916986696530061,,0.005419851448076442,,0.0033125006234244175,,0.006227943758935307,,0.004860468861468291,,0.0029094592853886885,,0.00503859126462123,,0.003973780756531186,,0.0023231082980362436,,0.004702474520778313,,0.0037132110507355123,,0.002159040324176687,,0.004634608111869606,,0.0036690450662467382,,0.0021311334649547027,,0.003847998937364905,,0.0031018048285204967,,0.0017665976397698078
15,14.999999999999998,0.045293956395023136,0.03680683727425625,0.03151200765484699,0.04146676655897645,0.033641872606219224,0.029096383391188856,,0.023999792521411517,,0.019528139756223813,,0.01528005841518754,,0.01608305113225977,,0.013049326363805226,,0.009583196953677417,,0.010754891394820231,,0.008537755189035578,,0.005754193986495295,,0.007674132242003005,,0.0060269257339290675,,0.003804515807555423,,0.006912575383792115,,0.005416377838902631,,0.0033083147455499305,,0.006219461815990307,,0.004854260898502945,,0.002903807683361983,,0.005035105683244541,,0.003971581802100744,,0.0023200620246085243,,0.004698324477216257,,0.0037104334238814533,,0.0021557352189682456,,0.004631162217558175,,0.0036666748314915718,,0.0021280985884793396,,0.003843790801860473,,0.0030986537295665233,,0.0017635649529139223
16,16.0,0.046571555807281693,0.03778762566321987,0.032067290354526545,0.04213285960638057,0.03426870728670541,0.029425425568046913,,0.023933998236329364,,0.019475521162876295,,0.015228118934233485,,0.016063398572050615,,0.013032912696559247,,0.009564412337007578,,0.01075568954116131,,0.008537451183640393,,0.005750051765374614,,0.007672754820223846,,0.006025835406379839,,0.003801299039319447,,0.0069077734078959105,,0.005412596501426793,,0.003303815141112615,,0.006210354531350807,,0.004847589270908327,,0.0028977617996994616,,0.005031296837916584,,0.0039691593139097045,,0.0023167803039784215,,0.004693824673204566,,0.0037074086447889598,,0.0021521864225705263,,0.0046274080534338445,,0.0036640814997137196,,0.0021248359630049443,,0.003839234368563288,,0.0030952359638393686,,0.00176030887359517
17,17.0,0.04563029103575551,0.037539400928888085,0.031807524658995855,0.044244687026483404,0.03586931616212782,0.03072282971832438,,0.02386430890423731,,0.019419767776153063,,0.015173121141365237,,0.016042412484325697,,0.013015380320721649,,0.00954441653168144,,0.010756349144382489,,0.0085369856026207,,0.005745573695823865,,0.007671162858199181,,0.006024574576191528,,0.0037978307803749377,,0.006902564509346787,,0.005408494614700854,,0.0032989971836736077,,0.006200614478540214,,0.0048404474112569516,,0.0028913209351021712,,0.005027149139387593,,0.003966499750250143,,0.002313258428322026,,0.0046889631701284365,,0.0037041262478463574,,0.0021483910390044996,,0.004623332325832653,,0.0036612538315126206,,0.002121342176959992,,0.003834318733776987,,0.003091542254750599,,0.0017568267775711541
18,18.0,0.04562925307613421,0.03710087238047283,0.03243053601052894,0.04501944069436355,0.03643676639330041,0.031249588640869772,,0.02379078814438132,,0.019360926994752278,,0.015115118171503149,,0.016020081988475432,,0.012996719276593323,,0.00952321031914985,,0.010756836869140387,,0.00853633356490991,,0.005740747919069277,,0.007669334305824554,,0.006023125667566413,,0.00379410341907439,,0.006896931703082804,,0.005404058786491787,,0.0032938560685817596,,0.006190233956098761,,0.004832828497683369,,0.0028844844090353643,,0.005022646303165837,,0.003963588958494132,,0.0023094915005318463,,0.004683727501985917,,0.003700575297748505,,0.002144346065467359,,0.004618921144966653,,0.003658180078712955,,0.002117613686020905,,0.003829032514645344,,0.00308756291400628,,0.0017531159417406299
19,19.0,0.04615894443303249,0.03720526110415819,0.032648999946649264,0.04512639014544598,0.03692470345584386,0.03146141690635331,0.023382642808338582,0.02371350284947853,0.020143149110068266,0.01929904869021508,0.015150901107097504,0.015054165865340363,0.014769579588919212,0.01599639596262627,0.012480933746013067,0.012976919366941618,0.008705359444548717,0.00950079471716678,0.009871315432347073,0.010757118036614357,0.008129357935434288,0.008535469193380434,0.005224101376097923,0.0057355621534798265,0.007004759852336104,0.007667246222938349,0.005789639973963295,0.0060214703944842796,0.003473864618179704,0.003790109068051932,0.006385363060250305,0.006890857335669118,0.005259341921090236,0.005399275098524539,0.003032117761196747,0.0032883868341618432,0.005773749097409252,0.0061792050235393,0.004664230753204051,0.004824725483717841,0.002696319214051829,0.00287725157089082,0.004455319587670792,0.00501777140440821,0.0037161722327656395,0.003960412221555371,0.0020861404451848553,0.0023054744543874505,0.004180765526168542,0.00467810471832502,0.003442456624459956,0.0036967444258504062,0.0019050215255292683,0.002140048406423343,0.004144153905470557,0.004614160071183526,0.0034213564356852452,0.003654848022644632,0.0018719863149390483,0.0021136468285057886,0.0034671951459479874,0.0038233638888077928,0.0028765224812614997,0.0030832878746401464,0.0015530054126486384,0.0017491735565598396
20,20.0,0.04779980120262742,0.038590292899617545,0.03344929365728047,0.04596195021596647,0.0374938178763721,0.03218158400542723,0.024521706590838764,0.023632523087480834,0.020252821759751825,0.01923418513925747,0.015938647111438154,0.014990322682707323,0.015372260670690795,0.015971343112128326,0.012617066624814339,0.012955970216984856,0.009112332421133507,0.009477171010368844,0.01024737436500413,0.010757156736231416,0.008298400855830643,0.00853436569932613,0.005520974660061085,0.005730003743223346,0.007289701173093308,0.007664874853050819,0.005814028754280029,0.006019589819347282,0.003647973854852546,0.0037858395947809884,0.006712507208564529,0.006884323144941161,0.005287881229578527,0.005394129153660667,0.0031651301871559977,0.0032825843837853697,0.005933453392217677,0.006167519538797914,0.004719374149530879,0.0048161311293667755,0.002790358011346115,0.002869621811585594,0.004715196183200841,0.005012506935154909,0.003787108046699312,0.003956954306340174,0.0021646231086998925,0.0023012020755687926,0.004415483427003812,0.00467208142901712,0.0035553313206700865,0.0036926218680812225,0.0020134233883860853,0.002135494888279777,0.004388848028802826,0.004609034163210385,0.0035446311963170597,0.00365124501406857,0.002070192658009385,0.0021094378414109344,0.003681389782245365,0.0038173006357498742,0.002995766992283038,0.0030787067254620694,0.0017224904200672496,0.0017449967389776759
21,21.0,0.04837285758992799,0.03969735694478964,0.03424568796391304,0.04650855886708686,0.03800694567966785,0.03260922939974567,0.02460620832463347,0.023547921998982563,0.020178581109108026,0.01916639095304076,0.01590576282975663,0.014923649612145271,0.015465580503833141,0.01594491204048737,0.012651110124270885,0.012933861336525621,0.00913052835446648,0.009452340781838152,0.010459425956715953,0.010756915941635798,0.008401245107050898,0.008532995470150786,0.005592035444342719,0.005724059708718428,0.0073537184837681535,0.0076621956998910255,0.005880392310028758,0.006017464413867356,0.003679174019887666,0.0037812866532700904,0.006730991082701844,0.006877310321928303,0.0053135550865660176,0.0053886061248793,0.0032447076074021103,0.003276443508757687,0.006078650915019759,0.006155169197066317,0.0047383979187758775,0.004807038033347172,0.0027954475491963797,0.0028615945755576643,0.0048165486827346695,0.0050068348637456635,0.0038638508963617655,0.003953199514051036,0.0022262258364585566,0.002296669023449479,0.004500292216734649,0.004665643850739919,0.0035819792011718443,0.0036881955043123133,0.002073361023265775,0.0021306822746039373,0.004485825162033296,0.0046035280282461805,0.003563751232794566,0.0036473580146366906,0.0020273145633744752,0.0021049828770421395,0.003626701323244546,0.003810830179731408,0.002941304079386745,0.0030738087468247218,0.001664436144740981,0.0017405825458510823
22,21.999999999999996,0.04996803351602465,0.04058280156964541,0.03529863612035015,0.0461895402840412,0.03791723548090103,0.03261409785219001,0.02474957578354919,0.02345977569046985,0.019947216474127692,0.019095723003507536,0.015998551768061236,0.014854210076870588,0.015536854202872034,0.01591709132251401,0.012579484599393453,0.012910582184035116,0.009343471529283732,0.00942630594553091,0.010576977593712015,0.010756357630571594,0.008371422955618045,0.00853133016001131,0.00569815326639241,0.005717716798729823,0.0074795577477123655,0.00765918360655541,0.005884759316100206,0.006015074122024379,0.003702613361993445,0.003776441716802717,0.006802917166566558,0.006869799574883135,0.005347067453715932,0.005382690805921868,0.003219979182870783,0.0032699589119525013,0.006096349727612348,0.0061421455708886765,0.004737642358405658,0.0047974386663788005,0.0028563235525871063,0.0028531693731174345,0.0049505893798369675,0.005000736696248723,0.003884181449586539,0.0039491317322008146,0.002285536479256836,0.0022918698536048415,0.004564223068399323,0.004658777855038369,0.0036018080588058185,0.003683452899068811,0.002104511304140687,0.002125607281834649,0.004543363169136759,0.004597625873761882,0.0035730549378992864,0.0036431736397702307,0.0020650533940677284,0.0021002780201910772,0.003698992587099163,0.0038039396341706722,0.0029851740807311433,0.0030685829476076207,0.001712875155308731,0.0017359279878005891
23,23.0,0.05123578419093444,0.0417691108070221,0.036240916178181655,0.04656226907913872,0.03822677761085978,0.03303978223499231,0.02467818466701851,0.023368163123616826,0.019969987849081952,0.01902224034691503,0.015762953102363773,0.014782069837318643,0.015680949840073632,0.01588786957945556,0.01263178011774638,0.012886122232484434,0.009211188449342335,0.00939906877945033,0.010574045791951705,0.010755442908335586,0.008418448135226355,0.008529340783155868,0.005634942674113576,0.005710961543949819,0.007542992041966464,0.007655812837034273,0.005913961548965754,0.006012398424917276,0.003718678576039125,0.0037712961116238503,0.0067458929798812906,0.006861771195235522,0.005367934850613967,0.005376367663457298,0.003306103960696,0.0032631252321226253,0.006162217117323523,0.006128440151401543,0.0048146357244268235,0.004787325405434516,0.002844045741766993,0.0028443457931127303,0.004944350883672623,0.004994193539727997,0.0039059595354735614,0.003944734488190569,0.0022503506119641394,0.0022867990409674716,0.004619766489955385,0.004651469017827405,0.003652281731066238,0.003678381343470428,0.0020811529474608135,0.002120266595440975,0.004449356404123293,0.004591311560862731,0.003565645564492172,0.0036386782028364714,0.0020690206970667415,0.002095319305805247,0.003732979034199931,0.003796615847358654,0.0030161034745541937,0.003063018103314237,0.0017213936252087442,0.0017310300434645427
24,24.0,0.05233884264134906,0.04255778088348804,0.03668724264476291,0.04777902525223035,0.03887204066312515,0.03340626607224819,0.024643590311894358,0.0232731660008407,0.01979930322812173,0.018946004144702287,0.015437210793609662,0.014707296890462258,0.015726063784912554,0.01585723555586896,0.012691649523825722,0.012860471036712357,0.009359025484692751,0.00937063195943896,0.010708802852238958,0.010754132134446944,0.008462100638290306,0.00852699780968914,0.005681000450501417,0.005703780311903462,0.007544022388609607,0.007652057159885615,0.005973565876711316,0.006009416407324896,0.0037448585769319143,0.0037658410514729897,0.0068250211186559355,0.006853205125284999,0.005350448292358609,0.005369620890619983,0.003268748699067453,0.003255937068813621,0.006159636243985836,0.006114044390591896,0.00480860512978921,0.004776690568846175,0.002868691432805943,0.002835123515863668,0.004920751016758057,0.0049871861671684035,0.003919522496914788,0.003939991004299698,0.002267273303377721,0.002281451003560828,0.004604904492265598,0.004643702670196179,0.0036159062053539013,0.0036729678982836867,0.0021326213870073623,0.002114656886478912,0.004523121095016988,0.004584568659062451,0.0035794785916015716,0.0036338577605003223,0.002052815759480951,0.00209010273709849,0.003738550447326052,0.003788845449373626,0.0030325130542726074,0.0030571027951746665,0.0017066790515453483,0.0017258856741093243
25,25.0,0.053160946929396075,0.04329989586509363,0.03694590010269196,0.04812453957177172,0.039556287318582975,0.0340520746825518,0.024122982435854215,0.023174868647334573,0.01916655612304418,0.018867077581832113,0.014951582975233347,0.01462996136610576,0.01574575267649023,0.015825178197987094,0.012551764258875872,0.012833618302114014,0.009271614355960675,0.009340998593462465,0.010686280872706462,0.010752385052171047,0.00840351398030059,0.008524271263489858,0.005630937851146173,0.005696159363011144,0.007625167826796053,0.007647889933819607,0.00589700805126859,0.006006106825788541,0.003741699764967784,0.003760067672860747,0.006767000945518564,0.006844081027440118,0.005285076766112726,0.00536243446176887,0.003228564580332507,0.00324838900780507,0.00617733858119312,0.006098949744445067,0.004723766475253838,0.004765526452160858,0.002840636484514484,0.002825502326322691,0.004957770195973674,0.0049796950838746756,0.003905250100232241,0.003934884253932913,0.0022631955213277695,0.0022758201267397337,0.004581451656873095,0.004635463950369724,0.0035997808006886095,0.003667199437964605,0.0020962940668414897,0.0021087748284957268,0.0045094378980553105,0.004577380502315184,0.003506889713450703,0.003628698159123843,0.0020761309985244027,0.0020846243040476566,0.0037524812422070116,0.0037806149000627867,0.0029646160201397638,0.0030508254501434703,0.0016881750216543197,0.0017204918385517298
26,26.000000000000004,0.05329675054544651,0.04376205147066861,0.037534944256195885,0.048816177398062995,0.04019436660763169,0.03435731891025684,0.02352143675776052,0.02307335788980268,0.01899815317634688,0.018785525782752634,0.01477802094383652,0.014550135420361158,0.01577049095313612,0.01579168673332518,0.012647808185924115,0.012805553954429876,0.009256013189408796,0.009310172256254237,0.010658891271636876,0.010750160920526261,0.00843918962446261,0.008521130821999363,0.005701148054712548,0.005688084907638381,0.007672907535520194,0.007643284194951447,0.005966383165552892,0.006002448178023643,0.003765097612376299,0.0037539670709837653,0.006796007428646065,0.006834378354808875,0.005343656292381488,0.005354792188312461,0.0032171442307338456,0.003240475647002495,0.006062087200365641,0.006083147716851339,0.0047706848265076105,0.004753825364639728,0.0028444415315998953,0.0028154821274140778,0.004977005363954679,0.004971700595154575,0.0038954467483282664,0.003929397018964931,0.0022745494824010846,0.0022699007878649157,0.004624880889604404,0.004626737856680585,0.0036319159422047633,0.0036610626955680026,0.002106807408543908,0.0021026171147304233,0.00449996439423111,0.004569730246147388,0.0035818224301336164,0.00362318508208382,0.0020561578051231455,0.002078880002219775,0.0037267787023585732,0.0037719105379546043,0.0030221031955617902,0.0030441743816797084,0.0017055006668871308,0.0017148455083486787
27,27.0,0.05408681857830465,0.04425416565023438,0.03822547104254965,0.04959826338547923,0.04108130982730336,0.03497732101048481,0.022779338417489133,0.022968722932128524,0.018489850814132403,0.018701415725127183,0.01415386495497793,0.01446789312651793,0.015532302546055924,0.015756750751269196,0.012496418510032883,0.012776268210410386,0.009176657856794798,0.009278157024187906,0.010761624445239686,0.010747418648395152,0.008440663816756056,0.008517545917594287,0.005648667363926953,0.005679543163959255,0.007620143922091098,0.0076382127454754445,0.005934981385720977,0.005998418773464235,0.003701819498242226,0.0037475303361706705,0.006728968224466013,0.006824076422940335,0.0052700909599149885,0.0053466777754413945,0.0032185995443837997,0.003232191622701451,0.00609000358913474,0.006066629904137505,0.004743162019746264,0.004741579666289719,0.00283617822196855,0.0028050629535064176,0.004980746411226029,0.00496318287509363,0.0038770444099448537,0.003923511948020618,0.0022656874623307958,0.002263687381337356,0.004594910397776399,0.004617509301400036,0.003609680910024378,0.0036545443083971256,0.0020677808690428654,0.0020961804755578193,0.004515886829824797,0.004561600925728671,0.0035840892397125367,0.0036173040978748757,0.002108009792164365,0.002072865851872968,0.0037861108728247527,0.0037627186299627564,0.002996591668923848,0.003037137831193898,0.0016823246531181366,0.001708943683208541
28,28.0,0.05436158229778134,0.04480651028911781,0.03847186434009753,0.05089346672711869,0.04194495688185619,0.0356094264006122,0.022538549681684707,0.022861055228211385,0.01825844107565915,0.018614816151484623,0.014152802765145843,0.014383310363522424,0.015698070220141545,0.015720360284384366,0.012626116851249614,0.01274575164912802,0.009295212277926387,0.009244957510242943,0.010767096611250235,0.010744116930355242,0.00855928060444854,0.008513485840251803,0.005683815814668626,0.005670520416457261,0.007740536929311618,0.00763264824350909,0.006020672680350999,0.005993996804740486,0.003757283886277369,0.0037407485907500035,0.006826380672900132,0.006813154482514275,0.005318887634473852,0.005338074879607607,0.0032333005643564268,0.003223531636144036,0.006053232092455581,0.006049388040087464,0.004761745339460924,0.004728781805316497,0.002801926385603675,0.0027942449839708167,0.00498039939939977,0.004954122036225323,0.003944661718509095,0.003917211615525536,0.0022901615915788785,0.0022571743439169854,0.004670757767543686,0.004607763165275888,0.0036656474152149993,0.003647630864265096,0.0021109651411139393,0.0020894616961228737,0.004602752371877547,0.004552975514717854,0.003616543043393743,0.003611040708863324,0.002080116027288129,0.002066577917273457,0.003807111819712306,0.003753025421740202,0.0030612190316351333,0.0030297040100446832,0.0017208700104150523,0.0017027834065776247
29,29.0,0.054815500669972615,0.04516564209253956,0.03863738480339912,0.051360487541813576,0.04233476808464556,0.03603853438131728,0.022343803400904572,0.0227504483522111,0.018024872174496883,0.01852579747894533,0.014062873401037446,0.014296464702286855,0.01570678195164129,0.015682505890178316,0.012650399226909968,0.012713995283705763,0.009235155220200084,0.009210578898927117,0.010877607299926612,0.010740214383839174,0.008539069665653909,0.008508919841211738,0.005716574495854873,0.0056610030748849545,0.007706262425905683,0.007626563293852289,0.006021856378853667,0.005989160419886901,0.0037882691681319683,0.003733613026229628,0.006853024951179101,0.006801591792772789,0.005300121265068842,0.005328967166586842,0.003248995923518715,0.003214490480287011,0.006121792631430803,0.006031414041314188,0.004761062612137488,0.004715424355885606,0.002788797197866871,0.002783028556777084,0.005046156437474185,0.0049444981998978815,0.003926280653980393,0.003910478581359546,0.002266783449554996,0.0022503561802492654,0.004650193372251869,0.004597484352621831,0.00365076951680675,0.003640308948237937,0.0021329255325618877,0.0020824576341111935,0.004575395665803026,0.004543836984718234,0.0036178217524883197,0.0036043804005551103,0.002079744917000345,0.002060012326170214,0.0037842892261094416,0.003742817188539963,0.003050669223551001,0.0030218611419663604,0.0017414436882398304,0.001696361781354739
30,29.999999999999996,0.05564896514564726,0.045753346354742166,0.03927633383284628,0.0516852308772123,0.04281951785467755,0.036118368369371115,0.022014764504173924,0.022636997866445262,0.0179654745736061,0.01843443170718085,0.01390228922305394,0.014207435290051494,0.01564410516399658,0.01564317873305121,0.012715689827257518,0.012680990633228726,0.009169157648517784,0.009175026981018478,0.010849343555517402,0.010735669687230007,0.008552818482580597,0.008503817237336848,0.0057090926430506655,0.005650977733502034,0.007734540702789398,0.007619930539404237,0.006013535205645836,0.005983887795076467,0.003797795334626945,0.0037261149406759976,0.006812720466022189,0.006789367695485512,0.005288367450801794,0.005319338369959448,0.0032221562576517353,0.003205063066699914,0.006071531819960569,0.006012700052843949,0.004738639474562538,0.004701500056077571,0.002809011131792436,0.0027714141820796836,0.004987193594483027,0.004934291567136723,0.00392320330144687,0.0039032954509443164,0.0022903481922227887,0.0022432274885224295,0.0046298661476557885,0.004586657846801502,0.003653160511294199,0.0036325651897274403,0.0020884055771486373,0.0020751652376011153,0.004583046866033213,0.004534168365174202,0.003619218195232727,0.0035973086912396224,0.002076242572161176,0.002053165289368243,0.003746630114300646,0.00373208028643761,0.003032044841539105,0.003013597505807088,0.0017235652823308588,0.0016896759856862807
31,31.0,0.05587795296792578,0.04620020750334025,0.039734759019687815,0.052355517482022995,0.0431533199136539,0.03690559309585327,0.0218293144882828,0.02252080118718616,0.017827091865312027,0.018340792324767666,0.013663722144248783,0.014116302733026484,0.015662806809579724,0.015602370666163276,0.01269210131354832,0.012646729794604203,0.009249587767512552,0.009138308187988938,0.010821122642469599,0.010730441718494283,0.008565181785974655,0.008498147515870145,0.005686240451287982,0.005640431230410241,0.007715664894075896,0.007612722752978331,0.005992463924578011,0.005978157207674475,0.003760349774779163,0.0037182457761808247,0.006807580130498947,0.006776461689238513,0.005263465926798334,0.005309172349843137,0.003171144260309159,0.0031952444525109413,0.006015847264301209,0.0059932384937727385,0.004700199261770832,0.0046870018459219155,0.0027761323069073456,0.0027594025557450136,0.004988461107578833,0.0049234824897999695,0.0039045724715417907,0.0038956449355942216,0.0022686898797091327,0.0022357829861775792,0.004584103255012057,0.004575268765949249,0.003611975252544192,0.0036243863098011026,0.002097566222669079,0.0020675815629423518,0.00456472910498621,0.004523952803539996,0.003600430259233163,0.0035898111818700625,0.002065315046586666,0.002046033120341008,0.00377389015661531,0.003720801203769307,0.0030209659509370912,0.003004901478456652,0.0017126836585030982,0.0016827232887939212
32,32.0,0.05647865920854934,0.046908968140821655,0.04063721991600156,0.05251521591011888,0.04354892712047728,0.03701707736229755,0.02190334391532858,0.02240195744860788,0.017851818914471868,0.0182449542140977,0.013681989997850351,0.014023148977542303,0.015727119921122024,0.015560074312949404,0.012797064634879007,0.012611205514134605,0.00923076310505606,0.009100429625971341,0.01082965823705227,0.01072448969395353,0.008567526280198414,0.008491880439286703,0.0056785902162314,0.005629350706802677,0.007683462545362896,0.00760491292925415,0.0060248603117446725,0.00597194710940462,0.003757933032189265,0.0037099971563022242,0.00675316040414001,0.006762853503835735,0.005305368825303745,0.005298453151710461,0.0031908177993291414,0.003185029867318048,0.005994764024450011,0.005973022102854185,0.004668922226678554,0.004671922905394487,0.002780480948357103,0.0027469945727714067,0.004982767036227033,0.004912051541823399,0.003925696489798186,0.003887509912959189,0.0022497856360229646,0.0022280175355935124,0.004629448731703947,0.0045633024187687055,0.0036447882371908927,0.003615759168575618,0.0020970616024485926,0.002059703792605977,0.004551496682516609,0.004513173625550467,0.003619535635529391,0.003581873606040288,0.002063447261339648,0.002038612254822312,0.0037531942458698363,0.003708966612638474,0.003023433793906209,0.0029957615778419926,0.0016950704289258574,0.0016755010667867682
33,33.0,0.05749912916899677,0.04764110799642899,0.04125410549171724,0.05310461821010264,0.04394804467060253,0.03769413961185957,0.021735527258474895,0.022280567365136325,0.017630045675512497,0.018146993555009885,0.013593533293215426,0.013928057189939821,0.015768531476586935,0.01551628314801023,0.012719770808326385,0.012574411258567595,0.009204388091812114,0.009061399109132087,0.010825273714469365,0.010717773306794028,0.008559048674953272,0.008484986149936797,0.00563123379280798,0.00561772366594495,0.007689055932164092,0.007596474376604958,0.005990015757717279,0.00596523619941953,0.0037545149025285333,0.003701360923367201,0.006798675038224748,0.006748523174601371,0.005292208836098467,0.005287165065123371,0.0031945338006288734,0.003174414739982553,0.005995380296607867,0.005952043983878089,0.004689580419240412,0.004656256692262365,0.0027720002888186653,0.002734191340553296,0.004952154337177925,0.004899979590350787,0.003914209578015678,0.0038788734873876902,0.0022483013970296907,0.0022199261696680124,0.004558789066270132,0.00455074436024993,0.003653058825365912,0.0036066708125600923,0.002067651819204398,0.0020515292529504304,0.004577527214828966,0.004501814395423329,0.0036093386814166004,0.003573481879917664,0.0020482809091158945,0.0020308992703177865,0.00372741886819219,0.003696563420343796,0.003036804624132564,0.0029861665058684107,0.001685688670641939,0.0016680068184097988
34,34.0,0.05771368146649055,0.04808238756952094,0.04112794288961968,0.05385710766254353,0.044820969329525666,0.0382748417714971,0.021779403517485724,0.022156733092456585,0.01766059166257928,0.018046987727308554,0.01346842590564418,0.013831111635432262,0.015668332705316073,0.015470991577109842,0.012705322662042412,0.012536341285388287,0.009125451254988148,0.009021225192312098,0.010816279014372933,0.010710252864914989,0.008551378884601097,0.008477435274177336,0.005697991759267196,0.005605538031705815,0.007676646526444995,0.007587380808539252,0.0060254520798080176,0.00595800349706792,0.003752787536700252,0.0036923291755225182,0.006761970141105435,0.006733451116371613,0.005279683266585758,0.005275292682217296,0.0031841455802696776,0.0031633947252227,0.005987433284283277,0.0059302976506988864,0.004687146761803432,0.004639996979660686,0.00276042691196917,0.0027209941919411297,0.0049321331507993175,0.004887247866545591,0.003908362670354343,0.0038697190500380932,0.0022667242046507025,0.0022115041172174636,0.004589080766246784,0.00453758044714588,0.003628235538211474,0.00359710852181515,0.002074438511723415,0.0020430554318483143,0.004546502051029838,0.0044898589758223416,0.0036047992052776283,0.0035646221519915018,0.0020740743340191244,0.002022890905476268,0.0037797227441756687,0.00368357882058135,0.003038158610548146,0.002976105191184384,0.001688029320626227,0.001660238180680406
35,35.0,0.058289245611588915,0.0487160065426975,0.041644893152098864,0.054587157565884704,0.045604791019630365,0.0387831983502006,0.021612531036077902,0.022030558087433476,0.017534451355781473,0.01794501521233556,0.013411880971116553,0.013732397556172359,0.015588282929737022,0.015424195016011735,0.012654207661495344,0.012496990712119621,0.009114746034769666,0.00897991720279993,0.010882158260696781,0.010701889427716578,0.008532206550035594,0.008469199025689725,0.005717485142320986,0.005592782206455842,0.0077003499409358045,0.007577606434495747,0.006013468504048945,0.005950228414151243,0.0037167753051521417,0.0036828943034214216,0.006803675547560371,0.006717618196964908,0.00526922038072999,0.0052628209557676695,0.003177655605564263,0.0031519657299249344,0.005959830151414877,0.005907777071773943,0.0046572865550699475,0.004623137893286291,0.0027290252675674846,0.0027074046980489373,0.004944746702012592,0.004873838035880686,0.0038720564849500064,0.0038600303385671435,0.002195640670200267,0.002202746828116959,0.004569076362009536,0.00452379689304952,0.0036463215139450485,0.003587059856794513,0.00204805545282645,0.0020342799961189867,0.00455803498572618,0.004477291587411464,0.0036088008468623434,0.003555280852497053,0.0020366102942242677,0.0020145840792615654,0.0037432556183833454,0.0036700003442740746,0.0030067744996286703,0.0029655668316483147,0.0016790192183523467,0.001652192944365107
36,36.0,0.05840303911768581,0.04885334261645259,0.04228486850516631,0.055095065325009865,0.045985853928091944,0.03928162134836012,0.021459293731749464,0.021902146967201615,0.01743779966990064,0.017841155493763722,0.013154286233551716,0.013632001048758302,0.01566207424257432,0.015375889967886754,0.01266481590049642,0.012456355584398983,0.009035164699923546,0.008937485271102396,0.010819626208448297,0.010692644941431866,0.008500916370046763,0.008460249307684135,0.005643085221283364,0.005579445128153932,0.007677975213545312,0.007567126049732711,0.006013260079603707,0.005941890826463943,0.003717260765430148,0.003673049026434517,0.006761517074206059,0.006701005809920995,0.005270761174940184,0.005249735256672845,0.003134953548896708,0.0031401239390912647,0.005920428034119798,0.005884476714072622,0.004632568553019109,0.004605673948093798,0.0027172710449632643,0.0026934246807619137,0.00492384652805403,0.004859732267704,0.003882166492812352,0.0038497914962253507,0.0022328173157136833,0.002193649998103627,0.004624664160373221,0.004509380322913788,0.003634502106707429,0.003576512704736386,0.0020411741595809767,0.002025200808712358,0.004549706084415521,0.004464096867830924,0.0036148236837311217,0.0035454447423758084,0.0020624632340819184,0.002005975909865542,0.0037359878245024443,0.003655815909882687,0.003017773084260711,0.002954540936376206,0.0016873332208030376,0.0016438690692487858
37,37.0,0.05929508660574196,0.049638042786834355,0.04250156712487718,0.05625861853981601,0.047264877452896044,0.040157121804896424,0.021200550238745317,0.021771605367681593,0.01718136834554104,0.017735488957779575,0.012994612859430437,0.013530008941411925,0.01554524655959105,0.015326074099029986,0.012624027129899495,0.012414432942601679,0.009029161326352016,0.008893940360579946,0.010748239621494918,0.010682482372610226,0.00847495960296984,0.008450558813692909,0.005637124232403247,0.005565516326443391,0.007617973178412803,0.007555915124054854,0.005964934074697802,0.005932971144413198,0.0036854738017139794,0.0036627864282741487,0.006729597441527249,0.006683595946300927,0.005251576865823082,0.005236021430688766,0.0031558312497381212,0.0031278658413418804,0.005915904528204826,0.00586039158621841,0.004601843874096721,0.004587600084380909,0.0026687402290041344,0.0026790562248969535,0.004905380501510636,0.004844913303879738,0.0038663827657258202,0.003838987130190533,0.0022159902001663684,0.0021842095931666676,0.00455610853790324,0.004494317826857994,0.003619769133232376,0.0035654553254731067,0.0020620195542828987,0.002015815945589844,0.004532701464917874,0.004450259929927633,0.003585037851033327,0.0035351009616340443,0.0020239690066430754,0.001997063733304016,0.0037159997386716,0.0036410138730534,0.002992488280553765,0.0029430173672503235,0.0016771733490442817,0.001635264699149307
38,38.0,0.05970580021654488,0.050065811218591966,0.042877195823759234,0.05720948044109917,0.047771311856257374,0.04066220789134307,0.02110936378518887,0.021639039801778365,0.017090201832724708,0.017628096792823504,0.012971893205321171,0.013426508671061915,0.015520396033180424,0.01527474631262714,0.012605597386149392,0.012371220886785207,0.008967774601468892,0.008849294295816424,0.01080797207995935,0.010671365839364589,0.008520360897760235,0.008440101126659438,0.005573383193582274,0.005550985977581649,0.007633056935756424,0.007543949889123969,0.006006671518916852,0.005923450382516425,0.0037101101006184155,0.003652099991923098,0.006690473490819642,0.006665371265342569,0.005244255461751394,0.005221665854252672,0.003161647467454558,0.0031151882538932594,0.005890681006583214,0.00583551728072822,0.004616265879425356,0.004568911703151143,0.0026893228487377243,0.002664301689969849,0.004922777258753803,0.004829364526307215,0.003873483649813534,0.0038276023689727268,0.002177051188631545,0.002174421873448575,0.004552250675474133,0.004478597013106053,0.0036084515836711595,0.0035538763965290224,0.0020339596352556043,0.002006123712249139,0.004529286560466081,0.004435766419074269,0.003574968133758112,0.003524237076963096,0.0020046511652614587,0.0019878451216377435,0.003699341891307201,0.0036255830754594884,0.002995803573962436,0.0029309863797702574,0.001672194397295091,0.0016263781766309377
39,39.0,0.06008981813006689,0.05046814152033133,0.04333544308634706,0.05760311077358249,0.0484413159887013,0.04101062269141203,0.02091688671138854,0.021504557517516835,0.017009618818473626,0.017519060889055006,0.012779339038093623,0.013321588160563568,0.015574018566062801,0.015221906820315715,0.012592709772866358,0.012326718639732212,0.009008007245288148,0.008803559789595575,0.010774632141512211,0.010659260740000594,0.008476425584719475,0.008428850816033222,0.005597988934870485,0.0055358449580305315,0.007599493070381054,0.0075312074241031925,0.005978966341404734,0.00591331022757776,0.0036720945871520387,0.003640983633760102,0.006700451866772333,0.006646315163769077,0.005239037680705252,0.0052066554892354466,0.003146095422619151,0.0031020883469332636,0.005888845486736239,0.0058098500152151625,0.004583031686295922,0.004549604700643991,0.0026535087937809183,0.002649163721523704,0.0048793673114923405,0.0048130700231221535,0.0038654502403515597,0.003815622918726066,0.002185446066190228,0.0021642834165832214,0.004514896537306897,0.0044622060599041734,0.003591291426995025,0.0035417650573783812,0.002017251767596731,0.001996122659840326,0.004512527853983667,0.0044206025694137185,0.003587549424580417,0.0035128411284867673,0.0020161577049844135,0.001978317900761656,0.0036763545091612684,0.0036095128926957997,0.002960276442825566,0.002918438663129499,0.0016437154717097973,0.001617208057370745
40,40.0,0.06039650383045982,0.05084920600159973,0.043411718750966874,0.058406297645590174,0.04899420233190538,0.04154096595198325,0.02072215800057,0.021368266356368314,0.01698207260796873,0.017408463737710173,0.0127147206139101,0.013215335696284962,0.015497250199091765,0.015167557211291429,0.012556743789968216,0.012280926607874571,0.008946537188004752,0.008756750468359803,0.0106956204558785,0.010646133878652667,0.008494276207958847,0.008416783532587043,0.0055402077399841435,0.005520084896537447,0.007619770688212786,0.007517665739389144,0.00601173158656133,0.005902533105348148,0.003696049921833825,0.0036294317367767596,0.006698853670547306,0.006626411843551376,0.00525266603689998,0.005190977936465036,0.003122627171471567,0.003088563667316228,0.005807504116147108,0.005783386672423621,0.004547108395610475,0.004529675501924543,0.0026904544405216345,0.00263364526197416,0.004852373264103412,0.004796014653388848,0.0038617689734917033,0.0038030351183061337,0.002191134678720735,0.002153791140397899,0.004515040669659113,0.0044451337662682775,0.003596846079365969,0.003529110952737253,0.002010193530986134,0.001985811600821863,0.004472807965974034,0.004404755258868369,0.0035577409953910033,0.0035009016755035947,0.0020033278035874913,0.0019684801677065994,0.0036557045693083458,0.003592793281087767,0.0029716468696750794,0.002905365379402662,0.001627694023764679,0.001607753124133002
41,41.0,0.06123352286005612,0.05181776102590561,0.04405035826389949,0.059055985187244885,0.049757167561369886,0.04228737526670263,0.020534263946776952,0.021230274612019172,0.016818669535391,0.01729638833051759,0.012688245764038231,0.013107839806287106,0.01542620743075739,0.01511170051871653,0.012499643025386207,0.012233846439886356,0.008974544405354513,0.008708880896030264,0.010735097866726577,0.010631953587559884,0.008475346133757524,0.008403876100678205,0.005577954713783855,0.00550369822454163,0.007617168354320221,0.007503303858191302,0.00599364992512778,0.005891102245477777,0.003662677402178546,0.0036174391827827087,0.006716569466006433,0.006605646377929684,0.005244071795263207,0.005174621487866594,0.0031138903964854896,0.003074612161502765,0.0057955968864793,0.005756124838968427,0.004542384529391323,0.0045091210934270366,0.0026287840597659243,0.002617749560928173,0.004829555766413933,0.004778184110095445,0.0038323261521001598,0.00378982599291455,0.0021652868647976773,0.0021429423249080272,0.00450449358693008,0.004427369601414494,0.003578548342340973,0.003515904274766019,0.0020087698637239726,0.0019751896241061257,0.0044699014858956805,0.004388212062757039,0.0035379267963739935,0.003488407841094332,0.0019851813266388795,0.0019583303073990614,0.0036619125325808195,0.0035754148232793334,0.0029497052218933634,0.0028917582017308242,0.0016108169455924708,0.0015980124003076167
42,42.0,0.062279891061020345,0.05211417212395443,0.04457954380605777,0.05975352086184771,0.05046602736875611,0.04282000593473931,0.02043104718745466,0.021090690889830566,0.016638847092917113,0.017182918059337426,0.012563431893107543,0.012999189139322943,0.01538955073086485,0.01505434128319334,0.012466329445639659,0.012185481082739216,0.008860559064167273,0.008659966596071326,0.010701567987853159,0.010616689845623455,0.008461890568123935,0.008390106607682541,0.005537503844309932,0.005486678224744,0.007629030936232045,0.007488101895723655,0.005973046881896048,0.00587900174457408,0.0036380633891358724,0.003605001383498598,0.006688442055987091,0.006584004775503803,0.005210245329377754,0.005157575177068642,0.003075979736033531,0.0030602321976709503,0.005758475019976812,0.0057280628426532474,0.004521759843950994,0.004487939054349435,0.002616579191542008,0.002601480184934369,0.004834813454415301,0.004759564981269151,0.003840591009194597,0.0037759833061763687,0.002165710838749966,0.002131734633535068,0.004467640047948596,0.0044089037527295545,0.0035684319596186636,0.003502135804061892,0.0020017478647507336,0.0019642561096455072,0.004480848561811205,0.004370961305865964,0.00353468520416284,0.003475349355468055,0.0019627768939392263,0.0019478670088257746,0.00362754282049786,0.0035573687724673947,0.0029419850360781524,0.0028776093513950994,0.0016052122706407463,0.0015879851629697207
43,43.00000000000001,0.06218520217972091,0.05279915416380989,0.04493976890163309,0.06037402477981638,0.05116189181504164,0.043169624412799076,0.02029599920453987,0.020949623967234814,0.016517913592859177,0.017068136616186946,0.012403810045124952,0.012889472344876786,0.015237988692061992,0.014995485613073877,0.012292935640799975,0.012135834835020303,0.008816562190474232,0.008610024071686706,0.010796707509059793,0.01060031439289763,0.008386460486010413,0.008375454490337513,0.005523985823709919,0.005469019077683959,0.007650993182718917,0.007472041135780098,0.005947721292228333,0.005866216627183638,0.00365083340908221,0.00359211431043929,0.00665371971129143,0.006561474042206964,0.005185322155536245,0.005139828828328642,0.0030972193064420805,0.003045422586927707,0.005736985302609345,0.0056991997882469255,0.0044855757477916215,0.004466127586799167,0.0026037986820798536,0.0025848410266244145,0.004821979582430322,0.004740144809033165,0.0038060622257929198,0.0037614956104999953,0.00213382528346052,0.0021201661334802157,0.004491366157618008,0.004389727172141776,0.0035288625331824012,0.0034877969493241068,0.0019613979839348135,0.0019530107424115045,0.004411928217000514,0.004352992112824445,0.0035050488143700377,0.003461716597923647,0.0019501522630637107,0.0019370892805516077,0.003619775437930536,0.003538647095153972,0.002906804301605813,0.0028629116336715164,0.0015999183194566114,0.0015776709554187927
44,43.99999999999999,0.06273272276453956,0.05332381021707932,0.04544766805587657,0.06127319622364494,0.0518359671935644,0.04390477835241471,0.020326433543270114,0.02080718265531048,0.016533654190860163,0.016952127893813687,0.01243826187484307,0.012778777954462157,0.01521303650642998,0.014935141241384644,0.012308624589593637,0.012084913397319853,0.008758653278641794,0.008559070824039334,0.010729073042516126,0.010582800840676717,0.008463311545292422,0.008359900617738949,0.005505613107805704,0.005450715906171723,0.00757421470265366,0.0074551041044720765,0.005961228256680693,0.005852732904521864,0.0036653521650051265,0.003578774523492929,0.006631930520507421,0.006538042240983725,0.005174063214652012,0.0051213731036358675,0.003052244976204772,0.003030182603551543,0.0057101338470332465,0.0056695355916005835,0.004468469759034157,0.0044436855445933844,0.002580552188400811,0.0025678363132063875,0.004789112783545988,0.004719912146432624,0.003795365936323207,0.003746352295573967,0.002121785269891284,0.0021082353151886477,0.004438320670002828,0.004369831620757586,0.003524230357178916,0.0034728797855780153,0.0019852321183735397,0.0019414535257208146,0.0044010896552865025,0.0043342944566402315,0.0035120315439732598,0.003447500637307134,0.0019614551090607352,0.001925996465540873,0.0035846210573059444,0.0035192425122912577,0.0029097016993856867,0.0028476584723635236,0.001605987538456982,0.0015670695991570386
45,45.0,0.06344508854215117,0.053567475828705524,0.04595005048140438,0.06179949397300787,0.05250352651747001,0.04424164839995455,0.0201838906270611,0.020663475661773824,0.016457680191745473,0.01683497588697519,0.012221271393470701,0.012667194264391623,0.01505706030392041,0.014873317579154312,0.012185548818679464,0.012032723919503262,0.008569561089044896,0.008507125368391957,0.01073690776898453,0.010564124776852781,0.00841994198923149,0.008343427370744994,0.0054696282519790685,0.005431764817430515,0.007554820552077001,0.007437274640914574,0.005931550488217215,0.005838537630780445,0.003591483654684298,0.0035649791981049884,0.006611903254885653,0.006513698548998517,0.005152971462212457,0.005102199547854293,0.003057839299661161,0.0030145120042003692,0.005681454908752648,0.005639071011992616,0.0044203476996028,0.004420612460620655,0.0025563420483475934,0.0025504706142727806,0.00471986010262294,0.004698856611862809,0.0037680826880431657,0.0037305436348599066,0.002115242288716762,0.002095941110841521,0.004448732251940017,0.004349209711633177,0.003514317792407144,0.003457377090848152,0.0019407178645340947,0.001929584793864169,0.004403407969136642,0.00431485920525469,0.0034712322985801323,0.003432693270849383,0.0019318609020620584,0.0019145882552339928,0.0035426069832716757,0.0034991485386989614,0.0028698964614105103,0.002831843942911964,0.0015769891673283456,0.0015561812052682375
46,46.0,0.06392656721534995,0.054120872702880414,0.04602096379751577,0.06269658902999424,0.053229772345716596,0.04498169031061217,0.020220688817097942,0.02051861145561981,0.016466168724595116,0.016716764594581726,0.012323374259750343,0.012554809220227801,0.015070754030807708,0.014810025764941807,0.012172521581133577,0.011979275044690667,0.008623825958073204,0.008454207248070956,0.010716869630636122,0.010544263866231444,0.008438044732523466,0.008326018717550622,0.005486000605126226,0.005412162942809063,0.007572529637527778,0.00741853796465484,0.005903740224311543,0.0058236189568490375,0.003609397086856874,0.003550726150980118,0.006599396957155061,0.006488433312208097,0.005144443381920438,0.00508230063177355,0.0030272321964696855,0.0029984110460208615,0.005653825334531023,0.005607807682593413,0.004425926290590543,0.004396908572674841,0.0025245048713595053,0.0025327488488875714,0.004749023139722987,0.00467696894093935,0.003763429064912999,0.0037140608299464015,0.002099299771000929,0.0020832829118155073,0.004402540407811267,0.004327854950555867,0.003500758162013444,0.003441282381174502,0.0019439751697296872,0.0019174052239954876,0.004400873253217387,0.004294678165983099,0.0034699312748128312,0.003417287061273015,0.0019575573410065194,0.0019028647028334674,0.0035700148165977007,0.0034783595206380304,0.0028586302791304536,0.002815462803986194,0.001576793562340145,0.0015450061851598335
47,47.0,0.06388124880454223,0.0545609417018377,0.046310810755486806,0.06307932698382221,0.0534155080345114,0.04525958347673595,0.020147765852815164,0.020372698133640524,0.01630195424579102,0.01659757792285543,0.012206742098830641,0.012441710303119372,0.014966559682382648,0.014745278710372067,0.012050829941540164,0.011924576949775823,0.008455762855654497,0.008400337046161482,0.010755386234654966,0.010523197945506761,0.008361340113007537,0.008307660285206296,0.005453471544411575,0.005391908474931353,0.007537890528783239,0.007398880739647014,0.005834942278249244,0.005807966181294713,0.0035527225277591583,0.003536013864218627,0.006573943265685896,0.006462238097138258,0.005081169736305569,0.005061669792941556,0.002998520207727324,0.0029818805035987527,0.005632385580129496,0.005575748138946625,0.004360074955591043,0.004372574847675935,0.0025243320145549517,0.002514676291918646,0.0047459036938342115,0.004654241035657012,0.003722716044133102,0.00369689605263427,0.002091857382881861,0.0020702605850524028,0.004433737046566899,0.004305761774715111,0.003466842710764066,0.003424589943870679,0.0019345355944907334,0.001904915847240887,0.0043552585068024775,0.004273744127711114,0.003444981019516667,0.003401275372062079,0.0019309740490222104,0.0018908262357551638,0.0035049941136364848,0.003456870671429738,0.0028349480371803646,0.0027985105274640873,0.0015528954639737287,0.0015335452606327496
48,48.0,0.06442864504039673,0.05502981726955096,0.046852574413978505,0.06260851219332367,0.053189387117762235,0.04507379131292763,0.020002407260766346,0.020225843289043352,0.01631904030913093,0.016477499589656143,0.012147784916751612,0.012327984418220559,0.01488465986201923,0.014679091141497687,0.012104859392793207,0.011868641382325271,0.008436194823475041,0.008345536394848054,0.010655748916208735,0.010500909112610804,0.008427063057860631,0.008288339426865535,0.005468065665369118,0.005371000702157601,0.007506407262672822,0.007378291134585205,0.005891221746325037,0.005791569798450079,0.003589958788639154,0.0035208415078086326,0.006556155028613199,0.006435105739712633,0.005119647287828407,0.005040301474158473,0.0029997700138689573,0.0029649216846925576,0.005561818728617653,0.00554289584536911,0.00435074390013336,0.004347613004196979,0.002500878821464275,0.0024962585795839025,0.004707327270201713,0.00463066601069099,0.0037320825101281106,0.003679042484629879,0.0020773500044915212,0.0020568744882842917,0.0043700330509589555,0.004282925589148738,0.0034730264098375,0.0034072948689274347,0.0019279738672458727,0.001892118058989179,0.004309961667194843,0.004252050900724483,0.0034489165352213197,0.0033846524007929476,0.0019155374115469655,0.001878473667203214,0.0034988914187223568,0.003434678105014404,0.002832672483893094,0.002780983326713006,0.0015394599427887446,0.001521799473245199
49,49.0,0.06483528816923367,0.055787994181359046,0.04741613107609689,0.061992599495202104,0.05282196138735835,0.04475187140402309,0.019913193787386565,0.02007815388238506,0.016248059442672266,0.01635661303012071,0.012163065875290315,0.012213717785386508,0.014800062159657096,0.014611479635815678,0.01196950729604673,0.011811481693708648,0.008456109018140931,0.008289827982321064,0.010666140724305963,0.010477381810168758,0.008394960822731964,0.008268045284557648,0.005434901042671924,0.005349440040237623,0.007471359580151383,0.007356758879417432,0.005839870338287739,0.005774421543468864,0.003542800508389072,0.00350520896039937,0.006518087833957047,0.006407030390989474,0.005078583002000835,0.005018191159517906,0.002990807868256679,0.0029475364446964994,0.005534658778885609,0.005509255219177249,0.004330162589398363,0.004322025533220744,0.0024721872260626203,0.0024775017141814193,0.004704027539915966,0.00460623823670236,0.003717342459132506,0.0036604943547295776,0.0020703690233701893,0.0020431254840628187,0.004338537899913689,0.004259342800856062,0.0034527485997182575,0.0033893930784699468,0.0019279476684536544,0.0018790136283276797,0.00429929616800139,0.004229593354055504,0.0034249818073868316,0.0033674132104301656,0.0018898456461155669,0.0018658082068291372,0.0034512771592090127,0.003411778867349573,0.0028136938366385414,0.002762878183088388,0.0015264579331071926,0.0015097701929386404
50,50.0,0.06541109230226426,0.05593875329819152,0.047550312230968436,0.06179896139862007,0.05287551187204927,0.044784053294661605,0.01975272911356882,0.01992973611503155,0.016199684751475794,0.01623500130375891,0.011953092218284828,0.012098995832330654,0.014803974200556754,0.014542462654780543,0.011910493135819218,0.01175311286832102,0.008323164666391734,0.00823323555717621,0.010614906041477605,0.010452602902806562,0.008388889553557675,0.008246768847294134,0.005390634177935745,0.0053272280610454845,0.0073693030695842566,0.007334275317873239,0.00581072157099302,0.005756514434215967,0.003530129657656641,0.0034891168282858323,0.006451319960251274,0.006378007559670564,0.0050597749031160355,0.00499533540788792,0.002951138087499329,0.0029297271997818417,0.005493147712046439,0.0054748316526532295,0.004294095712085373,0.004295815717054581,0.0024586602631164697,0.002458412067976296,0.004658472176645178,0.004580953380517457,0.0037006713873564967,0.0036412469733851788,0.0020606344508461278,0.0020290149525443845,0.0043259227758786455,0.004235010850475729,0.0034355299349693525,0.003370881354182574,0.0018996030883563827,0.001865604706589456,0.0042777255168222825,0.004206367450236398,0.0034099766352500642,0.0033495537584964717,0.0018824518723890382,0.0018528314704382974,0.0034114215091902446,0.003388170965553279,0.002787374559878586,0.0027441928705714365,0.001497477997609672,0.0014974591258960384
51,51.0,0.0654089583965384,0.055970372790586316,0.04778162074017409,0.06088996288469322,0.05201302184689538,0.04408928908022645,0.01979520504170536,0.019780695305345965,0.016112669993823336,0.016112747003144846,0.011959627831669897,0.0119839030904234,0.014643224289958817,0.014472060571666898,0.011857005213752738,0.01169355154876894,0.008226588815395581,0.008175783930240724,0.010532473844497493,0.010426561748074787,0.008364708255924062,0.008224503004330034,0.005403984502583314,0.005304367518292304,0.007390023204203263,0.00731083345584865,0.005775078754584647,0.005737842809867611,0.0035166565923230504,0.003472566462539769,0.006448756902206863,0.006348034151255212,0.005019369248620086,0.004971731883731381,0.0029550766782293963,0.002911496938669405,0.005446098943747557,0.005439631532670946,0.004252962794211423,0.00426898764633689,0.002429251317450556,0.0024389963862190374,0.00463281219956938,0.004554808442059422,0.0036853925734129803,0.0036212967645474813,0.002049947670832991,0.0020145448029864317,0.004297491864526764,0.004209928241432823,0.0034198862842356598,0.0033517573626202736,0.0018897069384289295,0.0018518938349805477,0.0042645070497136705,0.004182370277356814,0.0033810070165081435,0.0033310709240319545,0.0018673941429275826,0.0018395454887093672,0.0034066463989381253,0.0033638533947041417,0.0027585277314570444,0.002724925978472394,0.0014978169840081975,0.0014848683216046295
52,52.00000000000001,0.06555036858362162,0.05638485800298124,0.04792448661454434,0.06124797039327569,0.05231251855252488,0.04439534630887334,0.019548438371025025,0.0196311357678006,0.016049514983210226,0.015989932164338763,0.011805989952998421,0.011868523093304391,0.014650677157518796,0.014400295694647798,0.01174868681624792,0.0116328160569028,0.008237120796085413,0.008117498973767293,0.010516086014307556,0.010399250260770009,0.008293129721477333,0.008201242593414695,0.005370425229918693,0.005280862370122327,0.007349453011236584,0.007286428005503372,0.00575153109948681,0.005718402366106207,0.0034532282738620667,0.0034555599742271542,0.00636662919017208,0.006317108503721348,0.004987951920296852,0.004947379385172342,0.0029390844976510595,0.0028928492329897814,0.005405571248054163,0.005403662257907548,0.004224692063263337,0.004241546235073774,0.00240418474370213,0.002419261789272732,0.004609789253994865,0.004527801787918995,0.003662535804625142,0.0036006412946922436,0.002041941598973579,0.001999717483913521,0.004257831002010098,0.004184094566466557,0.0033903676724296814,0.0033320196783315943,0.0018643488723911503,0.0018378839512581872,0.004206061584232778,0.004157600078329958,0.0033643179590102062,0.0033119625322633166,0.0018404269653661892,0.0018259527148951626,0.003393916648869521,0.0033388261622163793,0.002743798100702115,0.002705076932131136,0.0014933970404023289,0.0014720001790975669
53,53.0,0.06582341154176657,0.05654991734802488,0.04859391433627083,0.061187943879124324,0.05245762305064649,0.04434248067825989,0.019483398646617536,0.019481160695200336,0.0158827671454665,0.015866638179169383,0.011682304610307514,0.011752938278473068,0.014434629954494104,0.014327192284967885,0.011688739893283432,0.011570926410589589,0.008135417718400546,0.008058407617943972,0.01043450995238451,0.010370662970453004,0.008270567709468643,0.008176984443880203,0.0053046558944478085,0.005256717798506033,0.0072655593873283165,0.007261055424936931,0.005745832199244311,0.005698190186803779,0.003458817210680414,0.0034381002476574565,0.006330333772545649,0.0062852304196251724,0.004974798029835493,0.004922277869222664,0.0028759142518665717,0.0028737882461915953,0.00535571933345003,0.005366932253573257,0.0042030527436114585,0.004213497233649852,0.0023867751506302386,0.0023992157738287074,0.00457095244417914,0.004499933181460774,0.0036266046802600933,0.0035792792989406833,0.0020150484026424747,0.0019845359919155306,0.00423798070385629,0.004157510531456989,0.0033598611257592867,0.0033116678047240894,0.0018495332192852217,0.0018235783954336404,0.004194787862493229,0.004132056277279439,0.0033438637878597795,0.003292227376910405,0.0018169228082385764,0.0018120560314759844,0.0033328608863921185,0.0033130903097143803,0.0027220715102344722,0.0026846460115522467,0.0014735486563736708,0.0014588574523510351
54,54.0,0.06647425344431766,0.05662631634616428,0.04846470698986852,0.06148926647257429,0.05258069243834153,0.04455089531237404,0.019525258505270336,0.019330872044197228,0.015826803578003854,0.01574294570950228,0.011706209401577706,0.011637229892014564,0.014402903374521924,0.014252776570104122,0.011573244104828923,0.011507904336131771,0.008014107777056377,0.00799853784467571,0.0104438504478764,0.010340797071981739,0.008247356411655866,0.008151727414429866,0.005262762953603668,0.005231940225352828,0.007294991964078897,0.007234713953322399,0.0056911369054265,0.005677204772097437,0.0034514906529488024,0.0034201909516154653,0.006316172302472638,0.006252401194520532,0.004948792930656234,0.004896428474090768,0.002869628814500505,0.0028543187409621374,0.005328120768319975,0.005329450983598785,0.004208397567252047,0.004184847239762699,0.0023707965704232075,0.0023788662131928656,0.004530991719968263,0.0044712038093705705,0.003609233246957851,0.0035572107041944748,0.0019916457086873287,0.001969003879044043,0.0041856109984607925,0.004130177976476551,0.003337717304833575,0.0032907021926091105,0.0018456332486378644,0.0018089809144759335,0.004181152638181994,0.0041057395029667045,0.003304649271084842,0.003271865240063581,0.001793486811109111,0.001797858755739453,0.0033183131095264233,0.0032866479323382636,0.002693822045717334,0.002663634367917315,0.0014717728579680736,0.001445443254815726
55,55.0,0.06653408205542378,0.057082153358353926,0.04886695965324741,0.06121576004999401,0.052302420668269,0.044080293217950935,0.019244691076013416,0.019180370424267443,0.015676488294301547,0.015618934603614886,0.011592286278006719,0.011521477896609804,0.01425419405192721,0.014177076751820736,0.011492265862338927,0.011443773276250202,0.008024822027731764,0.007937918678600974,0.010452716430288254,0.010309652468896337,0.008209638415164552,0.00812547242550369,0.005276437687088481,0.005206537325274988,0.007270571856344497,0.007207403641388864,0.005710088349233892,0.005655446062770218,0.0034216135839757137,0.003401836548531964,0.006295671462331318,0.006218623641609194,0.004939680183046962,0.004869833538502392,0.0028601261456788775,0.002834446085128785,0.0052717855281507724,0.005291228960226716,0.0041506517139605036,0.004155603707236066,0.00235060588119057,0.0023582213566274825,0.004505043211178043,0.004441616304559241,0.0035747877059725173,0.0035344366492133673,0.0019729621823803734,0.001953125258776852,0.004168424688888137,0.004102099893999683,0.003298400319740007,0.00326912425636925,0.0018128464858768506,0.0017940956659954909,0.004103971389089335,0.004078651609186992,0.0032894196008857635,0.0032508769095721014,0.0017955501686224395,0.001783364644263782,0.0032907542123300593,0.003259502195418846,0.002662653692307389,0.002642044037922976,0.001439118599354132,0.0014317610630639247
56,56.0,0.06714886632819,0.057184606957045386,0.04894089128245226,0.060266013227727,0.051234080816059506,0.04291513151035008,0.01902674505471457,0.01902975499031312,0.015514319912603757,0.015494683814793339,0.011444719894940388,0.011405760882970298,0.014187069926404446,0.014100123009039112,0.011396700500885914,0.011378558393561186,0.007813643896504975,0.007876580175314656,0.010408000739405303,0.010277231809512878,0.008188883315258032,0.008098222486112703,0.00518900399574522,0.0051805180349437895,0.007216576650755896,0.007179126377156467,0.0056615706739620774,0.005632915460860692,0.003379636814600485,0.0033830423015552375,0.006269213863988662,0.006183902112543467,0.004892143775405969,0.004842496617971309,0.002822884056096037,0.0028141762560137725,0.005257986464864573,0.005252277750960267,0.004111797619307755,0.004125774952672847,0.0023307912852783626,0.00233728982773587,0.00444739139063727,0.004411174765348266,0.003549664608714386,0.0035109595015718727,0.0019480901776824276,0.001936904810524451,0.004095296702345235,0.004073280444211607,0.0032706491788816404,0.003246936387698144,0.0017741533041313827,0.0017789272208894903,0.004108167280504776,0.004050795692069953,0.0032634715616199628,0.003229264193890425,0.0017675561167670622,0.0017685778962844186,0.003228057428966204,0.0032316573484675593,0.0026255112256692442,0.002619877955899104,0.001409759380458236,0.0014178147195358722
57,57.00000000000001,0.06697227310552832,0.0573866674475989,0.049605684021449326,0.05783596349399595,0.04952315481177213,0.041366717882301916,0.018927147802637604,0.01887912333904259,0.015356861117932838,0.015370271322261257,0.011197746173479526,0.011290155984829521,0.014024243235433102,0.014021947495457964,0.011315968848027503,0.011312286569490411,0.007862168938481667,0.007814553406776427,0.010373668723171948,0.010243540515602927,0.00816833001655784,0.008069982715049247,0.005241323344951298,0.005153892558988252,0.007273285386321806,0.007149885906840845,0.00566219758866955,0.005609615846435107,0.003378079266868587,0.0033638142794911946,0.006238275142145118,0.006148242514313059,0.004891812009148205,0.004814422497966295,0.0028162545762743336,0.0027935158432191506,0.005211859772992724,0.005212609982830174,0.004094296734110257,0.004095370159914682,0.0023088109995644435,0.0023160806218799983,0.004440906620808909,0.004379884770872543,0.00352679307694504,0.003486782871439998,0.001945843316589696,0.0019203477826563952,0.004097573680926965,0.004043724967365178,0.0032663703954555457,0.003224141966868947,0.0017703677497417178,0.0017634805649336077,0.0040858497018939535,0.004022176104229536,0.0032352467872190037,0.0032070299343362847,0.0017573644079457505,0.0017535031559270703,0.0031871463255485825,0.003203118736434181,0.0025966325654154685,0.002597139963667601,0.0013965326915918949,0.0014036084343715385
58,58.0,0.06698372023125876,0.05761022760001573,0.049567676088865684,0.05667335649983942,0.048359889886388736,0.04064304902066575,0.018778490222337813,0.018728571409273205,0.015208141621977507,0.015245774054544806,0.011240134850041092,0.011174738797613869,0.01396965261086349,0.01394258433187375,0.011305998796949799,0.011244986398579281,0.007737181697267541,0.007751870443891846,0.010310156558953454,0.010208586803556172,0.008108850683310874,0.00804076035639579,0.005214688838918924,0.005126672372396579,0.007171960478131309,0.007119687850857041,0.005630060526864902,0.0055855515904662785,0.003361279966705276,0.003344159359585781,0.006203151050137755,0.006111652322158753,0.004836424321380711,0.00478561720392911,0.0028046580237060144,0.0027724720498231207,0.005182588648557098,0.005172239343947784,0.004083344971277792,0.004064399382281125,0.0022999285422515784,0.0022946031026238947,0.004407154644289799,0.00434775339264617,0.003497109865693543,0.0034619116221416618,0.0019263914078856443,0.0019034599940295025,0.004039546379824001,0.004013439993142769,0.0032216223764703414,0.0032007453714945184,0.0017696168765000764,0.0017477610993077322,0.004039753567113591,0.003992798465716263,0.0032065569658780192,0.003184178014721375,0.001745669834410518,0.001738145513293252,0.0031925714476061145,0.003173892808192677,0.002587491215803324,0.002573834818108379,0.0013854348860197479,0.0013891467863164438
59,59.00000000000001,0.06716305591268736,0.057658710073925666,0.049513359812766805,0.05582479157359274,0.047645389685246765,0.039998776687692875,0.01863211335097161,0.01857819338629144,0.015245468232151319,0.015121267815372751,0.011158134779149618,0.011059583300907028,0.013988822428548386,0.013862069593166158,0.011242875306170042,0.011176688178152028,0.0077218392114457,0.007688564336261638,0.010227750314058608,0.010172381697944256,0.008050701945655669,0.008010564789270603,0.005131212693699234,0.005098870219390115,0.007147379902232411,0.007088539714866374,0.005608890019103557,0.005560728563774177,0.0033472694143724907,0.0033240852281293627,0.006167854697479429,0.006074140588466317,0.004830185608745014,0.0047560880081068116,0.002781463673183509,0.00275105269197329,0.00514059414663175,0.005131180582319972,0.004023641453489985,0.004032873542567443,0.0022701471510464728,0.00227286699719838,0.004352325342875397,0.004314789202247536,0.003469229821642847,0.0034363518774532496,0.001939692575871899,0.0018862478340040394,0.00402254579740297,0.00398243324698831,0.003196092074350897,0.0031767519827491627,0.0017533431381617452,0.0017317746400461733,0.004014787858391269,0.003962669671733751,0.0031977222115187826,0.003160713368322671,0.0017418310897534617,0.001722510504387655,0.0031645702253558362,0.0031439871222229965,0.0025538268347882246,0.002549968196405345,0.0013859804675824172,0.0013744347226927215
60,59.99999999999999,0.06729946583038515,0.05787389825920732,0.05006880108942997,0.05514194419657329,0.04737913697246914,0.03972776080333448,0.01865325114777134,0.018428081610395237,0.01514543111582582,0.014996827212204373,0.011023872977908442,0.010944761784812396,0.013819430270724445,0.013780441289928641,0.011137827085379635,0.01110742389332514,0.00758425103851348,0.007624669089102782,0.010232623258977402,0.010134939037424885,0.008043613463985619,0.007979407531764545,0.005074680498169258,0.00507050010874956,0.007085914925070668,0.007056450895823388,0.005570678809666006,0.0055351541419938945,0.003341422596449318,0.003303600378868795,0.00609023269286638,0.006035717947605,0.004772459871630477,0.004725843433170461,0.002742872537331887,0.0027292661968668654,0.0051122676637340055,0.0050894495019090675,0.004012838595908013,0.004000804430786267,0.0022395444719459324,0.0022508823909854992,0.004343482733298444,0.004281002275090606,0.0034544233529244946,0.0034101110256136765,0.0018816878171093795,0.0018687182609381985,0.00398144938818631,0.0039507136533828684,0.003173524763858524,0.0031521681890286867,0.0017176544097301921,0.0017155274164058687,0.003949243479552273,0.003931797897090162,0.0031667565487352683,0.003136641982169611,0.0017221589466068445,0.0017066041098798427,0.0031014559737562396,0.003113410349464313,0.0025196603104341987,0.002525546698951542,0.001342903870576181,0.0013594775584291788
61,61.0,0.06775440674908341,0.05894485152902176,0.05080635727269097,0.0547950477360299,0.046921234124648034,0.039623653762160024,0.018577576450966915,0.018278326489733515,0.015143666316779741,0.014872525587472034,0.011022280137426605,0.010830344780308627,0.0137033100049816,0.013697739344739036,0.011082739471527684,0.01103722719735374,0.0075812468504968,0.007560219637353392,0.01020464373091508,0.010096275472946512,0.008021571487926583,0.007947302239039266,0.0050732662596462705,0.005041577305583131,0.007064285795151036,0.007023432682993645,0.005535880839726168,0.005508837206547611,0.003281974255898447,0.0032827141092190036,0.006008990155958288,0.005996396616686083,0.004739852985164679,0.004694893252601014,0.0027319066734778803,0.0027071215991122813,0.005060550578371288,0.005047062955928612,0.003981595875953459,0.003968204699644578,0.002234273887965698,0.0022286597210237945,0.004289450137754547,0.004246404190260061,0.003418806029355813,0.0033831977200263186,0.0018800732631773893,0.0018508787991554326,0.003920130525294025,0.003918291336045505,0.003149267982850132,0.00312700138703251,0.0017085197725414808,0.001699026068149102,0.003943398989951959,0.0039001925973641124,0.003136476021290189,0.0031119708986296866,0.0017069373077706394,0.0016904327526960177,0.0030762048624411267,0.003082172273322919,0.002502008389607623,0.0025005778498989493,0.0013335817763709082,0.0013442809741467145
62,62.0,0.06858705930417569,0.05944939767819058,0.05131924641211615,0.05415923260927823,0.04645617366400104,0.03945853615005461,0.018430117510536668,0.018129016417547866,0.014985575871327301,0.014748434952619117,0.010875684726246431,0.010716400993683841,0.01368090975222209,0.013614005563080605,0.011010105191673999,0.010966133387322807,0.007432490805090716,0.007495251816981609,0.010139539941031882,0.010056410458235139,0.007977952735769771,0.007914264695573279,0.005035315530094728,0.005012118319536363,0.007001119786296801,0.006989498253927064,0.005526444826682486,0.005481788141608153,0.0032790492890712175,0.0032614365142720446,0.005993547401610304,0.0059561903922280435,0.00469238426240818,0.004663248487832073,0.0027064255372818632,0.0026846285354712447,0.005003985844782034,0.005004038837373472,0.0039539126684625244,0.003935087857753816,0.002202517065343992,0.002206209768538381,0.004246111640591907,0.004211008026398732,0.0033867717531914994,0.003355621876642243,0.0018542474408801077,0.0018327375343834542,0.003893968563263679,0.003885177615049503,0.003112856754908567,0.003101259980258584,0.0016968374249415443,0.001682277641740267,0.00388325259913815,0.0038678645067735896,0.003111446407610068,0.0030867082142823324,0.0017040809554434476,0.0016740032944398432,0.003065493425562785,0.003050283786825745,0.0024723251671184723,0.0024750700953448798,0.0013418658835126155,0.0013288510132980695
63,63.0,0.06909508028121918,0.06006330308001858,0.051841904773780416,0.05251836222922149,0.04488507208158313,0.03700918671379577,0.01833683348563451,0.01798023769391087,0.014877402412204596,0.014624625925007797,0.010741588297789975,0.01060299724512423,0.013641363378246582,0.01352928359893902,0.010937428088034797,0.010894179375204413,0.007469904509814758,0.007429802333527035,0.010091706533546338,0.010015366232566244,0.007946432273901467,0.007880312801558619,0.00500188130296739,0.0049821408894533134,0.0070001076103604985,0.00695466266538523,0.005458787875386021,0.005454018827052706,0.003225897512375873,0.0032397784786077663,0.005975787162407087,0.005915114642726126,0.004668794827589489,0.004630921402148,0.002684448724602333,0.002661797237984726,0.004975577248638224,0.004960396066790523,0.003915585445266608,0.0039014682605771553,0.0022009602047028845,0.0021835436505025997,0.004194271869520666,0.0041748283536465845,0.0033576701026683583,0.0033273946680232435,0.0018267764632152877,0.001814303107667977,0.0038936353458339256,0.0038513850008525382,0.0030958153234622978,0.0030749533749089113,0.001669054256541777,0.0016652895854592374,0.0038796417131200123,0.0038348256327453644,0.003090605317455036,0.0030608630760783954,0.0016751508669741151,0.0016573230306445661,0.0030370331546531594,0.003017756886918274,0.0024460098795322702,0.0024490327991533454,0.0013203054387322573,0.0013131940783634916
64,64.0,0.06993978838453282,0.0609832717948626,0.05237402022073354,0.04878851639869418,0.04123989781671963,0.03385628664934062,0.018114333587207657,0.017832074452045467,0.014759840991101152,0.014501167667764766,0.01078378853255254,0.010490198411523025,0.01355222753686038,0.01344361891511612,0.010875664266951197,0.010821403654315276,0.007395321905332667,0.00736390872791154,0.010040410834727767,0.009973167795846132,0.007905734872743092,0.007845466553466969,0.004974309203124167,0.004951663964508929,0.0069894913034220804,0.006918942839235111,0.005442162786887733,0.005425542627416332,0.0032068540800465496,0.0032177516659163455,0.0059310178440992985,0.005873186297135275,0.004647666812859865,0.004597925491344811,0.0026448729487139255,0.0026386385254909208,0.004925855117806619,0.004916154577303844,0.0038661836388784684,0.0038673610991242866,0.002163099538192091,0.002160672810240828,0.0041810665132035255,0.004137881221641389,0.0033109350517172742,0.003298528514092313,0.0017990995331991374,0.0017955847077685424,0.0038339922055614204,0.003816927185247752,0.00305735605534106,0.0030480919732105436,0.0016641961745095886,0.001648069743436936,0.0038406498239299536,0.0038010892471914233,0.0030632011355624057,0.0030344456747898522,0.0016403011180389391,0.001640399684861948,0.002993348154076415,0.0029846046659134304,0.002424858830545186,0.0024224762364162197,0.0012961024689397303,0.0012973169261065302
65,65.0,0.07010753783936478,0.061001542441371986,0.052372171336110634,0.04648105964998639,0.03924418839288339,0.03230710536704877,0.018024985534867262,0.017684608589299006,0.014500409020868429,0.014378127832626673,0.010568063718545607,0.01037806737356586,0.01334041502969217,0.013357058738316377,0.010757326816332902,0.010747846261222271,0.007345229603574258,0.007297609339564425,0.009999764261699956,0.009929842876048514,0.00782104206503585,0.007809748018820385,0.004961683328454011,0.004920707681842369,0.0069265613134019965,0.006882357543335357,0.005389723263867144,0.005396374376865875,0.003207622890790657,0.003195368506449122,0.005850923521112211,0.005830423829286583,0.004576166190549484,0.00456427547117012,0.002593954296668656,0.002615163793547717,0.004876949276611184,0.004871335296916017,0.0038266250611645367,0.0038327823864103892,0.002138097741498675,0.0021376090070848166,0.004128403113009876,0.004100184143602003,0.0032834445768777157,0.003269037069588248,0.001782409661890272,0.0017765920620480351,0.0037862043626667686,0.003781819029251137,0.0030310157135373123,0.0030206871641639526,0.0016248593211099466,0.0016306263486217164,0.0037723392160574354,0.0037666698745079195,0.0029979568594744664,0.0030074672357618187,0.0016096549163227521,0.0016232414015967572,0.0029416448590187383,0.002950841300105803,0.002390317870524029,0.0023954115845654543,0.0012710436023390557,0.0012812266618967788
66,66.0,0.07101249415257949,0.061562137385142525,0.05300429961240452,0.04448402409016367,0.03738086759042982,0.030839741347171806,0.01783287951783733,0.017537919702835317,0.014451076736606987,0.014255572505840513,0.010393680595511422,0.010266664967138591,0.013302189592384208,0.013269652009077135,0.010697302265751106,0.01067354873315649,0.007216097958675464,0.007230943266915155,0.009875937520604564,0.00988542188907319,0.007790411400083944,0.007773181305217826,0.004873271723907332,0.004889293340731028,0.006833162285461426,0.0068449273674552336,0.005378916336907546,0.00536653036022585,0.003164246331485622,0.003172642182320247,0.005798400921433209,0.005786847238268543,0.004552735583633983,0.004529987261567211,0.0025924490654497157,0.0025913850027766963,0.0048157577362757005,0.004825960128114811,0.0038137048439583427,0.00379774894170214,0.002125769625769057,0.0021143643050987055,0.0040920814005442965,0.004061756076526001,0.0032481304669418174,0.003238935208250141,0.0017751083139016081,0.0017573354258717158,0.0037676360586317314,0.003746076547949029,0.002993314540893277,0.0029927513117377048,0.001621992322662052,0.0016129680146881736,0.003728760335942624,0.003731583276321094,0.002994076455578359,0.002979940006986263,0.0015997402343837508,0.0016058567380988133,0.002918893393446565,0.0029164820355733353,0.00237049435546828,0.0023678509121540367,0.0012409058176435922,0.0012649307331089909
67,67.00000000000001,0.0710722187541156,0.061702586952725624,0.05280778987469229,0.042625303727232014,0.03587521450922283,0.029872398112370885,0.017686336535020653,0.01739208503009741,0.014386552420677672,0.01413356615716774,0.010272261978947277,0.010156049939093706,0.013190816243105963,0.013181449326628564,0.010625931688105068,0.010598554061009504,0.007178983318403468,0.007163950325314826,0.009810269774967167,0.009839937891114925,0.007746987393146932,0.007735792523684697,0.004876266928015704,0.00485744337335481,0.00677624952951142,0.006806674694279874,0.005324872902984551,0.0053360282900987354,0.003155583106296877,0.0031495866106877276,0.005761474390456976,0.005742478024815411,0.004508770865327395,0.004495077967757115,0.0025827887752363854,0.0025673146656501164,0.004776597061670292,0.004780051924822065,0.0037792400303981143,0.003762278372579854,0.002081348515587223,0.0020909510608906018,0.004016439497318747,0.004022617397544033,0.0032142637555564136,0.003208239003766492,0.0017572326379835287,0.001737825570535795,0.003727585440498545,0.003709716892337798,0.0029747930431429795,0.002964297740535329,0.0016041288604396048,0.0015951037269029752,0.0036977726787754644,0.0036958464330135088,0.002948616310814927,0.0029518772445241113,0.0016029665865711848,0.0015882546550277682,0.0028735797277138044,0.0028815431711962996,0.002336628252397007,0.002339807165329724,0.001246395215321747,0.0012484369216105627
68,68.0,0.06949834240865235,0.06088683987784776,0.05246990432922871,0.04131636417223516,0.03493676416916039,0.029044478766709632,0.017461434424986214,0.017247179394082837,0.014226717981690206,0.01401217159203429,0.010252885615498683,0.01004627890740147,0.013026976046513017,0.013092502888784049,0.010501311541724876,0.01052290663799828,0.007068631623587044,0.0070966710024555485,0.009753410696103809,0.009793426523651436,0.007688365515591537,0.007697609746428433,0.004857557170539079,0.00482518131221004,0.0067399958332178675,0.006767623665569123,0.005274953288580057,0.005304887280132899,0.0031336938748818314,0.0031262164248484314,0.005698489729377406,0.00569733916375599,0.004467328499230713,0.004459565858201204,0.0025606482816870283,0.002542965831746736,0.004718122923701076,0.004733634466729087,0.003717065909860636,0.0037263890548509776,0.002064482138652171,0.0020673819105313184,0.0039861433142140785,0.003982789876483955,0.003198304998010675,0.0031769657075325646,0.0017174949188456159,0.0017180737697497317,0.00365377370852504,0.0036727583281961026,0.002927100282469193,0.0029353407189671742,0.0015743572910361914,0.0015770428319652535,0.0036594633335052715,0.0036594775220727275,0.002926661578599192,0.002923293195309689,0.0015689985780558055,0.001570444506008997,0.00282605024163868,0.0028460420389310125,0.0022945458517497777,0.0023112941520319107,0.0012342199990037596,0.001231753335351938
69,68.99999999999999,0.06898619591455561,0.06038639832674363,0.05240356715482136,0.03926973331871309,0.03308775883971232,0.027378494129118684,0.01723567240818978,0.017103275153463285,0.014133230880591832,0.013891449906862184,0.010129676705691369,0.009937406325701986,0.012963090203874322,0.01300286642697622,0.01040900013268818,0.01044665220409774,0.007011518175489085,0.007029146411364635,0.009669106993132918,0.009745925951179965,0.007643558071859442,0.007658662959098768,0.004757613067953446,0.004792531754241893,0.006684641330841403,0.006727800143550585,0.0052503853682884195,0.005273127814501953,0.003081162962258974,0.003102546953287512,0.0056417702685061894,0.005651455072586859,0.0044343332505594624,0.0044234703394954045,0.002523565699586896,0.0025183520715066536,0.004687114360535917,0.0046867324310703,0.0037018386665782373,0.0036901001103561543,0.0020409476025691855,0.002043669755603523,0.0039031510824137647,0.003942296644708141,0.0031415573986554183,0.0031451337232683728,0.001695768359802788,0.001698091784700512,0.003623425062819313,0.0036352202120381863,0.002913323318730246,0.00290589543996685,0.0015516628276066409,0.0015587950268419956,0.0036051942514913494,0.003622495893313267,0.0028933620440285083,0.0028942030773785443,0.0015395326114335305,0.0015524360261020694,0.0027828822767387404,0.0028099969813832632,0.002274703741351147,0.00228232652394819,0.0012258127638065325,0.0012148883990769882
70,70.0,0.06859409888893744,0.05988649764192611,0.05187479238770407,0.03669709324148896,0.03095760828288364,0.025566331212962194,0.017204989510352434,0.0169604421575692,0.01397960373783399,0.013771460447611773,0.01008744757093443,0.009829484452264486,0.012840290137484436,0.012912595136568086,0.010325600174467537,0.010369837786352492,0.006974097658498854,0.006961418241058152,0.009639504288823167,0.009697476791852176,0.007593747394408669,0.007618984007666654,0.004723007257454667,0.00475952032177374,0.006617564374057782,0.006687231667640688,0.005210999406643978,0.005240771713669858,0.0030651627251754533,0.0030785941967285293,0.005604794005981867,0.005604851576244791,0.00439152829053444,0.0043868119282555506,0.002518719850062423,0.0024934874585196025,0.004644752506315357,0.004639371361894058,0.0036368786095414677,0.0036534313827150796,0.00200104866621768,0.002019827748407168,0.003910085537856846,0.0039011621602977344,0.003100498624465978,0.0031127625785583504,0.0016546862780375026,0.001677891847731204,0.0035880856089163375,0.0035971229642047073,0.00287248274376675,0.002875977999298577,0.001536858986947023,0.0015403703466217269,0.003592472607308194,0.003584922041031207,0.002852117159419932,0.002864623057566766,0.0015230316424963374,0.001534239319206376,0.0027588376501600275,0.0027734273267338316,0.0022348608212574396,0.0022529197562733165,0.0011908049211136488,0.0011978508441729085
71,71.0,0.06835730941761146,0.05985052757084015,0.05228959885859661,0.034809853626887245,0.029564779341422837,0.02434028550992278,0.017117463001327993,0.01681874770625003,0.013881622111009687,0.01365226077155722,0.009865378549138232,0.009722563323350395,0.012798324133265274,0.012821745602582693,0.010268895511186033,0.010292511635191194,0.0068236874233721925,0.006893528704945809,0.009639700635756542,0.009648122041177036,0.0075413643922358645,0.007578606540050912,0.004675228315658377,0.004726173620321023,0.0065691203044905095,0.006645947406600442,0.005173602573880321,0.005207842096526294,0.003051674399632267,0.0030543748032362244,0.005550241413056794,0.005557555868163472,0.004338353006645607,0.004349612220061662,0.002469672594763414,0.002468386550385316,0.0045576383526980575,0.004591577636896761,0.003612530302605339,0.003616403411065141,0.001977728877591946,0.0019958692763496163,0.0038218899610852246,0.0038594121696676623,0.0030722252019660026,0.003079872893382207,0.0016493280750677407,0.001657486644670009,0.0035302213251625783,0.0035584880391554656,0.002826484609868142,0.0028456053715083243,0.0015112049822810245,0.00152177915141257,0.0035121029143787997,0.003546777573159224,0.002820267490385665,0.002834570226736786,0.0015115662413464754,0.0015158648444314666,0.0027292472197973606,0.002736353361075773,0.00221243340302383,0.002223090125319286,0.0011738779904782665,0.0011806496976815859
72,72.0,0.06772992836236266,0.06031414991657047,0.052674969389985137,0.03363316818840759,0.02839106938952482,0.02341031994357128,0.01685718664304117,0.016678256514609947,0.01370487181356598,0.013533906612311188,0.009765750138800457,0.009616690730966887,0.012625765342046659,0.012730375721008196,0.010120528583003809,0.010214723156878946,0.006748855583281971,0.006825520487086343,0.009546701099728088,0.009597906988980593,0.007500347258045636,0.007537565942636336,0.004620281819787272,0.004692519193386254,0.0065091245831536615,0.006603978106245254,0.005128945455034563,0.005174363338986876,0.0029980271304871466,0.0030299060414294373,0.005481645693040178,0.005509596467709867,0.004291399550151498,0.004311893855537028,0.0024121019691145016,0.002443064368188611,0.004480237542838862,0.004543378431893228,0.0035720433875796654,0.003579037401851521,0.0019677606797804683,0.0019718079455513494,0.0037789079301502604,0.003817073665706071,0.003023201987864493,0.0030464863457147634,0.0016122651420596918,0.0016368892958498768,0.003472020868131853,0.003519337893036027,0.0027780567828646994,0.00281479538357807,0.0014903147917199669,0.0015030321123134932,0.0034509308496682213,0.0035080851774980286,0.0027874201566347894,0.002804062572591382,0.001481768905159075,0.0014973234014626097,0.0026678117955055624,0.0026987962982301912,0.0021673587595980224,0.002192854684031107,0.0011574553368106936,0.0011632942704967518
73,73.0,0.06882140810846292,0.06114728229657822,0.053899213213148625,0.03282675995574146,0.02764154444474094,0.022715225248709184,0.016720055071964116,0.016539030682608983,0.013621183805176844,0.013416451848108336,0.00970372118714472,0.009511912204988173,0.012470458149066834,0.012638544615848617,0.010059573303153697,0.010136522842254542,0.006700085962866739,0.006757436686399613,0.009429634814485261,0.009546879129830686,0.007470827687922247,0.007495899271841371,0.004566752618975259,0.004658585474340557,0.006471125383195443,0.006561356032840424,0.0050972101342508505,0.005140361029162568,0.002937991549051657,0.00300520577186709,0.005429721105882789,0.00546100317410551,0.004256140406322002,0.004273680483645861,0.002414182474908803,0.0024175363746358628,0.004448028434754574,0.004494801683003131,0.0035141443899550763,0.003541355198733015,0.001929671284558173,0.0019476575637005747,0.0037481341560214967,0.0037741748425415235,0.0029774745850846916,0.003012625634280652,0.0015849109083723644,0.001616113335862509,0.003414409705940441,0.00347969594859781,0.002753011448404528,0.002783566686348799,0.0014560635356963697,0.0014841401964902166,0.0034267480831122847,0.0034688685851081936,0.002738551107069901,0.0027731189501442404,0.0014460401677067114,0.001478626114954943,0.002633177853401055,0.002660778247114231,0.002146935567281585,0.002162231235468611,0.001128208752278201,0.0011457941447735541
74,74.0,0.06895028711156762,0.0614305501184385,0.05392597245108856,0.03199764237184015,0.02715367916650056,0.022404530644385537,0.016582058156868355,0.016401129669509008,0.013411086257619975,0.013299948473350778,0.009505809764820732,0.009408270999612285,0.012307130186848798,0.012546312552103143,0.009951789586366938,0.010057962191910507,0.006673754326991781,0.006689320758948282,0.009378406897173348,0.009495088067152777,0.007403340476169608,0.0074536451809073785,0.004564956176850002,0.00462440173550564,0.006441868290201259,0.006518114912325913,0.0050568956522868466,0.005105861919212146,0.0029511672487262143,0.0029802924166753876,0.005376228316932296,0.005411807016947684,0.004214936070351558,0.004234996722300939,0.002371055978244525,0.002391818450903323,0.004413826382519669,0.004445876046639821,0.003486072146838634,0.003503379250673124,0.001909346018912295,0.0019234321221923527,0.003686527887308575,0.003730745047050569,0.0029472814330958027,0.002978314438557614,0.001562832975646427,0.0015951726920941877,0.003374238525521197,0.003439586557558407,0.0027275100185777555,0.0027519387237839484,0.00143230592447617,0.0014651146513898167,0.0033737479504353574,0.003429152530954155,0.0027093149769183587,0.0027417590499217615,0.0014411445032453105,0.0014597844179923575,0.0025870160376585257,0.002622322176741686,0.0020888578550992717,0.0021312383043201894,0.0010931496812746628,0.001128159160579405
75,75.00000000000001,0.06951665822736826,0.06195260302119359,0.05444983271665412,0.030901838005070084,0.026132496738705064,0.021372745088507207,0.016435025046799855,0.01626461027313427,0.013314312722939599,0.013184446573412289,0.009409944855507252,0.00930580808411182,0.012345378669720623,0.012453740844869261,0.009860260952745259,0.009979093637984594,0.006508618471669156,0.006621216458408508,0.009319855983220477,0.009442585411280995,0.007345115159883236,0.007410843842094948,0.004538129748494497,0.004589998034558298,0.006403109180668508,0.0064742898655255725,0.005011768195536277,0.005070893874000756,0.002942067128200547,0.0029551849274894355,0.005290382174715954,0.005362040203454782,0.004162797591856315,0.004195868116380078,0.0023426418795229336,0.0023659268722514832,0.004358368000475683,0.004396630857394166,0.0034426168650944972,0.0034651325782912292,0.0018838978008525998,0.00189914577759012,0.003636623869043532,0.003686814727227387,0.00289334393099926,0.002943577376129721,0.001547440169567418,0.0015740816620943877,0.003323444385113987,0.0033990349604960082,0.002684275284896576,0.002719931700150922,0.0014024409480797655,0.001445966988130557,0.003310150103676295,0.0033889627118996674,0.002667911294733782,0.0027100033639770446,0.0014224741306290286,0.0014408100346499392,0.0025377238345986003,0.0025834518789431852,0.002054969859600794,0.002099895106519762,0.0010791742342125224,0.001110399401817118
76,76.0,0.0690298800322604,0.06231813539231738,0.05450083169917611,0.029838300162355922,0.025122711962495135,0.020653784717860668,0.016178156289737195,0.016129526613906212,0.013170519168424507,0.013069994302691897,0.009304939025485409,0.009204562137828075,0.012194307022859913,0.012360891764776756,0.009786723011045032,0.00989997046274163,0.006460222035416898,0.0065531677748551535,0.009253301046345542,0.009389424671705518,0.007285229335240077,0.007367536864485702,0.0045135212291191155,0.004555405158387435,0.006377648498222195,0.006429917339507127,0.004959515475927203,0.00503548581669645,0.0028886332510410276,0.002929902751787369,0.005208505353128233,0.0053117360625691955,0.004088215965135156,0.004156321093257418,0.00230312519951891,0.002339878282463245,0.004287289016533354,0.004347096083912173,0.0034113216334866066,0.0034266387385535895,0.0018623207929451204,0.0018748128324496255,0.003566166609243348,0.0036424153775458773,0.0028566035293372477,0.002908439957499163,0.0015100662232221391,0.0015528548898314945,0.0032688323919644905,0.0033580672443785623,0.0026380949348480446,0.0026875665452039945,0.0014014440763590028,0.001426708964105858,0.0032645123679889954,0.0033483257421612917,0.0026388331890374195,0.0026778731498029334,0.0013956173769336102,0.0014217149617013695,0.002454974087528652,0.0025441919288991715,0.0020101277843364023,0.0020682215170434682,0.0010535885667567386,0.0010925251814534404
77,77.00000000000001,0.06774151087820242,0.06049294991664525,0.053812500469279906,0.02920427887796152,0.02441056075029,0.020030868981153332,0.015968001069468614,0.01599593012360274,0.013024099531870231,0.012956637865901188,0.009226903512392996,0.009104569549349096,0.012009439028558189,0.012267828439970914,0.009617085163963004,0.009820646714134488,0.006347560638073476,0.006485218871992962,0.00920750544577721,0.009335661143793805,0.007260001883591883,0.007323767207600445,0.004486152600367934,0.004520654564541132,0.006286574654982869,0.0063850350352699405,0.004933139567325778,0.004999667671445125,0.0028702029880642477,0.0029044657976997302,0.005161299841017124,0.005260928986059685,0.004044339298217467,0.004116382915962374,0.0023032456332635586,0.002313689667167055,0.004265112512156683,0.004297302282870913,0.0033477589838017065,0.003387921787888712,0.0018502702978423755,0.0018504477155473276,0.0035216902191481225,0.0035975794814529496,0.0028091459941855398,0.00287292853847229,0.0014920636711051793,0.0015315073408931781,0.003246049809861327,0.0033167102978348254,0.002604780863884712,0.0026548648774573883,0.001376623260753413,0.0014073525648436132,0.0032291058709662227,0.003307269106333435,0.0025893282894837795,0.0026453903922367284,0.0013820441177390024,0.0014025114495151564,0.002425663274834243,0.002504567643584926,0.001968711455570544,0.00203623803596757,0.0010608419914409323,0.0010745470260880546
78,78.0,0.0677034659720753,0.06181634869631559,0.05951978820974233,0.028498944917617286,0.02400786026871937,0.019707592251087855,0.01571297503122316,0.015863869538782837,0.01282873055148388,0.012844421502563827,0.009053127904069931,0.009005864419803606,0.011935699480956814,0.012174614754873995,0.009577380984429434,0.009741177118542256,0.006325734463563293,0.006417414022970679,0.00912258033362791,0.00928135179027889,0.007186058468767197,0.007279579091056411,0.004419541349244395,0.004485778320408505,0.006194470760889671,0.006339681831947824,0.004892780573464379,0.004963470303272398,0.002856614145912292,0.002878894397381297,0.0051109523826793945,0.005209654366773534,0.004014607414357663,0.00407608163408564,0.002257075431173072,0.00228737832610946,0.004194004091766294,0.0042472805511629165,0.0033122062985667267,0.0033490062438162166,0.0018168445353370828,0.001826064961557267,0.0034220097270661848,0.003552340451139757,0.0027685943898422593,0.0028370702702423195,0.0014653415321687628,0.0015100542766920742,0.0031958652078729268,0.003274991764280717,0.00256654471998923,0.0026218489656425685,0.0013537331580990863,0.0013879099851642398,0.0031857320009346215,0.003265821110105176,0.0025517898227093725,0.0026125777634547153,0.0013440439165170407,0.0013832119821859297,0.002385322292420124,0.0024646050382326774,0.001960605941228194,0.002003965752873853,0.0010315545399843427,0.0010564756599000483
79,79.0,0.0789136934217411,0.0747929655637654,0.07528912430962431,0.028026669492909124,0.023632520146256025,0.019334057643564433,0.015640610125488966,0.01573339089880801,0.012629118417837782,0.0127333874746997,0.008923238551305241,0.008908478570194287,0.01191036400256498,0.012081315245964121,0.009451381499255783,0.00966161699089245,0.006247782740698732,0.006349797544920218,0.009070551015485154,0.009226555117822796,0.007103024549553789,0.007235017900497568,0.004375013858971867,0.004450809040287827,0.006188076729432591,0.006293897707723805,0.004829951579066017,0.004926925455368633,0.002788625246164185,0.002853209269036752,0.005062976847842668,0.005157948534196579,0.003973491297033859,0.004035446032557905,0.002230613159206805,0.0022609618444445756,0.004141307147821429,0.00419706247640436,0.0032829558664205123,0.0033099170451825755,0.0017931969271176627,0.0018016791902222176,0.003400552686138985,0.0035067325647451684,0.002723965115618384,0.0028008930472974633,0.0014558059743373258,0.0014885112277402987,0.003139672662452437,0.0032329399930202656,0.002520528921251267,0.0025885416884487223,0.0013354974033183403,0.0013683936096829034,0.0031264182871591824,0.003224010828795386,0.0025235278364149722,0.0025794585811598015,0.001323960500729738,0.0013638292569492475,0.0023742829639412993,0.0024243307809212675,0.001929396077922347,0.0019714263096933067,0.001017992922810095,0.0010383219880106217
80,80.0,0.08140682432132892,0.0780080533270887,0.07453240741486844,0.027517736171858972,0.023201426963725298,0.01879783402368842,0.015557157320393701,0.01560453754838359,0.012579443209886488,0.012623576057660473,0.008750852185547801,0.008812441552685908,0.011830978224022416,0.011987994994820271,0.009436860136611203,0.009582022142382495,0.006160632591560655,0.006282413732367945,0.009015071528772801,0.009171331048977147,0.007065245551965407,0.007190130090042634,0.004353164549850913,0.0044157798204989005,0.006128934399774411,0.006247723657663049,0.004826249790934332,0.004890065683920718,0.0027518266823604344,0.002827431477695578,0.0050404804192491414,0.005105848687486718,0.0039359047043284355,0.003994505578432791,0.0022068647869116576,0.002234458063110912,0.004097999106121379,0.004146680085887406,0.0032466278743565756,0.003270679511101254,0.00177221103426432,0.0017773050850666645,0.00337154234932516,0.0034607909011530025,0.002692393325037288,0.002764425453289332,0.0014376028909768976,0.0014668939660591163,0.0031046703206858493,0.0031905839884460905,0.002491456035428697,0.0025549664926501534,0.0013008110382388366,0.001348815992703324,0.003084930509146104,0.0031818680538387156,0.0024977407285407724,0.0025460567650705595,0.0013072031228095584,0.0013443761629304844,0.0023249765998355357,0.0023837721454090825,0.00190469402964958,0.0019386418620832102,0.001004137944745236,0.0010200970793025276
81,81.0,0.07566955219087222,0.07165966949692862,0.0648621758207282,0.02679020198481391,0.02244750398578072,0.01835710291734259,0.015434611539158368,0.015477350144533913,0.012521169268021463,0.012515025534077661,0.008739516553430889,0.00871778066575592,0.011695486346831787,0.011894719518690897,0.009333716989852687,0.00950244878602331,0.006154085663285666,0.006215306789669467,0.008958588821292704,0.009115740789876217,0.0069992397392551805,0.007144963081505406,0.0043324442229515404,0.00438072417270352,0.006089156828390392,0.006201201608678662,0.004765974118062051,0.004852924290660952,0.0027676832884251075,0.002801582394835269,0.004950871813440492,0.005053392826153433,0.0038786612976553845,0.003953290365811093,0.002171187014930771,0.002207885048368678,0.00407924230292363,0.004096165794101662,0.0032030315428525674,0.003231319298698538,0.0017467022796564498,0.0017529573717007083,0.003321291564982364,0.0034145512725512217,0.0026539842217157533,0.002727696705002086,0.0014009016601629729,0.0014452184767926241,0.0030664885314485857,0.00314795335746958,0.0024597955281684147,0.0025211473497287157,0.0013083734552902834,0.0013291898375523692,0.0030462527770021655,0.0031394232373606096,0.002438217889465387,0.0025123967918245747,0.0012977713012915547,0.0013248657592803295,0.0022868507107795207,0.0023429569623307734,0.0018740881850621415,0.0019056350394367517,0.0009692215077281395,0.0010018121487383029
82,82.0,0.06582339094651689,0.059529479613862714,0.052014146334733405,0.026158148326623745,0.02183489367013428,0.017922111446969275,0.015367725756211764,0.0153518666679175,0.0124429873827715,0.012407772190878887,0.008671584197381605,0.008624520973107638,0.01152569150381113,0.011801554658851828,0.00923182140874484,0.009422953440234982,0.006028902862470261,0.006148520762623508,0.008913864487487879,0.009059846694009962,0.0069730988658413965,0.007099565160651271,0.004251818120847388,0.004345675955603527,0.0060221783536737825,0.006154374331853199,0.004715789923298815,0.004815535253309871,0.0027125051307226923,0.0027756836569553887,0.004896403585416962,0.005000619678562425,0.003847294167324625,0.00391183105904854,0.0021283473898539153,0.00218126106057325,0.00402678968929157,0.004045552348953994,0.003159257738614536,0.0031918623597698924,0.0017053846767594283,0.0017286507957654771,0.003240343308432611,0.00336805015492761,0.002630681901651689,0.002690736594568129,0.0013735352810551348,0.0014235009290967115,0.0029830066435303742,0.0031050782553158672,0.0024175116272064077,0.002487108711103537,0.001268222524739593,0.0013095279754063412,0.0029928750533875356,0.0030967074349848,0.0024124244280770398,0.0024785036484133577,0.0012759610606561508,0.001305311252751246,0.0022425685636807895,0.0023019135688828723,0.0018293074201838914,0.0018724289036280884,0.0009618316068395912,0.0009834785392208458
83,83.00000000000001,0.060708345032948814,0.05449286044134858,0.046047703530407304,0.02549246780662588,0.021292774428443996,0.01729356833287167,0.015197557247820192,0.015228122438380128,0.012327167998944656,0.01230185031932276,0.00866897044199187,0.008532685326238972,0.011459413694348603,0.011708566467026622,0.009150089362250837,0.009343592830731062,0.005946915041126867,0.006082099469424046,0.008813653820625766,0.009003712122435812,0.006930658709705366,0.007053985370762369,0.004251598719115306,0.004310669305190951,0.0059612916498716015,0.006107285352346122,0.004696487671933023,0.0047779331540956935,0.002716304602225528,0.0027497571232081982,0.0048602293710056435,0.00494756862845048,0.00378882856298443,0.0038701588343941,0.0021066018923982808,0.002154604522262773,0.0039312873556596895,0.003994872776819969,0.0031215054464787707,0.0031523348964549503,0.001691380243684921,0.0017044001005719405,0.0032137763018648224,0.0033213246166822266,0.0025824484392721835,0.0026535754300810142,0.001371347831189802,0.0014017576463767525,0.0029668012645081886,0.0030619893298232284,0.0023822083530620373,0.002452875462084139,0.0012455147686356706,0.00128984334366141,0.0029789451889876157,0.0030537522470215827,0.002373241397509908,0.0024444027842700803,0.0012516776734779829,0.0012857259747709395,0.0022129096724676483,0.0022606707571275744,0.0017978290554609608,0.001839046906599246,0.0009505042296698368,0.0009651077030412371
84,84.0,0.058105076500577904,0.05082301894340367,0.04396162989072807,0.024894525885505222,0.02095014191032488,0.01693792324784965,0.015273769131491744,0.015106150134636362,0.012237407248656932,0.012197292217997705,0.008530599969124582,0.0084422943905529,0.011367549049928989,0.011615821090149293,0.009082033461084115,0.009264423790933897,0.005887064058502411,0.006016086431113212,0.008691510463156332,0.008947401300798423,0.006856923070449417,0.007008273403791704,0.004186076180770604,0.00427573856372944,0.005923234789458155,0.006059978857124262,0.004655733480025494,0.004740153106538537,0.002686314472832258,0.002723824832194458,0.004794799031308742,0.004894279639641225,0.003749001608666856,0.0038283053202102135,0.002087637290597304,0.002127933985640017,0.003933383906891729,0.003944160326563698,0.003078421255394824,0.003112763316042221,0.0016873368385210005,0.0016802200044862155,0.00317180219566159,0.0032744122455422887,0.002544889033583622,0.0026162439747607386,0.001356114363673924,0.0013800050759494894,0.0029174570062454443,0.003018717664390715,0.0023528538418793755,0.0024184728746665346,0.0012386087576525158,0.0012701489639020626,0.0029044869553923555,0.003010589758189667,0.00234363351007362,0.002410120062135105,0.0012353971783025098,0.0012661233580704035,0.0021559104468827045,0.002219257721047851,0.001771909495249045,0.0018055128468984518,0.0009423071006737183,0.0009467111829599624
85,85.0,0.05693813033887083,0.050402734328201866,0.04340026989951771,0.02449045376968072,0.020569497374858966,0.01666758963849573,0.015062203041856884,0.014985979817962557,0.012144580085953595,0.012094128198725157,0.008409339677526715,0.00835336667488923,0.011326160537627335,0.01152338465375524,0.008974528458733562,0.009185503161168562,0.005867731722855668,0.005950524801700209,0.008743598815488232,0.00889097917353587,0.006792478270722779,0.006962479489393558,0.0041290674567026515,0.0042409182076502475,0.005866044754396085,0.006012499600758493,0.004617700880847611,0.00470223068069239,0.002647628205489489,0.0026979089580355976,0.004724524478475025,0.004840793179157416,0.0037146032422671555,0.003786302535930303,0.0020600450814228163,0.0021012680995304567,0.003842069211123331,0.0038934484126661793,0.003053607898206509,0.0030731741850172343,0.0016401105819743372,0.0016561251781154942,0.0031313906365115136,0.0032273510739698726,0.0025029289439108225,0.002578773384830632,0.0013270887401757696,0.0013582597582063542,0.0028823551813918105,0.002975294719721564,0.0023149521831632414,0.0023839265592950965,0.0012268858547175411,0.0012504579195226984,0.002873970986644011,0.0029672524760284195,0.0023056558557505076,0.0023756817078275892,0.001213519768825073,0.0012465169129254896,0.0021279502259493274,0.0021777040024904947,0.0017277837885870553,0.0017718508252823862,0.0009047902810907333,0.0009283005929687825
86,86.00000000000001,0.055294489307872,0.04834926762230568,0.041150192975121236,0.024110512629575608,0.020252293960773778,0.016476420965319243,0.014928133316630846,0.014867638959777787,0.012052353224788953,0.011992386595302915,0.00838976230178711,0.008265918564351337,0.011213276136176866,0.011431323144291563,0.008948503514584049,0.00910688768688771,0.005763812636640187,0.005885457298114007,0.00862343100100068,0.008834511255659113,0.006769135816955747,0.006916654282123856,0.004113097675488504,0.004206242774549754,0.005864435560135631,0.005964892809535357,0.0045646072779774085,0.00466420182704229,0.002633809624609937,0.002672031765835769,0.004653026699729,0.004787150138929955,0.0036670666049083375,0.0037441828299124777,0.0020414932420203856,0.0020746255759002815,0.003818059952481907,0.003842770557605035,0.0030124271382679373,0.0030335941824702548,0.0016152560494026554,0.001632130221349646,0.003066054330921525,0.0031801795032572154,0.0024773294830251875,0.002541195146268713,0.0012823118305454583,0.0013365382953570743,0.0028688407986167436,0.0029317522745133575,0.002286900422234836,0.0023492624157158207,0.0012075400930950273,0.001230783333058627,0.002819795903510415,0.0029237732681609728,0.002272944857802261,0.00234111425905448,0.0011969651196911998,0.0012269202030721754,0.0020809663513804127,0.0021360394361368625,0.001690244796883399,0.0017380851994974534,0.0008769147419985194,0.0009098875987815126
87,87.0,0.05427367611951882,0.04732635828736926,0.04043849269224354,0.023830873250242846,0.01998939096425928,0.01608533049789243,0.015018393584998086,0.014751152472982445,0.01192580112064979,0.011892093775019959,0.008219696276408775,0.008179964356295645,0.011096063468475578,0.011339702290642347,0.00885623972592037,0.009028633916183384,0.005716142204485424,0.0058209261301594515,0.008606893521856932,0.008778063482498799,0.006748786849821807,0.006870848747109651,0.004087445121927301,0.004171746789478604,0.005798215333951002,0.0059172040841371796,0.004551781133962674,0.004626102799257913,0.002580752781663651,0.0026462155666492617,0.004621582521098745,0.0047333917563076875,0.003607039200476316,0.003701978816351445,0.001992961328688922,0.0020480251560194363,0.0037700917155236253,0.00379216033363104,0.002983527430607004,0.0029940500529817113,0.001604457835199822,0.001608249640314292,0.003062089001770287,0.00313293622650808,0.002435657293490995,0.0025035410105995423,0.0012822882582576556,0.0013148573198337795,0.00282776815346506,0.0028881223652488202,0.002251004782692347,0.0023145065830491324,0.0011844296846721272,0.0012111383432836928,0.00279910315892016,0.0028801852985718417,0.002252570934271421,0.002306444513390833,0.0011772491162019335,0.0012073468213567508,0.0020600358667286667,0.0020942940936437924,0.0016659873936990068,0.0017042405383574369,0.0008681526860916099,0.0008914838981028143
88,87.99999999999999,0.05499800821915851,0.04796902211132643,0.040671686824021225,0.023062810302428315,0.019265617877574054,0.015557730136763336,0.014862214273846456,0.014636542746918274,0.011864941245751713,0.011793274152869718,0.008197023499673804,0.008095516299346388,0.011029020257394079,0.011248587445168122,0.008814542024962332,0.008950798096845177,0.005645191503929697,0.005756972930647966,0.008541479849813073,0.008721702057819662,0.006680393778415327,0.006825114044491526,0.004062229063670302,0.004137464690715191,0.0057860396143424855,0.00586947930114836,0.004520148849419458,0.004587970076008121,0.002598697456595188,0.0026204826720704595,0.004561811627916743,0.0046795595335754605,0.003584688899263204,0.0036597233114133024,0.0019715786999818055,0.0020214855763560483,0.003723556304593812,0.0037416513040888963,0.002950694750203791,0.0029545685591052385,0.0015790810019646138,0.0015844978242917649,0.003014768135792106,0.0030856601507068967,0.002412333351338699,0.0024658429298953463,0.0012541257074942867,0.0012932334624369826,0.002788363338729804,0.0028444372252436952,0.002225852437840038,0.0022796853892125242,0.00116252191565841,0.0011915360821325516,0.0027803229846463827,0.0028365219630654263,0.002214983593476613,0.0022716994755676546,0.0011523493726191666,0.001187810365183036,0.002000275684868743,0.0020524982270995217,0.0016373228590614278,0.0016703415752368628,0.0008725911356229693,0.0008731012007248278
89,89.0,0.054321938556526145,0.047016686252048495,0.03997148149913888,0.02283638947005961,0.01886830947323135,0.015326603995918973,0.014625434294600675,0.01452382968580795,0.011772414672758266,0.011695950208384948,0.008207855162534068,0.00801258463529332,0.010975371319105753,0.011158043464561687,0.008719519196195015,0.008873436073226606,0.005600032210745302,0.005693638685875126,0.008523565827882466,0.008665493300707896,0.006651474976715907,0.006779501412946631,0.004037619361556329,0.0041034307552183305,0.005713164642985127,0.0058217645136489585,0.004486337833705094,0.004549840282043751,0.002547227658546921,0.00259485534856487,0.004546424529350454,0.004625695156690759,0.003546366722254748,0.0036174492687601517,0.0019528105199197797,0.0019950255342895897,0.003685299714815057,0.0036912769644314347,0.0029009196932222106,0.0029151764335696427,0.0015541295847285202,0.0015608890226668458,0.002945793768695178,0.003038390318080119,0.002385165147704606,0.0024281329911574707,0.0012505650493503304,0.001271683320305757,0.002740460163341294,0.002800729223110288,0.0021957952274431337,0.0022448252998251432,0.001135003789058412,0.0011719896515063081,0.0027207498993922167,0.0027928168240741124,0.0021888168287770037,0.002236906304205406,0.0011484968971529012,0.0011683244118194799,0.001970884822003145,0.002010682211941422,0.0015888631562640243,0.001636413161101064,0.0008416080347026854,0.000854751208502082
90,90.0,0.05294903284046798,0.04564761991239101,0.037754483504137286,0.021920617747993934,0.018397488108034092,0.014803118466657682,0.014554211135847067,0.014413030750526966,0.011752834935200372,0.011600142505013337,0.008041900310000802,0.00793117764372539,0.010858037639939153,0.011068134590824404,0.008662243214390896,0.008796603183183356,0.005517245068006986,0.005630963666617901,0.00842883806528112,0.00860950349164083,0.006658197795167314,0.0067340620526030156,0.004018530826794227,0.004069679023955516,0.005699929702022368,0.005774105851159415,0.004467975199502674,0.004511750108758055,0.0025455775651386575,0.0025693557716607992,0.0045125402542445904,0.004571840413451416,0.0035236724815167608,0.0035751897146331954,0.0019423377487039742,0.0019686636537308414,0.0036312025758197387,0.0036410706830776437,0.0028711370713274584,0.002875900331322158,0.0015238364432786798,0.001537437321954449,0.002922541307842864,0.0029911658269562553,0.002352538166222618,0.002390443350251011,0.0012383673412511731,0.0012502234247951346,0.002702579650830739,0.002757030800796909,0.002176325323357283,0.0022099528667278625,0.001124689845804203,0.0011525121000206904,0.002703915480681548,0.0027491035449864467,0.0021515146761444,0.00220209225813279,0.0011381191429089307,0.00114890249362952,0.0019142829336785923,0.001968876489483864,0.0015667105666489344,0.0016024802171951988,0.0008341892275796916,0.0008364455952555493
91,91.0,0.052244278853746315,0.04508925954491715,0.03811344513963861,0.021726931694369827,0.018047414129395728,0.014437816083710569,0.014423761781773589,0.014304161003555844,0.011569179754096569,0.011505869711949676,0.00794885362657454,0.007851301689249501,0.010815787895571978,0.010978924332668338,0.008609912446732551,0.008720354155348197,0.005512796052014169,0.005568987359824541,0.008493317970155387,0.00855379871815113,0.006634853796723063,0.006688847007658121,0.003948250586843432,0.004036243227304242,0.005653688867313905,0.0057265494192022355,0.004424398128643603,0.004473736234435847,0.002522292435438305,0.002544005980121949,0.004416062283108085,0.004518037111308616,0.0034887587107967646,0.0035329776826643036,0.0019309826261889938,0.001942418450737273,0.0035824714906675407,0.0035910656422658317,0.002826245761228459,0.0028367667815361363,0.001501876575117897,0.0015141566229666034,0.002890818945609504,0.0029440257523326726,0.002318190520832814,0.0023528061655668053,0.001213168663222236,0.0012288702093442502,0.002655389391547046,0.002713374411364713,0.002132332122818235,0.0021750946762534667,0.0011152321876409807,0.001133116399756296,0.0026456564274048825,0.002705415824167278,0.0021351369239728025,0.002167284642431604,0.0011195966727289871,0.001129558073288981,0.001914334936698012,0.0019271115092057349,0.0015373468723683349,0.0015685676875154852,0.0007993609620339872,0.0008181959866570438
92,92.0,0.0534065172750821,0.04539902768936841,0.03781890876560151,0.021166085659225987,0.017829246046436306,0.014187265553812282,0.014176606035969135,0.01419723315695633,0.011462794326111123,0.011413148628336983,0.00778663449773462,0.007772961271139696,0.010820195534524664,0.010890475347650088,0.00856291804483286,0.00864474300700774,0.005435737022882082,0.005507748401169795,0.008385367322459588,0.00849844472049952,0.006569115754204687,0.0066439070490156345,0.003956431393369156,0.004003156710724345,0.005619129301177057,0.005679141198747769,0.0043987798356367935,0.00443583524440341,0.0024883849480349415,0.0025188278302216266,0.004396690365747258,0.004464326995040498,0.003458496908009234,0.0034908461485869224,0.0018854586211807319,0.001916308299212716,0.0035365088287793818,0.0035412947790537086,0.0028060896571287363,0.0027978021397067135,0.0014995252287374056,0.001491060618176078,0.002884903260119614,0.0028970090663582387,0.0022853547331067744,0.002315253531585868,0.0011950144360953377,0.0012076399774190194,0.00262081931284987,0.002669792456664265,0.002111444639481909,0.0021402772973823,0.0010940255881531386,0.0011138154230706176,0.0026076752509412537,0.0026617873288426416,0.002099230446238566,0.002132510754349232,0.0011081902865465927,0.0011103045190544965,0.0018558484995175888,0.0018854176709478532,0.0015149794075869098,0.0015347004911865543,0.0007836264012199281,0.0008000139401453444
93,93.00000000000001,0.05330043238275803,0.04559578988344631,0.03802287714839021,0.020768269489750194,0.017300512945957077,0.01391769802784331,0.014011549014188435,0.014092257623211169,0.011314260457321318,0.011321994209745988,0.007737794503935806,0.0076961590752589685,0.010678179207088452,0.010802849325341592,0.008474594175876937,0.008569822942845837,0.005431841705974081,0.005447284508647244,0.00833325738270742,0.008443506737770588,0.006508595000521737,0.006599292557255283,0.003923699318484916,0.003970452360899304,0.005585342816212584,0.005631926945811731,0.004363094255526338,0.004398083551291645,0.002461166740016983,0.002493842950239288,0.0043318826899158705,0.0044107516645020915,0.003406539021851295,0.0034488279650175006,0.0018650596903557035,0.0018903513967802208,0.003490166145834595,0.003491790726617168,0.002761247967968082,0.002759032539958076,0.0014747767999180328,0.001468162769333833,0.00280896429726188,0.002850154558941257,0.0022662947427797247,0.0022778174125216754,0.0011730876154755516,0.0011865488706131653,0.0025990260147489837,0.002626317225074491,0.002072410045340376,0.0021055272299190485,0.0010850894639575553,0.0010946219195315653,0.0025744517776044506,0.00261825162902258,0.0020665734722407707,0.0020977978292206667,0.00106857040640036,0.0010911550801469623,0.00183146971293858,0.0018438252671708541,0.0014839459153393934,0.0015009034748690937,0.0007645160554449516,0.0007819109249254431
94,94.0,0.05380883207071122,0.04573118042748791,0.03772218575617841,0.02035132765572421,0.017114330520989006,0.013578213402932455,0.013981900289372122,0.013989242568763731,0.011242867330372735,0.011232419596839642,0.007614325996912676,0.007620896028093114,0.010594282257209969,0.010716106871842037,0.008435319820789159,0.008495646254817467,0.00533407568355189,0.005387632417369386,0.008300002318338254,0.008389049354805776,0.006489836208975116,0.006555053406249848,0.003910127853097563,0.003938162532543888,0.005557340150533649,0.0055849520914719565,0.004354645624581904,0.00436051731562486,0.0024523098091990656,0.0024690726952998794,0.004290368297742916,0.004357352492667314,0.00338381759261699,0.003406955796478611,0.0018395445447894096,0.001864565730916808,0.003453486804951557,0.0034425857559992447,0.002721097963497852,0.0027204838476856934,0.001465117569030136,0.0014454762853971844,0.002771418222357119,0.002803500758692043,0.0022195410138504163,0.0022405295762156687,0.0011575547641315565,0.0011656128369912306,0.002555975325383173,0.0025829808294666285,0.0020516657418735195,0.0020708708528263307,0.001065644886608284,0.0010755484930320574,0.0025496527061379245,0.002574842131635057,0.0020359879732129624,0.002063172986541999,0.0010712021182012227,0.0010721228623139047,0.0017731613422070037,0.0018023644254240685,0.0014451316036471957,0.0014672013653219613,0.0007514390931109778,0.0007638983021022414
95,95.0,0.0539489020404789,0.04540149864861478,0.037936144609119836,0.020157112461873496,0.016768501178536777,0.013368252107355812,0.013926927006774456,0.013888193970090567,0.011232228797715498,0.011144436146126707,0.00759050512817618,0.007547171352733675,0.010578504721958745,0.010630307395932837,0.008385280955530131,0.008422264223415007,0.005267669473073747,0.005328827815744282,0.008209206691755259,0.008335136350385965,0.006443062759477788,0.006511238847742279,0.003881349914112275,0.003906318976074364,0.005521895466352738,0.005538261642570923,0.004304732328342089,0.004323172366946796,0.0024489042356901926,0.0024445381026758344,0.004235480658691636,0.0043041705441780025,0.0033399432015772655,0.0033652620548343106,0.0018036262873735783,0.00183896904543834,0.0034288457189903514,0.003393711718459891,0.0026906437376392578,0.0026821816126562903,0.0014260158498214314,0.001423014100825088,0.0027304380518736594,0.0027570858544087172,0.002184422454026177,0.002203421528460726,0.0011421559474524496,0.0011448475997567712,0.0025218735008896644,0.0025398151455552436,0.0020017521407391606,0.002036334372850343,0.0010442854994520074,0.001056607579144943,0.0024968298509136545,0.002531592015043589,0.0020046098977147524,0.002028663176336866,0.0010308935716667113,0.0010532208036343137,0.0017527694702896954,0.001761065051175401,0.0014229449554785916,0.0014336187222425273,0.0007392908316443766,0.0007459873049997545
96,96.0,0.053779430538627104,0.04526964246641302,0.03774372871543397,0.01974447739768362,0.016410271645895296,0.01299257803023171,0.013870694771603687,0.013789115672137517,0.011094782669381334,0.011058053462706361,0.0075459819798781354,0.007474982626645241,0.010506398392953616,0.010545508997174777,0.008309359734409527,0.008349727020586508,0.005211655779806442,0.005270905283195463,0.008149107603070829,0.008281830547073307,0.006387252067262463,0.006467897397193829,0.0038408545333318885,0.003874952766335924,0.005481635838467584,0.005491900083368987,0.004292393606423984,0.004286084125694265,0.002415821265623473,0.0024202598476706725,0.004210320526568962,0.004251246494613745,0.0033065194341542264,0.0033237788353073306,0.0017913908869470949,0.0018135788074220716,0.003349858665136431,0.0033451999885760874,0.0026546968019852285,0.0026441510226874,0.001431867922183519,0.001400788854296352,0.002690329711119565,0.0027109476173135514,0.0021627414522665,0.0021665244479263353,0.0011140513351644169,0.0011242686263283007,0.0024560997528049393,0.0024968517507974555,0.0019859285956440927,0.002001943773573075,0.001041446817601289,0.001037811422777044,0.002469949165371205,0.002488534164120258,0.0019745584094383,0.0019942951259566064,0.0010304900566242142,0.0010344616506290263,0.001715002056769326,0.0017199567711513625,0.0013889997995455764,0.0014001798915083338,0.0007250589346983252,0.0007281890197165221
97,97.0,0.05435068670762101,0.045946390179046996,0.038461123603283076,0.01930130296611235,0.015941428411126602,0.012658840029847197,0.013752716800711062,0.013692009448947821,0.011053920990801614,0.010973279434903635,0.0074458148287881816,0.007404325841050832,0.010510451175241447,0.010461768356242648,0.008249656716735025,0.008278083614562183,0.0051617767664900345,0.005213898229589079,0.008198994418156639,0.008229193663118065,0.006376557707189935,0.006425076721210996,0.0037720587499684884,0.0038440942325796974,0.005432214134198959,0.005445911278410868,0.0042300223244274085,0.004249287526026873,0.0023868545190514996,0.002396258200201861,0.004154908171574271,0.004198620550694369,0.003263251046013495,0.0032825378532461615,0.0017706609001122819,0.0017884121746534877,0.00331828995282925,0.003297081408240146,0.0026315392322706064,0.002606416858027083,0.001390035810858935,0.0013788128679057938,0.002671252538575479,0.0026651233242452887,0.0021212660951456597,0.0021298691218576593,0.0011014250209238816,0.00110389109790466,0.002435230609308134,0.002454121864000066,0.0019542065180634706,0.0019677247650244467,0.001010125934899762,0.0010191720561804748,0.002415212621486052,0.0024457011060442756,0.0019436044971328345,0.0019600952874536605,0.0010081551812528044,0.0010158579347390628,0.0016762360599632488,0.00167906887733507,0.0013642528227664384,0.0013669089589420744,0.0007168406378141772,0.0007105143659673909
98,98.0,0.05358367015143913,0.04552942154672507,0.038192801138359586,0.018585953947532437,0.015459189364379818,0.012263552126909235,0.01365121894509459,0.013596875066309008,0.010947212803858476,0.01089012027069388,0.007451022621150378,0.007335195461768184,0.010279530626929486,0.010379140627788174,0.008191410574045882,0.008207381676841596,0.005078626902435695,0.005157838836529241,0.008156757703670853,0.00817728616683117,0.006359621143063569,0.006382823526855361,0.003796987241311294,0.0038137728898791257,0.005314743204429562,0.005400338376864825,0.004208909159731995,0.0042128169398188454,0.0023612421406163714,0.002372552982199063,0.00411497520548016,0.004146332371624569,0.0032284125500265225,0.0032415703818081884,0.001744354080152309,0.0017634859636828778,0.003257456243455749,0.003249386231702122,0.002598845412962183,0.002569003446552809,0.0013786390607436064,0.0013570981268924598,0.002598292061145172,0.0026196496820104827,0.0020842663956494125,0.0020934858827186846,0.0010705732822448937,0.0010837298796004089,0.0023927594540004314,0.002411656285792502,0.0019210137235263214,0.0019337027339862574,0.0010064731457310493,0.0010007012773786087,0.002405936045835899,0.0024031249469943787,0.001920981889523454,0.0019260897856662486,0.0009954610465518895,0.0009974219492335068,0.0016117780425648097,0.001638430271768361,0.0013352547161382855,0.0013338297047205492,0.0006965685179390234,0.0006929740782611915
99,99.00000000000001,0.053553986485479176,0.0453457998221792,0.03756584589073653,0.018375195295850952,0.015378763452354486,0.012098052628183814,0.013555816264501409,0.013503710346244193,0.0108830230738004,0.010808580535812943,0.007350623240144841,0.007267584491329192,0.010207529603313293,0.010297679336116656,0.008130495045444112,0.008137667491589284,0.005122732872980373,0.005102758000678882,0.00811051898331043,0.008126167133817171,0.006302438130997364,0.006341183453135693,0.0037659064820457387,0.0037840173721721245,0.00536275148775419,0.0053552237185902265,0.004155881334806859,0.004176706102015995,0.002319957734781789,0.002349163525931971,0.004065171803024905,0.004094420991787116,0.003172638124958557,0.0032009071907226146,0.001727219130579136,0.001738816618575682,0.0031966324459689944,0.0032021440717998053,0.002545277859899558,0.002531934619906561,0.0013335670626097034,0.0013356562599529315,0.002556708017882278,0.0025745627530938974,0.002049692824650481,0.0020574045459472,0.001074234086330243,0.0010637994912304969,0.0023575901978483624,0.002369485340121164,0.0018850161027426614,0.001899902695117946,0.0009792928962475069,0.0009824106290631002,0.00234700984020368,0.002360837309900929,0.0018758714255770505,0.0018923043671503891,0.0009819865630803712,0.0009791657266075052,0.0015939832598987369,0.0015980694123020355,0.0013002813497358537,0.0013009655585465069,0.0006866247366214001,0.0006755786874630297
100,100.0,0.05282961679195922,0.04458005405768903,0.036951920096009234,0.018191609057281694,0.015114916701167744,0.011824053050523274,0.01349905221268435,0.013412511233172638,0.010821448776391235,0.010728663193448581,0.007305723116237663,0.007201484532214648,0.010220360070083498,0.01021743627395664,0.008087861750930951,0.008068985867681368,0.005020503376318471,0.005048685279259561,0.00804260227137287,0.008075894107454962,0.006316066519045115,0.006300200964976254,0.0037517240018364395,0.003754855367111795,0.005302157823593996,0.005310608742184642,0.0041577132168352324,0.004140988037557285,0.0023412391992369158,0.0023261086333797288,0.004013337236775351,0.004042924744987534,0.0031602615758165946,0.00316057848629409,0.001691995857709639,0.0017144201804390224,0.003169591597895738,0.0031553838475169966,0.0025152072512036093,0.0024952336706810215,0.0013113793379632827,0.0013144985201915432,0.0025174801260905402,0.0025298978829244962,0.0020211150356320034,0.0020216543489864182,0.001044460316074453,0.0010441140788219514,0.00231791762548251,0.002327638816918126,0.0018566349771314437,0.0018663492430319847,0.0009604800499597358,0.0009643113780172878,0.002317822199037235,0.002318869273420781,0.00184829883258614,0.001858764350093067,0.0009664966145230279,0.0009611010165298144,0.0015675932767033167,0.001558014259435772,0.001272610246707235,0.0012683395557002849,0.0006735296689140305,0.0006583385027890001
101,101.0,0.0513668288955125,0.04375935825642045,0.03623467621543575,0.017867902893575704,0.014813085662880861,0.011642852908989962,0.013408508086824094,0.013323271861564108,0.010732666121555478,0.010650369645407701,0.007187232074390662,0.007136885851036793,0.010139781244976758,0.010138461404595022,0.008015055327396527,0.008001380053639684,0.004975250078891523,0.004995648837879138,0.008045075131798808,0.008026522963005454,0.006276915457204677,0.0062599192499489245,0.0037340021321251604,0.003726313552904147,0.005298138467688529,0.005266533895256451,0.0041192682308607165,0.004105694990056353,0.0023117737867741545,0.00230340653675142,0.003956557055150803,0.003991881190449034,0.0031164024212881132,0.003120613852804666,0.0017034309509422897,0.0016903122578049551,0.00312172792069527,0.0031091337330075818,0.002476771538740917,0.0024589233107690984,0.0013100914036476155,0.0012936357667579627,0.0024679461611770634,0.0024856896288894845,0.0020003234700284697,0.001986263891754685,0.001017606605588603,0.0010246873869285572,0.00229092285471424,0.0022861459160939787,0.0018298930439270482,0.0018330665054441446,0.0009366873718116087,0.0009464144951200217,0.002270452725671962,0.002277251312294681,0.0018243943396060534,0.0018254945753376512,0.0009478865889270648,0.0009432392643979707,0.001536528110346182,0.0015182922243863598,0.0012422563880811668,0.0012359742940857737,0.0006494023569473868,0.000641263594280063
102,102.0,0.05066944767041241,0.04290595410289427,0.03567841007175862,0.017518502187970113,0.014428225467580073,0.011209156748143139,0.013237948540867402,0.013235984624911825,0.010579982099157781,0.010573699774653405,0.007050738887027593,0.007073777443502963,0.010012984968764333,0.010060802767642289,0.007918027275020022,0.007934891655683413,0.004981340852980433,0.004943675400831491,0.007959955835551757,0.007978107775716127,0.006242596687926251,0.006220380118049735,0.003695624493547537,0.003698417537306588,0.005244956572614742,0.005223038547163099,0.004110339029836144,0.004070858352433706,0.0023010301599442205,0.0022810748602643052,0.0039454551213458835,0.003941327040751796,0.0030857697600373017,0.003081042195468006,0.0016818007856203734,0.0016665079979489188,0.0030764121772692984,0.003063421108219379,0.0024329595469214137,0.00242302563098625,0.0012944801941450973,0.0012730784472211002,0.0024482947303042625,0.002441971691284291,0.0019529302140431275,0.0019512610787109186,0.0010040118723086597,0.001005532731822557,0.0022382682032651897,0.0022450351930011435,0.0018011875470962293,0.0018000780975209979,0.0009197012966520715,0.0009287306359825886,0.0022492226239121246,0.0022360132392432635,0.0017947488539471234,0.0017925193586497033,0.0009311539533726291,0.0009255915905577012,0.0014999746828268715,0.001478930118519656,0.0012141465909460446,0.0012038918923825965,0.0006401463707544709,0.0006243637758006575
103,103.00000000000001,0.049597985844959204,0.04203699160896714,0.03492457479430005,0.016971555154815045,0.0140110379629939,0.010906323525985561,0.013193819329523473,0.013150640245849284,0.010488616041113114,0.010498651989105302,0.007039717382129975,0.007012147099994792,0.009948680975223364,0.009984506388684226,0.00788783790454684,0.007869560559120897,0.004905391291408144,0.0048927902040071455,0.007956606911218715,0.007930700693281917,0.006187426757619106,0.006181623904792519,0.0036932376931758217,0.003671191798955646,0.005263104478644783,0.005180160904448591,0.004067860854507052,0.004036508599685128,0.002268645954958298,0.0022591305832833394,0.003884631197426567,0.003891298091905527,0.0030560306338877495,0.0030418916850856216,0.0016467742673637988,0.001643022059219529,0.003056466525645446,0.003018272511247773,0.002394905286490718,0.002387562062071836,0.0012647199753292556,0.0012528365807266506,0.002420459272800592,0.002398776846381255,0.0019029763286778968,0.0019166730626691683,0.0009777072409753848,0.000986662975635217,0.002215742101119946,0.0022043345055100015,0.0017639635222121823,0.0017674070775437604,0.0009119646367218325,0.0009112701222698195,0.0022279644503523425,0.0021951841485535555,0.0017510458939109705,0.0017598624443478773,0.0008979164583597317,0.0009081687702415181,0.0014501072874776116,0.0014399541042780144,0.001198059765257541,0.001172113949413393,0.0006169549635744997,0.0006076485886062963
104,104.00000000000001,0.04971405652639744,0.04200587290287767,0.034540320794936984,0.01672459539417016,0.01377088671551644,0.010653481321741104,0.013135993282287874,0.013067227847237378,0.01044893633581703,0.010425223266596636,0.00690953216446861,0.006951981471599112,0.009934746884414843,0.009909616193067346,0.00780380071443882,0.007805424853296461,0.004850225288997156,0.004843016950548094,0.007887139464511412,0.007884351813010747,0.006180889916795436,0.00614368937788381,0.0036664311391742498,0.0036446596311867745,0.005222426412192333,0.005137937929206694,0.004060664612043998,0.0040026752239662,0.0022249526228331168,0.002237590004922134,0.0038914300147503884,0.0038418291557385208,0.0030134070694771095,0.0030031897045504023,0.0016091738282806632,0.0016198685844533874,0.002997120986900588,0.0029737135925449166,0.0023523219363856883,0.0023525533371723385,0.0012286654791188038,0.001232919741983832,0.002328419812291331,0.0023561368817942123,0.0018631437635499915,0.0018825261905110245,0.0009569274298950424,0.0009680905015157688,0.00216363030481499,0.0021640709628359457,0.001736516856022607,0.0017350759040040441,0.0008956431066612744,0.0008940429237548155,0.0021508503221761744,0.002154792361503368,0.0017258261667286645,0.0017275469604209762,0.0008955074923869462,0.0008909812142796709,0.0014321411703693096,0.0014013896477309863,0.0011512139524313028,0.001140661504831861,0.00059683116505431,0.0005911272855229812
105,105.0,0.049015049687174454,0.041477055578563835,0.03419748793297227,0.016556061681548287,0.013688006612919619,0.010688386443362168,0.013012275233195064,0.01298573502404961,0.010478447249257268,0.010353409200881602,0.006908349452451779,0.006893266136428652,0.00983665543130503,0.00983617392405534,0.007733189669205759,0.007742520760298589,0.004849239067128039,0.004794377769374018,0.007899879029191021,0.007839109064029645,0.006120718107759917,0.0061066136477337975,0.00364716240615895,0.0036188430885028613,0.00512148394303581,0.0050964052605884675,0.003991000495562714,0.00396938667216659,0.0022235244951477845,0.002216468710201833,0.0037820808610664154,0.0037929539947801735,0.002977121000542258,0.00296496279733771,0.0015990415407128623,0.00159706117554583,0.0029344015679564892,0.002929769071105577,0.0023348935736389074,0.0023180194559054863,0.001211979922602186,0.0012133370461249507,0.002298852314891117,0.0023140825343100284,0.0018374134148322532,0.0018488459509395348,0.0009442240125460207,0.0009498271898756459,0.0021138084745420354,0.002124270876250702,0.0017093900355411962,0.0017031063942431902,0.0008822802670133655,0.0008770586411548596,0.0021219659961805226,0.0021148653737659536,0.0017134295376843474,0.0016955953752481197,0.0008806873042751465,0.0008740389506346624,0.0013941515431020817,0.0013632614728726978,0.0011293179990574304,0.0011095550012336145,0.0005928725198081507,0.0005748088157797033
106,106.0,0.04861732581300085,0.04120201735607829,0.03417863680155834,0.0161591347355599,0.013420915571171997,0.010312597885439319,0.01300723706061764,0.012906147915885222,0.010434213178859007,0.010283204048586908,0.006955117656699056,0.006835985666073161,0.009825513386684238,0.00976421906558359,0.007698590056473082,0.007680882567626804,0.004766832618534115,0.004746893176700825,0.007847079431990618,0.007795018094854201,0.006113892887979126,0.006070432082048108,0.0035930790058093603,0.0035937629358415283,0.00508558609425375,0.005055597139664487,0.003966775557757118,0.0039366702861412224,0.002228850594267033,0.0021957815378604406,0.0037543124041901194,0.003744705259807326,0.0029296415953899532,0.0029272366181190713,0.0015817097461259364,0.0015746128692456687,0.002900545232990177,0.00288646269274583,0.0022994300940215413,0.002283979650100378,0.0012034649804981141,0.0011940971344794366,0.0022532654308400585,0.0022726434303516584,0.001821720028597397,0.001815656924412829,0.0009419276389630634,0.0009318843957822386,0.0020881394001268853,0.002084959711806305,0.0016818596846661816,0.0016715196847427094,0.0008726396759582147,0.0008603264897941636,0.002079390593314775,0.0020754298049320188,0.0016670049598769257,0.0016640294560346894,0.000875510682258268,0.0008573516068084806,0.0013404732058190224,0.0013255935177847052,0.0010948561335919382,0.0010788142477881292,0.0005793557319778894,0.0005587018105336607
107,107.0,0.04847168558058276,0.04090476843948294,0.03401031536484492,0.015935446583951685,0.01316408276439962,0.010192601446044116,0.012964977251302882,0.01282845127994221,0.010288613581418698,0.010214600777001995,0.006888576735732223,0.006780123692024347,0.009747040914215802,0.00969378876982744,0.007639378238109113,0.00762054256500488,0.004718592832372175,0.004700582040665562,0.007770705575936796,0.007752122166630071,0.006051604832671044,0.006035178224734504,0.0035840103990940285,0.003569438600784271,0.005023129850001895,0.005015546337843015,0.003924247132889646,0.0039045522457582735,0.002206229896077896,0.002175542549900911,0.003705706918252745,0.00369711443021753,0.0028965946730284135,0.002890035885627717,0.0015794674527324817,0.001552536114238837,0.002851313048687643,0.0028438171905854166,0.002261630173064222,0.0022504523513043645,0.0011857002693411787,0.0011752081613018222,0.002237270307578969,0.002231848029230212,0.0017912628316187756,0.0017829827353898074,0.0009107378677568283,0.0009142729275634268,0.0020292059533523754,0.002046162045194629,0.0016551791281163746,0.0016403361931688484,0.000849933076337558,0.0008438552841369802,0.002038925409236279,0.0020365113502804114,0.001642881370819511,0.0016328702290719943,0.0008407980005532499,0.000840928393169447,0.0013068237258072393,0.0012884088927780635,0.0010676377667519293,0.0010484583854858949,0.0005519246175285148,0.0005428145691260265
108,108.0,0.047849862696797245,0.04052431746359484,0.033754244804297874,0.015788000804003003,0.012923489218924146,0.010038445458785086,0.012755200600962394,0.01275262856428503,0.010190868463554655,0.010147591112603379,0.006740856072689207,0.006725662971921262,0.009641758314492817,0.00962491778978839,0.007587063924158677,0.007561530985517989,0.00464879103942952,0.004655461549164813,0.007743849364276428,0.007710462052340248,0.006025591618940559,0.006000883719347216,0.003567678477771096,0.003545888128843109,0.005006364600953256,0.004976284089036005,0.003904277093729288,0.0038730575149163956,0.0021940965189483435,0.0021557650029619103,0.0036534755396871923,0.003650211757384821,0.0028542929781969874,0.002853384337899249,0.0015451573727352317,0.0015308427495826149,0.002788607175208425,0.002801854247839062,0.002221353921034685,0.0022174551601429615,0.001144339553749509,0.0011566777814909052,0.002213936878754839,0.0021917235693361256,0.0017627157579749137,0.0017508460070140377,0.0008978253525590749,0.0008970030266810991,0.0020251362040720647,0.002007901518859706,0.0016111290670337678,0.0016095755822695735,0.0008409587702879745,0.0008276534232324271,0.002010057860134507,0.001998134734922753,0.001606859192270228,0.0016021379419236793,0.0008309589247713025,0.0008247780872432564,0.0012678278560960094,0.001251729840623075,0.001034862024171875,0.0010185058540905757,0.0005439617331819605,0.0005271550461042494
109,109.00000000000001,0.04794977791374106,0.040380313295254905,0.03360670746244692,0.015348161118093022,0.012760845233489002,0.009703257459610164,0.012605462177027467,0.012678661981244793,0.010123134139534353,0.010082165590209528,0.00662279723739069,0.0066725854554663365,0.009580732509258219,0.009557638417089901,0.007538277146196773,0.007503875951240694,0.004624452509651914,0.004611547181006229,0.007689733523161466,0.007670075942256071,0.0059990541203951715,0.005967578237279647,0.0035585178193656155,0.00352312814195257,0.004975732594156574,0.004937840025754691,0.00387947523611126,0.0038422097906756388,0.0021547389984047606,0.0021364613215904132,0.0035874704174656932,0.0036040262111454923,0.0028253254506636957,0.0028173046900042825,0.0015073501679676773,0.0015095439845486227,0.0027585100103397083,0.002760594463016107,0.0021950595314103316,0.0021850048176142722,0.0011363304361895438,0.0011385131393349544,0.002174994384544792,0.0021522960174116625,0.0017348516950668443,0.001719268318355465,0.0008956861959366892,0.0008800843489285851,0.002000214787630049,0.00197020080147396,0.0015877169157006272,0.0015792567257172322,0.0008227817371419923,0.0008117288771100333,0.001979486866406019,0.0019603236704408547,0.0015833011052967568,0.0015718520276366379,0.0008148266952742319,0.0008089090190102938,0.0012461323374354076,0.001215577698969557,0.001009910348287879,0.000988974360881342,0.0005219753293950604,0.000511730839044872
110,110.0,0.047539385231876174,0.04019596222732924,0.03327938567995209,0.015233933730251172,0.012536802380880068,0.009558511360092975,0.012562732848384248,0.012606532580793278,0.009949079221337946,0.010018313602664133,0.006550331212368459,0.00662087234986623,0.009573111837170621,0.009491980425161792,0.007491854208006828,0.007447603423511551,0.004580891352615593,0.00456885268046518,0.007723077733495404,0.007630999355893448,0.005995882076951523,0.005935289410903699,0.0035344106454416567,0.003501173800286742,0.0049560332328051244,0.0049002421193060156,0.0038547026480489515,0.0038120314556381717,0.002156474081360303,0.0021176430734904522,0.0035924484251445986,0.0035585854295529604,0.002795223493098739,0.0027818185943832424,0.0015017584934121908,0.0014886503799291823,0.0027462673679152067,0.0027200573176216734,0.0021612963585701628,0.0021531171783944355,0.001116886625396861,0.0011207208583153818,0.002146249220960125,0.002113590021038727,0.0016938958008807434,0.0016882701643226544,0.0008686838124746084,0.0008635259470035464,0.0019622389884425434,0.0019330815498831658,0.0015686019280914992,0.0015493976759848797,0.0008002875602796288,0.0007960891741625993,0.00194404866212062,0.001923100814129008,0.0015622100097185286,0.0015420310710686945,0.0008013113133034374,0.0007933290572487294,0.0011967660452296529,0.001179972865054593,0.0009797370667576602,0.0009598808512657267,0.0005054792259748138,0.0004965491772088019
111,111.0,0.04717350439970821,0.040045302842892865,0.03263893846622998,0.014826204120089942,0.012295257849344534,0.009413939613349367,0.012344595308561789,0.012536220323735855,0.009809180828108279,0.00995602345094706,0.006497122312143185,0.006570504184655846,0.009510850159149795,0.009427971017978681,0.007400101271702033,0.007392737157998568,0.004535315790076125,0.004527390035330557,0.007711625033234889,0.0075932650607184425,0.005963775190196342,0.0059040427718407736,0.003513831814862315,0.0034800387675125977,0.004941134667697152,0.004863516624250156,0.0038162375393562343,0.0037825435337061663,0.002109795168016502,0.0020993209468171885,0.0035325958475422325,0.0035139156720319894,0.0027470488028452067,0.0027469466038864587,0.0014739355487561133,0.0014681718308578646,0.00269313405436379,0.0026802611464461215,0.0021215280263359336,0.002121807186225376,0.0010994865132424498,0.0011033070319987188,0.0020894944150663584,0.0020756288644673535,0.0016570852263894998,0.0016578709183510938,0.0008427597097511484,0.0008473362545043029,0.0019238520408607,0.0018965643736182523,0.0015370711855725503,0.0015200156343387402,0.0007877141019450762,0.0007807413895504143,0.0019010375620620264,0.0018864877309461986,0.0015194577831661473,0.0015126927774195575,0.0007965845910427364,0.0007780455969601859,0.0011611522167674193,0.00114493476278856,0.0009556552616485839,0.0009312414813382773,0.000496662963783867,0.00048161691105879544
112,112.0,0.04709450975104485,0.03983907412738539,0.03308638740669588,0.01461763128950765,0.012116566532148071,0.009140200941721384,0.012368727579476414,0.012467704154572651,0.009792836301659169,0.009895282394614142,0.006448369069491823,0.0065214608757686015,0.009444330081053614,0.009365634784504228,0.007406945904086498,0.007339298664687764,0.004548477026318157,0.0044871694585155416,0.0075721029507813155,0.007556902997828543,0.005883194857672745,0.0058738616945359645,0.003485988842959831,0.003459735179581968,0.004850220253768223,0.0048276880272679215,0.0037739264541708324,0.0037537656493351196,0.002109476451857427,0.002081504729580178,0.003523492562403818,0.003470041776053383,0.0027242918242183834,0.002712708137615453,0.001450482767047071,0.00144811755119114,0.0026373818289148593,0.002641223110522918,0.0021040351109762,0.0020910888514507567,0.0010837854682015336,0.0010862772160441104,0.0020584644244847072,0.0020384344279013094,0.0016400126976368105,0.001628088797965628,0.0008451208307796585,0.0008315230713938991,0.001890932786061259,0.0018606688020652014,0.0015130776451923907,0.0014911269230235458,0.0007782246789951465,0.0007656921346582619,0.0018663469280281537,0.0018505048582759505,0.001490951080589864,0.001483853943045561,0.0007805208746564531,0.0007630655479119738,0.0011499779540486662,0.0011104818123038505,0.0009344935963043839,0.0009030715924550419,0.00047871953399238016,0.00046694050266668686
113,113.00000000000001,0.046763438237066975,0.03953364358494226,0.032923089031354706,0.014293255883519559,0.011826750588451498,0.009022514161598553,0.012185475181501756,0.012400962073881697,0.009792229640485603,0.009836076702468798,0.006406409358308394,0.0064737217887208065,0.009406690905451915,0.009304993658978506,0.007356729807309008,0.007287307172914661,0.004530680067218611,0.0044481993733006655,0.007598159602250596,0.007521940214817252,0.005889164870683708,0.005844767345292817,0.0034507725090682753,0.0034402736171554866,0.00481205398939153,0.0047927790005749486,0.003758557398991891,0.0037257159903915063,0.002087783051362789,0.0020642032912142148,0.0034383565223098248,0.003426987117440723,0.002685302938717787,0.0026791214496537253,0.0014256141730865897,0.001428496059494,0.0026157238480749656,0.0026029591728281014,0.0020743591701203605,0.0020609752307604173,0.0010595027234326098,0.0010696364213508068,0.002014707127481369,0.0020020271503479172,0.0016164372733348295,0.0015989408333073128,0.0008233688053683129,0.0008160935509723957,0.001859227204311226,0.0018254132543770877,0.0014819176412319763,0.0014627469597115255,0.000763353778177874,0.0007509475476339099,0.0018479306097825266,0.001815171473583896,0.001469349805025789,0.0014555304286324898,0.0007699240738431547,0.0007483953243269763,0.001119602231824342,0.0010766314020440354,0.0009090301560862541,0.0008753856878884435,0.0004684867237026785,0.00045252601703556396
114,114.00000000000001,0.04667794290147221,0.039733296613412024,0.03287092108251875,0.014015387970796362,0.011554113333115398,0.008672556273125824,0.012262477213043054,0.012335971210082688,0.009690460127755526,0.009778391703370776,0.00626793856082319,0.006427265800783303,0.009293897070082716,0.009246066887171183,0.00735089996785363,0.007236779601545894,0.004435426253395773,0.004410486402267879,0.007519638611992946,0.007488400806010579,0.005858130621270719,0.005816778636911495,0.003479947002870551,0.003421663081742407,0.004778024343368067,0.004758810360007413,0.003734466963312026,0.003698411274713906,0.002042464715255009,0.002047424566370474,0.0033809676471567704,0.0033847735744109543,0.0026608464439406465,0.0026462036007675787,0.0014302108099529384,0.0014093151666682564,0.002578215840871808,0.0025654840767874404,0.002041707039381439,0.00203147840919784,0.0010761089191612117,0.0010533891083673282,0.002008889536238055,0.0019664259961296882,0.0015859165289019762,0.0015704428387070214,0.0008099464801487306,0.0008010541883939522,0.0018459224033575922,0.0017908150122049366,0.001454950756869107,0.0014348902342796953,0.0007448308938263047,0.0007365132850339917,0.001806709203032896,0.0017805056650553306,0.0014381876853986441,0.00142773713479437,0.0007297774582592492,0.0007340408357492919,0.001091148608615777,0.0010433998634644147,0.0008850340662793889,0.0008481974116214932,0.00045488695415881776,0.0004383791143597124
115,114.99999999999999,0.04652370969751112,0.03950784787015189,0.03268678068296823,0.013773828204331883,0.011353074030806452,0.008416042916014995,0.012168911928348765,0.012272707890445022,0.00964693599998815,0.0097222118370895,0.0062302036356035725,0.006382071362018923,0.009279234536521595,0.009188870998708135,0.0072493271220495864,0.007187730534404989,0.004429913160478231,0.004374035359975385,0.007503787104755374,0.0074563058602442785,0.00580395023000194,0.0057899121890582685,0.0034201463512304503,0.003403910975630582,0.004746125873016524,0.0047258010278913316,0.0036972206601165072,0.0036718667204668014,0.002047197442077478,0.002031175540974884,0.0033515963291677582,0.003343421495440521,0.002617047719425037,0.0026139704331495026,0.001396794487705189,0.001390581965257947,0.0025324224091741302,0.002528811327650078,0.0020046700485695434,0.002002609484479251,0.0010401935149337424,0.001037539182581117,0.0019631927449727353,0.0019316484251454646,0.0015615379207982929,0.0015426093873798803,0.0008058822634110765,0.0007864108107612274,0.0017858074479273065,0.001756890195316454,0.001438516748200449,0.0014075702879737671,0.0007307419782411381,0.0007223945146003056,0.0017690250327262443,0.0017465243052869177,0.0014178731662072047,0.0014004879801595145,0.0007184430705246449,0.0007200074791106571,0.0010445642004363277,0.0010108024484078125,0.0008571567602957555,0.0008215195293344849,0.00043316756614670827,0.0004245050432426878
116,116.0,0.04663546493142487,0.03930522632483714,0.03244564208975086,0.013463001155319879,0.011072971848800914,0.008273789822616178,0.012139110348899806,0.012211147711209243,0.009572421588296347,0.00966752070511215,0.006292918294086182,0.006338116555070114,0.009210910997171619,0.009133419785563663,0.0072026270186383275,0.0071401722010231115,0.004368114967140912,0.00433884924941406,0.007514379894952986,0.007425673416330587,0.005842322483716592,0.005764182294478937,0.0034156914950038545,0.0033870230856710764,0.004750625319784061,0.004693768000794688,0.0036773193236473746,0.003646096020365989,0.0020088865269451014,0.0020154622405946974,0.0033346181607924737,0.0033029496710384122,0.0026016980022188266,0.0025824365482684237,0.001385099474706103,0.0013723028204619065,0.002510021401502057,0.0024929531767799943,0.001969940111724889,0.0019743785536669315,0.001026479253398938,0.001022089991204558,0.0019232014280788172,0.0018977103669587264,0.0015433860435273084,0.0015154537893062128,0.0007806912295817679,0.0007721685688255156,0.0017536662269096637,0.0017236537401639116,0.0014004923439538276,0.001380799695010536,0.0007214931687480225,0.0007085959091866225,0.0017406243228806086,0.0017132430280984543,0.0013945570269639203,0.0013737958819983439,0.000716865152734303,0.0007063001320195458,0.0010227203481295206,0.0009788533092123077,0.0008266204374181427,0.0007953639116313921,0.00042224576283814825,0.0004109086348913736
117,117.0,0.04637905703780234,0.0393324265806519,0.03236260863761458,0.013352245567298306,0.01095780021710916,0.008251939908705744,0.012034952188286189,0.01215126560669659,0.009472268713343586,0.009614301121319235,0.006166168121519515,0.006295379153586997,0.009173959408416376,0.009079724286794873,0.007164202070575506,0.007094114462781942,0.00433671856479518,0.004304929262277021,0.0075011385559298075,0.007396518426342567,0.005805574597930704,0.005739600891153171,0.00341444281366771,0.0033710035709718406,0.004688699931946042,0.004662726322248437,0.003640162164426408,0.0036211113198441136,0.0019936379826339806,0.0020002897211481817,0.0032804170688501555,0.003263375309496927,0.0025700019327683796,0.002551615287882738,0.0013681681001710957,0.0013544833628790975,0.0024598020717981803,0.0024579206089090006,0.0019448504364775728,0.0019467947022331115,0.0010035111578744187,0.0010070443210702796,0.0018947754245665777,0.0018646261987803876,0.0015208714187298262,0.001488988072356047,0.0007816849695775456,0.0007583319303168085,0.001742692813732553,0.00169111938145448,0.0013836431528781023,0.0013545900466639638,0.0007219039490624543,0.0006951216418530886,0.0017267382111714835,0.0016806762085221332,0.001372282247589685,0.0013476727394405874,0.0006993077569266941,0.0006929231472916255,0.0009943499917626632,0.0009475654816001769,0.0008035865405586873,0.0007697415195471208,0.00041689365450087,0.00039759429830130903
118,118.00000000000001,0.04618843316740537,0.03907258650511628,0.032320963530736053,0.013321482284697815,0.010856004203542238,0.008208567118902829,0.011929106066345473,0.012093035917287208,0.009452658715600023,0.009562535162443238,0.006103142398141765,0.006253836679192298,0.009133945376102626,0.009027792779578719,0.007149360070114306,0.007049564804502089,0.004289800484804448,0.00427227478306461,0.007499165470332202,0.007368852726823267,0.005777536810554959,0.005716177540470857,0.003385577675761955,0.003355854954544643,0.004647378337978336,0.004632689060508985,0.003624732741334378,0.0035969231992141735,0.0019987386508438457,0.001985662061986179,0.0032670569727284416,0.0032247140166801955,0.002531908188263481,0.0025215187182635033,0.0013367704779028906,0.0013371284830077483,0.0024509941476933595,0.002423723332387216,0.0019148300254251973,0.0019198659955445498,0.0010084627263806636,0.0009924043977456074,0.0018814430696837072,0.0018324087274029276,0.0014907639444293427,0.001463222966705476,0.000762612833135663,0.0007449046749237144,0.0016980609760467538,0.0016592996367682117,0.001362148835301314,0.001328951937873458,0.0006945866344009406,0.0006819753821422604,0.0016794187555779414,0.00164883694601812,0.0013506209901885365,0.0013221294193224245,0.000698057270252458,0.0006798803487369945,0.0009604904935259752,0.0009169508703898479,0.0007778689662302785,0.0007446623923705794,0.00039940615446196524,0.0003845660164459688
119,119.0,0.0461553582428997,0.03891435715268124,0.032289450648781255,0.013177986543240889,0.010797742923563303,0.008029536967236349,0.01184433585341467,0.012036432456153845,0.009346287421949557,0.009512204218228988,0.006069482066873389,0.006213466456886066,0.00913454008069147,0.008977630776596262,0.0071234182498258174,0.007006528331516442,0.004318314482507377,0.004240883397037712,0.007434520305540661,0.007342685018005693,0.005751049580402732,0.005693919411495425,0.003400755612260269,0.0033415781189391966,0.004645400530301587,0.004603667291421215,0.0035954271223868953,0.0035735406598780715,0.0019884174905280163,0.001971582361368047,0.0032156054330170444,0.0031869797798996123,0.002521179339266614,0.0024921576176664987,0.0013310784666471516,0.0013202423275147676,0.002386448331029083,0.0023903697724591702,0.001889200844955783,0.0018935994727915342,0.0009747886602152283,0.0009781718858730033,0.001829644465204288,0.0018010691751320742,0.0014718402781306499,0.0014381678925842844,0.0007546004455476448,0.000731889890938814,0.0016655404119929927,0.0016282057942606472,0.0013289289483692244,0.0013038949564059881,0.0006814914273584273,0.0006691602935477243,0.0016462973071747116,0.0016177370509565469,0.001325156872898783,0.0012971757446969857,0.0006718636666286562,0.0006671750282163274,0.0009359675123544699,0.0008870202380650328,0.0007475178367799306,0.0007201356378122914,0.00038840620186815484,0.00037182734348003833
120,119.99999999999999,0.046329702995053415,0.038987566221267,0.03236812123145094,0.012811145665810939,0.010482230483017519,0.007814270718610808,0.011780266241132088,0.011981428574643873,0.00927480391390883,0.009463289041217422,0.006020259569654073,0.0061742456687995054,0.009000922746999129,0.008929241029792194,0.00704623561959624,0.006965007772253774,0.004293405416924361,0.0042107509020227335,0.007441706675184029,0.007318020851107995,0.005752229410277541,0.005672831271362795,0.003387684441805314,0.003328172305887874,0.004647203889038923,0.004575670086427269,0.003574645852557481,0.003550971114616332,0.001975253920880951,0.0019580527343481427,0.0031781927692249795,0.0031501849559142153,0.0024717057175416973,0.002463541467083062,0.0013002072777343024,0.0013038282972872252,0.002355772982478351,0.0023578670675856893,0.001860705441568901,0.0018680011433785753,0.0009672935048990721,0.0009643478907402217,0.0018090008945015762,0.0017706171697514414,0.0014450462994005631,0.0014138309513852146,0.000740473408509442,0.0007192899735806556,0.0016403217594992228,0.0015978479034786611,0.0013041271547903654,0.0012794276745967483,0.0006718270730881257,0.0006566790321831106,0.001611698365537801,0.0015873870343971201,0.0013004043528153388,0.001272820486034372,0.0006770095940818892,0.0006548099439746991,0.0008769215997664789,0.0008577831962274906,0.000715617203284184,0.0006961694245388854,0.0003636607634953213,0.0003593814029640414
121,121.0,0.046550509090963615,0.03901052948538619,0.03227090643482632,0.01248592302207534,0.010115692518245047,0.007485408195096932,0.011698715087373973,0.011927997226209274,0.009232559575179305,0.009415769796077764,0.005980341885942064,0.00613615140621412,0.008994483617379527,0.00888262354052143,0.007002118289277694,0.006925003486343712,0.00420929822248156,0.004181871324062154,0.007428037150649613,0.007294862623746663,0.005737910641793938,0.005652915481848107,0.0034007180057275517,0.0033156351199739656,0.00458415570998094,0.004548704505752441,0.003556705839166006,0.0035292203819840802,0.0019732666055609174,0.0019450743130826828,0.0031510813582452807,0.0031143402630829627,0.002441317353570735,0.002435678444290785,0.0013093592212505964,0.001287889047273023,0.0023232035657378284,0.0023262210688237374,0.0018353694452440958,0.0018430759857875913,0.0009485594713404987,0.000950932961080815,0.001794410726384016,0.0017410607385447037,0.0014134649963784196,0.0013902189201561823,0.0007191631555521663,0.0007071066249991597,0.0016157905685813903,0.001568234769309779,0.0012903559086529183,0.0012555576436860927,0.0006547739043993287,0.0006445337466561816,0.0016094180734138668,0.0015577961011886492,0.0012803700013112897,0.001249071355130053,0.0006571338374122204,0.0006427873202585043,0.0008542132708135421,0.0008292481999520871,0.000686717789427519,0.0006727709770904209,0.00034535398297284175,0.0003472308871149929
122,122.0,0.04638867260824529,0.03908743948802082,0.0323769787653901,0.012192062609668562,0.009946070469987193,0.007309191853545268,0.011701477204853131,0.011876111028790602,0.009205249514045874,0.00936962610841645,0.005969582148508781,0.0060991607197690935,0.008925834177925706,0.008837775576077995,0.00698140883692199,0.006886513478239853,0.0041887879151038246,0.004154236936894922,0.007383106084936068,0.007273209583488699,0.005716528134573279,0.00563417200211588,0.0033868814237189284,0.003303962536325784,0.004574159664122921,0.004522775596785522,0.0035435283931468243,0.003508292684827267,0.0019486643169088992,0.0019326472495603572,0.0031124162303254755,0.0030794547776845644,0.002420485413067944,0.0024085754212161896,0.001289119252132409,0.001272426488113149,0.002309411333950793,0.0022954363422683574,0.0018255784029601876,0.0018188279489178279,0.0009334905779523612,0.0009379270931025031,0.0017561201622131397,0.0017124063063888879,0.0014046364188461929,0.001367337249487591,0.0007165276258693378,0.000695340855966769,0.0015909209294381027,0.001539373949076714,0.001266289394967055,0.0012322913907634068,0.0006583338742311408,0.0006327260791494861,0.0015861324318104954,0.0015289721464017635,0.0012684249010161501,0.001225935001733141,0.0006502375257145071,0.0006311088482174854,0.0008091795478018253,0.0008014225450549827,0.0006716154811156468,0.0006499465731900358,0.0003367102582236769,0.00033537805708503125
123,123.00000000000001,0.046363656403533626,0.03896960563350563,0.032177505840046985,0.011942369040982816,0.009807094596870647,0.007153970433370825,0.011598042017974828,0.011825742325567842,0.009169123646003606,0.00932483711299457,0.005805771111933999,0.006063250667786885,0.008910489962629269,0.008794691692584943,0.006929643518581918,0.00684953341634357,0.004216932025842688,0.004127838285241442,0.007307810261911658,0.007253057839541749,0.00570070423603451,0.005616598397652544,0.003377169165093863,0.003293148912328336,0.004576776384422221,0.00449788639765688,0.0035170833448551404,0.003488190652921972,0.0019195824953195538,0.0019207707207536838,0.003093939452405482,0.003045535934409265,0.0024105625971942326,0.002382237964612565,0.001273738040987631,0.0012574417895631809,0.002258577846621846,0.0022655161745527347,0.001800954981217067,0.0017952599559002064,0.0009202457431585809,0.0009253297357377906,0.0017405855067258317,0.0016846586979214055,0.0013762430589314752,0.0013451900647976868,0.0006939583696305448,0.0006839929892532023,0.0015552062756417756,0.0015112717527803533,0.001248068414913484,0.0012096344183215027,0.0006466457268839816,0.0006212571677059013,0.001555541538119899,0.0015009217550990565,0.0012429526775780473,0.0012034170128986188,0.0006348873590004933,0.0006197756880904941,0.0007900125341057263,0.000774312368277892,0.0006460165195355275,0.00062770154344892,0.0003234313082123277,0.0003238247442672596
124,124.0,0.04600849900014616,0.03906141669801587,0.03233477130837382,0.011697658091384747,0.00946627124008367,0.007032626418969718,0.01153396172706334,0.01177686324399797,0.009118316951031859,0.009281381501289217,0.005883625298005239,0.006028398362654034,0.00889857656070878,0.00875336376420757,0.006923956461027622,0.006814056657596722,0.004150776077503315,0.004102664211858367,0.007346096783593832,0.007234400382559391,0.005697082108446061,0.005600189855363742,0.0033485840894252666,0.003283187003333682,0.004512218491637366,0.004474037946003529,0.003508102446693347,0.0034689153297284793,0.0019192858233435426,0.0019094429361816447,0.003063533533517244,0.0030125895310157127,0.002376446659385678,0.0023566703400471995,0.0012633526832519539,0.0012429353856969888,0.002232298784574845,0.0022364625813944008,0.001770456650194099,0.0017723739103772513,0.0009105868502539932,0.0009131397971081188,0.0017005596925005635,0.0016578211437724615,0.0013509338349657672,0.0013237801710097418,0.0006899389727747284,0.0006730626646772342,0.0015242338832867483,0.001483933246485956,0.0012187696666840135,0.0011875912064180727,0.0006174898558083227,0.0006101276497142131,0.001530956306565127,0.0014736502054378696,0.0012311070648932153,0.0011815219150602455,0.0006305539587624475,0.000608788472670211,0.0007562101738364871,0.0007479226503835127,0.0006133307726787833,0.0006060402734631566,0.00030812095283303404,0.0003125723526253197
125,125.00000000000001,0.04626360806436467,0.03913346739889849,0.03232182663663058,0.011492323202542612,0.009303895574884395,0.0067919971766726836,0.011610233066358083,0.011729445753065934,0.009083339638143463,0.009239237568337716,0.005835635021087453,0.005994581015201339,0.00875394847180126,0.008713781018635692,0.006861209214857524,0.0067800742774972245,0.004117661889337478,0.004078701888318936,0.007315441552597329,0.007217227112516804,0.005651635595371274,0.005584939204802141,0.003323793758760837,0.0032740679823405083,0.0045179070797920174,0.004451229292896345,0.0034877478530577558,0.0034504661832406337,0.0019293983191835207,0.0018986611478677396,0.0030302617063920675,0.002980619737134719,0.0023623288980188888,0.0023318755191832534,0.0012439483414338145,0.0012289069818808458,0.00220879178772145,0.002208276319167486,0.0017567161668929489,0.0017501707052331868,0.0008887855779651324,0.0009013556521897101,0.0016725145833352316,0.0016318952908434636,0.0013286255321311841,0.001303109060605621,0.000670526093219524,0.0006625488458244495,0.0015226186418748756,0.001457362258838773,0.001201933668544368,0.0011661652174336137,0.0006142641998842977,0.0005993376665867058,0.0015053964180566965,0.0014471614750918495,0.001195495078360607,0.001160253178813408,0.0006162246759849834,0.0005981473120386498,0.0007318184553598335,0.0007222572221493124,0.0005888939108028179,0.0005849662082924554,0.00030564069033382817,0.00030162186204048713
126,126.0,0.04640348580391385,0.03890050985636623,0.03233421095115906,0.0112852621174085,0.009203577111482892,0.006623179976939246,0.01158024823861634,0.011683461718682925,0.009060714285853559,0.009198383258807405,0.005822593998210763,0.005961775977034704,0.008807982825204666,0.00867593007876449,0.006809053162770359,0.006747575105477367,0.004130268069379556,0.004055936849465161,0.00731114447029379,0.007201524874590324,0.00566698519366865,0.005570836945474992,0.0032998206057971357,0.003265781463602936,0.004512395053316491,0.0044294575218906855,0.003476518329006181,0.0034328411208999505,0.0019127259619931348,0.0018884216626712217,0.003040134343336477,0.00294962910719054,0.0023438783026885172,0.0023078551903326413,0.0012371314009572358,0.0012153555635014968,0.0022022428783296556,0.002180956899472974,0.0017294576838618903,0.0017286502337523107,0.0008997131248661046,0.0008899751516662117,0.0016756491601172855,0.0016068812166011625,0.0013078433282810898,0.0012831769250311945,0.0006707292538954947,0.0006524498284155174,0.0014791081391687885,0.0014315613906868922,0.001182299966621815,0.0011453589034082423,0.0006006364919327828,0.0005888868696175848,0.0014709296688313017,0.0014214582509684646,0.001164993915771987,0.001139613226389884,0.0006003278701151985,0.0005878517995619144,0.0007013526577190318,0.000697318773239078,0.0005720475516910167,0.0005644818593043975,0.00028956041594468843,0.00029097383266739655
127,127.00000000000003,0.0462521733833577,0.03889154906573026,0.031917110635095426,0.011066411931969278,0.009012350136809358,0.0065214610772804295,0.01154548675575213,0.011638882957172783,0.009050962899666667,0.009158796212237384,0.005810964719435649,0.005929960780775243,0.008798023149775628,0.008639795010487176,0.00677633063590944,0.006716545765570604,0.004121742739446062,0.004034353031468889,0.007349686051220669,0.007187277502952794,0.005614429458604053,0.0055578712801642935,0.0033091745623953206,0.003258315530118153,0.0045054098119905435,0.004408717773147717,0.0034558203779125104,0.0034160365085328863,0.0019132407138180334,0.001878719856962936,0.0029688601533673195,0.0029196185973991403,0.0023040885872202895,0.0022846097722474105,0.0012155853552529806,0.0012022794064270473,0.0021633030640927664,0.0021545026066709157,0.0017157621808042997,0.001707811403177277,0.0008661818508935753,0.0008789956319501617,0.001641356721100176,0.0015827774473463722,0.0012978116267028362,0.0012639826694199414,0.0006612441072803825,0.0006427632503051287,0.0014349111239739362,0.0014065320277806576,0.001161824314316389,0.0011251737159327837,0.0005981747488525111,0.0005787744270079358,0.001442074713152697,0.0013965419421906823,0.001142138790756191,0.0011196034417991197,0.0005810724178700853,0.000577901019129316,0.0006775567081361638,0.0006731088639238064,0.0005513847221369166,0.0005445888133613626,0.00028529384596019577,0.000280628410286807
128,128.0,0.04603887951429985,0.03882689555886322,0.03198885551091703,0.011007806287731983,0.008905864191585625,0.006422867657509847,0.011603700844666828,0.011595681286794697,0.009060068854924394,0.009120453807402479,0.0058061515166800875,0.005899113178174377,0.008717600103227632,0.008605357376496784,0.006756593887464256,0.006686970722278847,0.0040637701024036,0.004013932813429592,0.0072798057330356976,0.007174465872375241,0.005625883993506227,0.005546028154176186,0.003293279045783914,0.003251656764932152,0.004487675103390961,0.00438900327256009,0.0034295899198970685,0.003400047193258831,0.0019106728348934538,0.0018695501936109636,0.0029805877561018563,0.0028905875867918716,0.0023129479583919752,0.002262138431108382,0.0012161356652637533,0.0011896760891749675,0.0021279546046173584,0.002128910518330788,0.0016840446049613486,0.00168765215063256,0.0008762854594487116,0.000868413926352319,0.0016018992821620164,0.0015595809804054136,0.0012839440343808408,0.001245523930592134,0.0006591378231744151,0.0006334861030874068,0.0014292089653267057,0.001382274356509746,0.0011382799189945834,0.0011056101185626236,0.0005869512394019379,0.0005689990320398237,0.0014178606268035873,0.0013724126963022111,0.001142960278387803,0.001100224183603425,0.0005894147261668283,0.0005682935536186619,0.0006575107780759218,0.000649627939615868,0.000531999528095613,0.0005252877443210054,0.00027309396452739445,0.00027058533264118635
129,129.0,0.04579845265818219,0.0386857622755153,0.03175852716166236,0.010811621460631384,0.008852788241755866,0.006349240168926241,0.011522945318134338,0.01155382857725729,0.009088298999889818,0.009083333205753427,0.005793490395960505,0.005869211176076904,0.008645846793035629,0.008572596295978618,0.0067652781398317,0.006658832331538467,0.00403990288681072,0.003994657062427664,0.007290598516906155,0.007163067957504295,0.0056189640950679316,0.005535291300420173,0.0032935197201959913,0.003245790286192686,0.004431072778921542,0.0043703053658019795,0.0034391136079847807,0.0033848665303055584,0.001889183747788206,0.0018609062412350487,0.0029496415565424,0.0028625339022020886,0.002286570219102088,0.0022404391006611186,0.0012013246990859728,0.0011775425067569365,0.0021229778963306133,0.0021041765285483276,0.0016663232401257977,0.0016681694613720482,0.0008435343609847838,0.000858226377374905,0.001593052994665904,0.0015372873101817865,0.001268908571975049,0.0012277970982780971,0.0006599779968090304,0.0006246147452793135,0.0014033460154628168,0.0013587873826307222,0.0011160074210546003,0.0010866676017159422,0.0005818407961759221,0.0005595589123790895,0.0013840068018290022,0.001349069418646929,0.0011151231160452051,0.0010814748002872959,0.0005593018702405844,0.0005590274945662558,0.0006479051151219936,0.000626875348172724,0.0005126957804156201,0.0005065784268148557,0.00025635463446666983,0.00026084393673626144
130,130.0,0.04574347395990818,0.038528939349576616,0.031897255961489346,0.010837055127245155,0.008805096215919751,0.00620218777607976,0.01156243683141233,0.011513296797186481,0.009027138089658337,0.00904741139389115,0.005769278396258222,0.0058402330702122095,0.00862135818533551,0.00854148851005935,0.006686040831665168,0.00663211089666992,0.004048164489115478,0.003976505181943192,0.0072854682588221085,0.007153058899664019,0.005607731897531585,0.005525642290203048,0.0032544799678250356,0.0032406997858685635,0.0044205052554830955,0.00435261355721023,0.0034097697506214634,0.003370486413658348,0.0019071032281563352,0.0018527806956827701,0.0028975684358409997,0.0028354538471415374,0.0022740915317412164,0.0022195085054408227,0.0011859743416248176,0.0011658748861658062,0.0020919962828600492,0.0020802953740696687,0.0016657327250939051,0.0016493593893035473,0.0008538555063211012,0.0008484288501019058,0.0015603511472840662,0.0015158904579951628,0.001241821226227151,0.0012107973395053255,0.0006309600118350864,0.000616144917049371,0.001371722041765377,0.0013360689529298528,0.0010958262265971929,0.0010683447000112512,0.000571429386742284,0.0005504518404834067,0.0013827219811733628,0.0013265097948645525,0.0010974799647665982,0.0010633536481740803,0.0005620271034545531,0.0005501004530169389,0.0006147061925295626,0.0006048493599190292,0.0004876871308858019,0.0004884597522634728,0.00024506613420054906,0.00025140316708911997
131,131.0,0.04577338665562228,0.03869075634844673,0.03177447717893834,0.010552209102799488,0.008627220249970204,0.006057208641089354,0.011394754062673615,0.011474058059516517,0.008902962335810095,0.009012665225036853,0.0057122561903763264,0.0058121574768008576,0.008701864369285972,0.008512008452863729,0.006689061722818575,0.0066067847291827134,0.004041429537493529,0.003959455163541481,0.007210788137919657,0.007144411081010483,0.0055677789444779635,0.005517060589606931,0.0032775416188564246,0.003236367572044595,0.0044045318835651374,0.004335915553390173,0.0033873558557413227,0.0033568973104585297,0.001896621848149335,0.0018451654036744408,0.0028599278745831754,0.002809342234482773,0.0022451220260067592,0.002199342187019373,0.001189155597690464,0.0011546688034655911,0.002075712328349094,0.00205726066315605,0.0016280017606325858,0.0016312170797368848,0.0008425530376722412,0.000839016746656734,0.0015550988945998998,0.0014953830056245495,0.0012251093603615072,0.0011945186260806562,0.0006175978936309129,0.0006080717564548815,0.0013411576600595673,0.001314115779757995,0.0010759902969782772,0.0010506390119925059,0.000550247384375273,0.000541675145089219,0.0013561644745079195,0.0013047303164361531,0.0010749950280054287,0.001045858111836249,0.000561083505336053,0.000541509571526363,0.0005888309682188335,0.0005835471903286014,0.0004677093556020216,0.00047092974708052107,0.0002496933642238714,0.0002422615849009273
132,132.0,0.045626975318777595,0.03864901793267984,0.031966943231218625,0.01052281420866757,0.008475862404149118,0.006002260586381295,0.011374472736847134,0.011436084664780615,0.008876189405689098,0.008979071459463434,0.005684058781628335,0.005784963361970881,0.008623820252442254,0.008484128328014871,0.006669112188117629,0.006582830214294579,0.004010736115188667,0.003943483641718187,0.007234323516881321,0.007137094205847469,0.005564829121245486,0.005509523621305707,0.0032610306488937636,0.003232774614691962,0.004366788627715614,0.0043201973114269385,0.003369635905172593,0.0033440882990570927,0.0018594360602647289,0.0018380513885578988,0.0028826660996254952,0.002784192422853606,0.0022398152220610068,0.002179934533199549,0.0011785139553570489,0.0011439192024410932,0.0020189432567164216,0.0020350649071151227,0.0016081732826442922,0.0016137367942963721,0.0008327160548499765,0.0008299850216947534,0.0015231829348183164,0.0014757561324624429,0.0012063437085692668,0.0011789537650903166,0.0006099334396208769,0.0006003898171468024,0.0013072593360250852,0.0012929234683666277,0.001050529355814648,0.0010335472221836314,0.00054268296245291,0.000533225723748306,0.001320249309432047,0.0012837263092048442,0.0010709200231192148,0.0010289846269387957,0.0005510571222819768,0.0005332515372845938,0.0005761158994656601,0.0005629650253005402,0.00045821198637268647,0.00045398559301221774,0.00022529602952821293,0.00023341737812984664
133,133.0,0.04593700077846066,0.038442217296074964,0.03196579065809395,0.010226005719754029,0.008312163782279416,0.005804034255046243,0.011234277442195626,0.011399349142284593,0.008861805362482334,0.00894660680385764,0.0057560891438318456,0.005758630068985015,0.00854865875872214,0.008457818190399877,0.006655611486672923,0.006560221881011262,0.00399231885556014,0.003928565951788682,0.007155688185681853,0.007131075388892299,0.005539914786465736,0.005503006831659441,0.0032591069913424785,0.0032299005948044322,0.004308001862327215,0.004305443091570562,0.003372963808045403,0.003332047110619042,0.001851272248609066,0.001831428878108718,0.002845607802962507,0.0027599963566395146,0.0022079764044619144,0.0021612788100735165,0.0011530640601886354,0.0011336204147596304,0.0020248681721975305,0.00201369955441774,0.0015956396413452582,0.0015969119379326028,0.0008271626616507572,0.0008213281988954794,0.0014976837288725514,0.0014569996561770416,0.0011925412974335488,0.0011640944323324885,0.0006101564161269385,0.0005930930874974955,0.0012952634897346192,0.0012724865469665176,0.0010407750595807495,0.0010170651254079672,0.0005272188534929435,0.0005251000563819267,0.0013089485015840522,0.0012634919647889421,0.0010463974963149396,0.0010127287054486798,0.0005435265399593252,0.0005253225963271642,0.0005497567321594113,0.0005430980489567875,0.00044114307814592735,0.000437623649552828,0.0002233201501340439,0.00022486837243736223
134,134.00000000000003,0.04579756718445213,0.038269315999769765,0.03177442282164361,0.010158325504422446,0.00821297499440228,0.005777483502230771,0.011267431610497512,0.011363824289153831,0.008938772908759865,0.008915247949586034,0.005719738647338075,0.005733137343286957,0.008623056342074588,0.008433046033008424,0.006618528080960337,0.006538932476601225,0.003925017689900731,0.003914676190698412,0.007207034285457405,0.007126319250261943,0.005549958748261594,0.005497483762912052,0.003246613646062955,0.003227723956781813,0.004330040279218764,0.004291635514251061,0.003348450447085214,0.0033207601741645854,0.0018464234659368922,0.0018252873343058335,0.0028299496601293032,0.0027367446094802078,0.0021901595984310184,0.002143367196854914,0.0011442809682136739,0.0011237661815932773,0.0020089202950343025,0.0019931550273122513,0.0015756811743384514,0.0015807350879629516,0.0008147532335927673,0.0008130403884166409,0.0014838895383316557,0.0014391020767700945,0.0011827731233447283,0.0011499312085891012,0.0005914169926472015,0.0005861750111027681,0.0013047460148951225,0.0012527984994231672,0.0010288313179286329,0.0010011876533020214,0.0005309228512946315,0.0005172942198177823,0.0012853321335733134,0.0012440203747970556,0.0010478977077278504,0.0009970849631368301,0.0005369022153935884,0.0005177185687967776,0.000517813915380532,0.0005239404738816139,0.00041653143634973747,0.0004218394783712738,0.00020600024391677872,0.000216612042978864
135,135.0,0.045541013850741476,0.038273617513706025,0.031615093717001996,0.010124969900102644,0.008184337957568429,0.0057823968425650485,0.011294990017716522,0.011329483207250456,0.008935693115956432,0.008884971609841722,0.0057113952715188146,0.005708465355381397,0.008518277866600579,0.00840977787863855,0.006624108384636354,0.006518933045287856,0.003951467995487223,0.0039017872806232723,0.007191596372055589,0.007122788016931315,0.005535097273132552,0.005492926130303652,0.0032449540625502636,0.003226221963933319,0.004316517729133729,0.004278755621267908,0.0033309343130106923,0.003310212664923897,0.0018183668252643853,0.0018196154850072884,0.0027533327682949856,0.002714426431137083,0.0021732653428109465,0.002126190823386361,0.001138792199043464,0.001114349676646129,0.0019884292645291784,0.0019734207608416094,0.0015656205004669962,0.001565198025064713,0.000804078212292838,0.0008051153052697629,0.0014667107356908559,0.0014220506239087734,0.0011642229207077844,0.0011364536186358515,0.0005969471313761341,0.0005796285086059176,0.0012768166147810417,0.0012338518004960625,0.0010188365681056196,0.0009859089029469912,0.0005293126257051847,0.0005098039032724082,0.0012851976258775502,0.0012253035677469795,0.0010080329807657816,0.0009820471492930035,0.00052778219869543,0.0005104348652160501,0.0004983171943237735,0.000505485573716917,0.0004017322802068853,0.0004066278696784934,0.00020416013150216777,0.0002086455270071039
136,136.0,0.04528480504553665,0.03818006490636761,0.03134661553087404,0.010011295361444721,0.008118631572054958,0.005714976254070903,0.011326567719903199,0.01129629933796444,0.008862636127279621,0.008855754555652373,0.0057047137214123345,0.005684594721569127,0.008430912178020054,0.00838797787625085,0.006582719809712453,0.006500193010970488,0.003913739650767056,0.003889871035221755,0.007183585957299041,0.007120441630398093,0.00552687983535861,0.005489303903895672,0.0032268470647123662,0.0032253707569650705,0.00429766605062648,0.004266782940986986,0.0033101420086996476,0.003300388555873196,0.0018315881887789377,0.0018144013574456724,0.0027665040737512624,0.0026930297975991655,0.0021564720631852565,0.002109739810216976,0.001116961793800804,0.0011053635305273142,0.0019534864160147326,0.001954485244162203,0.0015524709559290508,0.0015502917661395577,0.0007836625090807159,0.0007975462885744878,0.001445680746776805,0.0014058313074010954,0.0011520948971263623,0.0011236501728820467,0.000596607283325779,0.0005734460007879537,0.001254838873291238,0.0012156379535218555,0.0010010220577339381,0.0009712221675357471,0.0005206978667293942,0.0005026244247390696,0.0012495278647276233,0.0012073325485829514,0.0009891646296316743,0.0009676081785677921,0.0005123445853297204,0.0005034665037289679,0.00048352166352805536,0.00048772571802085355,0.00038901575851523265,0.0003919828704599226,0.0001983238756008128,0.0002009656372549464
137,137.0,0.045230845393855315,0.038099244532162395,0.03142327952066273,0.009921206362785283,0.008136225050403801,0.005700658350649634,0.011255894561501294,0.011264246494888629,0.008848327554442138,0.008827573650733804,0.005608605271716045,0.0056615065225648666,0.008447640753199016,0.008367608401739897,0.00648909063692696,0.006482680263774847,0.003925718522231625,0.0038788982283935866,0.007139104292103866,0.007119237860271504,0.005521787772325518,0.005486585394894044,0.003227647265295448,0.0032251454153079248,0.0042479204593723644,0.004255695557367289,0.003289507728683596,0.0032912706723112906,0.001835464948201022,0.001809632313457918,0.002741960153001941,0.0026725414642864605,0.0021287266081242966,0.0020940033111375937,0.001124703896574596,0.0010967998564069066,0.0019504752052877346,0.0019363360640571598,0.0015356802564831375,0.0015360065989630308,0.0007913720359442561,0.0007903263216465474,0.001436068599830983,0.001390428970675946,0.0011404507456585983,0.0011115084115247624,0.0005887816094092859,0.0005676194328647625,0.0012211037165326553,0.0011981475304350736,0.000975603099617918,0.0009571199689875343,0.0005103994633781026,0.0004957507482388361,0.0012211640113044889,0.0011900973406788378,0.0009763720984138009,0.0009537601648503672,0.0005050340941014593,0.00049680812826615,0.00047601635938062455,0.0004706524092912589,0.0003760806306951891,0.00037789781449248266,0.00019302152833974482,0.0001935688760617779
138,137.99999999999997,0.04492253907864394,0.037762953691491734,0.031110089364689734,0.009926743112193078,0.0080549163152405,0.005594439948973224,0.011269020955197157,0.011233298894394032,0.008758513296805869,0.008800405885176825,0.005619156690614414,0.0056391823200316596,0.008349311330207897,0.008348630162879827,0.006548874638044777,0.006466361250223167,0.003936617792276247,0.0038688386653928917,0.007103554311727961,0.007119132423486468,0.005530448327101281,0.005484737346243513,0.0032269910314394767,0.003225520021134105,0.004246212621505332,0.004245470182629166,0.003282668343650308,0.003282840749327431,0.001819700459494923,0.0018052950863594237,0.002690825699327058,0.002652947022201155,0.002125865503529495,0.0020789695580546446,0.0011210986467983454,0.001088650276888396,0.0019124956368413043,0.0019189599505309725,0.001527361441319849,0.0015223321185279498,0.0007792195664978424,0.0007834480528720627,0.001423638951977302,0.001375827347120582,0.0011287863364702274,0.0011000149510949529,0.0005784310428652203,0.0005621402999287155,0.0012184365714552367,0.0011813702140135577,0.000967057337854269,0.0009435940924173289,0.0004968396129399764,0.0004891775018901618,0.0011874784251207403,0.0011735870302080483,0.0009656171390438843,0.0009404944570849756,0.0005029246910203282,0.0004904540275865041,0.00046217900433980093,0.00045425632204941827,0.0003687627226664708,0.0003643653540605918,0.00018340747700969201,0.0001864514502059163
139,139.0,0.04501724195397946,0.03767473877664802,0.031149546404180745,0.00983300435506772,0.008001619071960722,0.005603718865058146,0.011293442186271502,0.01120343118412781,0.008715779497976977,0.00877422840795867,0.005542600644049735,0.005617604171071567,0.008455162652461249,0.008331002308189783,0.006492810349137955,0.006451201066804517,0.0038755635292133037,0.003859661256137647,0.007159746978844182,0.007120079108829072,0.005508850647118553,0.005483725027254511,0.003247400326568816,0.0032264677259038225,0.0042367965550996175,0.004236082233366056,0.003284108327046183,0.003275079492003511,0.0017823628119857955,0.0018013758193680335,0.002673398436109674,0.0026342309568692652,0.002092643138965057,0.002064625908077433,0.0011034895968997265,0.0010809059520281413,0.0019000468826934117,0.001902342824366725,0.0015020756882117303,0.0015092572649860708,0.000767500912485871,0.0007769038173187606,0.001403746965741451,0.00136200911912081,0.0011095103002683637,0.0010891555332667325,0.0005717160109094187,0.0005569996734691492,0.001181697112087952,0.0011652948422299263,0.0009512915492666609,0.0009306356223618146,0.0004905735700114284,0.0004828989967501294,0.0011815751045329505,0.0011577898127546427,0.0009448257501097779,0.0009278016769240257,0.00048486157445703945,0.0004843981551455244,0.00045380792293916143,0.0004385273438742476,0.0003588984322343443,0.0003513774932811806,0.0001911504966280871,0.0001796092864034981
140,140.0,0.044675895309182354,0.03760281920206885,0.03089160601606759,0.00986535233591119,0.0079247308570151,0.00552417177300556,0.011112381145122278,0.011174618469462216,0.008701394355376915,0.008749018558273591,0.005517651745952885,0.005596754640718217,0.008330248178442627,0.008314682539454398,0.006481059853581407,0.006437163556716724,0.003875020826079732,0.0038513340905512515,0.007128308732917835,0.007122029906444947,0.0054826471513888435,0.005483512332013068,0.0032145369156419907,0.003227960819276175,0.0042535560660843155,0.004227505909892349,0.003258280291034841,0.00326796663818622,0.0017894120520054783,0.0017978601054791912,0.0026887082469756146,0.0026163767099077204,0.0020851243088109406,0.0020509588926875292,0.0010953232007192995,0.0010735576084291208,0.0019123585938987308,0.0018864698465219322,0.001484142389866549,0.0014967703630880647,0.0007655382975474746,0.0007706856590327258,0.0013830245111942547,0.001348955979641697,0.0011030249079584434,0.0010789150757948788,0.0005716576536908667,0.0005521882289032221,0.0011791574311172434,0.0011499094545846184,0.0009360247964370938,0.0009182349806592096,0.0004938355942344713,0.0004769092463784288,0.0011522481715436407,0.0011426930420340186,0.0009357687653038433,0.0009156717581106266,0.0004771011027777548,0.0004786341497382506,0.00043438986397184766,0.0004234546182716812,0.00034900463767008176,0.00033892562294334286,0.00017682189308820272,0.00017303804743252214
141,141.0,0.044255032419797044,0.037176123970408766,0.030701171195464644,0.009630155614254062,0.007767227110605917,0.005365684372926561,0.011129550974169589,0.011146836337928474,0.008659823239160246,0.008724753895680545,0.0055916262990198815,0.00557661681248217,0.00831682484992223,0.00829962722762449,0.006469831566084586,0.006424211409542618,0.0038581524489240447,0.0038438245157664955,0.007148506695690787,0.007124935141988521,0.005470614086496864,0.005484061881313866,0.0032192858191449902,0.003229970800212148,0.004226741849970551,0.004219714278611143,0.003246203783505176,0.0032614810236577525,0.0017689132479847293,0.0017947330286896337,0.00266686479352504,0.00259936674304482,0.002085949795814842,0.002037954268853363,0.0010926609310184675,0.0010665955693333919,0.0018792519489829302,0.001871325469234015,0.0014871008057991005,0.0014848591630178072,0.0007670771256547878,0.0007647853539674409,0.0013653408310806466,0.0013366486961798045,0.0010827565225425757,0.0010692777254398724,0.0005628410818247893,0.0005476962740459107,0.0011577422058838122,0.0011352013402907589,0.0009228229091194072,0.0009063819658756901,0.00046711174059661857,0.0004712019870731914,0.0011617400775549864,0.0011282832805858784,0.0009125003363852314,0.0009040939874787562,0.0004754440132996615,0.0004731553568628074,0.00042716777809575623,0.00040902658925909166,0.00034183013456786504,0.00032700055676416627,0.00017018032570859454,0.00016673314883904695
142,142.0,0.04378637606546391,0.03701304566325831,0.030653859646998453,0.009558811707286606,0.007685303200931118,0.0053261688562553575,0.011035707712014052,0.011120060881674903,0.008692373510340433,0.008701412229069075,0.005542623570155485,0.005557174297005359,0.008350499823423004,0.008285791531814,0.006444282253778745,0.006412306263615377,0.0039041905233217016,0.0038370992150171474,0.007095228434507829,0.007128743615058358,0.005471799278597961,0.005485335127846975,0.0032037650255084685,0.0032324684500915427,0.0041962761319618135,0.004212679357177533,0.0032409064587291905,0.0032556006495272193,0.0018008515564261795,0.001791979206463337,0.0026628900988372507,0.00258318260441541,0.002051211838328278,0.0020255970719479112,0.0010784195327927144,0.0010600097856349887,0.0018507886243689163,0.0018568934887018948,0.0014667728275313202,0.0014735108825132586,0.0007615838276456497,0.0007591944334901873,0.0013553424950092634,0.0013250671769115417,0.0010829886497731602,0.0010602269127344122,0.0005482813987801278,0.0005435137784453745,0.0011406213511987817,0.0011211570881761227,0.0009021461280874758,0.0008950657941670466,0.00047063821125427184,0.00046577069872600447,0.0011288669672299993,0.0011145463522969003,0.0009006343056399865,0.0008930570474549359,0.0004673084897636811,0.0004679548507485181,0.00040629464609954596,0.0003952310475400203,0.0003230664932441168,0.0003155925689585157,0.00016755542573888187,0.00016068977618099176
143,143.0,0.04380875856823641,0.03667858248338463,0.030538990457894058,0.009388698000443634,0.007453652181806282,0.005089754257200752,0.010962549461441387,0.011094268717993848,0.008603098516638074,0.008678971644447482,0.005512775635579999,0.005538411238885805,0.008349838095575601,0.008273129521100677,0.00641427800503001,0.006401408810820362,0.0038810643690807747,0.003831124288037651,0.0071243108542193324,0.007133402741552174,0.00545563124674277,0.005487292464359888,0.0032416825066855846,0.0032354239076600928,0.004212572587806477,0.004206372202225461,0.0032505817526443407,0.0032503027516588203,0.0017733125852642444,0.0017895828333300118,0.0026192162845091087,0.002567804996945957,0.0020383862737997135,0.002013871670322467,0.001052494689185092,0.001053789867732475,0.001835898889854015,0.0018431570992058681,0.0014554109414472813,0.0014627122501626978,0.0007630140216261588,0.0007539042084092654,0.0013399158146361017,0.0013141905388562806,0.0010666421743902384,0.0010517454084403577,0.0005438520484997221,0.0005396304035075499,0.001120511265535679,0.0011077626381628379,0.0008992735438991242,0.0008842751414603067,0.0004651497720168819,0.00046060862624173397,0.0011070850468681529,0.0011014673966055842,0.0008920591784015756,0.0008825490599412037,0.0004687219682758799,0.00046302545699077014,0.0003861962628317771,0.0003820551781401698,0.0003095648739113633,0.0003046914330169816,0.00016579361504073204,0.00015490290276353336
144,144.0,0.0435909595508976,0.036298411248477706,0.029814541150633055,0.009138918364128943,0.007277433399329487,0.005013335683668379,0.011036061459730684,0.011069437007966797,0.008543810289441156,0.008657410531560415,0.005530752737642866,0.005520312321738472,0.008321466452937559,0.008261594298830355,0.00644336386739523,0.006391478903574112,0.0038426308487486864,0.0038258653327871905,0.0071186729368765325,0.00713885869956427,0.005474638173105779,0.0054898933345083,0.0032593336153556203,0.003238806745617974,0.004208741030862072,0.004200762999419168,0.003242008663764253,0.003245563871947352,0.0017693840759194425,0.00178752772550335,0.0026074159943874123,0.0025532138486391307,0.0020340411698307162,0.002002761821385055,0.0010634670828429849,0.0010479251181380986,0.0018245344898917693,0.00183009894852407,0.0014492514409913796,0.001452449549761929,0.0007595701396385451,0.0007489057934640971,0.0013328307505949054,0.0013039971778674336,0.0010632200557231211,0.001043815381540497,0.0005546999179141142,0.0005360355333316896,0.0010981018141460336,0.001095003334181247,0.0008909555725065007,0.0008739981868365488,0.00046760793964858294,0.00045570880146727816,0.0011182280547786586,0.0010890309242372457,0.0008810493073659521,0.0008725576314555002,0.00044893104817981535,0.00045835977573317646,0.00037067399364177196,0.0003694856093717279,0.0002986209454627767,0.0002942864615829957,0.00015235944317837488,0.00014936730781877434
145,145.00000000000003,0.042649210795127325,0.03617155182627163,0.02990855599026546,0.008994481811119627,0.007269360790953118,0.004973087927614267,0.011054369198941044,0.011045543473281703,0.008501720993456292,0.008636707609345658,0.005531453172911695,0.005502862771562537,0.008362846089801165,0.008251138129117559,0.0064105387475811544,0.006382475663715185,0.0039202993616487885,0.003821287528310615,0.0071059515243609905,0.007145056578438476,0.005456611931083039,0.005493096346101738,0.003241047551947531,0.0032425860486563294,0.0042118143074243814,0.004195821155584007,0.0032369886987795556,0.0032413599312465886,0.0017874084154863722,0.0017857973664034273,0.0025877222033591,0.002539388384562377,0.0020224357948413364,0.0019922507290279926,0.0010808472976874663,0.0010424045647584306,0.0018271382170592,0.0018177011945003053,0.0014425192585208384,0.0014427086656151919,0.0007389740707432589,0.0007441901322189567,0.0013188600886481282,0.0012944648402597738,0.0010511656910470193,0.0010364184586053851,0.0005392249803700564,0.0005327183061766165,0.001098179323088034,0.0010828639783705017,0.0008705875290814323,0.0008642226569929095,0.00046408340713388304,0.00045106406557197053,0.0010822947157634894,0.0010772208743130333,0.0008671296722930669,0.0008630698994022106,0.0004492731118164163,0.00045395020533608814,0.0003604577261395718,0.00035750846298952224,0.0002923156678400834,0.00028436654731716715,0.00014379138050273204,0.00014407759508116365
146,146.0,0.04213778431878323,0.03571794029625309,0.029368442681843524,0.008973684241213475,0.007222955344140056,0.004839377746388707,0.011009796040801448,0.011022566411280885,0.008539074999308359,0.008616841950242714,0.005457819122283404,0.005486048358489446,0.00824709378695796,0.008241712565229199,0.006349370765668128,0.006374357593036039,0.0038656309640444256,0.0038173557185453367,0.0070927462356774095,0.007151940530580939,0.005467623345454979,0.005496859386443513,0.0032191189980996905,0.0032467304927443824,0.004168761671760233,0.004191515392665716,0.003233884487074825,0.003237666303751592,0.001779210500104787,0.0017843749529651526,0.002575424446190486,0.0025263072003404033,0.00201427020910673,0.0019823211022455033,0.0010579670104503413,0.001037216994759536,0.0018143025823645772,0.0018059455626148978,0.0014375345693986975,0.0014334751286599512,0.0007470804484630701,0.0007397480222999692,0.0012877998392602393,0.0012855706958768464,0.001038641303055581,0.0010295357843718097,0.0005358619401429926,0.0005296676464757276,0.0010856249975023436,0.0010713288864150359,0.0008667201149591836,0.0008549358716589206,0.0004484397448251389,0.0004466670918211362,0.0010640046444832664,0.0010660206726731756,0.0008616096303669867,0.0008540725793426012,0.0004541017511750493,0.00044978896646918876,0.0003535129878128828,0.0003461094053993348,0.00027990674725139684,0.00027492020463426993,0.0001385925479861178,0.00013902821170908486
147,147.0,0.04188696889127212,0.03518371337338781,0.028788246914478732,0.008983997767331808,0.0071799546782423725,0.0048984858790260865,0.011042390075163753,0.011000484708301802,0.008538058837883838,0.00859779300336811,0.005485502195267085,0.005469855396989813,0.008261199538442227,0.008233268579532584,0.006356519830025891,0.006367082685180654,0.0038315152280537367,0.003814034496880503,0.007158960194244093,0.007159453925629493,0.0054522173855641775,0.005501139739458706,0.0032178110841017244,0.0032512084254661317,0.004191598059461975,0.00418781384326228,0.0032076441879406287,0.0032344578926320738,0.0017864415934382611,0.0017832434426124728,0.0025526046159585064,0.002513948336947503,0.0019915760642454173,0.001972955214779076,0.0010557343296520032,0.0010323509889281126,0.0017928309738864583,0.0017948134044074525,0.0014365484160809208,0.0014247341632934827,0.0007445103071588128,0.0007355701409140022,0.0012755275200465241,0.0012772914123984308,0.0010247221948806627,0.001023148083366141,0.000527799885584804,0.000526872297317267,0.001066098584059098,0.001060381943863016,0.0008565584160088678,0.0008461247898397448,0.0004577115995792737,0.00044251040868321457,0.0010631888593934183,0.0010554132912514171,0.0008619112768573671,0.0008455520131322057,0.00044935400915594126,0.00044586812656473534,0.00034480659746727863,0.00033527369977588684,0.0002690795556658212,0.0002659356121959824,0.00013141253526632564,0.00013421346750208565
148,148.0,0.04157943499010729,0.03480781441856367,0.0286624739393986,0.008905289294775572,0.007160663523386716,0.004986091315236604,0.010864588461105783,0.010979277851376874,0.008569302439756121,0.008579540616574868,0.005490884852969529,0.005454270744620774,0.008201602163354488,0.008225756694684571,0.006366495990612926,0.006360608538628495,0.00388075848117182,0.0038112882912723477,0.007120963784891642,0.007167539506569794,0.0054693989849124765,0.005505894204298921,0.0032619122747850316,0.003255987947202629,0.004172437442794199,0.00418468414746825,0.003208596369354008,0.0032317092067105178,0.0017867263993144766,0.0017823856007761908,0.0025136167985020524,0.002502289356592144,0.001974160569256214,0.001964134965625547,0.0010534130918675025,0.0010277949564386794,0.0017967971945380748,0.0017842857565981251,0.0014243514941627109,0.0014164707347772954,0.0007478839470534143,0.0007316470705872834,0.0012802857471777816,0.0012696032306847088,0.0010266123768373793,0.0010172357224030755,0.0005329933404125421,0.0005243208533050931,0.0010584893192718493,0.0010500066632702898,0.0008399021631736639,0.000837776056756744,0.0004394603016244066,0.00043858642320995897,0.0010446486181466793,0.0010453813083348455,0.0008531175294707053,0.0008374942177899695,0.00045315814599552177,0.00044217962456703634,0.00032724441693188574,0.00032498625894562274,0.000256549573690175,0.00025740065604050715,0.0001329529850305956,0.0001296275543624393
149,149.0,0.040938032795767375,0.0344096221882523,0.028609057010415558,0.00887018568698248,0.007224115449956856,0.004915693547099275,0.011062133852997777,0.010958925938361685,0.008592689608370641,0.008562065057415646,0.0055551432642001325,0.005439281799398409,0.008294683648671832,0.008219127115734857,0.006379911860945763,0.006354892470482291,0.003835997619087274,0.0038090814497177272,0.007157858599354578,0.007176139547382992,0.0054807397041190175,0.005511079215108441,0.003249634821301353,0.003261036992953348,0.004171704106265442,0.004182093550767816,0.0032002879081436397,0.00322939443797595,0.001745817526379473,0.0017817840488316829,0.0025068835762436736,0.0024913074194834036,0.0019698861235246056,0.0019558419402405736,0.0010147369896512234,0.0010235371699357427,0.0018059434637611319,0.001774343400752003,0.0014250818900762537,0.0014086695970937854,0.0007359483934538154,0.000727969325060879,0.001249226648700474,0.0012624820409509563,0.0010067213426707667,0.0010117787737878633,0.0005146505371092017,0.0005220017937140984,0.00103033763655684,0.0010401862420111412,0.0008334812072514773,0.0008298760513539289,0.0004274375420625282,0.00043488744462844757,0.0010523743445397188,0.0010359069695409426,0.000833042005299646,0.0008298849349619862,0.00044322787494058795,0.00043871529591291885,0.0003236258402917604,0.0003152316988873653,0.0002517183124079385,0.0002493029732284968,0.00013201609548912306,0.0001252645659490469
150,150.00000000000003,0.04067840609995253,0.03394394090731273,0.027668972704659664,0.008931975984180765,0.007085115609476158,0.004856370328739449,0.011246455986165955,0.010939409686564192,0.00868125151257501,0.008545347033031178,0.005571014734223593,0.005424876495882646,0.008256172189197579,0.008213329862813677,0.0063921474161700645,0.006349891630774594,0.00386025264659381,0.003807378325886465,0.007230149840497377,0.007185196011805311,0.0055041843819526,0.005516650961633107,0.0032775458547076243,0.0032663234145882017,0.0041535351018879485,0.00418000900271007,0.003191130292220247,0.00322748753972199,0.0017695915138299825,0.0017814213123316179,0.002514409133459899,0.0024809793612664693,0.001954933748511069,0.0019480574722683369,0.0010318779841460234,0.0010195658008389926,0.001773312280667304,0.001764966923329745,0.001416998283918297,0.0014013153411283224,0.000728197711355571,0.0007245273752796827,0.001261052077390801,0.0012559034595643953,0.0010132449521272073,0.0010067570790483098,0.0005180261660729302,0.0005199035158535936,0.0010477002669910488,0.0010309036205954467,0.0008238832277252212,0.0008224109342374122,0.0004332611057434544,0.00043140570808306,0.0010362808056839908,0.0010269722493418541,0.0008328659859245998,0.0008227096808411678,0.00043086285281107464,0.00043546689767730176,0.0003007972400161885,0.0003059943927023426,0.00023976000941755725,0.00024162999588339868,0.00012330497707522414,0.00012111851747118171
151,151.0,0.0400095627169826,0.03338349974879542,0.02709145500400132,0.00886462664208923,0.007118008795684906,0.004902716569824346,0.011151011266669543,0.010920710439950103,0.008713807771119176,0.00852936770898747,0.00562630415116714,0.005411043300064493,0.008264247886268183,0.008208314904072107,0.006324230830206268,0.00634556311700629,0.0038012442423881548,0.003806143364712236,0.00716525161567089,0.007194650712776817,0.005451578424959103,0.005522565510350866,0.0032352747079163837,0.0032718150633203884,0.004172740472057861,0.0041783972560978135,0.003203988071644401,0.0032259623050960996,0.0017955757673085572,0.0017812798694078744,0.0024692284927207526,0.0024712817709127127,0.0019395562091078975,0.001940762705626952,0.001031902236515409,0.001015868954778937,0.0017806725775000433,0.0017561367759664807,0.0014079257221834326,0.0013943924430490186,0.0007268488571410361,0.0007213116754112057,0.0012443067587654586,0.0012498429062531493,0.000995467004420697,0.0010021503130213684,0.0005060566794461573,0.0005180143685513649,0.0010199789226191076,0.0010221415413304948,0.0008103581856342165,0.0008153666959138522,0.00041802765804137217,0.00042813339846513483,0.0010080085862027844,0.0010185589129644455,0.0008105995802747498,0.0008159537964029901,0.0004247146839191718,0.000432426133817527,0.00029743497971890725,0.0002972585249038414,0.00023338214882729304,0.00023436899550331302,0.0001191129662958638,0.00011718336556919122
152,152.0,0.03879082773576893,0.03274108512893738,0.026843987171115323,0.00880359737250507,0.00707549033301787,0.004830944666118767,0.011174565701174723,0.010902810175002102,0.00863827164022136,0.008514108727086845,0.00555563565916253,0.005397771203147477,0.008281426410124875,0.008204032288542034,0.006345415569105778,0.006341864088629316,0.003787051449375829,0.0038053411877412963,0.0071712428767188065,0.007204445472154547,0.005499818390909692,0.0055287789258013555,0.0032621409923509585,0.003277479872189402,0.004198898125406621,0.0041772249664198255,0.003194627614967861,0.0032247924458458704,0.0017572700557733825,0.0017813421992163255,0.002426978430898515,0.002462191068848682,0.001925964285060309,0.0019339386567781226,0.0010144503420652044,0.001012434707069968,0.0017734625419684878,0.0017478333358202996,0.0014120901073886637,0.0013878853127558728,0.0007326133310995579,0.0007183126888302823,0.0012420972979977653,0.0012442756815161827,0.000982488420744269,0.0009979380481182608,0.0005138838423059897,0.0005163226856707229,0.0010065715211925624,0.0010138826071648746,0.0007931525186025344,0.0008087292051931494,0.0004281081633613799,0.0004250626742677533,0.0009955770065291898,0.0010106485784937753,0.000797591976178114,0.0008096024978166919,0.0004254610369174707,0.0004295846804497918,0.0002823452708035457,0.00028900814587596115,0.00021642215610472422,0.0002275071274207717,0.00012010321188135498,0.00011345302822902005
153,153.0,0.03822309244287923,0.03189206184594064,0.026117746692912162,0.008835336102173132,0.007031477497579039,0.004771537415569647,0.011019210367442177,0.010885691505312576,0.00860894640117496,0.008499552222179609,0.005548985114366526,0.005385049714316883,0.008189391075660045,0.008200432278582633,0.006343727934573392,0.006338751881185493,0.0037997965450122257,0.003804936678038497,0.00712435543943884,0.0072145222802642356,0.00551143433264268,0.005535247391791217,0.0032803378770382033,0.0032832859383432615,0.00418326719985592,0.004176458791255853,0.0032015558999714117,0.003223951671047628,0.0017626579365376284,0.001781590830297935,0.002382819307324356,0.002453683585107811,0.0019105663894702187,0.0019275662770091757,0.0009863509695953528,0.0010092511381277224,0.001750591398873273,0.001740036965831422,0.001390847025724828,0.0013817783422707516,0.0007233188641096322,0.0007155209140057908,0.0012092975927504301,0.0012391770440225635,0.000981438284560301,0.0009940998185916082,0.0005172052112231891,0.0005148168195727354,0.0009887691231207903,0.001006109340551424,0.0007905874975275462,0.0008024842576202871,0.0004125659519643259,0.00042218569140300933,0.0009800518608243003,0.0010032227790071702,0.0007818050219529661,0.0008036409268909151,0.0004261560640659569,0.000426934211090926,0.0002651240444345604,0.00028122722635054876,0.0002047693346552935,0.00022103147528654992,0.00010779192342681356,0.00010992140467734114
154,154.00000000000003,0.03724761666238678,0.03110992605669061,0.025186721611831876,0.008691688602693868,0.00693991599953604,0.004787317731390149,0.010938397036728421,0.01086933768499117,0.008601541750839943,0.008485680838004273,0.005530074855027044,0.005372868852591741,0.008208414107788001,0.008197465481580759,0.0063045482031475735,0.006336184119813969,0.003753642502716409,0.0038048950644506206,0.007193896860115428,0.007224823454865217,0.005503463627516508,0.005541927332152026,0.0032801399668143526,0.003289201604909284,0.004134036565602444,0.004176065489383717,0.0031930698044665188,0.0032234137656027184,0.0018081770833550934,0.001782008388729745,0.0024052740070555525,0.0024457356372886347,0.0018918612482258415,0.0019216265145556117,0.0009894855206401575,0.001006306368737675,0.001730163774527586,0.001732728074733272,0.0013838737252631862,0.0013760559539397904,0.0007258981532724683,0.0007129269102256237,0.0011934403551680753,0.0012345222877884763,0.0009612647891581792,0.00099061518462806,0.0004993976350501968,0.0005134851744359033,0.0009848980893432488,0.0009988042421662294,0.0007807392103612906,0.0007966176238012053,0.0004032556682675326,0.0004194946269191726,0.0009638455745798231,0.0009962630245660728,0.000778980485547546,0.0007980542014127568,0.00042227025608504345,0.0004244664217988169,0.00025451434185809355,0.00027389971175141364,0.00019788237774161165,0.00021492909545359359,0.00010467316716553159,0.00010658239520410038
155,155.0,0.03643146432299291,0.030669439943799504,0.02491722234299793,0.008590081190693344,0.006918185796895433,0.004712705341628029,0.011025822116699993,0.010853732610969958,0.008535454449812012,0.008472477742085534,0.005419967317197314,0.005361219137855497,0.008153847003789827,0.008195082980574118,0.006269533963660436,0.006334118831840959,0.00380946581946313,0.003805182005028182,0.007104610135994673,0.007235291799104356,0.005501454839720832,0.005548775530728781,0.0032341176714702218,0.0032951955422435737,0.004155940632499507,0.004176012019318668,0.003204547768747141,0.003223152668287466,0.0017815335607889247,0.0017825776459398,0.002375353503768632,0.0024383236081039743,0.0018684842480985167,0.0019161003763928156,0.0009757936440452353,0.0010035885950822633,0.0017371167313550992,0.001725887176657289,0.0013634846479806547,0.0013707026483202368,0.0007214209657523986,0.0007105213230964634,0.0011983140456218032,0.0012302868189210218,0.0009569414402613579,0.0009874637960904753,0.0004911542607128116,0.0005123162393458803,0.0009612466878211623,0.0009919498493211629,0.0007629629170782725,0.000791115097487963,0.00040825212319955007,0.0004169817025554054,0.0009672795130304542,0.000989750863893318,0.0007505548593748272,0.0007928274652395971,0.00040318827668927963,0.00042217305614501537,0.00023546044880219568,0.0002670095762553537,0.00019111277023540682,0.00020918706113750478,9.813856209129651e-05,0.00010342992085948636
156,156.0,0.035665994463819704,0.029754305253231382,0.024269330224957433,0.008535438969299041,0.006802544840307711,0.0046566615313864525,0.010953027802565433,0.01083886082428985,0.008585552917512902,0.008459926639720245,0.005483128638967238,0.005350091581161888,0.008129823335753432,0.008193236463468444,0.006228841489599408,0.006332514558167493,0.003753701615270953,0.003805763669408463,0.007291574938016486,0.0072458707580374815,0.00549128529508287,0.005555749250278832,0.003254812916456133,0.0033012368283507733,0.004135519083478159,0.004176265637016702,0.003196491813289171,0.0032231425491440306,0.001780296965373261,0.0017832815660608426,0.0023658679231033874,0.0024314240223067022,0.0018567674407952391,0.0019109689895265359,0.0009812549347569541,0.0010010861234344233,0.0017069960174345468,0.0017194949501743023,0.001368958594504747,0.0013657030516245814,0.0007018880026128864,0.0007082949097553855,0.0011841913834828384,0.0012264462317190731,0.0009526741165430919,0.0009846254557346551,0.0004977025004070429,0.0005112986210683803,0.0009448116098516599,0.000985528793908332,0.0007556125853099104,0.0007859625432892004,0.00039361363710393164,0.0004146392080720768,0.0009352158568319106,0.0009836679455644635,0.0007527112701618648,0.0007879459380038178,0.0003928635254693789,0.00042004592995349146,0.00023037194326298223,0.00026054087642038036,0.000189234946732242,0.00020379250623071745,8.928837977930917e-05,0.00010045794297265523
157,157.0,0.03486889402650691,0.028965902803842116,0.023536343845575677,0.008449596658238358,0.006692195320582516,0.004471856243311332,0.011028925202809837,0.010824707510452626,0.008503003797298197,0.008448011787082254,0.005297991088684736,0.005339477674412884,0.008047293516628922,0.00819187835052309,0.006238336260041059,0.006331330463173631,0.003753892050560765,0.003806606819964633,0.007213813111699305,0.007256504573300432,0.005501568344785207,0.00556280634996391,0.0032790783201832583,0.003307295028267553,0.004102679567290519,0.004176793992475868,0.0032127692223617214,0.0032233578860011635,0.0017735096697523726,0.0017841033526987602,0.002302931914627701,0.00242501362277954,0.0018269394519887087,0.001906213661613169,0.0009451194554067176,0.0009987874044262543,0.0016842086682023508,0.001713532296616741,0.0013577896993903274,0.0013610419625959475,0.0006838392998973258,0.0007062385637309481,0.001152036737382192,0.0012229763839232163,0.000953342593340168,0.0009820801817271418,0.0004910389816120585,0.0005104210764192141,0.0009312158046757277,0.000979523859716186,0.0007414923110073285,0.0007811459438730039,0.0004006328714926054,0.0004124595242952937,0.0008959924050749942,0.000977996078543202,0.0007351823782315678,0.0007833949642916996,0.0004015845797307585,0.000418076955740094,0.00022623222104395732,0.00025447780423276667,0.00017988097373896985,0.00019873266864850882,9.24562466902401e-05,9.766048244001292e-05
158,158.0,0.03342099118322989,0.027916933388564207,0.02238708380907949,0.008259910538898357,0.006588918887508883,0.004375871615916281,0.010802181662253425,0.01081125849892322,0.008535292257574678,0.008436718003477854,0.005460735195049143,0.005329369379505382,0.008008299770656261,0.008190961919783432,0.006182587450848719,0.006330526442861072,0.003674955174026327,0.003807678891528456,0.007201933822948192,0.007267138435516624,0.005549536137043789,0.005569905401121586,0.003270807925551485,0.0033133402722058383,0.004108250238324059,0.0041775652249725105,0.003206547331353019,0.0032237735399162845,0.001739161139916713,0.0017850264949932262,0.002271968658445892,0.0024190694455786888,0.0018333104066955749,0.0019018159407427815,0.000949278650082042,0.0009966810668026196,0.0016692746838932796,0.0017079803975277683,0.0013427203498280378,0.0013567043986902007,0.0006852712042927734,0.0007043433393922237,0.0011438658431184665,0.0012198534709091774,0.000931460193866493,0.0009798082692925086,0.0004914514006392435,0.0005096725441464047,0.0009233246260482367,0.0009739180389588045,0.0007207414970609647,0.0007766514465307559,0.00038846668975222774,0.00041043514581499,0.0009187190283099222,0.0009727172918927794,0.0007319941619270243,0.0007791600621592921,0.0004036272618647726,0.0004162581667880379,0.00022089140915410393,0.0002488047394262208,0.00017233273874289043,0.00019399493308634068,9.125373059295627e-05,9.503163873146863e-05
159,159.0,0.032278248638585284,0.027026342097030403,0.021822336854335177,0.008098134660790209,0.006570393415330541,0.004400009675703862,0.011025495492196143,0.01079850026186686,0.008493153549546042,0.008426030682783822,0.00533114064787598,0.00531975911704294,0.00789104242958705,0.008190441430143455,0.006089828974020547,0.006330063230960306,0.003645129590390478,0.0038089480694971133,0.007157233811270151,0.0072777186340339944,0.00549870973889677,0.0055770058010069685,0.003259669737379869,0.003319343332254751,0.004171145941972313,0.004178548056673196,0.0031891571643788788,0.0032243648293332084,0.0017619623732344442,0.001786034812849763,0.0022743914217032532,0.0024135688937240484,0.0018072833640925751,0.0018977576742201443,0.0009286163995048267,0.0009947559505707926,0.0016867745084937651,0.0017028207710857149,0.0013340808069395777,0.0013526756414420338,0.000700483319972441,0.0007026004759251816,0.0011272145525339607,0.0012170540986220085,0.0009101383446834725,0.000977790351321014,0.0004614147492843185,0.0005090421762405838,0.000892892971430527,0.0009686945878621207,0.0007254313258585025,0.0007724654089723837,0.000380593292873149,0.0004085587032768072,0.0008902336259957655,0.0009678138934976928,0.0007212955188734582,0.0007752269708499815,0.00039844170225524655,0.0004145817407956915,0.00020926760627946079,0.00024350630092852548,0.00016696145617848074,0.00018956687306972628,7.827669937970844e-05,9.256560856381725e-05
160,160.0,0.03174682209128463,0.026256129588560127,0.02126852899260386,0.008108824140390675,0.006477881116155911,0.004346109789583407,0.010702455992663533,0.010786419912205249,0.008555445842309833,0.008415935804100449,0.005221693161448846,0.005310639754708003,0.0077900031430339816,0.008190272241727518,0.0061402838700593656,0.006329902502733334,0.0035929459308325943,0.003810383366138281,0.007221775750330001,0.007288192703591155,0.005540092792839362,0.0055840678842008105,0.003265882035575937,0.0033252756974438418,0.004062208543934946,0.004179711884367443,0.0032089358256842775,0.003225107602753371,0.0017303934653637371,0.0017871125012245835,0.002289308640292825,0.0024084898095322865,0.0018001156106563882,0.0018940210661818483,0.0009513769484094115,0.0009930011394588423,0.0016746100567084491,0.001698035327354807,0.001329078567541378,0.0013489412808944464,0.0006888661189090003,0.0007010014207769439,0.0010935519955767793,0.0012145553550517954,0.0008982898180784878,0.0009760074577703391,0.0004589156576890988,0.0005085193685913341,0.0008668996936581519,0.000963837081153484,0.0006975566756882452,0.0007685744442256079,0.00036909160626463956,0.0004068229852090511,0.0008605670676412923,0.0009632685276327393,0.0006880848299441718,0.0007715816975807429,0.0003815336965293734,0.0004130400230340466,0.00021153630513446418,0.00023856739729345797,0.00016532841978298356,0.00018543629217980225,7.757361562442489e-05,9.025670419129657e-05
161,161.00000000000003,0.030518267258646082,0.025357543734117284,0.020470399207007318,0.008075701406466714,0.00648312420034244,0.004302540830092284,0.010464217386040368,0.01077500520107521,0.00858701191158551,0.008406419941651994,0.005331522243160086,0.005302004595388945,0.0075945249657277695,0.00819041093328686,0.006082516126832964,0.0063300069762087284,0.0035025882070917986,0.0038119546949116397,0.006985756782919755,0.007298509567520731,0.005545493211321787,0.005591053031386302,0.003315640254487872,0.0033311096469742507,0.003994685990969258,0.004181026869071483,0.003213217718131553,0.0032259783097224708,0.001757021209147616,0.0017882441733459834,0.00215689108588244,0.0024038105452931146,0.0017682580225092546,0.0018905887338908248,0.0008876653341468233,0.0009914059925972152,0.001583838544060043,0.0016936064222162826,0.001299186259117845,0.0013454872589734816,0.0006708606567032908,0.0006995378525096972,0.0010547111117377454,0.0012123348800556306,0.0008794488636973755,0.0009744410736984722,0.0004494952052721984,0.0005080937909088326,0.0007836449822878433,0.0009593294653040322,0.0006635213607852489,0.0007649654645143238,0.00034526566703700883,0.0004052209593272077,0.0008299523422349141,0.000959064231219733,0.0006875275377349536,0.0007682105632667174,0.00037473065247121176,0.00041162554895253706,0.00019680215148793265,0.0002339732759786329,0.00015436730356139334,0.00018159126434013988,6.248377887910802e-05,8.809937126438524e-05
162,162.0,0.02964563768333188,0.024399684381358856,0.019765491394335085,0.008087790958822979,0.0064973999614575915,0.004395474119118529,,0.010764244514772264,,0.008397470273966978,,0.005293847365154744,,0.008190815416313703,,0.006330340510591976,,0.003813632942629452,,0.0073086196771069666,,0.005597923775203832,,0.0033368183214290293,,0.004182464023259151,,0.003226954069938999,,0.0017894149027588156,,0.0023995100320937054,,0.0018874437625532434,,0.0009899601753400114,,0.0016895169098374006,,0.0013422999116928839,,0.0006982017030074683,,0.0012103709333351326,,0.0009730731957685837,,0.000507755415832055,,0.000955156110376829,,0.0007616257239941391,,0.00040374579325987495,,0.0009551844886159038,,0.0007651002470567567,,0.0004103310661733155,,0.00022970957133314576,,0.00017802017305295205,,8.608820620905169e-05
163,163.00000000000003,0.028120396755570844,0.02337227425728349,0.018599749535128194,0.007964184289826216,0.006411673732765072,0.004335803561793054,,0.010754126871260056,,0.008389074592370425,,0.005286162201168282,,0.00819144504558397,,0.0063308682016011645,,0.0038153900392838423,,0.0073184751467249495,,0.005604643902900719,,0.0033423757917789764,,0.004183995295482345,,0.0032280127402963136,,0.0017906102640816144,,0.002395567846601371,,0.0018845697585068747,,0.0009886536891446892,,0.0016857501935396897,,0.0013393660100764044,,0.0006969851789805188,,0.001208642460383837,,0.0009718863870709141,,0.0005074945471469153,,0.0009513018603376031,,0.0007585428602262831,,0.00040239087464145776,,0.0009516132847820805,,0.0007622378295559177,,0.00040914955581570415,,0.00022576235116247476,,0.00017471174947580946,,8.421797307994793e-05
164,164.0,0.026988046003226247,0.022178906622521123,0.01756178876008418,0.00815063044782765,0.0064529734732870405,0.004358977786202782,,0.01074464191632497,,0.008381221308819844,,0.0052789436396271094,,0.00819226072584837,,0.006331556473485674,,0.003817199025373773,,0.00732802988439991,,0.005611178555501416,,0.003347757126005888,,0.004185593652150718,,0.0032291329796754757,,0.0017918163723692779,,0.002391964275620278,,0.0018819509006345035,,0.0009874769004313904,,0.0016822902749319948,,0.0013366727996889068,,0.0006958807827138371,,0.001207129156224353,,0.0009708638301113692,,0.0005073018470400294,,0.0009477520816892004,,0.00075570493427467,,0.00040114983051864784,,0.0009483351566833206,,0.0007596108346146035,,0.00040807425309430357,,0.00022211816174207708,,0.00017165510923322766,,8.248361984244717e-05
165,164.99999999999997,0.026088998632461332,0.021532181181356493,0.016834393405077374,0.007932032002695572,0.006347424590450932,0.004239418892175451,,0.010735779919453162,,0.008373899463116116,,0.005272186603818028,,0.00819322501440135,,0.006332373167493825,,0.0038190341165705117,,0.007337239717437326,,0.0056174943232329706,,0.0033529384531712147,,0.0041872331562479185,,0.0032302943113122697,,0.0017930199209778605,,0.002388680378244126,,0.0018795719898608873,,0.0009864205683457524,,0.001679121801178399,,0.001334208038671075,,0.000694881332008034,,0.0012058115267612093,,0.0009699893778215157,,0.0005071683623163183,,0.0009444927102955098,,0.0007531004693147204,,0.00040001654601949156,,0.000945335242779542,,0.0007572072695680358,,0.00040709866713614456,,0.0002187640711553997,,0.0001688397878610139,,8.088029403993896e-05
166,166.00000000000003,0.02455409746256197,0.020213728951805694,0.015952450813293002,0.007770405249519858,0.006249159711643325,0.004175661572939418,,0.010727531769504965,,0.00836709872951974,,0.005265886392369105,,0.008194302219267566,,0.006333287626564335,,0.0038208707655666427,,0.007346062512787616,,0.005623559336950445,,0.0033578970247646078,,0.004188889042770076,,0.003231477182568382,,0.0017942082178319058,,0.0023856980454334195,,0.001877418496597045,,0.0009854758713519467,,0.0016762301102760553,,0.0013319600341765167,,0.0006939799792629413,,0.0012046709475818458,,0.0009692476024501426,,0.0005070855495113703,,0.000941510296265657,,0.0007507184876467362,,0.000398985182235794,,0.0009425993304690737,,0.0007550156638141249,,0.0004062165999643429,,0.00021568771083669354,,0.00016625577478508865,,7.94033578044533e-05
167,166.99999999999997,0.02294698519035539,0.019005053390706576,0.014516811757836525,0.007741798978250233,0.006253078710412399,0.004188375388320898,,0.010719888970258976,,0.008360809422802066,,0.005260038667779603,,0.008195458492756645,,0.006334270776025988,,0.00382268572096024,,0.0073544582918232725,,0.005629343355317715,,0.0033626112731738153,,0.004190537790681135,,0.0032326630219438367,,0.0017953692199989537,,0.0023830000568530333,,0.001875476606001334,,0.0009846344325857585,,0.001673601274223143,,0.0013299176771142788,,0.0006931702296563063,,0.001203689720045178,,0.0009686238422023416,,0.0005070452988323746,,0.0009387920467746078,,0.0007485485460110481,,0.00039805019327166283,,0.0009401139013537007,,0.0007530251056224097,,0.0004054221645979054,,0.00021287731520397988,,0.00016389354574056908,,7.804840217042256e-05
168,168.0,0.02117835401427011,0.017311483652154857,0.013075862825058376,0.007719220201435132,0.006241396246066656,0.0041132827190462065,,0.010712843635895261,,0.00835502250376007,,0.005254639445304985,,0.008196661920148536,,0.006335295200099882,,0.003824457083032861,,0.007362389339221195,,0.005634817847510319,,0.003367060867124727,,0.004192157191189128,,0.0032338342931752823,,0.001796491566480254,,0.0023805701348134055,,0.0018737332609327871,,0.0009838883439007712,,0.0016712221399627822,,0.0013280704751042914,,0.0006924459583722152,,0.0012028511245045718,,0.0009681042454982691,,0.0005070399568645205,,0.0009363258667020634,,0.0007465807691069146,,0.0003972063424131974,,0.000937866174199863,,0.000751225277071719,,0.00040470980221967877,,0.00021032175927281288,,0.00016174409354125147,,7.681126065326675e-05
169,169.0,0.0192104882751911,0.015731143209662252,0.011985858732745588,0.0076842225469868465,0.006165390696203155,0.00411778804147857,,0.010706388486483934,,0.00834972958422211,,0.0052496850822705225,,0.008197882603284079,,0.006336335214009333,,0.0038261643562873334,,0.007369820305658681,,0.005639956071219042,,0.0033712267639481957,,0.004193726412157501,,0.0032349745462726567,,0.0017975646091314104,,0.00237839299516664,,0.0018721762024785497,,0.0009832301885441682,,0.0016690803679945553,,0.001326408583558009,,0.0006918014268362255,,0.0012021394705199072,,0.000967675812730269,,0.0005070623479829856,,0.0009341003969775496,,0.0007448058812221407,,0.0003964487173766302,,0.0009358441454770528,,0.0007496064870193978,,0.000404074298366897,,0.00020801059414706814,,0.0001597989571142191,,7.568802205644464e-05
170,170.0,0.016758881677624297,0.013542398614225007,0.009895606442859462,0.007723644199973511,0.006180113797582127,0.004148565144300101,,0.010700516843541993,,0.008344922931570799,,0.005245172267883109,,0.008199092738848272,,0.006337366931513563,,0.003827788498619028,,0.007376718304048107,,0.005644733145745416,,0.003375091258538374,,0.004195226058476109,,0.0032360684653551528,,0.0017985784416315663,,0.0023764543950172594,,0.0018707940079439314,,0.0009826530624022635,,0.0016671644685514735,,0.0013249228348014917,,0.0006912312979166429,,0.0012015401439216217,,0.0009673264354039036,,0.0005071057944140504,,0.000932105050525931,,0.0007432152358856383,,0.0003957727445946631,,0.0009340366273611867,,0.0007481597020104578,,0.0004035107981013638,,0.00020593408028885137,,0.000158050248719112,,7.467504247268147e-05
171,171.0,0.014881221886534516,0.011993950773439016,0.00886411400519207,0.007737589937642753,0.006194820426500686,0.004193761791382022,,0.010695222625717565,,0.008340595472807726,,0.005241098013606808,,0.008200266691147115,,0.006338368327692918,,0.0038293119670023074,,0.0073830529990525735,,0.005649126119993471,,0.0033786380288758516,,0.004196638228227522,,0.0032371019131560647,,0.0017995239264248797,,0.0023747411771161036,,0.0018695761262005942,,0.0009821505937596463,,0.0016654638352466367,,0.0013236047651633738,,0.0006907306500539498,,0.001201039650598232,,0.0009670449325556235,,0.0005071641348924137,,0.0009303300457142408,,0.000741800843460671,,0.00039517420250326576,,0.0009324332830977502,,0.0007468765750407312,,0.0004030148201190155,,0.0002040832184757649,,0.00015649067927665317,,7.376895644723607e-05
172,172.00000000000003,0.01283490184960759,0.010372482704352487,0.007406080359258034,0.007648172347423252,0.0061774527835256575,0.004134176574768009,,0.010690500344656954,,0.008336740798183237,,0.005237459644163207,,0.008201381059192839,,0.0063393192968254405,,0.0038307187595821735,,0.0073887966896427374,,0.005653114035175676,,0.0033818521779977327,,0.004197946564495706,,0.0032380619720752306,,0.0018003927195633324,,0.0023732413108150476,,0.0018685129102956465,,0.0009817169615197385,,0.001663968776100525,,0.0013224466399555865,,0.0006902949902830542,,0.0012006256568877858,,0.000966821084347261,,0.0005072317418654958,,0.0009287664372075852,,0.0007405553966022265,,0.0003946492337938447,,0.0009310246596268526,,0.0007457494720940973,,0.0004025822697614179,,0.00020244977836015535,,0.00015511358173625868,,7.296668727331643e-05
173,173.0,0.011601913149875073,0.00927323642228242,0.006742844363230223,0.007635785492148788,0.006108240962624701,0.004152544639821804,,0.010686345101105658,,0.008333353164412798,,0.005234254789213192,,0.008202414737926801,,0.006340201705207055,,0.0038319944540697254,,0.007393924384473707,,0.0056566779820651746,,0.0033847202723059446,,0.004199136302676035,,0.0032389369816671616,,0.0018011772933854693,,0.0023719439294696866,,0.0018675956472319819,,0.000981346911838626,,0.0016626705418667906,,0.0013214414762802971,,0.000689920266115781,,0.0012002870264629605,,0.0009666456627452893,,0.0005073035371993297,,0.0009274061441490566,,0.0007394722935079037,,0.0003941943565984173,,0.0009298022173798953,,0.0007447714963800438,,0.00040220945089465803,,0.00020102632455158784,,0.0001539129324180078,,7.22654563920709e-05
174,174.0,0.01052785733701881,0.008292798832311479,0.005848996324993436,0.007512991100972787,0.006097631560657824,0.00411652319887194,,0.01068275258129036,,0.008330427497499824,,0.00523148137577185,,0.008203348973424134,,0.006340999438780543,,0.0038331262423489,,0.007398413869880077,,0.0056598011526409996,,0.003387230376114557,,0.004200194313157801,,0.0032397165724626954,,0.001801870956971317,,0.002370839364186932,,0.0018668165848379605,,0.000981035773128207,,0.0016615613515815484,,0.001320583063602324,,0.0006896028762538784,,0.0012000138536091035,,0.0009665104592007706,,0.0005073750063445901,,0.0009262419755859607,,0.0007385456588978327,,0.0003938064745782401,,0.0009287583571654129,,0.0007439365102042163,,0.00040189307662409754,,0.00019980624015062038,,0.00015288337026986634,,7.166279187198195e-05
175,175.00000000000003,0.009709093051807524,0.007856943167854529,0.005583116896844039,0.007726079313847274,0.006072517543051436,0.004053441406486191,,0.010679719053624383,,0.008327959395182924,,0.00522913762140336,,0.008204167411939613,,0.006341698445451674,,0.0038341029612110576,,0.007402245770306908,,0.005662468885987933,,0.0033893720823465834,,0.00420110913926303,,0.0032403916960319656,,0.001802467874319604,,0.002369919173824548,,0.001866168955652554,,0.0009807794693890098,,0.0016606344152685227,,0.0013198659820322142,,0.000689339680105715,,0.0011997974928043683,,0.000966408309254142,,0.0005074422109253764,,0.000925267653072264,,0.0007377703626654498,,0.00039348288588923535,,0.0009278864440696866,,0.0007432391544112038,,0.00040163027881654314,,0.00019878374766900365,,0.00015202021398682923,,7.115653594495482e-05
176,175.99999999999997,0.009412031348646262,0.007471591798460908,0.005339615935977459,0.0076463361304104265,0.006121672129812039,0.004071617584881899,,0.01067724136577448,,0.008325945129023632,,0.005227222028237572,,0.008204856142669742,,0.00634228677198439,,0.003834915119143293,,0.007405403601014758,,0.005664668708328095,,0.0033911365393007203,,0.004201871030338295,,0.0032409546512067637,,0.0018029630801993952,,0.002369176171159981,,0.001865646997760282,,0.0009805745318374423,,0.0016598839537399236,,0.0013192856182712939,,0.00068912800608285,,0.0011996305845211872,,0.00096633311399742,,0.000507501799717517,,0.0009244778303849669,,0.0007371420361473979,,0.00039322129100052546,,0.0009271808283060181,,0.0007426748653455457,,0.0004014186164045513,,0.00019795392727861702,,0.00015131947694458497,,7.074485157891478e-05
177,177.00000000000003,0.009115902511182274,0.007431242673489033,0.005259796681500983,0.007345321190683261,0.005860760644115364,0.003911960500924636,,0.010675316942122079,,0.008324381646148727,,0.005225733377844663,,0.008205403734122187,,0.006342754595380827,,0.0038355549191058324,,0.007407873812917537,,0.005666390367077029,,0.0033925164734186462,,0.00420247196990943,,0.003241399106390807,,0.0018033524936343656,,0.0023686044451563856,,0.0018652459725186487,,0.0009804181087967347,,0.0016593052154406126,,0.0013188381791762026,,0.0006889656586556894,,0.0011995070771786346,,0.0009662798583350109,,0.0005075510179874136,,0.0009238681103000382,,0.0007366570859674542,,0.0003930197993454122,,0.0009266368629549742,,0.0007422398892838581,,0.0004012560824508165,,0.00019731273233884153,,0.00015077787990634152,,7.042622806931057e-05
178,178.0,0.009293467058081298,0.0076133004263830165,0.005145119313258152,0.007414406494368751,0.006063655046852785,0.004012383095261414,,0.010673943781647252,,0.008323266570659182,,0.005224670726998981,,0.008205801263999786,,0.006343094248665944,,0.003836016277243545,,0.007409645829433022,,0.005667625858833038,,0.003393506207993853,,0.004202905698822481,,0.003241720117897114,,0.001803632928984183,,0.002368199379264529,,0.0018649621791293532,,0.0009803079738254362,,0.0016588944902909538,,0.0013185207029067778,,0.0006888509241505622,,0.0011994222451857655,,0.0009662446259930935,,0.000507587715166773,,0.0009234350583816938,,0.0007363127054160971,,0.0003928769347872268,,0.0009262509185465359,,0.000741931294297985,,0.00040114110995388653,,0.00019685700215955892,,0.00015039286146764576,,7.01994856345474e-05
179,179.0,0.009301019607080553,0.0074465030574811285,0.00523693532226865,0.007361835391746336,0.005815591968846246,0.0037394144793324244,,0.010673120456258626,,0.00832259820471562,,0.005224033404357582,,0.00820604234252309,,0.006343300241010921,,0.0038362948374864045,,0.0074107120752472996,,0.005668369451224832,,0.003394101677773512,,0.004203167733307898,,0.0032419141442625006,,0.0018038021045937967,,0.0023679576657101393,,0.0018647929660131997,,0.0009802425320619718,,0.001658649120491687,,0.001318331067627583,,0.000688782575273692,,0.0011993727030266568,,0.0009662246112364466,,0.0005076103508429577,,0.000923176213746994,,0.000736106883334158,,0.00039279163988559837,,0.000926020394443811,,0.0007417469795162369,,0.0004010725763797855,,0.00019658447196459965,,0.00015016258621026752,,7.006377900304077e-05
180,180.0,,,,,,,,0.010672846109587415,,0.008322375529308076,,0.005223821008073425,,0.008206123129131866,,0.006343369272143849,,0.003836387982003652,,0.007411067996916021,,0.0056686176985589155,,0.003394300439415505,,0.004203255377918772,,0.003241979056500175,,0.001803858648987837,,0.0023678773157273644,,0.0018647367389574485,,0.0009802208247684868,,0.0016585675082621952,,0.0013182679977399006,,0.0006887598743507227,,0.001199356415348707,,0.0009662181272606192,,0.0005076179990491443,,0.00092309009677611,,0.0007360384104759402,,0.00039276327895187307,,0.0009259437269968198,,0.0007416856817569915,,0.00040104980690751065,,0.00019649378002817102,,0.00015008595054257965,,7.001859998228307e-05
