,Angle [deg],PF [1/sr]
0,0.0,1283.7128276605338
1,0.018001800180018002,1274.1230818356926
2,0.036003600360036005,1246.0213570961596
3,0.05400540054005401,1201.3392093917118
4,0.07200720072007201,1143.0687527738044
5,0.09000900090009001,1074.9535994513558
6,0.10801080108010802,1001.1144949946116
7,0.126012601260126,925.657169157625
8,0.14401440144014402,852.3101381919469
9,0.16201620162016203,784.1335901973022
10,0.18001800180018002,723.3283688464784
11,0.19801980198019803,671.1585799154284
12,0.21602160216021604,627.9850533399231
13,0.23402340234023403,593.3923514416673
14,0.252025202520252,566.3813213161477
15,0.27002700270027,545.5936647492778
16,0.28802880288028804,529.5350114767909
17,0.30603060306030605,516.7679597090411
18,0.32403240324032406,506.0551549625344
19,0.342034203420342,496.44291271757277
20,0.36003600360036003,487.28624200725267
21,0.37803780378037805,478.22472218019914
22,0.39603960396039606,469.12435672009696
23,0.41404140414041407,460.00276480054197
24,0.4320432043204321,450.95403147779257
25,0.45004500450045004,442.0859362031924
26,0.46804680468046805,433.47718518986755
27,0.48604860486048607,425.1568619818106
28,0.504050405040504,417.1036298487216
29,0.5220522052205221,409.25900793714624
30,0.54005400540054,401.5476337749659
31,0.5580558055805581,393.897742720989
32,0.5760576057605761,386.2567356140712
33,0.594059405940594,378.5990692609127
34,0.6120612061206121,370.92614959080714
35,0.6300630063006301,363.259892599073
36,0.6480648064806481,355.6327990720754
37,0.6660666066606661,348.07765920442966
38,0.684068406840684,340.61947776857016
39,0.7020702070207021,333.27116345820014
40,0.7200720072007201,326.03330213425716
41,0.7380738073807381,318.8972580022653
42,0.7560756075607561,311.85015286648667
43,0.774077407740774,304.8800640237086
44,0.7920792079207921,297.98002441378605
45,0.8100810081008101,291.14996755302803
46,0.8280828082808281,284.3964423217995
47,0.8460846084608461,277.7305366665152
48,0.8640864086408642,271.1648498816162
49,0.8820882088208821,264.71047163322476
50,0.9000900090009001,258.37477547136035
51,0.9180918091809182,252.16049506073884
52,0.9360936093609361,246.06613928567018
53,0.9540954095409542,240.08743611548473
54,0.9720972097209721,234.21926423248794
55,0.9900990099009901,228.4574776502249
56,1.008100810081008,222.80014142977308
57,1.0261026102610262,217.24792328886554
58,1.0441044104410442,211.80365054516056
59,1.0621062106210621,206.47126854460376
60,1.08010801080108,201.25456956227237
61,1.098109810981098,196.15607643741154
62,1.1161116111611162,191.17637371715963
63,1.1341134113411342,186.31401901489713
64,1.1521152115211521,181.56599061935987
65,1.17011701170117,176.92848431790358
66,1.188118811881188,172.39779799507974
67,1.2061206120612062,167.97104912146668
68,1.2241224122412242,163.64654651759773
69,1.2421242124212422,159.42375475291385
70,1.2601260126012601,155.30291033196443
71,1.278127812781278,151.28443960581322
72,1.2961296129612963,147.36836728293358
73,1.3141314131413142,143.55388634746876
74,1.3321332133213322,139.83919627861744
75,1.3501350135013501,136.22162937415348
76,1.368136813681368,132.69800145589193
77,1.3861386138613863,129.2650662504802
78,1.4041404140414042,125.91993553905874
79,1.4221422142214222,122.66035056540075
80,1.4401440144014401,119.48474356003355
81,1.458145814581458,116.39209363105876
82,1.4761476147614763,113.38163910353
83,1.4941494149414942,110.45254309760482
84,1.5121512151215122,107.60361313180442
85,1.5301530153015301,104.8331505895856
86,1.548154815481548,102.13896175960235
87,1.5661566156615663,99.51851311521838
88,1.5841584158415842,96.96917389016696
89,1.6021602160216022,94.48846921640268
90,1.6201620162016201,92.0742709525492
91,1.638163816381638,89.72487764537283
92,1.6561656165616563,87.43897109494858
93,1.6741674167416742,85.21547344706403
94,1.6921692169216922,83.05335516740034
95,1.7101710171017102,80.95145397265938
96,1.7281728172817283,78.90835644075332
97,1.7461746174617463,76.92237151538453
98,1.7641764176417642,74.99159609066339
99,1.7821782178217822,73.11404618602016
100,1.8001800180018002,71.287810372457
101,1.8181818181818183,69.51117914190485
102,1.8361836183618363,67.78271456440618
103,1.8541854185418543,66.10124470082847
104,1.8721872187218722,64.4657902797735
105,1.8901890189018902,62.87545022253885
106,1.9081908190819084,61.32928249897876
107,1.9261926192619263,59.82621535175802
108,1.9441944194419443,58.36501241127495
109,1.9621962196219622,56.944297727746694
110,1.9801980198019802,55.56262879046657
111,1.9981998199819984,54.21859243731246
112,2.016201620162016,52.91089366390947
113,2.0342034203420343,51.63841155625208
114,2.0522052205220525,50.400208024610684
115,2.07020702070207,49.1954898691112
116,2.0882088208820884,48.023538392246024
117,2.106210621062106,46.88362937718105
118,2.1242124212421243,45.774967598668326
119,2.1422142214221425,44.696654211692085
120,2.16021602160216,43.64769453580817
121,2.1782178217821784,42.62704140727608
122,2.196219621962196,41.63365910657742
123,2.2142214221422143,40.66658771978902
124,2.2322232223222325,39.72498884876475
125,2.25022502250225,38.808160158279854
126,2.2682268226822684,37.91551608330081
127,2.286228622862286,37.04654204997043
128,2.3042304230423043,36.20073685548613
129,2.3222322232223225,35.37756044350041
130,2.34023402340234,34.5764017309471
131,2.3582358235823584,33.79657444969184
132,2.376237623762376,33.03734035573076
133,2.3942394239423943,32.29795125105713
134,2.4122412241224125,31.577696317970027
135,2.43024302430243,30.87594054569531
136,2.4482448244824484,30.19214349207727
137,2.466246624662466,29.52585401115646
138,2.4842484248424843,28.876683855129155
139,2.5022502250225025,28.24426905193551
140,2.5202520252025202,27.628230996079402
141,2.5382538253825384,27.028148558826807
142,2.556255625562556,26.443548624985247
143,2.5742574257425743,25.873916628393683
144,2.5922592259225925,25.318722705947977
145,2.6102610261026102,24.777454768144516
146,2.6282628262826284,24.249648263216113
147,2.646264626462646,23.734903975103894
148,2.6642664266426643,23.232889207477676
149,2.6822682268226825,22.74332285037823
150,2.7002700270027002,22.265949529552483
151,2.7182718271827184,21.800510946285463
152,2.736273627362736,21.34672287605612
153,2.7542754275427543,20.904264145547884
154,2.7722772277227725,20.472780023113685
155,2.7902790279027903,20.051898077090776
156,2.8082808280828084,19.64125099726454
157,2.826282628262826,19.240499139139793
158,2.8442844284428443,18.84934604924455
159,2.8622862286228625,18.467542691524795
160,2.8802880288028803,18.09487968519853
161,2.8982898289828984,17.731170460316537
162,2.916291629162916,17.37623077473684
163,2.9342934293429344,17.029860821269857
164,2.9522952295229525,16.691835047920723
165,2.9702970297029703,16.36190224611111
166,2.9882988298829884,16.039795271396905
167,3.006300630063006,15.725246929138528
168,3.0243024302430244,15.418006907372646
169,3.0423042304230425,15.117854600884945
170,3.0603060306030603,14.82460417269978
171,3.0783078307830785,14.538100715478233
172,3.096309630963096,14.25820910242505
173,3.1143114311431144,13.984799229535058
174,3.1323132313231326,13.717732245344218
175,3.1503150315031503,13.456851832060115
176,3.1683168316831685,13.201982870342617
177,3.186318631863186,12.95293746647684
178,3.2043204320432044,12.709526082158293
179,3.2223222322232226,12.471570054143012
180,3.2403240324032403,12.238911528268073
181,3.2583258325832585,12.011417789562504
182,3.276327632763276,11.788978808396486
183,3.2943294329432944,11.571498950918947
184,3.3123312331233126,11.358885564990773
185,3.3303330333033303,11.151038029517705
186,3.3483348334833485,10.947840610537009
187,3.366336633663366,10.749161212556043
188,3.3843384338433844,10.554856259730096
189,3.4023402340234026,10.364780066409178
190,3.4203420342034203,10.17879572649874
191,3.4383438343834385,9.99678415097714
192,3.4563456345634567,9.818648507990293
193,3.4743474347434744,9.644312756166158
194,3.4923492349234926,9.473714759100483
195,3.5103510351035103,9.306796082696156
196,3.5283528352835285,9.143491532002429
197,3.5463546354635467,8.98372151349677
198,3.5643564356435644,8.827389426301178
199,3.5823582358235826,8.674384773820329
200,3.6003600360036003,8.524591004995358
201,3.6183618361836185,8.37789573790192
202,3.6363636363636367,8.234200374462487
203,3.6543654365436544,8.093426351061552
204,3.6723672367236726,7.955516292666867
205,3.6903690369036903,7.820429829282426
206,3.7083708370837085,7.688135350005088
207,3.7263726372637267,7.558600076069779
208,3.7443744374437444,7.431781228209773
209,3.7623762376237626,7.30762065905744
210,3.7803780378037803,7.18604426429873
211,3.7983798379837985,7.066966103649019
212,3.8163816381638167,6.950295860839636
213,3.8343834383438344,6.83594741608504
214,3.8523852385238526,6.7238461164180325
215,3.8703870387038704,6.613932829091888
216,3.8883888388838885,6.506163873875583
217,3.9063906390639067,6.40050713725145
218,3.9243924392439244,6.296935721395878
219,3.9423942394239426,6.195421083344393
220,3.9603960396039604,6.095927629420556
221,3.9783978397839785,5.998410179667205
222,3.9963996399639967,5.902814798840862
223,4.014401440144015,5.809082491442617
224,4.032403240324032,5.717154471207245
225,4.05040504050405,5.626977354102539
226,4.0684068406840685,5.5385067648039215
227,4.086408640864087,5.451708415229283
228,4.104410441044105,5.366556515275125
229,4.122412241224122,5.283030159884163
230,4.14041404140414,5.201108874230642
231,4.158415841584159,5.12076864916499
232,4.176417641764177,5.041979545577071
233,4.194419441944195,4.96470539385043
234,4.212421242124212,4.888905450354916
235,4.23042304230423,4.814537305133543
236,4.248424842484249,4.741560028432372
237,4.266426642664267,4.6699365725824835
238,4.284428442844285,4.599634776195671
239,4.302430243024302,4.53062682495017
240,4.32043204320432,4.462887535488528
241,4.338433843384339,4.396392183331619
242,4.356435643564357,4.33111468883895
243,4.374437443744375,4.2670267927630245
244,4.392439243924392,4.204098469628656
245,4.41044104410441,4.1422993792049105
246,4.428442844284429,4.081600795094482
247,4.446444644464447,4.021977292364221
248,4.464446444644465,3.9634075699008706
249,4.482448244824482,3.9058740906619227
250,4.5004500450045,3.849361637368595
251,4.518451845184519,3.7938552619315624
252,4.536453645364537,3.739338325920095
253,4.554455445544555,3.6857913125830963
254,4.572457245724572,3.633191841832779
255,4.59045904590459,3.581515918047809
256,4.608460846084609,3.530740017097936
257,4.626462646264627,3.4808433130565497
258,4.644464446444645,3.4318092603916224
259,4.662466246624662,3.3836259185391695
260,4.68046804680468,3.336284786065206
261,4.698469846984699,3.2897783868363897
262,4.716471647164717,3.244097273399748
263,4.734473447344735,3.1992273479895017
264,4.752475247524752,3.155148368377784
265,4.77047704770477,3.1118342034788284
266,4.788478847884789,3.0692549135743956
267,4.806480648064807,3.0273801927110178
268,4.824482448244825,2.9861832847415686
269,4.842484248424842,2.945644299362165
270,4.86048604860486,2.9057519723085607
271,4.878487848784879,2.8665033095993637
272,4.896489648964897,2.827901123337734
273,4.914491449144915,2.7899500487572073
274,4.932493249324932,2.752652064946169
275,4.9504950495049505,2.716002701227707
276,4.968496849684969,2.6799889492462934
277,4.986498649864987,2.644589458676066
278,5.004500450045005,2.6097769913371542
279,5.022502250225022,2.575522508223737
280,5.0405040504050405,2.5417998293063837
281,5.058505850585059,2.5085896537435333
282,5.076507650765077,2.475881897486506
283,5.094509450945095,2.443675747962471
284,5.112511251125112,2.411977430559076
285,5.1305130513051305,2.380796269322375
286,5.148514851485149,2.350140050281597
287,5.166516651665167,2.3200108525019187
288,5.184518451845185,2.290402365912515
289,5.202520252025202,2.2612993135001087
290,5.2205220522052205,2.2326790512176795
291,5.238523852385239,2.204514877454556
292,5.256525652565257,2.176780183637887
293,5.274527452745275,2.149452413852797
294,5.292529252925292,2.1225159035303243
295,5.3105310531053105,2.0959629943947875
296,5.328532853285329,2.069793278733251
297,5.346534653465347,2.044011287588358
298,5.364536453645365,2.0186232886564666
299,5.382538253825382,1.993634021072012
300,5.4005400540054005,1.9690441409110544
301,5.418541854185419,1.9448489145965364
302,5.436543654365437,1.9210383523526944
303,5.454545454545455,1.8975986154795894
304,5.472547254725472,1.8745142483191852
305,5.4905490549054905,1.8517706387972683
306,5.508550855085509,1.8293561201774167
307,5.526552655265527,1.8072632701329296
308,5.544554455445545,1.7854891902269288
309,5.562556255625562,1.7640347951300546
310,5.5805580558055805,1.7429033473822362
311,5.598559855985599,1.7220986004425107
312,5.616561656165617,1.7016229463081756
313,5.634563456345635,1.681475914536466
314,5.652565256525652,1.661653263888953
315,5.6705670567056705,1.6421467784811328
316,5.688568856885689,1.6229447554863194
317,5.706570657065707,1.6040330692506328
318,5.724572457245725,1.5853966242401465
319,5.742574257425742,1.5670209659568834
320,5.7605760576057605,1.5488938017743736
321,5.778577857785779,1.5310061914922497
322,5.796579657965797,1.5133532028188232
323,5.814581458145815,1.4959338940448474
324,5.832583258325832,1.4787505858064123
325,5.8505850585058505,1.4618075087799176
326,5.868586858685869,1.445109045980897
327,5.886588658865887,1.4286578988488836
328,5.904590459045905,1.412453563533364
329,5.922592259225922,1.396491481530047
330,5.9405940594059405,1.3807631165922454
331,5.958595859585959,1.3652570200160066
332,5.976597659765977,1.3499607152545992
333,5.994599459945995,1.334863014290391
334,6.012601260126012,1.319956231136365
335,6.0306030603060305,1.3052377298803903
336,6.048604860486049,1.2907103571939338
337,6.066606660666067,1.276381548105299
338,6.084608460846085,1.262261209429529
339,6.102610261026102,1.2483588023960857
340,6.120612061206121,1.2346802822135254
341,6.138613861386139,1.2212256395296501
342,6.156615661566157,1.2079876929678084
343,6.174617461746175,1.1949525148205915
344,6.192619261926192,1.182101490908053
345,6.210621062106211,1.1694146112242951
346,6.228622862286229,1.1568742622336459
347,6.246624662466247,1.144468631535559
348,6.264626462646265,1.1321938896650425
349,6.282628262826282,1.1200545778450506
350,6.300630063006301,1.1080620465771809
351,6.318631863186319,1.096231259305494
352,6.336633663366337,1.0845766825366858
353,6.354635463546355,1.0731082255853868
354,6.372637263726372,1.0618282052389936
355,6.390639063906391,1.0507300847985475
356,6.408640864086409,1.0397993239664771
357,6.426642664266427,1.0290161739872425
358,6.444644464446445,1.0183597826862372
359,6.462646264626462,1.0078126513146841
360,6.480648064806481,0.9973643889915761
361,6.498649864986499,0.9870138658112351
362,6.516651665166517,0.9767692361891542
363,6.534653465346535,0.966645801630711
364,6.552655265526552,0.9566621883988351
365,6.570657065706571,0.9468357106142214
366,6.588658865886589,0.9371779805513669
367,6.606660666066607,0.9276917717664998
368,6.624662466246625,0.9183698523129354
369,6.642664266426642,0.9091960538194372
370,6.660666066606661,0.9001483335310512
371,6.678667866786679,0.8912031377625651
372,6.696669666966697,0.8823400877741351
373,6.714671467146715,0.873545945228862
374,6.732673267326732,0.8648169846136857
375,6.750675067506751,0.8561592620663103
376,6.768676867686769,0.8475867400927718
377,6.786678667866787,0.8391177001182137
378,6.804680468046805,0.8307702463061681
379,6.822682268226822,0.8225578957907707
380,6.840684068406841,0.8144862242367171
381,6.858685868586859,0.8065513007208295
382,6.876687668766877,0.7987402554482286
383,6.894689468946895,0.7910338623401917
384,6.912691269126913,0.7834105837328804
385,6.930693069306931,0.775851206868907
386,6.948694869486949,0.768343066954874
387,6.966696669666967,0.7608829270480272
388,6.984698469846985,0.7534778561229782
389,7.002700270027003,0.7461438593459626
390,7.020702070207021,0.7389024862955254
391,7.038703870387039,0.7317760784450238
392,7.056705670567057,0.7247826271368443
393,7.074707470747075,0.7179313310303145
394,7.092709270927093,0.7112198375247494
395,7.110711071107111,0.7046338392499037
396,7.128712871287129,0.6981492300713354
397,7.146714671467147,0.6917364941368496
398,7.164716471647165,0.6853665125039582
399,7.182718271827183,0.6790166279876927
400,7.200720072007201,0.6726756891427483
401,7.218721872187219,0.6663469362135586
402,7.236723672367237,0.6600479809513078
403,7.254725472547255,0.6538077015745838
404,7.272727272727273,0.6476605151410934
405,7.290729072907291,0.6416390716985395
406,7.308730873087309,0.6357668116013396
407,7.326732673267327,0.6300519445235323
408,7.344734473447345,0.6244842047970298
409,7.362736273627363,0.619035237375323
410,7.380738073807381,0.6136627610796472
411,7.398739873987399,0.6083178790279317
412,7.416741674167417,0.602954220555373
413,7.434743474347435,0.5975371534883549
414,7.452745274527453,0.5920512053325173
415,7.470747074707471,0.5865041130956804
416,7.488748874887489,0.580926540870832
417,7.506750675067507,0.5753673452685543
418,7.524752475247525,0.5698851634895927
419,7.542754275427543,0.5645378625971552
420,7.560756075607561,0.5593718589179061
421,7.578757875787579,0.554413388575888
422,7.596759675967597,0.5496634603889419
423,7.614761476147615,0.5450975152188856
424,7.632763276327633,0.5406698917161822
425,7.650765076507651,0.5363222447800711
426,7.668766876687669,0.5319942755584821
427,7.686768676867687,0.5276346728969662
428,7.704770477047705,0.5232101307997231
429,7.722772277227723,0.5187107021285815
430,7.740774077407741,0.5141504938214907
431,7.758775877587759,0.5095636499654209
432,7.776777677767777,0.504996513211121
433,7.794779477947795,0.50049761012107
434,7.812781278127813,0.49610752036335
435,7.830783078307831,0.4918506826277021
436,7.848784878487849,0.4877307679008466
437,7.866786678667867,0.4837305036591212
438,7.884788478847885,0.47981591548746205
439,7.902790279027903,0.4759440525640617
440,7.920792079207921,0.4720725611772005
441,7.938793879387939,0.4681691045224102
442,7.956795679567957,0.4642186669378402
443,7.974797479747975,0.4602272143850212
444,7.992799279927993,0.4562209206558061
445,8.010801080108012,0.4522410621778705
446,8.02880288028803,0.44833555650443785
447,8.046804680468046,0.44454879992048824
448,8.064806480648064,0.44091181640975907
449,8.082808280828083,0.4374346954785876
450,8.1008100810081,0.43410287767048256
451,8.118811881188119,0.43087812485637605
452,8.136813681368137,0.427704125382115
453,8.154815481548155,0.42451580017062385
454,8.172817281728173,0.4212506618032195
455,8.190819081908192,0.41786016878992094
456,8.20882088208821,0.41431898870429695
457,8.226822682268226,0.4106304423347363
458,8.244824482448244,0.4068270802405056
459,8.262826282628263,0.40296621747001543
460,8.28082808280828,0.3991211602197397
461,8.298829882988299,0.3953696326389724
462,8.316831683168317,0.3917814108850796
463,8.334833483348335,0.38840730460829676
464,8.352835283528353,0.3852713712623242
465,8.370837083708372,0.3823676560479598
466,8.38883888388839,0.37966193226676376
467,8.406840684068406,0.37709802655402425
468,8.424842484248424,0.37460751564086764
469,8.442844284428443,0.37212102107227324
470,8.46084608460846,0.36957910383668274
471,8.478847884788479,0.3669409053247907
472,8.496849684968497,0.3641891573691766
473,8.514851485148515,0.3613308934667634
474,8.532853285328533,0.35839399537515404
475,8.550855085508552,0.3554204505270918
476,8.56885688568857,0.35245773940007163
477,8.586858685868586,0.34955002433926763
478,8.604860486048604,0.34673073842532837
479,8.622862286228623,0.34401780516436453
480,8.64086408640864,0.34141214318742946
481,8.658865886588659,0.3388994472856709
482,8.676867686768677,0.3364546209071085
483,8.694869486948695,0.3340477821209697
484,8.712871287128714,0.33165055255741316
485,8.730873087308732,0.3292413922347868
486,8.74887488748875,0.326809033454511
487,8.766876687668766,0.3243535198404558
488,8.784878487848784,0.32188487051754944
489,8.802880288028803,0.3194198577123575
490,8.82088208820882,0.31697771895578164
491,8.838883888388839,0.314575766710596
492,8.856885688568857,0.3122257955273324
493,8.874887488748875,0.30993194885522435
494,8.892889288928894,0.30769035653713167
495,8.910891089108912,0.3054904697332493
496,8.92889288928893,0.30331768260808395
497,8.946894689468946,0.3011566035213823
498,8.964896489648964,0.2989942589295802
499,8.982898289828983,0.29682258432722164
500,9.000900090009,0.29463975141413923
501,9.018901890189019,0.29245014991088303
502,9.036903690369037,0.29026312615010225
503,9.054905490549055,0.2880908211453807
504,9.072907290729074,0.28594560419129883
505,9.090909090909092,0.2838376410605038
506,9.10891089108911,0.28177306902121
507,9.126912691269126,0.2797530960810768
508,9.144914491449144,0.277774136217308
509,9.162916291629163,0.275828879829435
510,9.18091809180918,0.2739080210455623
511,9.198919891989199,0.2720022527236522
512,9.216921692169217,0.2701041128038786
513,9.234923492349235,0.2682093217708392
514,9.252925292529254,0.2663173742534126
515,9.270927092709272,0.26443131036684175
516,9.28892889288929,0.26255676059958855
517,9.306930693069308,0.26070049894402453
518,9.324932493249324,0.25886882649003307
519,9.342934293429343,0.2570661271693676
520,9.36093609360936,0.25529388777183976
521,9.378937893789379,0.25355036816376225
522,9.396939693969397,0.25183096786100906
523,9.414941494149415,0.2501291907060355
524,9.432943294329434,0.24843798950095
525,9.450945094509452,0.24675120063143519
526,9.46894689468947,0.24506476839302266
527,9.486948694869488,0.24337751058308246
528,9.504950495049505,0.2416912788906885
529,9.522952295229523,0.2400104974913614
530,9.54095409540954,0.23834119336104137
531,9.558955895589559,0.23668973486180522
532,9.576957695769577,0.23506154995358344
533,9.594959495949595,0.23346009137032214
534,9.612961296129614,0.23188625543789074
535,9.630963096309632,0.23033835821826448
536,9.64896489648965,0.22881265053102912
537,9.666966696669668,0.22730423899913454
538,9.684968496849685,0.225808198175536
539,9.702970297029703,0.22432062594594657
540,9.72097209720972,0.22283941642699026
541,9.738973897389739,0.22136459489180332
542,9.756975697569757,0.21989816079246616
543,9.774977497749775,0.21844349429372295
544,9.792979297929794,0.2170044745581194
545,9.810981098109812,0.21558451458088151
546,9.82898289828983,0.21418572675936462
547,9.846984698469848,0.21280839563311707
548,9.864986498649865,0.21145085984215758
549,9.882988298829883,0.21010981243570706
550,9.900990099009901,0.20878093850595034
551,9.918991899189919,0.20745974123844277
552,9.936993699369937,0.20614237534509042
553,9.954995499549955,0.20482631528056394
554,9.972997299729974,0.20351073025240587
555,9.990999099909992,0.20219650684481805
556,10.00900090009001,0.20088593671967872
557,10.027002700270028,0.19958215451387126
558,10.045004500450045,0.19828845615711205
559,10.063006300630063,0.1970076427518521
560,10.081008100810081,0.19574151928292519
561,10.099009900990099,0.194490636642027
562,10.117011701170117,0.19325431022949363
563,10.135013501350135,0.1920308911083074
564,10.153015301530154,0.1908182178491162
565,10.171017101710172,0.18961414724143638
566,10.18901890189019,0.18841705398732148
567,10.207020702070208,0.18722620276454877
568,10.225022502250225,0.18604192619184212
569,10.243024302430243,0.18486558226946706
570,10.261026102610261,0.1836993068917311
571,10.27902790279028,0.1825456136563003
572,10.297029702970297,0.1814069186918623
573,10.315031503150315,0.18028507913718467
574,10.333033303330334,0.17918102926587567
575,10.351035103510352,0.17809457945469798
576,10.36903690369037,0.17702441363129215
577,10.387038703870388,0.17596828539839895
578,10.405040504050405,0.1749233774850885
579,10.423042304230423,0.1738867594434246
580,10.441044104410441,0.172855859841426
581,10.45904590459046,0.17182886531193534
582,10.477047704770477,0.17080497109424156
583,10.495049504950495,0.16978443470423862
584,10.513051305130514,0.16876842173823384
585,10.531053105310532,0.16775867381283754
586,10.54905490549055,0.16675706524408973
587,10.567056705670568,0.16576513951901292
588,10.585058505850585,0.16478372313031592
589,10.603060306030603,0.1638127005788387
590,10.621062106210621,0.16285100220319357
591,10.63906390639064,0.16189681204593329
592,10.657065706570657,0.16094795537746642
593,10.675067506750676,0.16000238513852533
594,10.693069306930694,0.15905866267444121
595,10.711071107110712,0.15811632664280684
596,10.72907290729073,0.15717606594146155
597,10.747074707470748,0.1562396536683848
598,10.765076507650765,0.155309650703885
599,10.783078307830783,0.1543889380899124
600,10.801080108010801,0.15348017553205376
601,10.81908190819082,0.15258530027082917
602,10.837083708370837,0.15170517221180374
603,10.855085508550856,0.15083943928195354
604,10.873087308730874,0.1499866486256116
605,10.891089108910892,0.14914457539113762
606,10.90909090909091,0.1483106936698948
607,10.927092709270928,0.14748268423948235
608,10.945094509450945,0.1466588677167634
609,10.963096309630963,0.145838470616308
610,10.981098109810981,0.14502167102006125
611,10.999099909991,0.1442094209381105
612,11.017101710171017,0.14340309246571356
613,11.035103510351036,0.14260403332815635
614,11.053105310531054,0.14181313602022344
615,11.071107110711072,0.14103051982175274
616,11.08910891089109,0.14025539818151764
617,11.107110711071108,0.13948616177792916
618,11.125112511251125,0.1387206596388256
619,11.143114311431143,0.1379566176164555
620,11.161116111611161,0.13719210442490065
621,11.17911791179118,0.1364259461621131
622,11.197119711971197,0.1356580021154084
623,11.215121512151216,0.13488924451979017
624,11.233123312331234,0.13412162599929667
625,11.251125112511252,0.13335776183518708
626,11.26912691269127,0.13260049102514515
627,11.287128712871288,0.1318524030934879
628,11.305130513051305,0.1311154226280701
629,11.323132313231323,0.13039053013596527
630,11.341134113411341,0.12967766923553092
631,11.35913591359136,0.1289758524764284
632,11.377137713771377,0.12828343879297177
633,11.395139513951396,0.12759852240198427
634,11.413141314131414,0.1269193521426227
635,11.431143114311432,0.1262446956319263
636,11.44914491449145,0.12557407486988317
637,11.467146714671468,0.12490782657564414
638,11.485148514851485,0.12424697636947972
639,11.503150315031503,0.1235929539773634
640,11.521152115211521,0.12294720948590171
641,11.53915391539154,0.1223108117667917
642,11.557155715571557,0.12168411512466078
643,11.575157515751576,0.12106656766082298
644,11.593159315931594,0.12045670688372237
645,11.611161116111612,0.11985234999630998
646,11.62916291629163,0.1192509455732582
647,11.647164716471648,0.11865001836907489
648,11.665166516651665,0.11804761729114717
649,11.683168316831683,0.11744267318686767
650,11.701170117011701,0.11683518942306098
651,11.71917191719172,0.11622622151223361
652,11.737173717371737,0.1156176457208473
653,11.755175517551756,0.11501176159801552
654,11.773177317731774,0.11441080994474166
655,11.791179117911792,0.11381650762925233
656,11.80918091809181,0.11322969895197099
657,11.827182718271828,0.11265019971037413
658,11.845184518451845,0.1120768693182853
659,11.863186318631863,0.11150789691578754
660,11.881188118811881,0.11094124017534579
661,11.8991899189919,0.11037512107047903
662,11.917191719171917,0.1098084691910405
663,11.935193519351936,0.10924121369411831
664,11.953195319531954,0.10867435767126417
665,11.971197119711972,0.1081098165062791
666,11.98919891989199,0.10755005406361934
667,12.007200720072008,0.10699759550852067
668,12.025202520252025,0.10645452299613094
669,12.043204320432043,0.10592206409244857
670,12.061206120612061,0.10540036173791584
671,12.07920792079208,0.1048884736173581
672,12.097209720972097,0.10438459730145204
673,12.115211521152116,0.10388646722511295
674,12.133213321332134,0.10339183190454733
675,12.151215121512152,0.1028989032516814
676,12.16921692169217,0.10240667801076109
677,12.187218721872188,0.10191506211671211
678,12.205220522052205,0.10142477490320438
679,12.223222322232223,0.1009370608828579
680,12.241224122412241,0.10045328065733636
681,12.25922592259226,0.09997447950359216
682,12.277227722772277,0.09950103640693939
683,12.295229522952296,0.09903247710802059
684,12.313231323132314,0.09856749674603418
685,12.331233123312332,0.09810418972003984
686,12.34923492349235,0.0976404373485618
687,12.367236723672368,0.09717436827883574
688,12.385238523852385,0.09670479013824285
689,12.403240324032403,0.09623149699188557
690,12.421242124212421,0.09575538409995535
691,12.43924392439244,0.0952783430485256
692,12.457245724572457,0.094802957291869
693,12.475247524752476,0.09433206026760158
694,12.493249324932494,0.0938682465801596
695,12.511251125112512,0.09341343550936453
696,12.52925292529253,0.09296857381336893
697,12.547254725472548,0.09253353447942991
698,12.565256525652565,0.09210722648010157
699,12.583258325832583,0.09168788666952184
700,12.601260126012601,0.09127348793111137
701,12.61926192619262,0.09086217514118039
702,12.637263726372638,0.09045263684780624
703,12.655265526552656,0.09004433618692488
704,12.673267326732674,0.0896375558840925
705,12.691269126912692,0.08923325246426869
706,12.70927092709271,0.08883275552056792
707,12.727272727272728,0.08843738060380055
708,12.745274527452745,0.08804804225737971
709,12.763276327632763,0.08766495329826567
710,12.781278127812781,0.08728747780445141
711,12.7992799279928,0.08691417234245982
712,12.817281728172818,0.08654300963767715
713,12.835283528352836,0.08617173959206721
714,12.853285328532854,0.085798312553245
715,12.871287128712872,0.0854212754266313
716,12.88928892889289,0.08504005577143885
717,12.907290729072908,0.08465507168478514
718,12.925292529252925,0.08426764148527682
719,12.943294329432943,0.08387970945621696
720,12.961296129612961,0.08349344329449786
721,12.97929792979298,0.08311078698623957
722,12.997299729972998,0.0827330634127087
723,13.015301530153016,0.0823607115356533
724,13.033303330333034,0.08199321523841359
725,13.051305130513052,0.08162924050881672
726,13.06930693069307,0.08126695317252336
727,13.087308730873088,0.08090445038094166
728,13.105310531053105,0.08054021404610394
729,13.123312331233123,0.08017348898730205
730,13.141314131413141,0.07980450409219675
731,13.15931593159316,0.07943448809731167
732,13.177317731773178,0.07906547551749707
733,13.195319531953196,0.07869994325310221
734,13.213321332133214,0.07834035462139896
735,13.231323132313232,0.07798870702746294
736,13.24932493249325,0.0776461779268597
737,13.267326732673268,0.07731294152294516
738,13.285328532853285,0.07698819077172417
739,13.303330333033303,0.07667035421420162
740,13.321332133213321,0.07635745498060698
741,13.33933393339334,0.07604752938353189
742,13.357335733573358,0.07573901140182143
743,13.375337533753376,0.07543099933589645
744,13.393339333933394,0.07512334949407234
745,13.411341134113412,0.07481658227708562
746,13.42934293429343,0.07451162916462722
747,13.447344734473448,0.07420948508225175
748,13.465346534653465,0.07391085138687664
749,13.483348334833483,0.07361585574902485
750,13.501350135013501,0.0733239165499838
751,13.51935193519352,0.07303378553099062
752,13.537353735373538,0.07274376118678715
753,13.555355535553556,0.07245202619312284
754,13.573357335733574,0.07215703380153676
755,13.591359135913592,0.07185785685554917
756,13.60936093609361,0.07155442118431757
757,13.627362736273628,0.07124757055079063
758,13.645364536453645,0.07093894719320981
759,13.663366336633663,0.07063071199724415
760,13.681368136813681,0.07032516263728991
761,13.6993699369937,0.0700243292298148
762,13.717371737173718,0.06972963077679711
763,13.735373537353736,0.06944166147917666
764,13.753375337533754,0.06916014731076722
765,13.771377137713772,0.06888407655525874
766,13.78937893789379,0.06861197137534039
767,13.807380738073809,0.06834223873432685
768,13.825382538253827,0.06807352406065545
769,13.843384338433843,0.067804992757147
770,13.861386138613861,0.06753648221328862
771,13.87938793879388,0.06726849624021543
772,13.897389738973898,0.0670020483069005
773,13.915391539153916,0.06673839217826733
774,13.933393339333934,0.0664787017714268
775,13.951395139513952,0.0662237715507649
776,13.96939693969397,0.06597380286823235
777,13.987398739873989,0.06572832189279729
778,14.005400540054007,0.06548624560920031
779,14.023402340234023,0.06524608013713738
780,14.041404140414041,0.06500620720042702
781,14.05940594059406,0.06476519593471429
782,14.077407740774078,0.06452207220867863
783,14.095409540954096,0.06427648719585516
784,14.113411341134114,0.06402874895309843
785,14.131413141314132,0.06377971051354177
786,14.14941494149415,0.06353053915259911
787,14.167416741674169,0.0632824174135786
788,14.185418541854187,0.06303624165712114
789,14.203420342034203,0.06279238504938729
790,14.221422142214221,0.06255057869802515
791,14.23942394239424,0.062309939786333673
792,14.257425742574258,0.06206914423590358
793,14.275427542754276,0.06182671025205884
794,14.293429342934294,0.06158133471158564
795,14.311431143114312,0.06133221200023174
796,14.32943294329433,0.061079267350690566
797,14.347434743474349,0.06082325359845181
798,14.365436543654367,0.06056568811087043
799,14.383438343834383,0.06030863962711769
800,14.401440144014401,0.060054405897686555
801,14.41944194419442,0.05980514569795594
802,14.437443744374438,0.05956253815346528
803,14.455445544554456,0.05932753633838954
804,14.473447344734474,0.05910026207338902
805,14.491449144914492,0.05888005907010998
806,14.50945094509451,0.05866568846892385
807,14.527452745274529,0.05845562152388842
808,14.545454545454547,0.05824836498152189
809,14.563456345634563,0.05804274962520828
810,14.581458145814581,0.05783812244769723
811,14.5994599459946,0.05763440559520488
812,14.617461746174618,0.05743201545827509
813,14.635463546354636,0.05723166631969141
814,14.653465346534654,0.057034107964012634
815,14.671467146714672,0.05683986018724842
816,14.68946894689469,0.0566490064146567
817,14.707470747074709,0.05646109404385521
818,14.725472547254727,0.05627516415931079
819,14.743474347434743,0.05608990364734407
820,14.761476147614761,0.055903885152274714
821,14.77947794779478,0.055715840862785214
822,14.797479747974798,0.055524908992700274
823,14.815481548154816,0.05533079839469559
824,14.833483348334834,0.05513383532392163
825,14.851485148514852,0.0549348826289826
826,14.86948694869487,0.0547351496575297
827,14.887488748874889,0.05453593473078458
828,14.905490549054907,0.05433835608857403
829,14.923492349234923,0.05414312886269547
830,14.941494149414941,0.05395043480888893
831,14.95949594959496,0.05375991084588201
832,14.977497749774978,0.05357075661293868
833,14.995499549954996,0.05338193594953958
834,15.013501350135014,0.05319242782903137
835,15.031503150315032,0.053001472813071285
836,15.04950495049505,0.05280876326419082
837,15.067506750675069,0.05261453855383993
838,15.085508550855087,0.05241956725457579
839,15.103510351035103,0.052225022194577975
840,15.121512151215121,0.052032276166959004
841,15.13951395139514,0.05184266150951644
842,15.157515751575158,0.05165724271068607
843,15.175517551755176,0.051476646754391744
844,15.193519351935194,0.0513009823885267
845,15.211521152115212,0.05112986003059538
846,15.22952295229523,0.050962502871735434
847,15.247524752475249,0.05079792136521478
848,15.265526552655267,0.05063511141370704
849,15.283528352835283,0.05047323345285356
850,15.301530153015301,0.050311735630425514
851,15.31953195319532,0.05015039786190009
852,15.337533753375338,0.049989291636163294
853,15.355535553555356,0.04982866912379723
854,15.373537353735374,0.04966881044959494
855,15.391539153915392,0.04950986675842469
856,15.40954095409541,0.04935173717709955
857,15.427542754275429,0.0491940099595703
858,15.445544554455447,0.04903598373643687
859,15.463546354635463,0.048876766966904565
860,15.481548154815481,0.048715436213704014
861,15.4995499549955,0.04855122044790826
862,15.517551755175518,0.048383672105711366
863,15.535553555355536,0.0482127874776619
864,15.553555355535554,0.048039048878434173
865,15.571557155715572,0.047863376901065555
866,15.58955895589559,0.047686999608641464
867,15.607560756075609,0.04751126287145632
868,15.625562556255627,0.04733741855178159
869,15.643564356435643,0.047166432199493645
870,15.661566156615661,0.04699884824598635
871,15.67956795679568,0.04683473908273905
872,15.697569756975698,0.04667374727633775
873,15.715571557155716,0.046515211080346425
874,15.733573357335734,0.046358346363930325
875,15.751575157515752,0.04620244667379464
876,15.76957695769577,0.04604705977506476
877,15.787578757875789,0.04589210436565584
878,15.805580558055807,0.04573790355615015
879,15.823582358235823,0.04558512937527391
880,15.841584158415841,0.04543467121624416
881,15.85958595859586,0.04528745681289745
882,15.877587758775878,0.04514426373196565
883,15.895589558955896,0.0450055605771904
884,15.913591359135914,0.04487140999526521
885,15.931593159315932,0.044741451819153816
886,15.94959495949595,0.044614967355498136
887,15.967596759675969,0.04449100871241982
888,15.985598559855987,0.044368563845174104
889,16.003600360036003,0.044246721424705406
890,16.021602160216023,0.04412480096190406
891,16.03960396039604,0.04400242235921055
892,16.05760576057606,0.043879503125797345
893,16.075607560756076,0.04375618769464865
894,16.093609360936092,0.043632728051499745
895,16.111611161116112,0.04350934506574984
896,16.12961296129613,0.04338610342362674
897,16.14761476147615,0.043262829326373604
898,16.165616561656165,0.043139090132846364
899,16.183618361836185,0.04301424121084283
900,16.2016201620162,0.04288753049960383
901,16.21962196219622,0.0427582388457179
902,16.237623762376238,0.04262582662905974
903,16.255625562556258,0.042490055998591986
904,16.273627362736274,0.0423510632608604
905,16.29162916291629,0.04220936633540409
906,16.30963096309631,0.0420658054175171
907,16.327632763276327,0.04192142827335639
908,16.345634563456347,0.041777342234128566
909,16.363636363636363,0.0416345608979721
910,16.381638163816383,0.04149387376621857
911,16.3996399639964,0.041355761702957516
912,16.41764176417642,0.041220371483262644
913,16.435643564356436,0.04108755085259523
914,16.453645364536452,0.040956933873493695
915,16.471647164716472,0.04082805715846358
916,16.48964896489649,0.0407004825717313
917,16.50765076507651,0.04057390193535365
918,16.525652565256525,0.040448204004810376
919,16.543654365436545,0.04032349237347313
920,16.56165616561656,0.0402000532440855
921,16.57965796579658,0.0400782820885011
922,16.597659765976598,0.03995858613387757
923,16.615661566156618,0.039841283877886276
924,16.633663366336634,0.039726522715923696
925,16.65166516651665,0.039614231404734496
926,16.66966696669667,0.03950411646334771
927,16.687668766876687,0.039395702322996884
928,16.705670567056707,0.03928840598679072
929,16.723672367236723,0.03918162997962017
930,16.741674167416743,0.039074853858534285
931,16.75967596759676,0.03896770520307655
932,16.77767776777678,0.03885999565487512
933,16.795679567956796,0.03875171524755626
934,16.813681368136812,0.03864298735730519
935,16.831683168316832,0.03853399520361597
936,16.84968496849685,0.038424897118543924
937,16.86768676867687,0.03831575042683462
938,16.885688568856885,0.03820646214030751
939,16.903690369036905,0.03809677906264308
940,16.92169216921692,0.03798632146586249
941,16.93969396939694,0.037874654995990034
942,16.957695769576958,0.03776138690605582
943,16.975697569756978,0.03764626694280445
944,16.993699369936994,0.037529271505721246
945,17.01170117011701,0.03741065248156973
946,17.02970297029703,0.03729093891165146
947,17.047704770477047,0.03717088899865189
948,17.065706570657067,0.03705139996631075
949,17.083708370837083,0.036933391854660706
950,17.101710171017103,0.03681768666531962
951,17.11971197119712,0.03670490524352231
952,17.13771377137714,0.036595400694232796
953,17.155715571557156,0.036489239738959026
954,17.173717371737172,0.03638623378447996
955,17.191719171917192,0.036286011611505894
956,17.20972097209721,0.03618811754471102
957,17.22772277227723,0.036092114373012046
958,17.245724572457245,0.035997670039655656
959,17.263726372637265,0.03590461118049466
960,17.28172817281728,0.03581293402091751
961,17.2997299729973,0.03572277232814891
962,17.317731773177318,0.03563433110860209
963,17.335733573357338,0.03554780168035317
964,17.353735373537354,0.03546327725389119
965,17.37173717371737,0.035380687585552406
966,17.38973897389739,0.03529976685318423
967,17.407740774077407,0.035220061655891484
968,17.425742574257427,0.03514097752680711
969,17.443744374437443,0.035061854352372274
970,17.461746174617463,0.03498205524028001
971,17.47974797479748,0.034901050816381396
972,17.4977497749775,0.034818482106423854
973,17.515751575157516,0.03473418975428626
974,17.533753375337533,0.0346482043490927
975,17.551755175517552,0.03456070062369596
976,17.56975697569757,0.034471925630904995
977,17.58775877587759,0.034382116246469696
978,17.605760576057605,0.034291423473886876
979,17.623762376237625,0.03419985964588727
980,17.64176417641764,0.03410728002898052
981,17.65976597659766,0.034013403456585906
982,17.677767776777678,0.03391786879302455
983,17.695769576957698,0.03382031678753279
984,17.713771377137714,0.03372048161956168
985,17.73177317731773,0.03361827418702447
986,17.74977497749775,0.03351384039640587
987,17.767776777677767,0.03340758216683437
988,17.785778577857787,0.03330013572653101
989,17.803780378037803,0.033192309758860436
990,17.821782178217823,0.033084993521901376
991,17.83978397839784,0.03297905076066095
992,17.85778577857786,0.03287521794251033
993,17.875787578757876,0.032774024529227286
994,17.893789378937893,0.032675748790799125
995,17.911791179117913,0.03258041587094096
996,17.92979297929793,0.03248783675501676
997,17.94779477947795,0.03239767905437677
998,17.965796579657965,0.032309554643590796
999,17.983798379837985,0.03222310634329646
1000,18.001800180018,0.03213807659904269
1001,18.01980198019802,0.032054345300662306
1002,18.037803780378038,0.03197193064350427
1003,18.055805580558058,0.03189095484239397
1004,18.073807380738074,0.031811583914725564
1005,18.09180918091809,0.03173395609420579
1006,18.10981098109811,0.031658115597365095
1007,18.127812781278127,0.031583966993604586
1008,18.145814581458147,0.03151126065789002
1009,18.163816381638163,0.03143961275831077
1010,18.181818181818183,0.031368555485790095
1011,18.1998199819982,0.031297606467918675
1012,18.21782178217822,0.031226342011098144
1013,18.235823582358236,0.0311544579358679
1014,18.253825382538253,0.031081804511444447
1015,18.271827182718273,0.031008387762107587
1016,18.28982898289829,0.030934336945532145
1017,18.30783078307831,0.03085984563302216
1018,18.325832583258325,0.03078509986535903
1019,18.343834383438345,0.030710209968389586
1020,18.36183618361836,0.03063516208039534
1021,18.37983798379838,0.030559801354394338
1022,18.397839783978398,0.03048385201569276
1023,18.415841584158418,0.030406971430653525
1024,18.433843384338434,0.03032882780320361
1025,18.45184518451845,0.030249185687623803
1026,18.46984698469847,0.030167981366151946
1027,18.487848784878487,0.030085371763566564
1028,18.505850585058507,0.030001745634519003
1029,18.523852385238524,0.029917693213498842
1030,18.541854185418543,0.029833938813300032
1031,18.55985598559856,0.029751248278297636
1032,18.57785778577858,0.029670328218264076
1033,18.595859585958596,0.029591735549734127
1034,18.613861386138616,0.029515813751009715
1035,18.631863186318633,0.029442666856802316
1036,18.64986498649865,0.029372174703514276
1037,18.66786678667867,0.029304044831929138
1038,18.685868586858685,0.029237889405628215
1039,18.703870387038705,0.029173310918517478
1040,18.72187218721872,0.02910997923161231
1041,18.73987398739874,0.029047684793924666
1042,18.757875787578758,0.028986358239774405
1043,18.775877587758778,0.028926053784652524
1044,18.793879387938794,0.028866901464183845
1045,18.81188118811881,0.028809039713861447
1046,18.82988298829883,0.02875254376255152
1047,18.847884788478847,0.028697366017211498
1048,18.865886588658867,0.02864330192872009
1049,18.883888388838884,0.028589989321448635
1050,18.901890189018903,0.028536941990267857
1051,18.91989198919892,0.028483611009106565
1052,18.93789378937894,0.028429461186956585
1053,18.955895589558956,0.02837404671181256
1054,18.973897389738976,0.028317069972351054
1055,18.991899189918993,0.02825841088914912
1056,19.00990099009901,0.02819812016825589
1057,19.02790279027903,0.02813637747944002
1058,19.045904590459045,0.028073423096009187
1059,19.063906390639065,0.028009477432901782
1060,19.08190819081908,0.027944665914089242
1061,19.0999099909991,0.02787896599640042
1062,19.117911791179118,0.027812189015031297
1063,19.135913591359138,0.027744002576935746
1064,19.153915391539154,0.02767399088717408
1065,19.17191719171917,0.0276017423471265
1066,19.18991899189919,0.027526947685614193
1067,19.207920792079207,0.02744948907579204
1068,19.225922592259227,0.027369501803694157
1069,19.243924392439244,0.02728739494207765
1070,19.261926192619264,0.02720382521750369
1071,19.27992799279928,0.027119627309447232
1072,19.2979297929793,0.027035712364986263
1073,19.315931593159316,0.02695295281108455
1074,19.333933393339336,0.026872074303471424
1075,19.351935193519353,0.026793574289721376
1076,19.36993699369937,0.02671768145043267
1077,19.38793879387939,0.026644362273937135
1078,19.405940594059405,0.02657337184737612
1079,19.423942394239425,0.026504337474573918
1080,19.44194419441944,0.026436857668051324
1081,19.45994599459946,0.02637059660731499
1082,19.477947794779478,0.02630535574974236
1083,19.495949594959498,0.026241109523323012
1084,19.513951395139514,0.026177999772519417
1085,19.53195319531953,0.026116292221503575
1086,19.54995499549955,0.026056305869407326
1087,19.567956795679567,0.02599833137983789
1088,19.585958595859587,0.025942556168894
1089,19.603960396039604,0.025889011787207157
1090,19.621962196219624,0.025837553881078335
1091,19.63996399639964,0.02578787771609172
1092,19.65796579657966,0.025739564555169535
1093,19.675967596759676,0.02569214774689795
1094,19.693969396939696,0.025645183537883236
1095,19.711971197119713,0.02559831113037621
1096,19.72997299729973,0.025551289387993958
1097,19.74797479747975,0.02550400315222055
1098,19.765976597659765,0.025456439116747703
1099,19.783978397839785,0.025408638081025496
1100,19.801980198019802,0.025360635683658313
1101,19.81998199819982,0.025312406278419373
1102,19.837983798379838,0.025263823932637937
1103,19.855985598559858,0.02521465076761704
1104,19.873987398739875,0.025164556842981512
1105,19.89198919891989,0.02511316880209879
1106,19.90999099909991,0.025060138030999213
1107,19.927992799279927,0.025005214510296497
1108,19.945994599459947,0.024948310831166012
1109,19.963996399639964,0.024889542377798023
1110,19.981998199819984,0.024829234153993893
1111,20.0,0.024767891247527936
1112,20.01800180018002,0.024706137159053204
1113,20.036003600360036,0.02464463070003469
1114,20.054005400540056,0.024583976564249474
1115,20.072007200720073,0.02452464609633057
1116,20.09000900090009,0.024466922916370357
1117,20.10801080108011,0.024410883272270076
1118,20.126012601260125,0.024356414232213658
1119,20.144014401440145,0.02430326544881905
1120,20.162016201620162,0.024251123702521173
1121,20.180018001800182,0.024199695072750476
1122,20.198019801980198,0.024148778265012466
1123,20.216021602160218,0.02409831460084981
1124,20.234023402340235,0.024048405049316567
1125,20.25202520252025,0.023999291449310043
1126,20.27002700270027,0.023951306361202594
1127,20.288028802880287,0.02390480230664646
1128,20.306030603060307,0.02386007521775608
1129,20.324032403240324,0.023817297895604852
1130,20.342034203420344,0.023776476983684246
1131,20.36003600360036,0.023737441883947157
1132,20.37803780378038,0.023699867250872406
1133,20.396039603960396,0.023663323622596183
1134,20.414041404140416,0.023627344880385162
1135,20.432043204320433,0.023591497810778177
1136,20.45004500450045,0.023555438806335864
1137,20.46804680468047,0.023518945736616514
1138,20.486048604860486,0.023481918616742373
1139,20.504050405040505,0.0234443497024249
1140,20.522052205220522,0.023406270542380134
1141,20.540054005400542,0.023367688824105344
1142,20.55805580558056,0.023328530387328822
1143,20.576057605760578,0.023288600962963323
1144,20.594059405940595,0.023247578149954293
1145,20.61206120612061,0.02320503768896474
1146,20.63006300630063,0.023160510579315632
1147,20.648064806480647,0.023113560609235476
1148,20.666066606660667,0.023063866934207963
1149,20.684068406840684,0.023011294537921827
1150,20.702070207020704,0.022955937191699975
1151,20.72007200720072,0.02289812258955986
1152,20.73807380738074,0.022838376683210076
1153,20.756075607560756,0.022777352390051776
1154,20.774077407740776,0.02271573512924837
1155,20.792079207920793,0.022654142549293155
1156,20.81008100810081,0.022593037313115752
1157,20.82808280828083,0.022532669561112842
1158,20.846084608460846,0.022473060098129112
1159,20.864086408640865,0.022414027544034976
1160,20.882088208820882,0.022355254199089493
1161,20.900090009000902,0.02229637789222478
1162,20.91809180918092,0.022237092085333268
1163,20.936093609360938,0.02217723497911587
1164,20.954095409540955,0.02211685058852946
1165,20.97209720972097,0.022056210262693873
1166,20.99009900990099,0.021995790802040206
1167,21.008100810081007,0.021936213643250962
1168,21.026102610261027,0.021878156901991054
1169,21.044104410441044,0.02182225696747897
1170,21.062106210621064,0.021769017915083982
1171,21.08010801080108,0.021718745002146357
1172,21.0981098109811,0.0216715134095289
1173,21.116111611161116,0.021627176264962463
1174,21.134113411341136,0.021585408292896773
1175,21.152115211521153,0.021545774720691056
1176,21.17011701170117,0.02150781064613845
1177,21.18811881188119,0.021471094762400837
1178,21.206120612061206,0.021435303323559453
1179,21.224122412241226,0.02140023502560856
1180,21.242124212421242,0.02136580402075236
1181,21.260126012601262,0.021332005185018446
1182,21.27812781278128,0.021298861577953285
1183,21.2961296129613,0.02126636757214099
1184,21.314131413141315,0.021234441683233476
1185,21.33213321332133,0.02120290062387264
1186,21.35013501350135,0.021171461106612582
1187,21.368136813681367,0.02113976952313111
1188,21.386138613861387,0.021107453213966634
1189,21.404140414041404,0.021074182001605588
1190,21.422142214221424,0.02103972608781878
1191,21.44014401440144,0.021003996889822928
1192,21.45814581458146,0.02096706083864243
1193,21.476147614761476,0.020929121879536723
1194,21.494149414941496,0.020890475197720804
1195,21.512151215121513,0.020851441097602195
1196,21.53015301530153,0.02081229260391254
1197,21.54815481548155,0.02077319219558264
1198,21.566156615661566,0.020734151672679498
1199,21.584158415841586,0.020695024720685788
1200,21.602160216021602,0.020655535147579826
1201,21.620162016201622,0.020615336371176185
1202,21.63816381638164,0.020574091065144913
1203,21.65616561656166,0.020531555343344703
1204,21.674167416741675,0.0204876504590873
1205,21.69216921692169,0.02044250706523383
1206,21.71017101710171,0.020396472249189515
1207,21.728172817281727,0.020350076800319444
1208,21.746174617461747,0.02030396801987838
1209,21.764176417641764,0.02025882023911756
1210,21.782178217821784,0.02021523965873511
1211,21.8001800180018,0.020173681242212332
1212,21.81818181818182,0.020134392952578836
1213,21.836183618361837,0.020097397119556108
1214,21.854185418541856,0.02006251129792725
1215,21.872187218721873,0.02002940316074538
1216,21.89018901890189,0.019997667370290483
1217,21.90819081908191,0.01996690833190851
1218,21.926192619261926,0.01993681206486959
1219,21.944194419441946,0.019907193215244492
1220,21.962196219621962,0.019878008858684196
1221,21.980198019801982,0.019849337978104942
1222,21.998199819982,0.01982133280752433
1223,22.01620162016202,0.019794154064867103
1224,22.034203420342035,0.01976790523760657
1225,22.05220522052205,0.01974258090305187
1226,22.07020702070207,0.01971804064100117
1227,22.088208820882087,0.019694014203142016
1228,22.106210621062107,0.01967013653699442
1229,22.124212421242124,0.019646004562555615
1230,22.142214221422144,0.019621242721910702
1231,22.16021602160216,0.019595562324897658
1232,22.17821782178218,0.019568801035152676
1233,22.196219621962197,0.019540933203865365
1234,22.214221422142217,0.01951204823069657
1235,22.232223222322233,0.01948230132149888
1236,22.25022502250225,0.019451847365736352
1237,22.26822682268227,0.019420772783756778
1238,22.286228622862286,0.019389041167661127
1239,22.304230423042306,0.019356466092885577
1240,22.322232223222322,0.01932271906681103
1241,22.340234023402342,0.019287373295018104
1242,22.35823582358236,0.019249976285496878
1243,22.37623762376238,0.019210137878130917
1244,22.394239423942395,0.01916761645227832
1245,22.41224122412241,0.019122385682497713
1246,22.43024302430243,0.019074667434738925
1247,22.448244824482448,0.01902492263669861
1248,22.466246624662467,0.01897380000399299
1249,22.484248424842484,0.018922050760996012
1250,22.502250225022504,0.01887042430190916
1251,22.52025202520252,0.01881956370905048
1252,22.53825382538254,0.018769920354883386
1253,22.556255625562557,0.018721703364925242
1254,22.574257425742577,0.018674873166722884
1255,22.592259225922593,0.018629179976214414
1256,22.61026102610261,0.018584239525665087
1257,22.62826282628263,0.018539631302087627
1258,22.646264626462646,0.01849500042369602
1259,22.664266426642666,0.01845014383533456
1260,22.682268226822682,0.018405064811591508
1261,22.700270027002702,0.018359986127742315
1262,22.71827182718272,0.018315320396262155
1263,22.73627362736274,0.018271604332824702
1264,22.754275427542755,0.018229410467428167
1265,22.77227722772277,0.018189253738958668
1266,22.79027902790279,0.018151510782938075
1267,22.808280828082808,0.01811636655281283
1268,22.826282628262828,0.018083796935754827
1269,22.844284428442844,0.018053588524869425
1270,22.862286228622864,0.01802538926549818
1271,22.88028802880288,0.017998777831618438
1272,22.8982898289829,0.017973336472645034
1273,22.916291629162917,0.01794871226355407
1274,22.934293429342937,0.0179246550460604
1275,22.952295229522953,0.017901026054572146
1276,22.97029702970297,0.017877777985878793
1277,22.98829882988299,0.017854913606775293
1278,23.006300630063006,0.017832434534571666
1279,23.024302430243026,0.017810293623064574
1280,23.042304230423042,0.017788363106482033
1281,23.060306030603062,0.017766426639377882
1282,23.07830783078308,0.017744197559103114
1283,23.0963096309631,0.017721359410559624
1284,23.114311431143115,0.017697619423233953
1285,23.132313231323135,0.017672762413264792
1286,23.15031503150315,0.01764669221661707
1287,23.168316831683168,0.01761945033025475
1288,23.186318631863188,0.01759120638610414
1289,23.204320432043204,0.017562221324149238
1290,23.222322232223224,0.017532790296772443
1291,23.24032403240324,0.017503177068827966
1292,23.25832583258326,0.017473553925268222
1293,23.276327632763277,0.017443960341844193
1294,23.294329432943297,0.017414290040804623
1295,23.312331233123313,0.017384310286990612
1296,23.33033303330333,0.01735371058392355
1297,23.34833483348335,0.017322171711125912
1298,23.366336633663366,0.017289441614517495
1299,23.384338433843386,0.017255402960744296
1300,23.402340234023402,0.017220118564102133
1301,23.420342034203422,0.017183845116555525
1302,23.43834383438344,0.01714701183705282
1303,23.45634563456346,0.017110167542203757
1304,23.474347434743475,0.01707390582379497
1305,23.492349234923495,0.017038782249358075
1306,23.51035103510351,0.017005238938958493
1307,23.528352835283528,0.016973550251832063
1308,23.546354635463548,0.016943799003636545
1309,23.564356435643564,0.01691588653567425
1310,23.582358235823584,0.016889573328193467
1311,23.6003600360036,0.016864541034674156
1312,23.61836183618362,0.016840462966813515
1313,23.636363636363637,0.01681706891147986
1314,23.654365436543657,0.01679419187630916
1315,23.672367236723673,0.01677178851613697
1316,23.69036903690369,0.01674993067415146
1317,23.70837083708371,0.016728771473593244
1318,23.726372637263726,0.016708494475033506
1319,23.744374437443746,0.016689257548734814
1320,23.762376237623762,0.016671143707730953
1321,23.780378037803782,0.016654129154490827
1322,23.7983798379838,0.016638074704354813
1323,23.81638163816382,0.01662274148316263
1324,23.834383438343835,0.01660782650293184
1325,23.852385238523855,0.016593009528033734
1326,23.87038703870387,0.0165780004287295
1327,23.888388838883888,0.016562576415983327
1328,23.906390639063908,0.01654660107528991
1329,23.924392439243924,0.0165300213848046
1330,23.942394239423944,0.016512843964506654
1331,23.96039603960396,0.016495096548290872
1332,23.97839783978398,0.01647678406748459
1333,23.996399639963997,0.01645785004741522
1334,24.014401440144017,0.016438152965227007
1335,24.032403240324033,0.016417464023384284
1336,24.05040504050405,0.016395488143806324
1337,24.06840684068407,0.016371904877695048
1338,24.086408640864086,0.01634642144945182
1339,24.104410441044106,0.016318827269469427
1340,24.122412241224122,0.016289038583792315
1341,24.140414041404142,0.01625712363586617
1342,24.15841584158416,0.016223302456072116
1343,24.17641764176418,0.016187920402887624
1344,24.194419441944195,0.016151399826626556
1345,24.212421242124215,0.016114178636295915
1346,24.23042304230423,0.01607664722133488
1347,24.248424842484248,0.016039095572442905
1348,24.266426642664268,0.01600168048736412
1349,24.284428442844284,0.015964418844501532
1350,24.302430243024304,0.015927207874918938
1351,24.32043204320432,0.015889868178370466
1352,24.33843384338434,0.01585220093927437
1353,24.356435643564357,0.015814048234395157
1354,24.374437443744377,0.015775344954505617
1355,24.392439243924393,0.015736152709054506
1356,24.41044104410441,0.015696669727006465
1357,24.42844284428443,0.01565721544572546
1358,24.446444644464446,0.015618193249685323
1359,24.464446444644466,0.015580038752966215
1360,24.482448244824482,0.015543163384680144
1361,24.500450045004502,0.015507903443335198
1362,24.51845184518452,0.015474483245743402
1363,24.53645364536454,0.01544299790241311
1364,24.554455445544555,0.015413417285283233
1365,24.572457245724575,0.015385608733238399
1366,24.59045904590459,0.01535937275096809
1367,24.608460846084608,0.015334483993900076
1368,24.626462646264628,0.015310729494982824
1369,24.644464446444644,0.015287937336072189
1370,24.662466246624664,0.01526599144298715
1371,24.68046804680468,0.015244831311730215
1372,24.6984698469847,0.015224438583965782
1373,24.716471647164717,0.015204814861018844
1374,24.734473447344737,0.015185956526870211
1375,24.752475247524753,0.015167832442746474
1376,24.77047704770477,0.015150369255323915
1377,24.78847884788479,0.01513344704562343
1378,24.806480648064806,0.015116905615821005
1379,24.824482448244826,0.015100559398507612
1380,24.842484248424842,0.015084217249824804
1381,24.860486048604862,0.015067702574280377
1382,24.87848784878488,0.015050869436692881
1383,24.8964896489649,0.015033611439563126
1384,24.914491449144915,0.015015861893829141
1385,24.932493249324935,0.014997585786854506
1386,24.95049504950495,0.014978765829484071
1387,24.968496849684968,0.014959386083984508
1388,24.986498649864988,0.014939417109839762
1389,25.004500450045004,0.014918806159129702
1390,25.022502250225024,0.014897474824550939
1391,25.04050405040504,0.014875324947392243
1392,25.05850585058506,0.014852251866929077
1393,25.076507650765077,0.01482816258349733
1394,25.094509450945097,0.014802995403126684
1395,25.112511251125113,0.014776737309235182
1396,25.13051305130513,0.014749435704949068
1397,25.14851485148515,0.014721202188546476
1398,25.166516651665166,0.014692207453563866
1399,25.184518451845186,0.014662667968089814
1400,25.202520252025202,0.014632826497957357
1401,25.220522052205222,0.014602929551294466
1402,25.23852385238524,0.014573205275870917
1403,25.25652565256526,0.014543845180925812
1404,25.274527452745275,0.014514992335474767
1405,25.292529252925295,0.01448673756137313
1406,25.31053105310531,0.014459123798440023
1407,25.328532853285328,0.014432157499757832
1408,25.346534653465348,0.01440582483012158
1409,25.364536453645364,0.014380109752288933
1410,25.382538253825384,0.014355010885449895
1411,25.4005400540054,0.014330554319027498
1412,25.41854185418542,0.014306800296721486
1413,25.436543654365437,0.014283842722729933
1414,25.454545454545457,0.014261801616387145
1415,25.472547254725473,0.014240809770773574
1416,25.49054905490549,0.01422099578454519
1417,25.50855085508551,0.0142024661983511
1418,25.526552655265526,0.014185289594545576
1419,25.544554455445546,0.014169485192139317
1420,25.562556255625562,0.014155017736081955
1421,25.580558055805582,0.014141799451231195
1422,25.5985598559856,0.014129698665710844
1423,25.61656165616562,0.014118553592316483
1424,25.634563456345635,0.014108188877425326
1425,25.652565256525655,0.014098432042679522
1426,25.67056705670567,0.014089126956438115
1427,25.688568856885688,0.014080142001214453
1428,25.706570657065708,0.014071371581398335
1429,25.724572457245724,0.014062730887509157
1430,25.742574257425744,0.014054145177859752
1431,25.76057605760576,0.01404553600353264
1432,25.77857785778578,0.014036807549690986
1433,25.796579657965797,0.014027836418893685
1434,25.814581458145817,0.014018467666125434
1435,25.832583258325833,0.014008518763732056
1436,25.85058505850585,0.013997791609056207
1437,25.86858685868587,0.013986090973797646
1438,25.886588658865886,0.013973246272479927
1439,25.904590459045906,0.013959132528205954
1440,25.922592259225922,0.01394368618777415
1441,25.940594059405942,0.013926912096987808
1442,25.95859585958596,0.013908879427979364
1443,25.97659765976598,0.013889706414743175
1444,25.994599459945995,0.013869536021051064
1445,26.012601260126015,0.013848506683911037
1446,26.03060306030603,0.01382672360939095
1447,26.048604860486048,0.013804236418556742
1448,26.066606660666068,0.01378102810769485
1449,26.084608460846084,0.013757018385798746
1450,26.102610261026104,0.013732081796841891
1451,26.12061206120612,0.013706078114303646
1452,26.13861386138614,0.013678889886120604
1453,26.156615661566157,0.01365046025653362
1454,26.174617461746177,0.013620823700385889
1455,26.192619261926193,0.013590123243414354
1456,26.21062106210621,0.013558609994828741
1457,26.22862286228623,0.013526623999085769
1458,26.246624662466246,0.01349455892946109
1459,26.264626462646266,0.013462816310992987
1460,26.282628262826282,0.013431757132903233
1461,26.300630063006302,0.013401659426345443
1462,26.31863186318632,0.013372689456837452
1463,26.33663366336634,0.013344891752338592
1464,26.354635463546355,0.013318199704659354
1465,26.372637263726375,0.01329246461396681
1466,26.39063906390639,0.013267497554960265
1467,26.408640864086408,0.013243116027210214
1468,26.426642664266428,0.013219186501882325
1469,26.444644464446444,0.01319565487139345
1470,26.462646264626464,0.013172559273092686
1471,26.48064806480648,0.01315002329698484
1472,26.4986498649865,0.013128231482939325
1473,26.516651665166517,0.013107392471854665
1474,26.534653465346537,0.0130876974945779
1475,26.552655265526553,0.013069282595625849
1476,26.57065706570657,0.013052201965270606
1477,26.58865886588659,0.013036417227026894
1478,26.606660666066606,0.013021804047600186
1479,26.624662466246626,0.013008173752423111
1480,26.642664266426642,0.012995304531909382
1481,26.660666066606662,0.01298297497252035
1482,26.67866786678668,0.012970992432008385
1483,26.6966696669667,0.012959210232081192
1484,26.714671467146715,0.01294753043072866
1485,26.732673267326735,0.01293589243174221
1486,26.75067506750675,0.01292425110199157
1487,26.768676867686768,0.012912550621517416
1488,26.786678667866788,0.012900701395098316
1489,26.804680468046804,0.012888566732078392
1490,26.822682268226824,0.012875963763405864
1491,26.84068406840684,0.012862679687691093
1492,26.85868586858686,0.012848500667470715
1493,26.876687668766877,0.012833247388345851
1494,26.894689468946897,0.012816809225424788
1495,26.912691269126913,0.01279916865937401
1496,26.93069306930693,0.01278040919775427
1497,26.94869486948695,0.012760703314016474
1498,26.966696669666966,0.012740281168531226
1499,26.984698469846986,0.012719385228569781
1500,27.002700270027002,0.012698219402351062
1501,27.020702070207022,0.012676903136691824
1502,27.03870387038704,0.012655440614993154
1503,27.05670567056706,0.01263371269097115
1504,27.074707470747075,0.012611494929381888
1505,27.092709270927095,0.012588499916555324
1506,27.11071107110711,0.012564436902012985
1507,27.128712871287128,0.012539077907184462
1508,27.146714671467148,0.012512317551180666
1509,27.164716471647164,0.012484214465622829
1510,27.182718271827184,0.012455005265675997
1511,27.2007200720072,0.012425087066575746
1512,27.21872187218722,0.012394970526294036
1513,27.236723672367237,0.012365211173740516
1514,27.254725472547257,0.012336331180531153
1515,27.272727272727273,0.012308745840085305
1516,27.29072907290729,0.012282708364769957
1517,27.30873087308731,0.012258283284322642
1518,27.326732673267326,0.012235353352674309
1519,27.344734473447346,0.012213658492443314
1520,27.362736273627362,0.012192859186041446
1521,27.380738073807382,0.01217261207647327
1522,27.3987398739874,0.012152643295872468
1523,27.41674167416742,0.012132805640888667
1524,27.434743474347435,0.012113109032893704
1525,27.452745274527455,0.012093719060726819
1526,27.47074707470747,0.012074924717052024
1527,27.488748874887488,0.012057082431589598
1528,27.506750675067508,0.012040547974979766
1529,27.524752475247524,0.012025609875574637
1530,27.542754275427544,0.012012437277268667
1531,27.56075607560756,0.012001051863313173
1532,27.57875787578758,0.011991328302544065
1533,27.596759675967597,0.011983021739351113
1534,27.614761476147617,0.011975815388831244
1535,27.632763276327633,0.011969377438200915
1536,27.650765076507653,0.011963414967350563
1537,27.66876687668767,0.011957713747890453
1538,27.686768676867686,0.011952156263543573
1539,27.704770477047706,0.011946715326340278
1540,27.722772277227723,0.011941426134802665
1541,27.740774077407742,0.011936344344057721
1542,27.75877587758776,0.011931500679697615
1543,27.77677767776778,0.011926863203345205
1544,27.794779477947795,0.011922316425767783
1545,27.812781278127815,0.011917662501210775
1546,27.83078307830783,0.011912644606637482
1547,27.848784878487848,0.01190698744660297
1548,27.866786678667868,0.011900445770533416
1549,27.884788478847884,0.01189284974663944
1550,27.902790279027904,0.011884136473003121
1551,27.92079207920792,0.011874359751782693
1552,27.93879387938794,0.011863674912684056
1553,27.956795679567957,0.01185230095322329
1554,27.974797479747977,0.01184046738381849
1555,27.992799279927993,0.011828356807197881
1556,28.010801080108013,0.011816055609313359
1557,28.02880288028803,0.011803523858217362
1558,28.046804680468046,0.011790591818981153
1559,28.064806480648066,0.011776985131281328
1560,28.082808280828083,0.01176237475968096
1561,28.100810081008103,0.011746442548316782
1562,28.11881188118812,0.01172894970312387
1563,28.13681368136814,0.01170979454210269
1564,28.154815481548155,0.01168904763839588
1565,28.172817281728175,0.011666956704404902
1566,28.19081908190819,0.01164391939619335
1567,28.208820882088208,0.01162042848963476
1568,28.226822682268228,0.011596999330790718
1569,28.244824482448244,0.011574092992980107
1570,28.262826282628264,0.011552049469474053
1571,28.28082808280828,0.011531043313526468
1572,28.2988298829883,0.011511069793766305
1573,28.316831683168317,0.011491963736343194
1574,28.334833483348337,0.01147344695524621
1575,28.352835283528353,0.011455194773184636
1576,28.370837083708373,0.011436908663775875
1577,28.38883888388839,0.011418381158453826
1578,28.406840684068406,0.011399540988209637
1579,28.424842484248426,0.011380470555065556
1580,28.442844284428443,0.011361393382655974
1581,28.460846084608463,0.011342635042755709
1582,28.47884788478848,0.011324566026063762
1583,28.4968496849685,0.011307538157888264
1584,28.514851485148515,0.011291826886792325
1585,28.532853285328535,0.011277590034050827
1586,28.55085508550855,0.011264849824318496
1587,28.568856885688568,0.011253500062810716
1588,28.586858685868588,0.01124333523632283
1589,28.604860486048604,0.011234094140347317
1590,28.622862286228624,0.011225508192413587
1591,28.64086408640864,0.01121734431277533
1592,28.65886588658866,0.011209434099848129
1593,28.676867686768677,0.011201684515763156
1594,28.694869486948697,0.01119406961338105
1595,28.712871287128714,0.011186607019177446
1596,28.730873087308733,0.011179326037644531
1597,28.74887488748875,0.011172235716407727
1598,28.766876687668766,0.01116530074642835
1599,28.784878487848786,0.011158430839299608
1600,28.802880288028803,0.01115148577834105
1601,28.820882088208823,0.011144294490664331
1602,28.83888388838884,0.011136683114112029
1603,28.85688568856886,0.011128504893758662
1604,28.874887488748875,0.011119664307939878
1605,28.892889288928895,0.011110129177094825
1606,28.91089108910891,0.0110999273329494
1607,28.928892889288928,0.011089128076636421
1608,28.946894689468948,0.011077812305552867
1609,28.964896489648964,0.01106603801356424
1610,28.982898289828984,0.01105380922270615
1611,29.000900090009,0.011041055964361769
1612,29.01890189018902,0.011027630764220819
1613,29.036903690369037,0.011013323645979237
1614,29.054905490549057,0.010997893682770097
1615,29.072907290729074,0.010981111446496238
1616,29.090909090909093,0.010962804129210846
1617,29.10891089108911,0.01094289420509363
1618,29.126912691269126,0.010921423484962289
1619,29.144914491449146,0.010898557110404175
1620,29.162916291629163,0.010874565905233816
1621,29.180918091809183,0.010849789764837567
1622,29.1989198919892,0.01082458855188144
1623,29.21692169216922,0.010799289508356092
1624,29.234923492349235,0.010774140971697835
1625,29.252925292529255,0.010749281038235232
1626,29.27092709270927,0.010724726980591601
1627,29.288928892889288,0.010700387265381186
1628,29.306930693069308,0.010676093721714318
1629,29.324932493249324,0.010651647625632095
1630,29.342934293429344,0.010626870923582502
1631,29.36093609360936,0.010601652994405452
1632,29.37893789378938,0.010575984371161903
1633,29.396939693969397,0.010549971473039996
1634,29.414941494149417,0.010523830085596118
1635,29.432943294329434,0.010497859334395492
1636,29.450945094509454,0.010472401442177866
1637,29.46894689468947,0.010447794978093755
1638,29.486948694869486,0.010424330177740112
1639,29.504950495049506,0.010402214130988246
1640,29.522952295229523,0.010381551423499799
1641,29.540954095409543,0.010362342668922598
1642,29.55895589558956,0.010344499933754664
1643,29.57695769576958,0.010327875011403313
1644,29.594959495949595,0.010312294410544633
1645,29.612961296129615,0.010297594132416913
1646,29.63096309630963,0.010283647893872422
1647,29.648964896489648,0.010270384205095648
1648,29.666966696669668,0.010257790211665074
1649,29.684968496849685,0.010245902917676164
1650,29.702970297029704,0.010234790772689741
1651,29.72097209720972,0.010224530188888368
1652,29.73897389738974,0.010215182102919718
1653,29.756975697569757,0.010206773183662787
1654,29.774977497749777,0.010199284903800036
1655,29.792979297929794,0.0101926517935165
1656,29.810981098109814,0.010186768210889667
1657,29.82898289828983,0.010181501310481018
1658,29.846984698469846,0.01017670688186798
1659,29.864986498649866,0.010172244515772269
1660,29.882988298829883,0.01016798910929085
1661,29.900990099009903,0.010163836855327717
1662,29.91899189918992,0.010159705278548897
1663,29.93699369936994,0.01015552824904107
1664,29.954995499549955,0.010151247931883843
1665,29.972997299729975,0.010146806121909331
1666,29.990999099909992,0.010142137307736485
1667,30.009000900090008,0.010137165183980956
1668,30.027002700270028,0.010131803370494491
1669,30.045004500450045,0.01012596004680699
1670,30.063006300630065,0.010119545312752214
1671,30.08100810081008,0.010112479531765679
1672,30.0990099009901,0.01010470079764226
1673,30.117011701170117,0.01009616997731148
1674,30.135013501350137,0.010086872414118556
1675,30.153015301530154,0.010076816157325183
1676,30.171017101710174,0.010066027324386261
1677,30.18901890189019,0.010054543739983792
1678,30.207020702070206,0.010042408229176522
1679,30.225022502250226,0.010029662851119022
1680,30.243024302430243,0.01001634500227895
1681,30.261026102610263,0.010002485808306795
1682,30.27902790279028,0.009988110699529956
1683,30.2970297029703,0.009973241651473577
1684,30.315031503150315,0.009957900350862574
1685,30.333033303330335,0.00994211154151663
1686,30.351035103510352,0.00992590597600228
1687,30.36903690369037,0.009909322666641192
1688,30.387038703870388,0.009892410395101648
1689,30.405040504050405,0.009875228617510388
1690,30.423042304230425,0.009857847943269856
1691,30.44104410441044,0.00984035027222866
1692,30.45904590459046,0.009822828496453575
1693,30.477047704770477,0.009805385491373048
1694,30.495049504950497,0.009788132024299147
1695,30.513051305130514,0.00977118326174656
1696,30.531053105310534,0.009754653781036278
1697,30.54905490549055,0.009738651351415653
1698,30.567056705670566,0.009723270160146734
1699,30.585058505850586,0.00970858450436181
1700,30.603060306030603,0.009694644134906043
1701,30.621062106210623,0.009681472341876492
1702,30.63906390639064,0.009669067490865869
1703,30.65706570657066,0.009657408104326939
1704,30.675067506750676,0.009646460851609313
1705,30.693069306930695,0.009636190125734323
1706,30.711071107110712,0.009626567413909803
1707,30.72907290729073,0.009617578547055493
1708,30.747074707470748,0.00960922720549934
1709,30.765076507650765,0.009601533735398958
1710,30.783078307830785,0.009594529271813954
1711,30.8010801080108,0.009588246176491863
1712,30.81908190819082,0.009582706656747365
1713,30.837083708370837,0.00957791193105793
1714,30.855085508550857,0.009573834310594257
1715,30.873087308730874,0.009570414042359143
1716,30.891089108910894,0.009567561796432183
1717,30.90909090909091,0.009565166470590383
1718,30.927092709270926,0.009563106791485585
1719,30.945094509450946,0.009561264285172379
1720,30.963096309630963,0.009559534792957883
1721,30.981098109810983,0.00955783593871165
1722,30.999099909991,0.0095561087912233
1723,31.01710171017102,0.009554313250150668
1724,31.035103510351036,0.009552418145617265
1725,31.053105310531055,0.009550388353309264
1726,31.071107110711072,0.009548172078683581
1727,31.08910891089109,0.009545691632758466
1728,31.10711071107111,0.009542840427798944
1729,31.125112511251125,0.009539487652676872
1730,31.143114311431145,0.009535490391482694
1731,31.16111611161116,0.009530711183126008
1732,31.17911791179118,0.009525037579472711
1733,31.197119711971197,0.009518399491308761
1734,31.215121512151217,0.009510780232609331
1735,31.233123312331234,0.009502218217544323
1736,31.251125112511254,0.00949279806295802
1737,31.26912691269127,0.009482632057411308
1738,31.287128712871286,0.009471835121718418
1739,31.305130513051306,0.009460498033427567
1740,31.323132313231323,0.009448664430966083
1741,31.341134113411343,0.009436316736217152
1742,31.35913591359136,0.00942337464812014
1743,31.37713771377138,0.00940970751154548
1744,31.395139513951396,0.00939515909729113
1745,31.413141314131416,0.009379580693571624
1746,31.431143114311432,0.009362866459401986
1747,31.44914491449145,0.009344984162290819
1748,31.46714671467147,0.009325994941052004
1749,31.485148514851485,0.009306057556445438
1750,31.503150315031505,0.009285415406148363
1751,31.52115211521152,0.009264367860161398
1752,31.53915391539154,0.009243230578202958
1753,31.557155715571557,0.009222291775298111
1754,31.575157515751577,0.009201772420518513
1755,31.593159315931594,0.00918179784585172
1756,31.611161116111614,0.009162386266189511
1757,31.62916291629163,0.00914345662110562
1758,31.647164716471647,0.009124854528138292
1759,31.665166516651666,0.00910639168639296
1760,31.683168316831683,0.009087891467142388
1761,31.701170117011703,0.009069232194802337
1762,31.71917191719172,0.009050380012111272
1763,31.73717371737174,0.009031405173244269
1764,31.755175517551756,0.0090124787445029
1765,31.773177317731776,0.008993850404240602
1766,31.791179117911792,0.00897581159661692
1767,31.80918091809181,0.00895865101216473
1768,31.82718271827183,0.008942610715810265
1769,31.845184518451845,0.008927850968382332
1770,31.863186318631865,0.008914429963566804
1771,31.88118811881188,0.0089023017094751
1772,31.8991899189919,0.008891331732311464
1773,31.917191719171917,0.008881326882639514
1774,31.935193519351937,0.00887207295415998
1775,31.953195319531954,0.008863372574474913
1776,31.971197119711974,0.008855076114446905
1777,31.98919891989199,0.0088471000879536
1778,32.00720072007201,0.00883943028586941
1779,32.02520252025202,0.008832110109359179
1780,32.04320432043205,0.008825217561253554
1781,32.06120612061206,0.008818836506576864
1782,32.07920792079208,0.008813028700682764
1783,32.097209720972096,0.008807812558383662
1784,32.11521152115212,0.008803152854992813
1785,32.133213321332136,0.008798962930158874
1786,32.15121512151215,0.008795118098806735
1787,32.16921692169217,0.008791476493492299
1788,32.187218721872185,0.008787902007311539
1789,32.20522052205221,0.008784283704138645
1790,32.223222322232225,0.008780547061749258
1791,32.24122412241224,0.008776654473394709
1792,32.25922592259226,0.008772595080295313
1793,32.27722772277228,0.008768366637135268
1794,32.2952295229523,0.008763954123716272
1795,32.313231323132314,0.008759310742524914
1796,32.33123312331233,0.008754346556848105
1797,32.349234923492354,0.008748928390764145
1798,32.36723672367237,0.008742892074220724
1799,32.38523852385239,0.008736065224993199
1800,32.4032403240324,0.008728296156417029
1801,32.42124212421242,0.008719482778835386
1802,32.43924392439244,0.008709594938439577
1803,32.45724572457246,0.00869868465209315
1804,32.475247524752476,0.008686880984288107
1805,32.49324932493249,0.00867436942602514
1806,32.511251125112516,0.008661358937573228
1807,32.52925292529253,0.008648042610545463
1808,32.54725472547255,0.00863455957890729
1809,32.565256525652565,0.008620965970104694
1810,32.58325832583258,0.008607221247870124
1811,32.601260126012605,0.008593193498899847
1812,32.61926192619262,0.008578683585126584
1813,32.63726372637264,0.008563464334432504
1814,32.655265526552654,0.00854732782948485
1815,32.67326732673268,0.008530132019186868
1816,32.691269126912694,0.008511837717889256
1817,32.70927092709271,0.008492528643141175
1818,32.72727272727273,0.008472410195140298
1819,32.74527452745274,0.008451786626150343
1820,32.76327632763277,0.008431020327745951
1821,32.78127812781278,0.00841048038488523
1822,32.7992799279928,0.00839048963816618
1823,32.817281728172816,0.008371279844912514
1824,32.83528352835284,0.008352963060515108
1825,32.853285328532856,0.008335524352518109
1826,32.87128712871287,0.008318836989367188
1827,32.88928892889289,0.008302697076800689
1828,32.907290729072905,0.008286871045627793
1829,32.92529252925293,0.008271147101609137
1830,32.943294329432945,0.008255381155027802
1831,32.96129612961296,0.008239528944949049
1832,32.97929792979298,0.00822365880497768
1833,32.997299729973,0.008207943235329205
1834,33.01530153015302,0.008192631421493003
1835,33.033303330333034,0.008178008308667349
1836,33.05130513051305,0.008164348154030799
1837,33.069306930693074,0.00815187122530096
1838,33.08730873087309,0.008140711397215856
1839,33.10531053105311,0.00813090004598596
1840,33.12331233123312,0.00812236835574186
1841,33.14131413141314,0.00811496659719354
1842,33.15931593159316,0.008108495814158706
1843,33.17731773177318,0.008102745247484468
1844,33.195319531953196,0.008097528106486578
1845,33.21332133213321,0.008092709047052376
1846,33.231323132313236,0.008088218721479008
1847,33.24932493249325,0.008084053575460817
1848,33.26732673267327,0.008080262087863714
1849,33.285328532853285,0.00807692126673845
1850,33.3033303330333,0.00807410892421694
1851,33.321332133213325,0.008071877751661322
1852,33.33933393339334,0.008070236460854223
1853,33.35733573357336,0.00806914146066592
1854,33.375337533753374,0.008068500119394376
1855,33.3933393339334,0.00806818414999368
1856,33.411341134113414,0.008068049576327107
1857,33.42934293429343,0.008067958510702567
1858,33.44734473447345,0.008067797820620885
1859,33.46534653465346,0.008067490677136102
1860,33.48334833483349,0.008066998725891766
1861,33.5013501350135,0.008066314803753099
1862,33.51935193519352,0.008065448258359599
1863,33.537353735373536,0.00806440655746553
1864,33.55535553555356,0.008063177660731639
1865,33.573357335733576,0.008061717416467152
1866,33.59135913591359,0.008059945101779837
1867,33.60936093609361,0.008057748405407362
1868,33.627362736273625,0.0080549970554139
1869,33.64536453645365,0.008051562368994224
1870,33.663366336633665,0.00804733865684623
1871,33.68136813681368,0.008042261931645372
1872,33.6993699369937,0.00803632184792521
1873,33.71737173717372,0.008029564137355215
1874,33.73537353735374,0.008022082720432717
1875,33.753375337533754,0.008014002777214467
1876,33.77137713771377,0.008005457915546122
1877,33.789378937893794,0.007996565808425785
1878,33.80738073807381,0.007987407034977492
1879,33.82538253825383,0.007978011281676106
1880,33.84338433843384,0.007968353660530324
1881,33.86138613861386,0.0079583619597505
1882,33.87938793879388,0.007947933544652966
1883,33.8973897389739,0.007936958782611457
1884,33.915391539153916,0.007925346630604497
1885,33.93339333933393,0.007913047628011236
1886,33.951395139513956,0.007900070044853272
1887,33.96939693969397,0.007886486235436639
1888,33.98739873987399,0.00787242807856125
1889,34.005400540054005,0.00785807239204711
1890,34.02340234023402,0.007843619010924978
1891,34.041404140414045,0.007829265484158366
1892,34.05940594059406,0.007815182853979728
1893,34.07740774077408,0.0078014966636042495
1894,34.095409540954094,0.007788276279201532
1895,34.11341134113412,0.00777553403159422
1896,34.131413141314134,0.007763233891312454
1897,34.14941494149415,0.007751307722876539
1898,34.16741674167417,0.007739675918450965
1899,34.18541854185418,0.007728268593834463
1900,34.20342034203421,0.007717043622273618
1901,34.22142214221422,0.007705998530832225
1902,34.23942394239424,0.007695174519937139
1903,34.257425742574256,0.007684652339944385
1904,34.27542754275428,0.007674541191166623
1905,34.293429342934296,0.007664962952029605
1906,34.31143114311431,0.007656034699400098
1907,34.32943294329433,0.007647852579797709
1908,34.347434743474345,0.007640479641973438
1909,34.36543654365437,0.0076339393682996306
1910,34.383438343834385,0.007628215530508481
1911,34.4014401440144,0.00762325785959245
1912,34.41944194419442,0.007618992063088884
1913,34.43744374437444,0.007615332100616774
1914,34.45544554455446,0.007612192423513192
1915,34.473447344734474,0.007609498098735948
1916,34.49144914491449,0.0076071912981859596
1917,34.509450945094514,0.007605233414202803
1918,34.52745274527453,0.007603602904338714
1919,34.54545454545455,0.007602289719979563
1920,34.56345634563456,0.007601287709417245
1921,34.58145814581458,0.0076005866303802015
1922,34.5994599459946,0.007600165340853005
1923,34.61746174617462,0.007599987396751805
1924,34.635463546354636,0.007599999751408581
1925,34.65346534653465,0.007600134632243535
1926,34.671467146714676,0.0076003140782141395
1927,34.68946894689469,0.007600456158271323
1928,34.70747074707471,0.007600481628280575
1929,34.725472547254725,0.007600319755840622
1930,34.74347434743474,0.007599912242621647
1931,34.761476147614765,0.0075992145587350755
1932,34.77947794779478,0.00759819450165286
1933,34.7974797479748,0.007596828316070792
1934,34.815481548154814,0.007595095171787698
1935,34.83348334833484,0.007592971116745362
1936,34.851485148514854,0.007590423747450987
1937,34.86948694869487,0.007587408745700955
1938,34.88748874887489,0.007583869130174349
1939,34.9054905490549,0.007579737608981422
1940,34.92349234923493,0.007574941867327535
1941,34.94149414941494,0.007569412073355439
1942,34.95949594959496,0.007563089429521076
1943,34.977497749774976,0.007555934320494676
1944,34.995499549955,0.007547932570478447
1945,35.013501350135016,0.007539098545346757
1946,35.03150315031503,0.007529474297259154
1947,35.04950495049505,0.007519124587381073
1948,35.067506750675065,0.007508128336426347
1949,35.08550855085509,0.007496567722122184
1950,35.103510351035105,0.007484516645056588
1951,35.12151215121512,0.007472030517606656
1952,35.13951395139514,0.007459139233066658
1953,35.15751575157516,0.007445844736948644
1954,35.17551755175518,0.00743212390365492
1955,35.193519351935194,0.007417936528846938
1956,35.21152115211521,0.007403237330069596
1957,35.229522952295234,0.00738799006975095
1958,35.24752475247525,0.007372181425415969
1959,35.26552655265527,0.007355832138343824
1960,35.28352835283528,0.007339003314420687
1961,35.3015301530153,0.007321796492179292
1962,35.31953195319532,0.007304347119942691
1963,35.33753375337534,0.0072868122247025475
1964,35.355535553555356,0.007269354108072586
1965,35.37353735373537,0.007252122673975079
1966,35.391539153915396,0.007235239326638292
1967,35.40954095409541,0.007218785197988666
1968,35.42754275427543,0.0072027957844496854
1969,35.445544554455445,0.007187263001385605
1970,35.46354635463546,0.007172144382282084
1971,35.481548154815485,0.007157377887205672
1972,35.4995499549955,0.00714289977223991
1973,35.51755175517552,0.0071286623992234425
1974,35.535553555355534,0.007114648846526939
1975,35.55355535553556,0.007100881729347091
1976,35.571557155715574,0.007087424659228491
1977,35.58955895589559,0.0070743760845412675
1978,35.60756075607561,0.007061856616947236
1979,35.62556255625562,0.00704999211184383
1980,35.64356435643565,0.00703889551732372
1981,35.66156615661566,0.007028650697412786
1982,35.67956795679568,0.007019301036665737
1983,35.697569756975696,0.007010844721638557
1984,35.71557155715572,0.007003237344683699
1985,35.733573357335736,0.006996401125304608
1986,35.75157515751575,0.006990238850394174
1987,35.76957695769577,0.006984649821872645
1988,35.787578757875785,0.00697954481808743
1989,35.80558055805581,0.006974857369258999
1990,35.823582358235825,0.006970549450115315
1991,35.84158415841584,0.006966610838828452
1992,35.85958595859586,0.0069630526493347136
1993,35.87758775877588,0.0069598966639566546
1994,35.8955895589559,0.006957162855809253
1995,35.913591359135914,0.0069548577511623945
1996,35.93159315931593,0.006952965999137433
1997,35.949594959495954,0.006951446758788184
1998,35.96759675967597,0.006950235446358552
1999,35.98559855985599,0.006949250234365961
2000,36.003600360036,0.006948401699868756
2001,36.02160216021602,0.006947603387719354
2002,36.03960396039604,0.006946780914411284
2003,36.05760576057606,0.006945877614262866
2004,36.075607560756076,0.006944855538401814
2005,36.09360936093609,0.006943691683329152
2006,36.111611161116116,0.006942370419935588
2007,36.12961296129613,0.006940873979037616
2008,36.14761476147615,0.006939173331938318
2009,36.165616561656165,0.006937221774226937
2010,36.18361836183618,0.0069349529759266245
2011,36.201620162016205,0.006932284308717334
2012,36.21962196219622,0.006929125097397402
2013,36.23762376237624,0.006925388312955082
2014,36.255625562556254,0.006921003371961099
2015,36.27362736273628,0.006915927322410186
2016,36.291629162916294,0.006910151877332413
2017,36.30963096309631,0.006903704486660697
2018,36.32763276327633,0.006896642782740554
2019,36.34563456345634,0.006889043073430502
2020,36.36363636363637,0.006880984820401639
2021,36.38163816381638,0.006872533967631706
2022,36.3996399639964,0.006863728375224187
2023,36.417641764176416,0.006854568368013093
2024,36.43564356435644,0.006845014553044735
2025,36.453645364536456,0.006834993743366926
2026,36.47164716471647,0.006824412291593754
2027,36.48964896489649,0.0068131746787718625
2028,36.507650765076505,0.00680120410813985
2029,36.52565256525653,0.006788461341843847
2030,36.543654365436545,0.006774958205870591
2031,36.56165616561656,0.0067607630564771376
2032,36.57965796579658,0.006745996901440731
2033,36.5976597659766,0.006730820548515984
2034,36.61566156615662,0.006715414801390128
2035,36.633663366336634,0.00669995703131911
2036,36.65166516651665,0.006684598171699901
2037,36.669666966696674,0.006669444171921417
2038,36.68766876687669,0.00665454519988745
2039,36.70567056705671,0.0066398945305344605
2040,36.72367236723672,0.006625437344424866
2041,36.74167416741674,0.006611087897729835
2042,36.75967596759676,0.006596752033980021
2043,36.77767776777678,0.006582351060200214
2044,36.795679567956796,0.006567842776604058
2045,36.81368136813681,0.006553235969658692
2046,36.831683168316836,0.0065385958547783535
2047,36.84968496849685,0.006524039570059324
2048,36.86768676867687,0.006509722581297521
2049,36.885688568856885,0.006495818443101373
2050,36.9036903690369,0.006482495488905451
2051,36.921692169216925,0.006469894498597511
2052,36.93969396939694,0.006458111142049719
2053,36.95769576957696,0.006447186078634297
2054,36.975697569756974,0.006437104185083187
2055,36.993699369937,0.006427802749960021
2056,37.011701170117014,0.006419186910804445
2057,37.02970297029703,0.006411149397878529
2058,37.04770477047705,0.0064035909942614395
2059,37.06570657065706,0.0063964381271289315
2060,37.08370837083709,0.006389654648466615
2061,37.1017101710171,0.006383246009019321
2062,37.11971197119712,0.006377255453677782
2063,37.137713771377136,0.006371753302657488
2064,37.15571557155716,0.006366821570079598
2065,37.173717371737176,0.006362536903332746
2066,37.19171917191719,0.0063589549866540215
2067,37.20972097209721,0.006356099133434513
2068,37.22772277227723,0.006353954893382259
2069,37.24572457245725,0.006352471307434682
2070,37.263726372637265,0.006351568187839529
2071,37.28172817281728,0.006351147719082848
2072,37.2997299729973,0.006351107962514816
2073,37.31773177317732,0.006351355622865934
2074,37.33573357335734,0.006351815721674962
2075,37.353735373537354,0.006352436546906232
2076,37.37173717371737,0.006353189255114475
2077,37.389738973897394,0.006354062588814858
2078,37.40774077407741,0.006355054124591
2079,37.42574257425743,0.006356160105912543
2080,37.44374437443744,0.006357366123030367
2081,37.46174617461746,0.006358640651070337
2082,37.47974797479748,0.006359932806872184
2083,37.4977497749775,0.006361174772145286
2084,37.515751575157516,0.006362288341056621
2085,37.53375337533753,0.006363194182770861
2086,37.551755175517556,0.006363821836048695
2087,37.56975697569757,0.00636411828701403
2088,37.58775877587759,0.006364053255304639
2089,37.605760576057605,0.006363619974184338
2090,37.62376237623762,0.006362831167079063
2091,37.641764176417645,0.00636171091580316
2092,37.65976597659766,0.006360283987747796
2093,37.67776777677768,0.006358564765542585
2094,37.695769576957694,0.0063565480837760955
2095,37.71377137713772,0.006354203982912668
2096,37.731773177317734,0.006351477687852058
2097,37.74977497749775,0.006348295134653338
2098,37.76777677767777,0.006344573287437081
2099,37.78577857785778,0.006340233514646121
2100,37.80378037803781,0.006335215619803174
2101,37.82178217821782,0.006329489884364547
2102,37.83978397839784,0.006323064737531897
2103,37.857785778577856,0.006315988386286863
2104,37.87578757875788,0.006308343797172865
2105,37.893789378937896,0.006300237631393536
2106,37.91179117911791,0.006291784875352643
2107,37.92979297929793,0.006283091765764401
2108,37.94779477947795,0.006274240014959795
2109,37.96579657965797,0.00626527521009096
2110,37.983798379837985,0.006256201598755075
2111,38.001800180018,0.006246984389812466
2112,38.01980198019802,0.0062375593786380785
2113,38.03780378037804,0.006227848385004845
2114,38.05580558055806,0.006217777909157379
2115,38.073807380738074,0.0062072977691070876
2116,38.09180918091809,0.006196396405678766
2117,38.109810981098114,0.00618511005700631
2118,38.12781278127813,0.006173524029830335
2119,38.14581458145815,0.006161765655947597
2120,38.16381638163816,0.0061499899796780425
2121,38.18181818181818,0.0061383605161687595
2122,38.1998199819982,0.0061270283163865685
2123,38.21782178217822,0.006116112907134971
2124,38.235823582358236,0.0061056883775050825
2125,38.25382538253825,0.006095777003922933
2126,38.271827182718276,0.0060863514971607946
2127,38.28982898289829,0.006077345447982411
2128,38.30783078307831,0.006068670112565764
2129,38.325832583258325,0.006060234572175886
2130,38.34383438343834,0.00605196572297262
2131,38.361836183618365,0.006043824605360698
2132,38.37983798379838,0.006035816257351771
2133,38.3978397839784,0.006027991449405181
2134,38.415841584158414,0.006020440115027545
2135,38.43384338433844,0.006013277766687827
2136,38.451845184518454,0.006006627412698417
2137,38.46984698469847,0.006000600247065089
2138,38.48784878487849,0.005995278538157928
2139,38.505850585058504,0.005990703672679581
2140,38.52385238523853,0.0059868713134466345
2141,38.54185418541854,0.005983734294589662
2142,38.55985598559856,0.0059812124580414985
2143,38.577857785778576,0.005979207395435702
2144,38.5958595859586,0.005977619227339198
2145,38.613861386138616,0.00597636227474041
2146,38.63186318631863,0.005975376796503401
2147,38.64986498649865,0.005974634808002357
2148,38.66786678667867,0.005974139188910379
2149,38.68586858685869,0.0059739165962810585
2150,38.703870387038705,0.005974005868599445
2151,38.72187218721872,0.00597444441451042
2152,38.73987398739874,0.005975255377627709
2153,38.75787578757876,0.005976438109544547
2154,38.77587758775878,0.005977963730377055
2155,38.793879387938794,0.005979776469705071
2156,38.81188118811881,0.0059818002842089105
2157,38.829882988298834,0.00598394918394578
2158,38.84788478847885,0.005986138979688912
2159,38.86588658865887,0.005988297929738437
2160,38.88388838883888,0.00599037405714584
2161,38.9018901890189,0.005992337661145372
2162,38.91989198919892,0.005994178600161649
2163,38.93789378937894,0.005995899057784365
2164,38.955895589558956,0.005997503481447548
2165,38.97389738973897,0.005998988002343226
2166,38.991899189918996,0.006000331774282981
2167,39.00990099009901,0.006001492279322552
2168,39.02790279027903,0.006002405816525407
2169,39.045904590459045,0.006002993286586093
2170,39.06390639063906,0.006003170236323485
2171,39.081908190819085,0.006002859172355697
2172,39.0999099909991,0.006002001594871975
2173,39.11791179117912,0.00600056716415877
2174,39.135913591359135,0.005998557913612368
2175,39.15391539153916,0.005996006372640836
2176,39.171917191719174,0.005992967677283971
2177,39.18991899189919,0.0059895069844303145
2178,39.20792079207921,0.005985684516496906
2179,39.225922592259224,0.005981541137392963
2180,39.24392439243925,0.0059770873709744906
2181,39.26192619261926,0.0059722982035246034
2182,39.27992799279928,0.005967114960626558
2183,39.297929792979296,0.005961454211989464
2184,39.31593159315932,0.005955222291214758
2185,39.333933393339336,0.005948332887537958
2186,39.35193519351935,0.005940724497975808
2187,39.36993699369937,0.005932374459642211
2188,39.38793879387939,0.0059233068376763915
2189,39.40594059405941,0.005913592528439055
2190,39.423942394239425,0.005903341351750111
2191,39.44194419441944,0.0058926873858971
2192,39.45994599459946,0.005881770065784175
2193,39.47794779477948,0.00587071437709007
2194,39.4959495949595,0.00585961368141316
2195,39.513951395139514,0.005848518257487155
2196,39.53195319531953,0.005837431622785559
2197,39.549954995499554,0.00582631529670757
2198,39.56795679567957,0.00581510114109991
2199,39.58595859585959,0.0058037090483888925
2200,39.603960396039604,0.005792066793284847
2201,39.62196219621962,0.005780128493990635
2202,39.63996399639964,0.005767888406299933
2203,39.65796579657966,0.005755387641449865
2204,39.675967596759676,0.005742712690173743
2205,39.69396939693969,0.00572998610917149
2206,39.711971197119716,0.005717351110545126
2207,39.72997299729973,0.005704952839432533
2208,39.74797479747975,0.005692919647410379
2209,39.765976597659765,0.005681347586598065
2210,39.78397839783978,0.005670290692190485
2211,39.801980198019805,0.005659758524382934
2212,39.81998199819982,0.005649721116040566
2213,39.83798379837984,0.005640120166959434
2214,39.855985598559855,0.005630884274537664
2215,39.87398739873988,0.005621945374665357
2216,39.891989198919894,0.005613253479894278
2217,39.90999099909991,0.005604787238116186
2218,39.92799279927993,0.005596558692268764
2219,39.945994599459944,0.005588611725524971
2220,39.96399639963997,0.005581014815354823
2221,39.981998199819984,0.005573849685870871
2222,40.0,0.005567198075249227
2223,40.018001800180016,0.005561129028894396
2224,40.03600360036004,0.005555688879399073
2225,40.054005400540056,0.00555089545343306
2226,40.07200720072007,0.00554673718983907
2227,40.09000900090009,0.005543176933782096
2228,40.10801080108011,0.005540159361034785
2229,40.12601260126013,0.005537620425195974
2230,40.144014401440145,0.005535496993791877
2231,40.16201620162016,0.005533734963620563
2232,40.18001800180018,0.005532294571509423
2233,40.1980198019802,0.005531152241381112
2234,40.21602160216022,0.005530299000260179
2235,40.234023402340235,0.005529736120416521
2236,40.25202520252025,0.0055294690914766634
2237,40.270027002700274,0.0055295012269513805
2238,40.28802880288029,0.005529828148403809
2239,40.30603060306031,0.005530434102592986
2240,40.324032403240324,0.005531290627520079
2241,40.34203420342034,0.005532357589617675
2242,40.360036003600364,0.0055335861650242365
2243,40.37803780378038,0.005534923013930906
2244,40.396039603960396,0.005536314747634186
2245,40.41404140414041,0.005537711824248906
2246,40.432043204320436,0.005539071205514511
2247,40.45004500450045,0.005540357410272725
2248,40.46804680468047,0.00554154194177441
2249,40.486048604860486,0.0055426013777530115
2250,40.5040504050405,0.0055435146390710455
2251,40.522052205220525,0.005544260061763933
2252,40.54005400540054,0.005544812881330152
2253,40.55805580558056,0.005545143613883969
2254,40.576057605760575,0.005545217620591664
2255,40.5940594059406,0.005544995912632369
2256,40.612061206120615,0.005544437036185008
2257,40.63006300630063,0.00554349970492363
2258,40.64806480648065,0.0055421457426436185
2259,40.666066606660664,0.00554034286830536
2260,40.68406840684069,0.0055380668949738445
2261,40.702070207020704,0.005535303009226483
2262,40.72007200720072,0.005532045930671666
2263,40.73807380738074,0.005528298903762077
2264,40.75607560756076,0.0055240716293244885
2265,40.774077407740776,0.00551937738677075
2266,40.79207920792079,0.005514229717224957
2267,40.81008100810081,0.005508639121029122
2268,40.82808280828083,0.005502610258811638
2269,40.84608460846085,0.0054961401230920245
2270,40.864086408640865,0.005489217560019222
2271,40.88208820882088,0.005481824367504549
2272,40.9000900090009,0.005473937985705566
2273,40.91809180918092,0.005465535549562679
2274,40.93609360936094,0.005456598823819784
2275,40.954095409540955,0.00544711933031003
2276,40.97209720972097,0.005437102849243506
2277,40.990099009900995,0.0054265724684543805
2278,41.00810081008101,0.005415569489106594
2279,41.02610261026103,0.005404151771832663
2280,41.044104410441044,0.005392389494732871
2281,41.06210621062106,0.005380358738660179
2282,41.080108010801084,0.005368133740919191
2283,41.0981098109811,0.0053557789839413575
2284,41.11611161116112,0.0053433424371882605
2285,41.13411341134113,0.00533085119943295
2286,41.152115211521156,0.0053183104829960725
2287,41.17011701170117,0.005305706373863716
2288,41.18811881188119,0.005293012166804794
2289,41.206120612061206,0.00528019741964217
2290,41.22412241224122,0.005267238316797447
2291,41.242124212421245,0.005254127591716707
2292,41.26012601260126,0.005240882211994639
2293,41.27812781278128,0.005227547311196823
2294,41.296129612961295,0.005214195428786084
2295,41.31413141314132,0.005200920906539434
2296,41.332133213321335,0.005187830152782051
2297,41.35013501350135,0.005175029267954122
2298,41.36813681368137,0.005162611075629335
2299,41.386138613861384,0.0051506438067088125
2300,41.40414041404141,0.005139163485463636
2301,41.422142214221424,0.0051281714823885275
2302,41.44014401440144,0.0051176378223310535
2303,41.45814581458146,0.005107509818548294
2304,41.47614761476148,0.005097724628765161
2305,41.494149414941496,0.005088223581419642
2306,41.51215121512151,0.0050789657461116165
2307,41.53015301530153,0.005069938302875734
2308,41.54815481548155,0.005061161797559195
2309,41.56615661566157,0.00505268926678603
2310,41.584158415841586,0.005044599315983954
2311,41.6021602160216,0.0050369843356544925
2312,41.62016201620162,0.0050299359378955565
2313,41.63816381638164,0.005023530215775449
2314,41.65616561656166,0.005017815470014841
2315,41.674167416741675,0.005012804597963494
2316,41.69216921692169,0.0050084734801394745
2317,41.710171017101715,0.005004765590031521
2318,41.72817281728173,0.005001601903022529
2319,41.74617461746175,0.004998894208780715
2320,41.764176417641764,0.004996559323504225
2321,41.78217821782178,0.004994531569511844
2322,41.800180018001804,0.00499277126271098
2323,41.81818181818182,0.004991267748762706
2324,41.83618361836184,0.004990036598424104
2325,41.85418541854185,0.004989111701386252
2326,41.872187218721876,0.004988533964864231
2327,41.89018901890189,0.00498833894004231
2328,41.90819081908191,0.0049885458483100035
2329,41.926192619261926,0.004989150135847311
2330,41.94419441944194,0.004990120923787474
2331,41.962196219621966,0.004991403699584985
2332,41.98019801980198,0.004992927522557392
2333,41.998199819982,0.004994615111215648
2334,42.016201620162015,0.004996393625146468
2335,42.03420342034204,0.004998203860590204
2336,42.052205220522055,0.005000005962097098
2337,42.07020702070207,0.005001780530001859
2338,42.08820882088209,0.005003525010681671
2339,42.10621062106211,0.005005246281572652
2340,42.12421242124213,0.005006951169519141
2341,42.142214221422144,0.0050086370937328555
2342,42.16021602160216,0.005010285005428347
2343,42.17821782178218,0.005011856305565399
2344,42.1962196219622,0.005013294559888151
2345,42.21422142214222,0.005014531776010613
2346,42.23222322232223,0.0050154979831505235
2347,42.25022502250225,0.005016132080935132
2348,42.26822682268227,0.005016391570392844
2349,42.28622862286229,0.005016258933379596
2350,42.304230423042306,0.005015743067086883
2351,42.32223222322232,0.005014875185900911
2352,42.34023402340234,0.005013699772077366
2353,42.35823582358236,0.005012262248291847
2354,42.37623762376238,0.005010595827482353
2355,42.394239423942395,0.0050087102944950945
2356,42.41224122412241,0.005006585210731598
2357,42.430243024302435,0.005004169241643922
2358,42.44824482448245,0.005001386131270276
2359,42.46624662466247,0.004998146514646502
2360,42.484248424842484,0.0049943635334093175
2361,42.5022502250225,0.004989969353950623
2362,42.520252025202524,0.00498492936785339
2363,42.53825382538254,0.004979251163691549
2364,42.55625562556256,0.004972986257008919
2365,42.57425742574257,0.004966223892690175
2366,42.5922592259226,0.004959077742911021
2367,42.61026102610261,0.004951667724040931
2368,42.62826282628263,0.004944100170963936
2369,42.646264626462646,0.004936450029653882
2370,42.66426642664266,0.004928748461567371
2371,42.682268226822686,0.004920978331310177
2372,42.7002700270027,0.004913078634184939
2373,42.71827182718272,0.004904957272705196
2374,42.736273627362735,0.004896510020196806
2375,42.75427542754276,0.00488764231467841
2376,42.772277227722775,0.004878289939326285
2377,42.79027902790279,0.0048684347862664465
2378,42.80828082808281,0.004858112750791355
2379,42.82628262826283,0.0048474122114349275
2380,42.84428442844285,0.0048364632591250244
2381,42.862286228622864,0.004825419529249643
2382,42.88028802880288,0.004814435848977308
2383,42.8982898289829,0.004803645684899055
2384,42.91629162916292,0.004793142418603832
2385,42.93429342934294,0.0047829677822502125
2386,42.95229522952295,0.00477310948238338
2387,42.97029702970297,0.004763508370934698
2388,42.98829882988299,0.004754073797113683
2389,43.00630063006301,0.00474470431073364
2390,43.024302430243026,0.004735309953131402
2391,43.04230423042304,0.004725832132329592
2392,43.06030603060306,0.004716257569888755
2393,43.07830783078308,0.004706623927804396
2394,43.0963096309631,0.004697016259537259
2395,43.114311431143115,0.0046875550913625386
2396,43.13231323132313,0.004678378422073159
2397,43.150315031503155,0.004669620963362376
2398,43.16831683168317,0.004661394350984405
2399,43.18631863186319,0.004653771778858347
2400,43.204320432043204,0.004646779613541251
2401,43.22232223222322,0.004640397215935009
2402,43.240324032403244,0.004634564687177041
2403,43.25832583258326,0.004629196848443013
2404,43.27632763276328,0.004624200714161138
2405,43.29432943294329,0.004619493204833633
2406,43.31233123312332,0.004615015943630493
2407,43.33033303330333,0.004610744648553295
2408,43.34833483348335,0.004606691723513103
2409,43.366336633663366,0.004602901948335139
2410,43.38433843384338,0.00459944242139953
2411,43.402340234023406,0.0045963888897323
2412,43.42034203420342,0.004593811141108185
2413,43.43834383438344,0.004591760152481003
2414,43.456345634563455,0.004590259211235251
2415,43.47434743474348,0.004589300365089853
2416,43.492349234923495,0.004588846494094931
2417,43.51035103510351,0.0045888382440161255
2418,43.52835283528353,0.004589204212013577
2419,43.54635463546355,0.0045898722808860115
2420,43.56435643564357,0.004590779929962168
2421,43.582358235823584,0.0045918816963208976
2422,43.6003600360036,0.004593152628329042
2423,43.61836183618362,0.004594587416760206
2424,43.63636363636364,0.004596195734248575
2425,43.65436543654366,0.004597994998668568
2426,43.67236723672367,0.004600002178339187
2427,43.69036903690369,0.00460222631730139
2428,43.70837083708371,0.004604663188345747
2429,43.72637263726373,0.004607292955188928
2430,43.744374437443746,0.004610081063994511
2431,43.76237623762376,0.004612981928048673
2432,43.78037803780378,0.0046159444476678
2433,43.7983798379838,0.00461891811501397
2434,43.81638163816382,0.004621858433160906
2435,43.834383438343835,0.004624730615908068
2436,43.85238523852385,0.004627510964036602
2437,43.870387038703875,0.0046301858349719754
2438,43.88838883888389,0.0046327486240570655
2439,43.90639063906391,0.00463519555611292
2440,43.924392439243924,0.0046375212761062875
2441,43.94239423942394,0.004639715201420579
2442,43.960396039603964,0.004641759375334121
2443,43.97839783978398,0.004643628200783427
2444,43.996399639964,0.004645290018681452
2445,44.01440144014401,0.004646710114978075
2446,44.03240324032404,0.004647854471175998
2447,44.05040504050405,0.004648693462052751
2448,44.06840684068407,0.004649204763712245
2449,44.086408640864086,0.004649374940521743
2450,44.1044104410441,0.004649199478169586
2451,44.122412241224126,0.0046486813537167816
2452,44.14041404140414,0.004647828513818482
2453,44.15841584158416,0.004646650815366001
2454,44.176417641764175,0.004645157039470225
2455,44.1944194419442,0.00464335251980666
2456,44.212421242124215,0.0046412377563845465
2457,44.23042304230423,0.004638808161051689
2458,44.24842484248425,0.004636054854029174
2459,44.26642664266427,0.004632966249073323
2460,44.28442844284429,0.004629530060985484
2461,44.302430243024304,0.004625735354610174
2462,44.32043204320432,0.004621574319032422
2463,44.33843384338434,0.004617043567118589
2464,44.35643564356436,0.004612144892678722
2465,44.37443744374438,0.004606885530111043
2466,44.39243924392439,0.004601278028979643
2467,44.41044104410441,0.004595339868786547
2468,44.42844284428443,0.004589092904565637
2469,44.44644464446445,0.00458256267316005
2470,44.464446444644466,0.004575777531657494
2471,44.48244824482448,0.004568767570475662
2472,44.5004500450045,0.004561563261365265
2473,44.51845184518452,0.0045541938671467665
2474,44.53645364536454,0.004546685740519099
2475,44.554455445544555,0.004539060745250933
2476,44.57245724572457,0.004531335109373797
2477,44.590459045904595,0.004523519034327232
2478,44.60846084608461,0.004515617316290669
2479,44.62646264626463,0.004507631085338004
2480,44.644464446444644,0.004499560555642692
2481,44.66246624662466,0.004491408446070385
2482,44.680468046804684,0.0044831835269936535
2483,44.6984698469847,0.004474903628205754
2484,44.71647164716472,0.0044665974444059505
2485,44.73447344734473,0.004458304616051024
2486,44.75247524752476,0.004450073832341703
2487,44.77047704770477,0.004441959058151669
2488,44.78847884788479,0.004434014363053423
2489,44.806480648064806,0.004426288152347033
2490,44.82448244824482,0.004418817795535953
2491,44.842484248424846,0.004411625665355839
2492,44.86048604860486,0.004404717421067027
2493,44.87848784878488,0.004398083013043497
2494,44.896489648964895,0.004391700409128816
2495,44.91449144914492,0.004385541532507013
2496,44.932493249324935,0.004379579454222792
2497,44.95049504950495,0.004373795592544287
2498,44.96849684968497,0.004368185601991967
2499,44.98649864986499,0.004362762812636986
2500,45.00450045004501,0.004357558483279339
2501,45.022502250225024,0.004352618693047533
2502,45.04050405040504,0.004347998313520245
2503,45.05850585058506,0.004343753061055337
2504,45.07650765076508,0.004339931017215011
2505,45.0945094509451,0.004336565143662969
2506,45.11251125112511,0.004333668172257966
2507,45.13051305130513,0.004331230841014539
2508,45.14851485148515,0.0043292238437712665
2509,45.16651665166517,0.004327603176695797
2510,45.184518451845186,0.004326317927586339
2511,45.2025202520252,0.004325319087340352
2512,45.22052205220522,0.004324567759355847
2513,45.23852385238524,0.004324041245088535
2514,45.25652565256526,0.004323735876898629
2515,45.274527452745275,0.004323666080456175
2516,45.29252925292529,0.00432385986275362
2517,45.310531053105315,0.0043243516012894815
2518,45.32853285328533,0.004325173523585718
2519,45.34653465346535,0.004326347513365535
2520,45.364536453645364,0.00432787881115756
2521,45.38253825382538,0.004329752804929813
2522,45.400540054005404,0.00433193550229548
2523,45.41854185418542,0.00433437755751422
2524,45.43654365436544,0.004337021034648185
2525,45.45454545454545,0.004339807558947266
2526,45.47254725472548,0.004342686246406423
2527,45.49054905490549,0.0043456198585418255
2528,45.50855085508551,0.004348587994702355
2529,45.526552655265526,0.004351586735274827
2530,45.54455445544554,0.0043546248662826165
2531,45.562556255625566,0.004357717505754179
2532,45.58055805580558,0.004360878476284969
2533,45.5985598559856,0.0043641130204182775
2534,45.616561656165615,0.00436741238381873
2535,45.63456345634564,0.004370751408537914
2536,45.652565256525655,0.004374089660577407
2537,45.67056705670567,0.004377375886166328
2538,45.68856885688569,0.004380554897094575
2539,45.70657065706571,0.004383575468760212
2540,45.72457245724573,0.004386397602677456
2541,45.742574257425744,0.004388997609134257
2542,45.76057605760576,0.004391369889313675
2543,45.77857785778578,0.004393524958454075
2544,45.7965796579658,0.004395484021994212
2545,45.81458145814582,0.004397271140635324
2546,45.83258325832583,0.004398904549985178
2547,45.85058505850585,0.004400388924447267
2548,45.86858685868587,0.0044017102410479165
2549,45.88658865886589,0.004402834425428377
2550,45.904590459045906,0.004403710236004645
2551,45.92259225922592,0.00440427600228115
2552,45.94059405940594,0.004404469044119174
2553,45.95859585958596,0.0044042360185550565
2554,45.97659765976598,0.004403542189913831
2555,45.994599459945995,0.004402377755659267
2556,46.01260126012601,0.004400759868066025
2557,46.030603060306035,0.004398729780866011
2558,46.04860486048605,0.004396345474130488
2559,46.06660666066607,0.004393670994008634
2560,46.084608460846084,0.004390764414874917
2561,46.1026102610261,0.004387666655647035
2562,46.120612061206124,0.004384393289128377
2563,46.13861386138614,0.004380930981320383
2564,46.15661566156616,0.004377239373074834
2565,46.17461746174617,0.004373258218540137
2566,46.1926192619262,0.0043689186084150755
2567,46.21062106210621,0.004364156316818197
2568,46.22862286228623,0.004358924870184358
2569,46.246624662466246,0.004353205933350229
2570,46.26462646264627,0.004347015049653373
2571,46.282628262826286,0.004340401583260417
2572,46.3006300630063,0.004333442748186208
2573,46.31863186318632,0.004326232681373748
2574,46.336633663366335,0.00431886842993252
2575,46.35463546354636,0.004311435306173892
2576,46.372637263726375,0.00430399420869762
2577,46.39063906390639,0.004296573183596052
2578,46.40864086408641,0.004289164762640532
2579,46.42664266426643,0.004281729596552043
2580,46.44464446444645,0.004274205784276694
2581,46.462646264626464,0.0042665222849341605
2582,46.48064806480648,0.004258614070548087
2583,46.4986498649865,0.004250436365715919
2584,46.51665166516652,0.004241975480410581
2585,46.53465346534654,0.004233254344237612
2586,46.55265526552655,0.0042243317853839085
2587,46.57065706570657,0.004215295696752895
2588,46.58865886588659,0.004206251298685188
2589,46.60666066606661,0.004197306552992313
2590,46.624662466246626,0.004188557259023649
2591,46.64266426642664,0.004180074388954143
2592,46.66066606660666,0.0041718957973613125
2593,46.67866786678668,0.004164023650229448
2594,46.6966696669667,0.004156427905733357
2595,46.714671467146715,0.004149055125673876
2596,46.73267326732673,0.004141840988410293
2597,46.750675067506755,0.004134724268406404
2598,46.76867686768677,0.004127659844197186
2599,46.78667866786679,0.00412062852246331
2600,46.804680468046804,0.004113642071252851
2601,46.82268226822682,0.0041067427246593
2602,46.840684068406844,0.004099997395251851
2603,46.85868586858686,0.004093487735833026
2604,46.87668766876688,0.004087297872230058
2605,46.89468946894689,0.004081501971635676
2606,46.91269126912692,0.0040761537672047085
2607,46.93069306930693,0.004071279749557168
2608,46.94869486948695,0.004066877043745382
2609,46.966696669666966,0.004062916147079683
2610,46.98469846984699,0.0040593478618814235
2611,47.002700270027006,0.00405611306467613
2612,47.02070207020702,0.004053153524689126
2613,47.03870387038704,0.004050421883874603
2614,47.056705670567055,0.004047889141828474
2615,47.07470747074708,0.004045548496917259
2616,47.092709270927095,0.004043415078468929
2617,47.11071107110711,0.004041521836121939
2618,47.12871287128713,0.004039912501005771
2619,47.14671467146715,0.0040386329896119
2620,47.16471647164717,0.004037722814551853
2621,47.182718271827184,0.004037207976377006
2622,47.2007200720072,0.004037096467966271
2623,47.21872187218722,0.004037377001600066
2624,47.23672367236724,0.004038020970541438
2625,47.25472547254726,0.004038987091796902
2626,47.27272727272727,0.0040402277429425655
2627,47.29072907290729,0.004041695772865877
2628,47.30873087308731,0.0040433505636556675
2629,47.32673267326733,0.004045162335460134
2630,47.344734473447346,0.004047114066546941
2631,47.36273627362736,0.004049200868895487
2632,47.38073807380738,0.004051427126097078
2633,47.3987398739874,0.0040538020813851005
2634,47.41674167416742,0.004056334795911686
2635,47.434743474347435,0.004059029448263923
2636,47.45274527452745,0.004061881817807636
2637,47.470747074707475,0.004064877521280586
2638,47.48874887488749,0.0040679922128345515
2639,47.50675067506751,0.00407119358323875
2640,47.524752475247524,0.0040744446734639495
2641,47.54275427542754,0.004077707806588535
2642,47.560756075607564,0.004080948371839196
2643,47.57875787578758,0.004084137769847363
2644,47.5967596759676,0.0040872550262952435
2645,47.61476147614761,0.0040902868583886825
2646,47.63276327632764,0.0040932262795144465
2647,47.65076507650765,0.004096070095472707
2648,47.66876687668767,0.004098815833594056
2649,47.686768676867686,0.00410145872399059
2650,47.70477047704771,0.004103989312002387
2651,47.722772277227726,0.004106392136349001
2652,47.74077407740774,0.004108645690438224
2653,47.75877587758776,0.004110723637843891
2654,47.776777677767775,0.004112597023119012
2655,47.7947794779478,0.004114237046276288
2656,47.812781278127815,0.004115617881463829
2657,47.83078307830783,0.004116719028991009
2658,47.84878487848785,0.004117526788725509
2659,47.86678667866787,0.004118034610387181
2660,47.88478847884789,0.004118242280112743
2661,47.902790279027904,0.0041181541061268015
2662,47.92079207920792,0.004117776434826177
2663,47.93879387938794,0.00411711493530674
2664,47.95679567956796,0.004116172120376629
2665,47.97479747974798,0.004114945523924423
2666,47.99279927992799,0.004113426839444948
2667,48.01080108010801,0.0041116021639194715
2668,48.02880288028803,0.004109453312399409
2669,48.04680468046805,0.004106960000086661
2670,48.064806480648066,0.00410410255575888
2671,48.08280828082808,0.00410086475159077
2672,48.1008100810081,0.004097236319321241
2673,48.11881188118812,0.004093214771187049
2674,48.13681368136814,0.004088806247031226
2675,48.154815481548155,0.004084025250398954
2676,48.17281728172817,0.004078893295722005
2677,48.190819081908195,0.004073436643817909
2678,48.20882088208821,0.004067683433140262
2679,48.22682268226823,0.00406166060248237
2680,48.244824482448244,0.004055391035680314
2681,48.26282628262826,0.004048891335519996
2682,48.280828082808284,0.004042170554906211
2683,48.2988298829883,0.004035230087684005
2684,48.31683168316832,0.004028064764579186
2685,48.33483348334833,0.004020665031245886
2686,48.35283528352836,0.004013019927431967
2687,48.37083708370837,0.004005120460681037
2688,48.38883888388839,0.003996962893742169
2689,48.406840684068406,0.003988551455278329
2690,48.42484248424843,0.003979900043933302
2691,48.442844284428446,0.003971032622254457
2692,48.46084608460846,0.00396198217546477
2693,48.47884788478848,0.003952788317937203
2694,48.496849684968495,0.003943493838457739
2695,48.51485148514852,0.003934140652485594
2696,48.532853285328535,0.0039247657462842455
2697,48.55085508550855,0.003915397731638403
2698,48.56885688568857,0.0039060545697287372
2699,48.58685868586859,0.0038967428714983795
2700,48.60486048604861,0.0038874589572333545
2701,48.622862286228624,0.00387819159102625
2702,48.64086408640864,0.003868926036420317
2703,48.65886588658866,0.003859648851230508
2704,48.67686768676868,0.003850352691944621
2705,48.6948694869487,0.0038410403601843016
2706,48.71287128712871,0.0038317274080717466
2707,48.73087308730873,0.0038224428190390507
2708,48.74887488748875,0.0038132275689669076
2709,48.76687668766877,0.0038041312064722756
2710,48.784878487848786,0.0037952069175732294
2711,48.8028802880288,0.0037865058041764137
2712,48.82088208820882,0.003778071260942221
2713,48.83888388838884,0.0037699343503603926
2714,48.85688568856886,0.003762110942896038
2715,48.874887488748875,0.0037546011242437435
2716,48.89288928892889,0.0037473910146025332
2717,48.910891089108915,0.003740456752313167
2718,48.92889288928893,0.0037337700312613112
2719,48.94689468946895,0.0037273043104861497
2720,48.964896489648964,0.0037210406841482807
2721,48.98289828982898,0.00371497243652901
2722,49.000900090009004,0.0037091075082941994
2723,49.01890189018902,0.0037034684366360473
2724,49.03690369036904,0.003698089748810987
2725,49.054905490549054,0.0036930132164552133
2726,49.07290729072908,0.003688281743771255
2727,49.09090909090909,0.0036839329022885494
2728,49.10891089108911,0.003679993195034546
2729,49.126912691269126,0.003676474018871238
2730,49.14491449144915,0.0036733700125354232
2731,49.162916291629166,0.0036706600760842605
2732,49.18091809180918,0.003668310893263947
2733,49.1989198919892,0.0036662823601494032
2734,49.216921692169215,0.003664533995994783
2735,49.23492349234924,0.0036630312434478116
2736,49.252925292529255,0.003661750585609969
2737,49.27092709270927,0.003660682614261399
2738,49.28892889288929,0.003659832541315017
2739,49.30693069306931,0.0036592180916675057
2740,49.32493249324933,0.0036588651715027307
2741,49.342934293429344,0.0036588020911402512
2742,49.36093609360936,0.0036590533674492084
2743,49.37893789378938,0.0036596341941300277
2744,49.3969396939694,0.003660546537962087
2745,49.41494149414942,0.0036617775193658222
2746,49.432943294329434,0.0036633003208504334
2747,49.45094509450945,0.00366507741239716
2748,49.46894689468947,0.003667065470960138
2749,49.48694869486949,0.003669221076544465
2750,49.504950495049506,0.0036715061426866907
2751,49.52295229522952,0.003673892106276138
2752,49.54095409540954,0.003676362146880413
2753,49.55895589558956,0.0036789110826320574
2754,49.57695769576958,0.0036815430276266503
2755,49.594959495949595,0.0036842673128677393
2756,49.61296129612961,0.003687093491347662
2757,49.630963096309635,0.0036900264087405643
2758,49.64896489648965,0.0036930622949358973
2759,49.66696669666967,0.003696186624044262
2760,49.684968496849685,0.0036993741415617364
2761,49.7029702970297,0.0037025910338552483
2762,49.720972097209724,0.0037057987980211905
2763,49.73897389738974,0.0037089590393907636
2764,49.75697569756976,0.0037120382431871392
2765,49.774977497749774,0.0037150115713093027
2766,49.7929792979298,0.0037178649248363655
2767,49.810981098109814,0.0037205948519672804
2768,49.82898289828983,0.003723206305087412
2769,49.846984698469846,0.0037257086779373346
2770,49.86498649864987,0.0037281109014760845
2771,49.882988298829886,0.003730416576449918
2772,49.9009900990099,0.0037326201311296374
2773,49.91899189918992,0.003734704809304575
2774,49.936993699369935,0.0037366429488877844
2775,49.95499549954996,0.003738398569477142
2776,49.972997299729975,0.00373993183182812
2777,49.99099909990999,0.0037412045513678734
2778,50.00900090009001,0.003742185716851512
2779,50.02700270027003,0.0037428559319467297
2780,50.04500450045005,0.003743209872910878
2781,50.063006300630065,0.0037432562108691138
2782,50.08100810081008,0.003743014918803363
2783,50.0990099009901,0.003742512383988222
2784,50.11701170117012,0.003741775181577143
2785,50.13501350135014,0.0037408236500108202
2786,50.153015301530154,0.0037396664860274735
2787,50.17101710171017,0.003738297426338993
2788,50.18901890189019,0.003736694726958617
2789,50.20702070207021,0.0037348236512109527
2790,50.225022502250226,0.0037326416234030432
2791,50.24302430243024,0.0037301051988385477
2792,50.26102610261026,0.003727177637485767
2793,50.27902790279028,0.003723835718863879
2794,50.2970297029703,0.0037200745322393727
2795,50.315031503150315,0.0037159093069375326
2796,50.33303330333033,0.0037113738570762073
2797,50.351035103510355,0.0037065158141126255
2798,50.36903690369037,0.0037013894020524363
2799,50.38703870387039,0.0036960469681637936
2800,50.405040504050405,0.0036905307314414634
2801,50.42304230423042,0.0036848662032745874
2802,50.441044104410445,0.0036790584669972597
2803,50.45904590459046,0.003673092019352036
2804,50.47704770477048,0.003666934260891258
2805,50.495049504950494,0.0036605420822464546
2806,50.51305130513052,0.003653870442714631
2807,50.531053105310534,0.003646881475492261
2808,50.54905490549055,0.0036395525460694465
2809,50.567056705670566,0.0036318818578895185
2810,50.58505850585059,0.0036238906146596576
2811,50.603060306030606,0.0036156213398538303
2812,50.62106210621062,0.0036071326177537105
2813,50.63906390639064,0.003598491140493354
2814,50.657065706570656,0.0035897624132358837
2815,50.67506750675068,0.0035810017028883993
2816,50.693069306930695,0.0035722467740575926
2817,50.71107110711071,0.0035635136470579224
2818,50.72907290729073,0.0035547960913364985
2819,50.74707470747075,0.0035460689252702652
2820,50.76507650765077,0.0035372945421200627
2821,50.783078307830785,0.0035284315349023315
2822,50.8010801080108,0.0035194439438523952
2823,50.81908190819082,0.00351030955739572
2824,50.83708370837084,0.00350102587428101
2825,50.85508550855086,0.0034916127469591493
2826,50.873087308730874,0.003482111300194669
2827,50.89108910891089,0.0034725793532122073
2828,50.909090909090914,0.0034630841585665487
2829,50.92709270927093,0.0034536937070675866
2830,50.945094509450946,0.0034444680637801413
2831,50.96309630963096,0.0034354521631581505
2832,50.98109810981098,0.003426671213811843
2833,50.999099909991,0.0034181293984133707
2834,51.01710171017102,0.0034098119858693462
2835,51.035103510351036,0.0034016904006838595
2836,51.05310531053105,0.00339372931579277
2837,51.071107110711075,0.0033858945285153777
2838,51.08910891089109,0.003378160291146042
2839,51.10711071107111,0.0033705149056719483
2840,51.125112511251125,0.0033629637247866028
2841,51.14311431143115,0.0033555291652678882
2842,51.161116111611165,0.003348247851390021
2843,51.17911791179118,0.003341165476984117
2844,51.1971197119712,0.0033343303272600827
2845,51.215121512151214,0.0033277865812801877
2846,51.23312331233124,0.0033215685005720383
2847,51.251125112511254,0.003315696410574967
2848,51.26912691269127,0.00331017504180758
2849,51.28712871287129,0.0033049943810347752
2850,51.30513051305131,0.003300132763199174
2851,51.323132313231326,0.003295561582884676
2852,51.34113411341134,0.0032912507746519735
2853,51.35913591359136,0.003287174135872901
2854,51.377137713771376,0.0032833136470052046
2855,51.3951395139514,0.0032796621592094087
2856,51.413141314131416,0.00327622412342906
2857,51.43114311431143,0.003273014372094226
2858,51.44914491449145,0.003270055276425129
2859,51.46714671467147,0.0032673728392608246
2860,51.48514851485149,0.003264992411993064
2861,51.503150315031505,0.0032629347317985674
2862,51.52115211521152,0.0032612128703759452
2863,51.53915391539154,0.0032598304942804343
2864,51.55715571557156,0.0032587815981848147
2865,51.57515751575158,0.003258051628903178
2866,51.593159315931594,0.0032576197095125323
2867,51.61116111611161,0.0032574615295421585
2868,51.629162916291634,0.003257552405447906
2869,51.64716471647165,0.0032578700369305003
2870,51.66516651665167,0.003258396576965392
2871,51.68316831683168,0.0032591197745236683
2872,51.7011701170117,0.0032600331115334434
2873,51.71917191719172,0.003261135012266003
2874,51.73717371737174,0.003262427331070953
2875,51.755175517551756,0.003263913407776384
2876,51.77317731773177,0.003265596012554089
2877,51.791179117911796,0.0032674754855929905
2878,51.80918091809181,0.0032695483203178982
2879,51.82718271827183,0.003271806355207508
2880,51.845184518451845,0.003274236643121032
2881,51.86318631863187,0.0032768219721985526
2882,51.881188118811885,0.0032795419300787943
2883,51.8991899189919,0.003282374341222151
2884,51.91719171917192,0.0032852968699377985
2885,51.935193519351934,0.003288288570702788
2886,51.95319531953196,0.0032913311816240728
2887,51.971197119711974,0.0032944099938091173
2888,51.98919891989199,0.0032975141849929633
2889,52.00720072007201,0.0033006365747623575
2890,52.02520252025203,0.0033037728345224845
2891,52.04320432043205,0.003306920260049257
2892,52.06120612061206,0.003310076279112209
2893,52.07920792079208,0.003313236912037471
2894,52.097209720972096,0.003316395420990546
2895,52.11521152115212,0.003319541368526151
2896,52.133213321332136,0.0033226602560417367
2897,52.15121512151215,0.003325733831960072
2898,52.16921692169217,0.0033287410572512004
2899,52.18721872187219,0.003331659606806932
2900,52.20522052205221,0.003334467686926958
2901,52.223222322232225,0.0033371458798630285
2902,52.24122412241224,0.0033396787011267595
2903,52.25922592259226,0.003342055582981691
2904,52.27722772277228,0.0033442710783812327
2905,52.2952295229523,0.0033463242039421083
2906,52.313231323132314,0.0033482169896678123
2907,52.33123312331233,0.0033499524518909697
2908,52.349234923492354,0.0033515323268254195
2909,52.36723672367237,0.003352954970461833
2910,52.38523852385239,0.0033542138292795213
2911,52.4032403240324,0.00335529681001613
2912,52.42124212421242,0.0033561867338625065
2913,52.43924392439244,0.0033568628724904644
2914,52.45724572457246,0.0033573033620096213
2915,52.475247524752476,0.003357488112926843
2916,52.49324932493249,0.0033574017143932744
2917,52.511251125112516,0.003357035795947011
2918,52.52925292529253,0.003356390371997062
2919,52.54725472547255,0.0033554738484595555
2920,52.565256525652565,0.003354301594681455
2921,52.58325832583259,0.003352893240038914
2922,52.601260126012605,0.0033512690979670173
2923,52.61926192619262,0.0033494463048866587
2924,52.63726372637264,0.003347435349962864
2925,52.655265526552654,0.0033452376419563718
2926,52.67326732673268,0.003342844610350482
2927,52.691269126912694,0.0033402385901570575
2928,52.70927092709271,0.003337395433303979
2929,52.72727272727273,0.0033342884770935677
2930,52.74527452745275,0.003330893238419597
2931,52.76327632763277,0.0033271920412179822
2932,52.78127812781278,0.0033231777579616224
2933,52.7992799279928,0.0033188559648853525
2934,52.817281728172816,0.0033142450600728494
2935,52.83528352835284,0.003309374234290888
2936,52.853285328532856,0.0033042795591388696
2937,52.87128712871287,0.003298998799937752
2938,52.88928892889289,0.003293565809297531
2939,52.90729072907291,0.003288005463637174
2940,52.92529252925293,0.003282330045057431
2941,52.943294329432945,0.00327653774979906
2942,52.96129612961296,0.003270613655930589
2943,52.97929792979298,0.003264533064534515
2944,52.997299729973,0.003258266712262234
2945,53.01530153015302,0.0032517870121486284
2946,53.033303330333034,0.003245074276089928
2947,53.05130513051305,0.003238121845747771
2948,53.069306930693074,0.003230939217959533
2949,53.08730873087309,0.003223552572577641
2950,53.10531053105311,0.00321600254251026
2951,53.12331233123312,0.003208339534701211
2952,53.14131413141314,0.0032006173360716325
2953,53.15931593159316,0.0031928860454493377
2954,53.17731773177318,0.0031851855060395676
2955,53.195319531953196,0.0031775403472308673
2956,53.21332133213321,0.0031699574879719044
2957,53.231323132313236,0.0031624265483347963
2958,53.24932493249325,0.00315492312925446
2959,53.26732673267327,0.003147414435575257
2960,53.285328532853285,0.0031398663176543224
2961,53.30333033303331,0.003132250561042081
2962,53.321332133213325,0.0031245512052355956
2963,53.33933393339334,0.003116768830510112
2964,53.35733573357336,0.003108922090235419
2965,53.375337533753374,0.0031010462276911894
2966,53.3933393339334,0.003093188822794635
2967,53.411341134113414,0.0030854034792217712
2968,53.42934293429343,0.003077742507136976
2969,53.44734473447345,0.003070249822839657
2970,53.46534653465347,0.003062955246440217
2971,53.48334833483349,0.003055871139810695
2972,53.5013501350135,0.0030489919309277034
2973,53.51935193519352,0.003042296585239419
2974,53.537353735373536,0.0030357535924371536
2975,53.55535553555356,0.0030293276210599865
2976,53.573357335733576,0.003022986723069585
2977,53.59135913591359,0.003016708889887887
2978,53.60936093609361,0.0030104868818153383
2979,53.62736273627363,0.0030043305515556227
2980,53.64536453645365,0.0029982663072955495
2981,53.663366336633665,0.002992333838486865
2982,53.68136813681368,0.0029865806774325935
2983,53.6993699369937,0.0029810555172600675
2984,53.71737173717372,0.0029758013956644584
2985,53.73537353735374,0.002970849855382593
2986,53.753375337533754,0.0029662170101050194
2987,53.77137713771377,0.0029619021125588422
2988,53.789378937893794,0.002957888798215185
2989,53.80738073807381,0.0029541487358591607
2990,53.82538253825383,0.002950647028944161
2991,53.84338433843384,0.0029473484421185508
2992,53.86138613861386,0.0029442234172280305
2993,53.87938793879388,0.0029412529064860196
2994,53.8973897389739,0.002938431272151021
2995,53.915391539153916,0.0029357668408500045
2996,53.93339333933393,0.0029332800972513696
2997,53.951395139513956,0.002930999888894491
2998,53.96939693969397,0.0029289583279961708
2999,53.98739873987399,0.0029271852674388112
3000,54.005400540054005,0.002925703269236408
3001,54.02340234023403,0.002924523872682211
3002,54.041404140414045,0.002923645729446886
3003,54.05940594059406,0.002923054847969366
3004,54.07740774077408,0.0029227268359534766
3005,54.095409540954094,0.0029226307068040544
3006,54.11341134113412,0.0029227335754328297
3007,54.131413141314134,0.0029230054475954644
3008,54.14941494149415,0.002923423320399109
3009,54.16741674167417,0.0029239739527076904
3010,54.18541854185419,0.00292465490500867
3011,54.20342034203421,0.0029254737456702925
3012,54.22142214221422,0.0029264456235368118
3013,54.23942394239424,0.002927589665607652
3014,54.257425742574256,0.0029289248324070117
3015,54.27542754275428,0.0029304659273556052
3016,54.293429342934296,0.002932220403811352
3017,54.31143114311431,0.00293418645757001
3018,54.32943294329433,0.0029363526630298634
3019,54.34743474347435,0.0029386991483870985
3020,54.36543654365437,0.0029412000534879126
3021,54.383438343834385,0.0029438268141503544
3022,54.4014401440144,0.002946551699660616
3023,54.41944194419442,0.00294935101181335
3024,54.43744374437444,0.0029522074335970325
3025,54.45544554455446,0.0029551111766756635
3026,54.473447344734474,0.002958059789731874
3027,54.49144914491449,0.002961056717601246
3028,54.509450945094514,0.0029641089058858494
3029,54.52745274527453,0.0029672238944181716
3030,54.54545454545455,0.002970406912898812
3031,54.56345634563456,0.002973658474259737
3032,54.58145814581458,0.002976972861520097
3033,54.5994599459946,0.0029803377411184583
3034,54.61746174617462,0.0029837349387481843
3035,54.635463546354636,0.0029871422162227553
3036,54.65346534653465,0.002990535722665886
3037,54.671467146714676,0.002993892686998299
3038,54.68946894689469,0.002997193887543782
3039,54.70747074707471,0.0030004254820743806
3040,54.725472547254725,0.0030035798981596206
3041,54.74347434743475,0.003006655648454639
3042,54.761476147614765,0.003009656120159382
3043,54.77947794779478,0.003012587561135245
3044,54.7974797479748,0.003015456618308552
3045,54.815481548154814,0.0030182678553568832
3046,54.83348334833484,0.003021021675165478
3047,54.851485148514854,0.0030237129993135356
3048,54.86948694869487,0.0030263309249794466
3049,54.88748874887489,0.003028859411837731
3050,54.90549054905491,0.0030312788762322006
3051,54.92349234923493,0.0030335684166290042
3052,54.94149414941494,0.003035708288668796
3053,54.95949594959496,0.003037682207525005
3054,54.977497749774976,0.003039479086237727
3055,54.995499549955,0.003041093915731909
3056,55.013501350135016,0.003042527638800762
3057,55.03150315031503,0.0030437860416601672
3058,55.04950495049505,0.003044877853868722
3059,55.06750675067507,0.0030458123823276827
3060,55.08550855085509,0.003046597085016595
3061,55.103510351035105,0.003047235501615477
3062,55.12151215121512,0.0030477258992214666
3063,55.13951395139514,0.003048060871809596
3064,55.15751575157516,0.0030482279719057904
3065,55.17551755175518,0.0030482112789540104
3066,55.193519351935194,0.0030479936502217004
3067,55.21152115211521,0.003047559283408704
3068,55.229522952295234,0.0030468961650117594
3069,55.24752475247525,0.0030459979942761184
3070,55.26552655265527,0.0030448652567244424
3071,55.28352835283528,0.0030435052598653534
3072,55.30153015301531,0.003041931113759706
3073,55.31953195319532,0.0030401598124536605
3074,55.33753375337534,0.003038209720178261
3075,55.355535553555356,0.0030360978642607005
3076,55.37353735373537,0.0030338374688301277
3077,55.391539153915396,0.0030314361245425466
3078,55.40954095409541,0.003028894886358818
3079,55.42754275427543,0.0030262084411175586
3080,55.445544554455445,0.003023366314110381
3081,55.46354635463547,0.0030203549173851455
3082,55.481548154815485,0.0030171601091066418
3083,55.4995499549955,0.0030137698543093797
3084,55.51755175517552,0.0030101765649599155
3085,55.535553555355534,0.003006378752570308
3086,55.55355535553556,0.003002381739818012
3087,55.571557155715574,0.0029981973296639183
3088,55.58955895589559,0.0029938424963342467
3089,55.60756075607561,0.002989337315529873
3090,55.62556255625563,0.0029847024672741158
3091,55.64356435643565,0.0029799567063053963
3092,55.66156615661566,0.0029751146933923284
3093,55.67956795679568,0.0029701855181469335
3094,55.697569756975696,0.0029651721312180953
3095,55.71557155715572,0.0029600717600333083
3096,55.733573357335736,0.002954877230634169
3097,55.75157515751575,0.00294957898216246
3098,55.76957695769577,0.0029441674604710893
3099,55.78757875787579,0.002938635527137971
3100,55.80558055805581,0.0029329805256685113
3101,55.823582358235825,0.00292720570503219
3102,55.84158415841584,0.002921320801256666
3103,55.85958595859586,0.0029153417041910194
3104,55.87758775877588,0.002909289269358846
3105,55.8955895589559,0.0029031874547090675
3106,55.913591359135914,0.002897061052568587
3107,55.93159315931593,0.0028909333367872912
3108,55.949594959495954,0.0028848239488534493
3109,55.96759675967597,0.002878747306146228
3110,55.98559855985599,0.002872711737896036
3111,56.003600360036,0.0028667194517364727
3112,56.02160216021603,0.0028607673204450205
3113,56.03960396039604,0.0028548483696307567
3114,56.05760576057606,0.0028489537564442137
3115,56.075607560756076,0.002843074967681442
3116,56.09360936093609,0.002837205939805846
3117,56.111611161116116,0.0028313448158280015
3118,56.12961296129613,0.002825495102561995
3119,56.14761476147615,0.002819666070326651
3120,56.165616561656165,0.002813872336135774
3121,56.18361836183619,0.0028081326789424384
3122,56.201620162016205,0.002802468238545884
3123,56.21962196219622,0.0027969003354960747
3124,56.23762376237624,0.0027914482064528186
3125,56.255625562556254,0.002786126969583481
3126,56.27362736273628,0.0027809461133909493
3127,56.291629162916294,0.0027759087404696592
3128,56.30963096309631,0.0027710117010374836
3129,56.32763276327633,0.0027662466307232427
3130,56.34563456345635,0.002761601778187458
3131,56.36363636363637,0.002757064388364136
3132,56.38163816381638,0.0027526233142894097
3133,56.3996399639964,0.0027482714800801254
3134,56.417641764176416,0.0027440078201216214
3135,56.43564356435644,0.0027398383783030365
3136,56.453645364536456,0.002735776361251054
3137,56.47164716471647,0.002731841087642952
3138,56.48964896489649,0.0027280559414734795
3139,56.50765076507651,0.0027244455958633697
3140,56.52565256525653,0.0027210329001302164
3141,56.543654365436545,0.002717835894261742
3142,56.56165616561656,0.002714865416802596
3143,56.57965796579658,0.0027121236999866007
3144,56.5976597659766,0.0027096042070796937
3145,56.61566156615662,0.0027072927801956373
3146,56.633663366336634,0.0027051699602537852
3147,56.65166516651665,0.002703214147193516
3148,56.669666966696674,0.0027014051206645405
3149,56.68766876687669,0.0026997273659193394
3150,56.70567056705671,0.002698172662488299
3151,56.72367236723672,0.002696741496234315
3152,56.74167416741675,0.0026954430351684142
3153,56.75967596759676,0.002694293638892357
3154,56.77767776777678,0.00269331411396803
3155,56.795679567956796,0.002692526142365363
3156,56.81368136813681,0.002691948459953392
3157,56.831683168316836,0.002691593419020242
3158,56.84968496849685,0.002691464520219085
3159,56.86768676867687,0.0026915553500747452
3160,56.885688568856885,0.0026918501327479107
3161,56.90369036903691,0.002692325835908167
3162,56.921692169216925,0.0026929555054025244
3163,56.93969396939694,0.0026937122877154916
3164,56.95769576957696,0.002694573471481676
3165,56.975697569756974,0.0026955238637261514
3166,56.993699369937,0.0026965579183213934
3167,57.011701170117014,0.002697680238221624
3168,57.02970297029703,0.002698904345990876
3169,57.04770477047705,0.0027002499128006754
3170,57.06570657065707,0.0027017389033265134
3171,57.08370837083709,0.0027033912857018297
3172,57.1017101710171,0.0027052210371985453
3173,57.11971197119712,0.0027072331317167433
3174,57.137713771377136,0.0027094220305888617
3175,57.15571557155716,0.002711771941024394
3176,57.173717371737176,0.0027142588008966474
3177,57.19171917191719,0.0027168536478157333
3178,57.20972097209721,0.002719526787647861
3179,57.22772277227723,0.0027222520362444663
3180,57.24572457245725,0.002725010293979273
3181,57.263726372637265,0.0027277918291972302
3182,57.28172817281728,0.002730596874032873
3183,57.2997299729973,0.002733434434475286
3184,57.31773177317732,0.0027363195332622873
3185,57.33573357335734,0.0027392693827535566
3186,57.353735373537354,0.0027422991754231384
3187,57.37173717371737,0.0027454182476020187
3188,57.389738973897394,0.0027486273050020323
3189,57.40774077407741,0.0027519172080090176
3190,57.42574257425743,0.0027552695346699336
3191,57.44374437443744,0.0027586588198965753
3192,57.46174617461747,0.0027620560681098213
3193,57.47974797479748,0.0027654329076803696
3194,57.4977497749775,0.0027687656404506975
3195,57.515751575157516,0.0027720384592026383
3196,57.53375337533753,0.0027752452566750644
3197,57.551755175517556,0.0027783897043787945
3198,57.56975697569757,0.002781483591886106
3199,57.58775877587759,0.0027845437308781783
3200,57.605760576057605,0.0027875879862029546
3201,57.62376237623763,0.002790631151844966
3202,57.641764176417645,0.0027936814150039367
3203,57.65976597659766,0.0027967380421221647
3204,57.67776777677768,0.0027997906969021175
3205,57.695769576957694,0.0028028205031152913
3206,57.71377137713772,0.002805802648589366
3207,57.731773177317734,0.00280871004877945
3208,57.74977497749775,0.002811517399189382
3209,57.76777677767777,0.0028142048796369807
3210,57.78577857785779,0.0028167608414261134
3211,57.80378037803781,0.002819182997813594
3212,57.82178217821782,0.0028214779135846053
3213,57.83978397839784,0.002823658900390076
3214,57.857785778577856,0.002825742713887619
3215,57.87578757875788,0.002827745664057237
3216,57.893789378937896,0.002829679852600491
3217,57.91179117911791,0.0028315502232037484
3218,57.92979297929793,0.0028333529577879487
3219,57.94779477947795,0.002835075503499489
3220,57.96579657965797,0.0028366982171885275
3221,57.983798379837985,0.0028381973211846967
3222,58.001800180018,0.0028395486295906343
3223,58.01980198019802,0.0028407313701464907
3224,58.03780378037804,0.0028417314162691087
3225,58.05580558055806,0.002842543357579116
3226,58.073807380738074,0.0028431710528768464
3227,58.09180918091809,0.0028436265865743166
3228,58.109810981098114,0.0028439278368433277
3229,58.12781278127813,0.0028440951088965194
3230,58.14581458145815,0.0028441474460522945
3231,58.16381638163816,0.0028440992771269482
3232,58.18181818181819,0.0028439579849860648
3233,58.1998199819982,0.0028437228034680416
3234,58.21782178217822,0.002843385202746805
3235,58.235823582358236,0.0028429306529214227
3236,58.25382538253825,0.0028423414118559556
3237,58.271827182718276,0.002841599809734843
3238,58.28982898289829,0.002840691429268999
3239,58.30783078307831,0.0028396076177413464
3240,58.325832583258325,0.0028383469052724857
3241,58.34383438343835,0.002836915114686605
3242,58.361836183618365,0.002835324191415957
3243,58.37983798379838,0.002833590011519431
3244,58.3978397839784,0.0028317296004637723
3245,58.415841584158414,0.0028297582846631007
3246,58.43384338433844,0.0028276872884910264
3247,58.451845184518454,0.0028255221869342936
3248,58.46984698469847,0.002823262450778353
3249,58.48784878487849,0.002820902112126238
3250,58.50585058505851,0.0028184313734740786
3251,58.52385238523853,0.0028158388214206092
3252,58.54185418541854,0.0028131138147846155
3253,58.55985598559856,0.0028102486102860873
3254,58.577857785778576,0.0028072398641605526
3255,58.5958595859586,0.0028040892867622685
3256,58.613861386138616,0.0028008033996181968
3257,58.63186318631863,0.0027973925155977968
3258,58.64986498649865,0.0027938691997708193
3259,58.66786678667867,0.0027902465463113127
3260,58.68586858685869,0.0027865366134784426
3261,58.703870387038705,0.0027827492970119673
3262,58.72187218721872,0.0027788918085819812
3263,58.73987398739874,0.002774968786399319
3264,58.75787578757876,0.002770982930023792
3265,58.77587758775878,0.0027669359488700866
3266,58.793879387938794,0.00276282956401552
3267,58.81188118811881,0.0027586663138588685
3268,58.829882988298834,0.002754449980863644
3269,58.84788478847885,0.002750185562042886
3270,58.86588658865887,0.0027458788249945915
3271,58.88388838883888,0.0027415355966476573
3272,58.90189018901891,0.0027371609993855047
3273,58.91989198919892,0.002732758863495522
3274,58.93789378937894,0.0027283315025742982
3275,58.955895589558956,0.0027238799489840686
3276,58.97389738973897,0.002719404629879612
3277,58.991899189918996,0.002714906347359097
3278,59.00990099009901,0.0027103873363304824
3279,59.02790279027903,0.0027058521328521936
3280,59.045904590459045,0.002701308005892905
3281,59.06390639063907,0.002696764785405761
3282,59.081908190819085,0.0026922340447628275
3283,59.0999099909991,0.0026877277407287244
3284,59.11791179117912,0.0026832565483978295
3285,59.135913591359135,0.0026788282217063996
3286,59.15391539153916,0.0026744463392306132
3287,59.171917191719174,0.0026701097492805356
3288,59.18991899189919,0.00266581291223059
3289,59.20792079207921,0.0026615471709655154
3290,59.22592259225923,0.0026573027933214826
3291,59.24392439243925,0.002653071460405671
3292,59.26192619261926,0.002648848757281202
3293,59.27992799279928,0.0026446361847193337
3294,59.297929792979296,0.0026404422651252514
3295,59.31593159315932,0.0026362824573023655
3296,59.333933393339336,0.0026321778009426072
3297,59.35193519351935,0.0026281524463014154
3298,59.36993699369937,0.0026242304437688107
3299,59.38793879387939,0.0026204323291403016
3300,59.40594059405941,0.0026167721096240484
3301,59.423942394239425,0.0026132552153166322
3302,59.44194419441944,0.0026098778334086845
3303,59.45994599459946,0.002606627810505459
3304,59.47794779477948,0.0026034870317679596
3305,59.4959495949595,0.002600434913668591
3306,59.513951395139514,0.0025974524305714276
3307,59.53195319531953,0.002594525976176687
3308,59.549954995499554,0.0025916503645854717
3309,59.56795679567957,0.0025888304059235702
3310,59.58595859585959,0.002586080728480579
3311,59.603960396039604,0.0025834238232954887
3312,59.62196219621963,0.0025808866047359173
3313,59.63996399639964,0.0025784960545993914
3314,59.65796579657966,0.0025762746967999094
3315,59.675967596759676,0.002574236699919636
3316,59.69396939693969,0.0025723853136136953
3317,59.711971197119716,0.0025707121252577345
3318,59.72997299729973,0.00256919831202369
3319,59.74797479747975,0.0025678177147296943
3320,59.765976597659765,0.0025665412350870404
3321,59.78397839783979,0.00256534181582795
3322,59.801980198019805,0.002564199148198444
3323,59.81998199819982,0.0025631032858336156
3324,59.83798379837984,0.002562056523995019
3325,59.855985598559855,0.002561073198359608
3326,59.87398739873988,0.0025601774168912796
3327,59.891989198919894,0.002559399098722284
3328,59.90999099909991,0.0025587689916070195
3329,59.92799279927993,0.0025583135212615656
3330,59.94599459945995,0.002558050358925925
3331,59.96399639963997,0.0025579854712160072
3332,59.981998199819984,0.0025581121597672524
3333,60.0,0.0025584122522313733
3334,60.018001800180016,0.002558859231744812
3335,60.03600360036004,0.002559422755044244
3336,60.054005400540056,0.002560073769316354
3337,60.07200720072007,0.0025607893367772944
3338,60.09000900090009,0.002561556331321201
3339,60.10801080108011,0.0025623733730456956
3340,60.12601260126013,0.0025632506779187736
3341,60.144014401440145,0.0025642078658658593
3342,60.16201620162016,0.0025652701263588268
3343,60.180018001800185,0.0025664634236455324
3344,60.1980198019802,0.0025678095848607856
3345,60.21602160216022,0.002569322126177481
3346,60.234023402340235,0.002571003534277242
3347,60.25202520252025,0.002572844458617508
3348,60.270027002700274,0.0025748249317288038
3349,60.28802880288029,0.002576917380520673
3350,60.30603060306031,0.0025790908837882882
3351,60.324032403240324,0.0025813159232133337
3352,60.34203420342035,0.002583568802135687
3353,60.360036003600364,0.002585834978862431
3354,60.37803780378038,0.0025881107640226848
3355,60.396039603960396,0.002590403126465729
3356,60.41404140414041,0.0025927276858206984
3357,60.432043204320436,0.0025951052826671955
3358,60.45004500450045,0.002597557754744977
3359,60.46804680468047,0.0026001036696536414
3360,60.486048604860486,0.0026027547522505267
3361,60.50405040504051,0.002605513603814517
3362,60.522052205220525,0.0026083730680649653
3363,60.54005400540054,0.002611317301538207
3364,60.55805580558056,0.002614324306572876
3365,60.576057605760575,0.0026173694370660817
3366,60.5940594059406,0.0026204292325690526
3367,60.612061206120615,0.0026234848997543567
3368,60.63006300630063,0.0026265248447041
3369,60.64806480648065,0.0026295458461626283
3370,60.66606660666067,0.002632552712572727
3371,60.68406840684069,0.0026355565374798105
3372,60.702070207020704,0.002638571909955359
3373,60.72007200720072,0.0026416136071820144
3374,60.73807380738074,0.0026446933675578436
3375,60.75607560756076,0.0026478173055988615
3376,60.774077407740776,0.0026509843951867465
3377,60.79207920792079,0.002654186243021206
3378,60.81008100810081,0.0026574081386564813
3379,60.82808280828083,0.0026606311443798493
3380,60.84608460846085,0.002663834816641062
3381,60.864086408640865,0.002667000059115364
3382,60.88208820882088,0.0026701116085777123
3383,60.900090009000905,0.002673159744148194
3384,60.91809180918092,0.002676140967996359
3385,60.93609360936094,0.002679057599751324
3386,60.954095409540955,0.0026819164209964633
3387,60.97209720972097,0.0026847266654467326
3388,60.990099009900995,0.0026874977478906666
3389,61.00810081008101,0.002690237146493887
3390,61.02610261026103,0.0026929487989700174
3391,61.044104410441044,0.002695632257595882
3392,61.06210621062107,0.002698282695738301
3393,61.080108010801084,0.0027008916995141983
3394,61.0981098109811,0.002703448641977199
3395,61.11611161116112,0.0027059423474010366
3396,61.13411341134113,0.0027083627233360024
3397,61.152115211521156,0.002710702069633582
3398,61.17011701170117,0.0027129558564151198
3399,61.18811881188119,0.0027151228778215996
3400,61.206120612061206,0.0027172048113034337
3401,61.22412241224123,0.002719205319246758
3402,61.242124212421245,0.002721128901634749
3403,61.26012601260126,0.0027229797341241017
3404,61.27812781278128,0.0027247607041287055
3405,61.296129612961295,0.0027264727964764466
3406,61.31413141314132,0.002728114895422111
3407,61.332133213321335,0.0027296839804298893
3408,61.35013501350135,0.002731175617909736
3409,61.36813681368137,0.002732584604461771
3410,61.38613861386139,0.0027339056065782876
3411,61.40414041404141,0.002735133666389655
3412,61.422142214221424,0.0027362644945323486
3413,61.44014401440144,0.002737294535743597
3414,61.45814581458146,0.0027382208543654278
3415,61.47614761476148,0.002739040931030789
3416,61.494149414941496,0.002739752478504689
3417,61.51215121512151,0.002740353370814138
3418,61.53015301530153,0.0027408417395920833
3419,61.54815481548155,0.0027412162354416947
3420,61.56615661566157,0.0027414763944082
3421,61.584158415841586,0.002741623005209798
3422,61.6021602160216,0.0027416583537562193
3423,61.620162016201625,0.002741586234032081
3424,61.63816381638164,0.002741411657714351
3425,61.65616561656166,0.0027411402606971743
3426,61.674167416741675,0.0027407774790548845
3427,61.69216921692169,0.0027403276330930397
3428,61.710171017101715,0.002739793099994182
3429,61.72817281728173,0.0027391737614730323
3430,61.74617461746175,0.002738466878250926
3431,61.764176417641764,0.002737667471963714
3432,61.78217821782179,0.0027367691993963887
3433,61.800180018001804,0.002735765601795657
3434,61.81818181818182,0.0027346515241717705
3435,61.83618361836184,0.002733424445150398
3436,61.85418541854185,0.002732085450722563
3437,61.872187218721876,0.0027306396301808545
3438,61.89018901890189,0.0027290957645309845
3439,61.90819081908191,0.0027274653019882067
3440,61.926192619261926,0.002725760749828116
3441,61.94419441944195,0.0027239937315713418
3442,61.962196219621966,0.0027221730394089896
3443,61.98019801980198,0.0027203030362113034
3444,61.998199819982,0.0027183827215194584
3445,62.016201620162015,0.002716405675485492
3446,62.03420342034204,0.002714360949241178
3447,62.052205220522055,0.002712234804224403
3448,62.07020702070207,0.0027100130460631176
3449,62.08820882088209,0.0027076835798010112
3450,62.10621062106211,0.0027052387558297525
3451,62.12421242124213,0.0027026770928339555
3452,62.142214221422144,0.002700004055263745
3453,62.16021602160216,0.002697231714765632
3454,62.17821782178218,0.0026943773126441384
3455,62.1962196219622,0.0026914609315890053
3456,62.21422142214222,0.002688502645780629
3457,62.23222322232223,0.0026855196197212027
3458,62.25022502250225,0.002682523648205834
3459,62.26822682268227,0.0026795195667864784
3460,62.28622862286229,0.0026765048228544826
3461,62.304230423042306,0.0026734703046817675
3462,62.32223222322232,0.002670402311909016
3463,62.340234023402346,0.0026672853528670426
3464,62.35823582358236,0.00266410530646356
3465,62.37623762376238,0.002660852415612429
3466,62.394239423942395,0.0026575235987652043
3467,62.41224122412241,0.00265412367393702
3468,62.430243024302435,0.002650665268280636
3469,62.44824482448245,0.0026471674058897348
3470,62.46624662466247,0.002643652989888196
3471,62.484248424842484,0.0026401455838260483
3472,62.50225022502251,0.002636666019457498
3473,62.520252025202524,0.002633229391926964
3474,62.53825382538254,0.0026298429430409477
3475,62.55625562556256,0.0026265051885490704
3476,62.57425742574257,0.002623206440494309
3477,62.5922592259226,0.002619930645236967
3478,62.61026102610261,0.0026166582405262057
3479,62.62826282628263,0.0026133695674504195
3480,62.646264626462646,0.0026100482831589874
3481,62.66426642664267,0.002606684222569351
3482,62.682268226822686,0.0026032752508752693
3483,62.7002700270027,0.0025998278172266595
3484,62.71827182718272,0.0025963561347137833
3485,62.736273627362735,0.0025928801365818726
3486,62.75427542754276,0.0025894225560274646
3487,62.772277227722775,0.002586005614666504
3488,62.79027902790279,0.002582647860937359
3489,62.80828082808281,0.0025793616663679327
3490,62.82628262826283,0.0025761517718589848
3491,62.84428442844285,0.0025730150985189206
3492,62.862286228622864,0.0025699418285411077
3493,62.88028802880288,0.0025669175560781173
3494,62.8982898289829,0.0025639261395784185
3495,62.91629162916292,0.002560952782216867
3496,62.93429342934294,0.0025579868413226946
3497,62.95229522952295,0.002555023923141867
3498,62.97029702970297,0.002552066944578745
3499,62.98829882988299,0.002549126016398546
3500,63.00630063006301,0.0025462171933667496
3501,63.024302430243026,0.0025433603146224155
3502,63.04230423042304,0.002540576294141848
3503,63.060306030603066,0.0025378842960639427
3504,63.07830783078308,0.002535299233269158
3505,63.0963096309631,0.002532829962133326
3506,63.114311431143115,0.0025304784250059723
3507,63.13231323132313,0.002528239836244642
3508,63.150315031503155,0.002526103843612184
3509,63.16831683168317,0.0025240564506366233
3510,63.18631863186319,0.002522082379149109
3511,63.204320432043204,0.0025201674992442985
3512,63.22232223222323,0.0025183009616000012
3513,63.240324032403244,0.002516476730066441
3514,63.25832583258326,0.0025146943179382404
3515,63.27632763276328,0.002512958660760728
3516,63.29432943294329,0.002511279190760852
3517,63.31233123312332,0.0025096682928207074
3518,63.33033303330333,0.002508139403126819
3519,63.34833483348335,0.0025067050492468407
3520,63.366336633663366,0.002505375121718878
3521,63.38433843384339,0.0025041556167277363
3522,63.402340234023406,0.002503048007414296
3523,63.42034203420342,0.002502049301980239
3524,63.43834383438344,0.002501152745568804
3525,63.456345634563455,0.0025003490344461007
3526,63.47434743474348,0.002499627846757113
3527,63.492349234923495,0.002498979461152526
3528,63.51035103510351,0.0024983962349831106
3529,63.52835283528353,0.0024978737448966494
3530,63.54635463546355,0.0024974114480364237
3531,63.56435643564357,0.002497012792546105
3532,63.582358235823584,0.002496684781553741
3533,63.6003600360036,0.0024964370653829254
3534,63.61836183618362,0.002496280694063891
3535,63.63636363636364,0.002496226700245188
3536,63.65436543654366,0.0024962846980217434
3537,63.67236723672367,0.0024964616754720344
3538,63.69036903690369,0.0024967611298623944
3539,63.70837083708371,0.0024971826486768997
3540,63.72637263726373,0.002497721982582256
3541,63.744374437443746,0.002498371594813624
3542,63.76237623762376,0.002499121612288447
3543,63.780378037803786,0.0024999610537525243
3544,63.7983798379838,0.002500879175275096
3545,63.81638163816382,0.0025018667577909226
3546,63.834383438343835,0.0025029171674892394
3547,63.85238523852385,0.002504027047617254
3548,63.870387038703875,0.0025051965470398365
3549,63.88838883888389,0.002506429051490483
3550,63.90639063906391,0.0025077304505469545
3551,63.924392439243924,0.002509108038286739
3552,63.94239423942395,0.00251056919931847
3553,63.960396039603964,0.00251212006635907
3554,63.97839783978398,0.0025137643448212583
3555,63.996399639964,0.0025155024813246275
3556,64.01440144014401,0.002517331307908095
3557,64.03240324032403,0.002519244227327145
3558,64.05040504050405,0.002521231926049362
3559,64.06840684068408,0.0025232835217341796
3560,64.0864086408641,0.0025253879832355134
3561,64.10441044104411,0.0025275356145786853
3562,64.12241224122413,0.002529719378116503
3563,64.14041404140414,0.002531935849957954
3564,64.15841584158416,0.002534185651330509
3565,64.17641764176417,0.0025364732760510206
3566,64.19441944194419,0.0025388063255619743
3567,64.21242124212421,0.0025411942550500836
3568,64.23042304230424,0.002543646812377374
3569,64.24842484248425,0.002546172403039312
3570,64.26642664266427,0.0025487766301710785
3571,64.28442844284429,0.002551461235346702
3572,64.3024302430243,0.002554223606428388
3573,64.32043204320432,0.00255705693187966
3574,64.33843384338434,0.0025599509802775823
3575,64.35643564356435,0.002562893385298969
3576,64.37443744374437,0.002565871236183841
3577,64.3924392439244,0.0025688727248227867
3578,64.41044104410442,0.0025718885914107668
3579,64.42844284428443,0.002574913142861038
3580,64.44644464446445,0.0025779446868682164
3581,64.46444644464447,0.002580985318594215
3582,64.48244824482448,0.00258404010112115
3583,64.5004500450045,0.002587115778052807
3584,64.51845184518452,0.002590219231053401
3585,64.53645364536453,0.0025933559345757327
3586,64.55445544554456,0.002596528658242726
3587,64.57245724572458,0.00259973662485938
3588,64.5904590459046,0.002602975256126386
3589,64.60846084608461,0.002606236541569964
3590,64.62646264626463,0.0026095099650553315
3591,64.64446444644464,0.0026127838341574146
3592,64.66246624662466,0.0026160467950466348
3593,64.68046804680468,0.002619289289235176
3594,64.69846984698471,0.00262250472216238
3595,64.71647164716472,0.0026256901641421226
3596,64.73447344734474,0.002628846482564838
3597,64.75247524752476,0.0026319778969668786
3598,64.77047704770477,0.0026350910401401954
3599,64.78847884788479,0.0026381936839621526
3600,64.8064806480648,0.002641293336284048
3601,64.82448244824482,0.0026443959282109585
3602,64.84248424842484,0.0026475047885788435
3603,64.86048604860487,0.0026506200494300193
3604,64.87848784878489,0.0026537385526751783
3605,64.8964896489649,0.0026568542467613433
3606,64.91449144914492,0.0026599589865888553
3607,64.93249324932493,0.0026630435920730923
3608,64.95049504950495,0.002666098989026448
3609,64.96849684968497,0.0026691172540696754
3610,64.98649864986498,0.0026720924115805006
3611,65.004500450045,0.0026750208791869456
3612,65.02250225022503,0.002677901519690536
3613,65.04050405040505,0.0026807353207582204
3614,65.05850585058506,0.0026835247789111063
3615,65.07650765076508,0.0026862731031024275
3616,65.0945094509451,0.0026889833707528293
3617,65.11251125112511,0.002691657764664414
3618,65.13051305130513,0.0026942969956528476
3619,65.14851485148515,0.0026968999787748997
3620,65.16651665166516,0.002699463788027994
3621,65.1845184518452,0.0027019838728249822
3622,65.20252025202521,0.002704454485671398
3623,65.22052205220523,0.0027068692483951137
3624,65.23852385238524,0.0027092217754919167
3625,65.25652565256526,0.0027115062766392074
3626,65.27452745274528,0.002713718073264832
3627,65.29252925292529,0.0027158539822880233
3628,65.31053105310531,0.0027179125397954647
3629,65.32853285328532,0.002719894055314512
3630,65.34653465346535,0.0027218005016989883
3631,65.36453645364537,0.002723635256134305
3632,65.38253825382539,0.002725402715299327
3633,65.4005400540054,0.002727107813816778
3634,65.41854185418542,0.0027287554812186025
3635,65.43654365436544,0.0027303500794338934
3636,65.45454545454545,0.0027318948697984385
3637,65.47254725472547,0.002733391564104897
3638,65.49054905490549,0.0027348400157196193
3639,65.50855085508552,0.0027362381015732192
3640,65.52655265526553,0.0027375818318504503
3641,65.54455445544555,0.0027388657009290414
3642,65.56255625562557,0.002740083262077273
3643,65.58055805580558,0.0027412278733551015
3644,65.5985598559856,0.0027422935286325638
3645,65.61656165616562,0.002743275662148226
3646,65.63456345634563,0.002744171803792192
3647,65.65256525652565,0.002744981969867382
3648,65.67056705670568,0.002745708702151552
3649,65.6885688568857,0.0027463567146975465
3650,65.70657065706571,0.0027469321672499306
3651,65.72457245724573,0.002747441647544374
3652,65.74257425742574,0.0027478910013701134
3653,65.76057605760576,0.0027482841883703477
3654,65.77857785778578,0.0027486223543729572
3655,65.7965796579658,0.002748903292655614
3656,65.81458145814581,0.002749121417135537
3657,65.83258325832584,0.002749268295773255
3658,65.85058505850586,0.002749333703231444
3659,65.86858685868587,0.0027493070622589973
3660,65.88658865886589,0.002749179068797244
3661,65.9045904590459,0.002748943250387863
3662,65.92259225922592,0.00274859720098645
3663,65.94059405940594,0.0027481432715421614
3664,65.95859585958596,0.0027475885713000607
3665,65.97659765976597,0.002746944239294872
3666,65.994599459946,0.002746224062877272
3667,66.01260126012602,0.0027454426311514513
3668,66.03060306030603,0.0027446132967394415
3669,66.04860486048605,0.002743746263540884
3670,66.06660666066607,0.002742847111620582
3671,66.08460846084608,0.00274191601177
3672,66.1026102610261,0.002740947779219066
3673,66.12061206120612,0.0027399327839062837
3674,66.13861386138615,0.0027388585947090817
3675,66.15661566156616,0.002737712110333721
3676,66.17461746174618,0.002736481841676531
3677,66.1926192619262,0.0027351599754292075
3678,66.21062106210621,0.0027337438741301327
3679,66.22862286228623,0.0027322367513894926
3680,66.24662466246625,0.0027306473903658908
3681,66.26462646264626,0.0027289889283736283
3682,66.28262826282628,0.002727276885519704
3683,66.30063006300631,0.002725526744576154
3684,66.31863186318633,0.002723751470648731
3685,66.33663366336634,0.002721959377918333
3686,66.35463546354636,0.002720152702336411
3687,66.37263726372638,0.0027183271303615926
3688,66.39063906390639,0.002716472381617227
3689,66.40864086408641,0.002714573772301827
3690,66.42664266426642,0.002712614524437065
3691,66.44464446444644,0.002710578460610571
3692,66.46264626462647,0.002708452656080135
3693,66.48064806480649,0.0027062296219116607
3694,66.4986498649865,0.0027039086646879376
3695,66.51665166516652,0.002701496199022792
3696,66.53465346534654,0.002699004957501017
3697,66.55265526552655,0.002696452221144379
3698,66.57065706570657,0.0026938573526289916
3699,66.58865886588659,0.0026912390278643174
3700,66.6066606660666,0.002688612610324619
3701,66.62466246624663,0.0026859880885301297
3702,66.64266426642665,0.0026833689042407034
3703,66.66066606660667,0.0026807518526311617
3704,66.67866786678668,0.002678128060228098
3705,66.6966696669667,0.0026754848707667813
3706,66.71467146714672,0.0026728083223707907
3707,66.73267326732673,0.0026700858056320346
3708,66.75067506750675,0.002667308466418082
3709,66.76867686768676,0.002664472963275182
3710,66.7866786678668,0.0026615822988967654
3711,66.80468046804681,0.002658645599559308
3712,66.82268226822683,0.0026556768897048645
3713,66.84068406840684,0.0026526930721439993
3714,66.85868586858686,0.002649711450855016
3715,66.87668766876688,0.002646747202731245
3716,66.8946894689469,0.0026438112063406
3717,66.91269126912691,0.002640908570686215
3718,66.93069306930693,0.002638038087058208
3719,66.94869486948696,0.0026351926732005606
3720,66.96669666966697,0.002632360717281374
3721,66.98469846984699,0.002629528086400296
3722,67.002700270027,0.0026266804636907036
3723,67.02070207020702,0.0026238056350089945
3724,67.03870387038704,0.0026208953662985733
3725,67.05670567056706,0.002617946590830109
3726,67.07470747074707,0.0026149617469755707
3727,67.09270927092709,0.0026119482504722447
3728,67.11071107110712,0.002608917225786972
3729,67.12871287128714,0.0026058817359359983
3730,67.14671467146715,0.00260285482082264
3731,67.16471647164717,0.002599847670731003
3732,67.18271827182718,0.002596868223455239
3733,67.2007200720072,0.0025939203893130215
3734,67.21872187218722,0.0025910039941085677
3735,67.23672367236723,0.0025881154065249988
3736,67.25472547254725,0.0025852487047220703
3737,67.27272727272728,0.0025823971554323113
3738,67.2907290729073,0.0025795547399238053
3739,67.30873087308731,0.00257671746929639
3740,67.32673267326733,0.0025738842828379764
3741,67.34473447344735,0.002571057406446921
3742,67.36273627362736,0.0025682421472721807
3743,67.38073807380738,0.002565446197638867
3744,67.3987398739874,0.0025626785992644207
3745,67.41674167416741,0.002559948565229247
3746,67.43474347434744,0.0025572643659287973
3747,67.45274527452746,0.0025546324571700855
3748,67.47074707470748,0.0025520569711385307
3749,67.48874887488749,0.002549539616504789
3750,67.50675067506751,0.0025470799572163668
3751,67.52475247524752,0.002544675974831689
3752,67.54275427542754,0.0025423247778284634
3753,67.56075607560756,0.002540023309343666
3754,67.57875787578759,0.0025377689225003714
3755,67.5967596759676,0.0025355597343421892
3756,67.61476147614762,0.002533394725505586
3757,67.63276327632764,0.002531273610894571
3758,67.65076507650765,0.0025291965547468496
3759,67.66876687668767,0.0025271638321212016
3760,67.68676867686769,0.002525175542880973
3761,67.7047704770477,0.002523231463844479
3762,67.72277227722772,0.002521331085168334
3763,67.74077407740775,0.0025194738273947464
3764,67.75877587758777,0.002517659387089064
3765,67.77677767776778,0.002515888122452632
3766,67.7947794779478,0.002514161373992825
3767,67.81278127812782,0.0025124816232746025
3768,67.83078307830783,0.0025108524238514514
3769,67.84878487848785,0.002509278086624123
3770,67.86678667866786,0.002507763157268383
3771,67.88478847884788,0.0025063117743486228
3772,67.90279027902791,0.0025049270321366203
3773,67.92079207920793,0.002503610483618005
3774,67.93879387938794,0.002502361902889378
3775,67.95679567956796,0.0025011793838027136
3776,67.97479747974798,0.0025000597903102398
3777,67.992799279928,0.0024989995046652215
3778,68.01080108010801,0.0024979953557171565
3779,68.02880288028803,0.002497045563895785
3780,68.04680468046804,0.002496150522100334
3781,68.06480648064807,0.0024953132476643997
3782,68.08280828082809,0.0024945393888167284
3783,68.1008100810081,0.002493836742419461
3784,68.11881188118812,0.0024932143259989753
3785,68.13681368136814,0.0024926811309779915
3786,68.15481548154816,0.002492244750080806
3787,68.17281728172817,0.0024919101071899214
3788,68.19081908190819,0.0024916785145733897
3789,68.2088208820882,0.0024915472391147425
3790,68.22682268226824,0.0024915096818041
3791,68.24482448244825,0.0024915561754433055
3792,68.26282628262827,0.002491675300779297
3793,68.28082808280828,0.002491855529168038
3794,68.2988298829883,0.0024920869368566614
3795,68.31683168316832,0.0024923627139939474
3796,68.33483348334833,0.0024926802157177355
3797,68.35283528352835,0.0024930413704620643
3798,68.37083708370837,0.0024934523617253833
3799,68.3888388838884,0.002493922617698158
3800,68.40684068406841,0.002494463258782514
3801,68.42484248424843,0.002495085246529149
3802,68.44284428442845,0.002495797532573103
3803,68.46084608460846,0.0024966055126551703
3804,68.47884788478848,0.002497510046667552
3805,68.4968496849685,0.0024985072172715047
3806,68.51485148514851,0.0024995888809706155
3807,68.53285328532853,0.002500743935861723
3808,68.55085508550856,0.0025019601110306024
3809,68.56885688568858,0.002503225993660109
3810,68.58685868586859,0.002504532966507451
3811,68.60486048604861,0.0025058767382056214
3812,68.62286228622862,0.0025072582108106502
3813,68.64086408640864,0.002508683533447855
3814,68.65886588658866,0.002510163320997943
3815,68.67686768676867,0.002511711151353964
3816,68.69486948694869,0.0025133415718650307
3817,68.71287128712872,0.0025150679259408736
3818,68.73087308730874,0.0025169003411895543
3819,68.74887488748875,0.002518844195828929
3820,68.76687668766877,0.0025208993044030853
3821,68.78487848784879,0.0025230599493493593
3822,68.8028802880288,0.002525315750316141
3823,68.82088208820882,0.00252765323018436
3824,68.83888388838884,0.0025300578269879183
3825,68.85688568856885,0.0025325160319759972
3826,68.87488748874888,0.002535017316781684
3827,68.8928892889289,0.0025375555494627985
3828,68.91089108910892,0.0025401296836689066
3829,68.92889288928893,0.0025427436233033513
3830,68.94689468946895,0.002545405297432562
3831,68.96489648964896,0.0025481251053959676
3832,68.98289828982898,0.002550913990068098
3833,69.000900090009,0.0025537814526570457
3834,69.01890189018903,0.00255673382701789
3835,69.03690369036904,0.002559773085264999
3836,69.05490549054906,0.0025628963577148975
3837,69.07290729072908,0.002566096233816018
3838,69.0909090909091,0.0025693617858298227
3839,69.10891089108911,0.002572680143723786
3840,69.12691269126913,0.002576038365855448
3841,69.14491449144914,0.002579425308307252
3842,69.16291629162916,0.0025828332018719433
3843,69.18091809180919,0.0025862586975925637
3844,69.1989198919892,0.002589703230067061
3845,69.21692169216922,0.002593172657501057
3846,69.23492349234924,0.0025966762507700202
3847,69.25292529252926,0.0026002252025184506
3848,69.27092709270927,0.0026038308964016765
3849,69.28892889288929,0.0026075032059794433
3850,69.3069306930693,0.0026112490791421047
3851,69.32493249324932,0.002615071610889381
3852,69.34293429342935,0.0026189697245290588
3853,69.36093609360937,0.002622938483030583
3854,69.37893789378938,0.002626969954418656
3855,69.3969396939694,0.0026310544730967747
3856,69.41494149414942,0.0026351820850928844
3857,69.43294329432943,0.0026393439467019917
3858,69.45094509450945,0.0026435334642241435
3859,69.46894689468947,0.002647747012931899
3860,69.48694869486948,0.0026519841466182965
3861,69.50495049504951,0.0026562472924699355
3862,69.52295229522953,0.0026605410059720542
3863,69.54095409540955,0.0026648709246969403
3864,69.55895589558956,0.0026692425989168593
3865,69.57695769576958,0.00267366038624398
3866,69.5949594959496,0.002678126577157497
3867,69.61296129612961,0.002682640873242702
3868,69.63096309630963,0.002687200278783436
3869,69.64896489648964,0.00269179939961409
3870,69.66696669666968,0.0026964310816676696
3871,69.68496849684969,0.002701087274734319
3872,69.70297029702971,0.002705759980916873
3873,69.72097209720972,0.002710442144713263
3874,69.73897389738974,0.0027151283612174048
3875,69.75697569756976,0.0027198153158200424
3876,69.77497749774977,0.002724501915812807
3877,69.79297929792979,0.002729189123204817
3878,69.8109810981098,0.002733879540984199
3879,69.82898289828984,0.0027385768357801083
3880,69.84698469846985,0.00274328509472421
3881,69.86498649864987,0.0027480082125329102
3882,69.88298829882989,0.00275274938849486
3883,69.9009900990099,0.002757510786411067
3884,69.91899189918992,0.002762293379131714
3885,69.93699369936994,0.0027670969688878416
3886,69.95499549954995,0.0027719203500404122
3887,69.97299729972997,0.0027767615654716886
3888,69.99099909991,0.002781618202915364
3889,70.00900090009002,0.002786487682308772
3890,70.02700270027003,0.002791367497322532
3891,70.04500450045005,0.002796255390110028
3892,70.06300630063006,0.002801149454300042
3893,70.08100810081008,0.0028060481741171294
3894,70.0990099009901,0.0028109504151557483
3895,70.11701170117011,0.0028158553840879554
3896,70.13501350135013,0.0028207625712288213
3897,70.15301530153016,0.0028256716833411828
3898,70.17101710171018,0.002830582566873892
3899,70.1890189018902,0.002835495116526814
3900,70.20702070207021,0.002840409162525948
3901,70.22502250225023,0.002845324333103567
3902,70.24302430243024,0.0028502398959536135
3903,70.26102610261026,0.002855154592210037
3904,70.27902790279028,0.0028600664862582113
3905,70.2970297029703,0.0028649728616248447
3906,70.31503150315032,0.0028698701948205885
3907,70.33303330333034,0.002874754233795461
3908,70.35103510351036,0.002879620195432102
3909,70.36903690369037,0.0028844630785971825
3910,70.38703870387039,0.002889278068433781
3911,70.4050405040504,0.002894060987495062
3912,70.42304230423042,0.002898808733976272
3913,70.44104410441044,0.002903519640223426
3914,70.45904590459047,0.0029081936882231307
3915,70.47704770477048,0.0029128325335263726
3916,70.4950495049505,0.0029174393136595952
3917,70.51305130513052,0.0029220182482669645
3918,70.53105310531053,0.0029265740713003176
3919,70.54905490549055,0.0029311113650979607
3920,70.56705670567057,0.0029356338869309215
3921,70.58505850585058,0.0029401439864156654
3922,70.6030603060306,0.002944642204855984
3923,70.62106210621063,0.0029491271252377995
3924,70.63906390639065,0.0029535955069118483
3925,70.65706570657066,0.0029580426968171133
3926,70.67506750675068,0.002962463265779136
3927,70.6930693069307,0.002966851780855389
3928,70.71107110711071,0.0029712035992058915
3929,70.72907290729073,0.0029755155602171827
3930,70.74707470747074,0.0029797864628035137
3931,70.76507650765076,0.0029840172432169625
3932,70.78307830783079,0.002988210811645565
3933,70.80108010801081,0.002992371557224143
3934,70.81908190819082,0.002996504583112863
3935,70.83708370837084,0.0030006147778875525
3936,70.85508550855086,0.0030047058593832754
3937,70.87308730873087,0.003008779537135625
3938,70.89108910891089,0.003012834927401385
3939,70.9090909090909,0.0030168683215338575
3940,70.92709270927092,0.0030208733586637683
3941,70.94509450945095,0.003024841594343878
3942,70.96309630963097,0.0030287633968749676
3943,70.98109810981099,0.0030326290516143307
3944,70.999099909991,0.0030364299187838804
3945,71.01710171017102,0.003040159477895532
3946,71.03510351035104,0.003043814104363368
3947,71.05310531053105,0.003047393459882476
3948,71.07110711071107,0.0030509004328015377
3949,71.08910891089108,0.0030543406301203942
3950,71.10711071107112,0.003057721489219449
3951,71.12511251125113,0.0030610511349369865
3952,71.14311431143115,0.003064337147284114
3953,71.16111611161116,0.0030675854206129354
3954,71.17911791179118,0.0030707992836775584
3955,71.1971197119712,0.003073979013031994
3956,71.21512151215121,0.0030771218147891185
3957,71.23312331233123,0.003080222280286352
3958,71.25112511251125,0.003083273249984105
3959,71.26912691269128,0.0030862669576850878
3960,71.2871287128713,0.0030891962834133273
3961,71.30513051305131,0.0030920559248579413
3962,71.32313231323133,0.0030948433072536443
3963,71.34113411341134,0.0030975590887616917
3964,71.35913591359136,0.0031002071775295104
3965,71.37713771377138,0.003102794248978554
3966,71.39513951395139,0.0031053288267395723
3967,71.41314131413141,0.003107820056792218
3968,71.43114311431144,0.003110276351751364
3969,71.44914491449146,0.003112704103608628
3970,71.46714671467147,0.0031151066551723043
3971,71.48514851485149,0.0031174836839575446
3972,71.5031503150315,0.003119831092646137
3973,71.52115211521152,0.0031221414262626863
3974,71.53915391539154,0.003124404758902715
3975,71.55715571557155,0.0031266099237500125
3976,71.57515751575157,0.0031287459095913875
3977,71.5931593159316,0.0031308032226737698
3978,71.61116111611162,0.0031327750182241756
3979,71.62916291629163,0.003134657840463712
3980,71.64716471647165,0.003136451868315607
3981,71.66516651665167,0.003138160637473324
3982,71.68316831683168,0.0031397902870294796
3983,71.7011701170117,0.0031413484488480845
3984,71.71917191719172,0.0031428429498335884
3985,71.73717371737175,0.003144280523497961
3986,71.75517551755176,0.0031456657239444107
3987,71.77317731773178,0.0031470002032366914
3988,71.7911791179118,0.0031482824571193997
3989,71.80918091809181,0.0031495080727812295
3990,71.82718271827183,0.0031506704366413094
3991,71.84518451845184,0.0031517617914112984
3992,71.86318631863186,0.003152774480215385
3993,71.88118811881188,0.0031537021889133407
3994,71.89918991899191,0.0031545409997119564
3995,71.91719171917192,0.0031552900990570116
3996,71.93519351935194,0.003155952035830109
3997,71.95319531953196,0.0031565324937617954
3998,71.97119711971197,0.0031570396142962622
3999,71.98919891989199,0.003157482971972785
4000,72.007200720072,0.003157872353937561
4001,72.02520252025202,0.0031582165213130376
4002,72.04320432043204,0.00315852212934872
4003,72.06120612061207,0.003158792956223521
4004,72.07920792079209,0.003159029541700036
4005,72.0972097209721,0.003159229274357274
4006,72.11521152115212,0.003159386899585889
4007,72.13321332133214,0.0031594953600361563
4008,72.15121512151215,0.0031595468347026473
4009,72.16921692169217,0.0031595338187304094
4010,72.18721872187218,0.0031594500863052727
4011,72.2052205220522,0.003159291402807653
4012,72.22322232223223,0.0031590558953513356
4013,72.24122412241225,0.0031587440456998152
4014,72.25922592259226,0.0031583583275687356
4015,72.27722772277228,0.0031579025625367145
4016,72.2952295229523,0.0031573811074696472
4017,72.31323132313231,0.003156798006189195
4018,72.33123312331233,0.003156156236876843
4019,72.34923492349235,0.0031554571655632102
4020,72.36723672367236,0.003154700279205859
4021,72.3852385238524,0.003153883225760256
4022,72.40324032403241,0.003153002140887432
4023,72.42124212421243,0.003152052198988131
4024,72.43924392439244,0.0031510282962778423
4025,72.45724572457246,0.003149925759562834
4026,72.47524752475248,0.003148740977447777
4027,72.49324932493249,0.0031474718693048397
4028,72.51125112511251,0.0031461181374853845
4029,72.52925292529252,0.0031446812843791846
4030,72.54725472547256,0.0031431644118505753
4031,72.56525652565257,0.0031415718505995198
4032,72.58325832583259,0.003139908686784998
4033,72.6012601260126,0.003138180260514998
4034,72.61926192619262,0.0031363917055316705
4035,72.63726372637264,0.0031345475837220595
4036,72.65526552655265,0.003132651645693074
4037,72.67326732673267,0.003130706724146822
4038,72.69126912691269,0.0031287147447272264
4039,72.70927092709272,0.0031266768230794107
4040,72.72727272727273,0.0031245934092878906
4041,72.74527452745275,0.0031224644420660597
4042,72.76327632763277,0.003120289483726616
4043,72.78127812781278,0.0031180678203502656
4044,72.7992799279928,0.003115798526201031
4045,72.81728172817282,0.0031134805038017382
4046,72.83528352835283,0.0031111125183785403
4047,72.85328532853285,0.003108693246076476
4048,72.87128712871288,0.0031062213494741408
4049,72.8892889288929,0.0031036955830584185
4050,72.90729072907291,0.003101114918232974
4051,72.92529252925293,0.003098478665500261
4052,72.94329432943294,0.0030957865639283486
4053,72.96129612961296,0.0030930388073098967
4054,72.97929792979298,0.0030902359835574414
4055,72.997299729973,0.003087378918188875
4056,73.01530153015301,0.003084468431918212
4057,73.03330333033304,0.003081505042787902
4058,73.05130513051306,0.0030784886607495674
4059,73.06930693069307,0.003075418333097607
4060,73.08730873087309,0.0030722920996770027
4061,73.1053105310531,0.0030691070059922416
4062,73.12331233123312,0.003065859300979221
4063,73.14131413141314,0.0030625448170957946
4064,73.15931593159316,0.0030591594980770784
4065,73.17731773177319,0.003055700009728822
4066,73.1953195319532,0.0030521643470864538
4067,73.21332133213322,0.0030485523417805665
4068,73.23132313231324,0.0030448659793019233
4069,73.24932493249325,0.0030411094573509754
4070,73.26732673267327,0.0030372889512046575
4071,73.28532853285328,0.0030334120952057774
4072,73.3033303330333,0.0030294872344907436
4073,73.32133213321332,0.0030255225406003975
4074,73.33933393339335,0.003021525111818428
4075,73.35733573357336,0.003017500188758035
4076,73.37533753375338,0.0030134506052883208
4077,73.3933393339334,0.0030093765649419515
4078,73.41134113411341,0.0030052757872880624
4079,73.42934293429343,0.0030011440139323955
4080,73.44734473447345,0.0029969758081503967
4081,73.46534653465346,0.002992765534483898
4082,73.48334833483348,0.002988508372827402
4083,73.50135013501351,0.0029842012112449444
4084,73.51935193519353,0.0029798432754052665
4085,73.53735373537354,0.002975436388788781
4086,73.55535553555356,0.00297098481175061
4087,73.57335733573358,0.0029664946712190782
4088,73.59135913591359,0.002961973056594804
4089,73.60936093609361,0.0029574269113362404
4090,73.62736273627362,0.0029528618851175944
4091,73.64536453645364,0.0029482813223577877
4092,73.66336633663367,0.0029436855470791118
4093,73.68136813681369,0.0029390715633193874
4094,73.6993699369937,0.0029344332304622757
4095,73.71737173717372,0.0029297619027126975
4096,73.73537353735374,0.0029250474521086375
4097,73.75337533753375,0.0029202795356202856
4098,73.77137713771377,0.0029154489281805994
4099,73.78937893789379,0.002910548731065301
4100,73.8073807380738,0.0029055752810647852
4101,73.82538253825383,0.002900528628197468
4102,73.84338433843385,0.0028954125120895405
4103,73.86138613861387,0.002890233840283368
4104,73.87938793879388,0.0028850017446424613
4105,73.8973897389739,0.002879726353712692
4106,73.91539153915392,0.002874417460083541
4107,73.93339333933393,0.0028690832762950187
4108,73.95139513951395,0.0028637294585345144
4109,73.96939693969397,0.0028583585365107625
4110,73.987398739874,0.002852969826732631
4111,74.00540054005401,0.0028475598342404254
4112,74.02340234023403,0.0028421230755145727
4113,74.04140414041404,0.0028366531936276705
4114,74.05940594059406,0.0028311441948069586
4115,74.07740774077408,0.0028255916194633046
4116,74.0954095409541,0.0028199934725007415
4117,74.11341134113411,0.002814350775230659
4118,74.13141314131413,0.0028086676585328133
4119,74.14941494149416,0.002802950985230974
4120,74.16741674167417,0.002797209558694886
4121,74.18541854185419,0.0027914530342397223
4122,74.2034203420342,0.002785690691385125
4123,74.22142214221422,0.002779930242738384
4124,74.23942394239424,0.002774176847115096
4125,74.25742574257426,0.0027684324623108063
4126,74.27542754275427,0.0027626956219939523
4127,74.29342934293429,0.002756961659419967
4128,74.31143114311432,0.0027512233373421452
4129,74.32943294329434,0.0027454717878367223
4130,74.34743474347435,0.0027396976255560663
4131,74.36543654365437,0.0027338920784504284
4132,74.38343834383438,0.00272804798331081
4133,74.4014401440144,0.0027221605182526218
4134,74.41944194419442,0.002716227586086541
4135,74.43744374437443,0.002710249814726563
4136,74.45544554455446,0.0027042301954669557
4137,74.47344734473448,0.0026981734292256406
4138,74.4914491449145,0.002692085087948941
4139,74.50945094509451,0.002685970718632702
4140,74.52745274527453,0.0026798350188151337
4141,74.54545454545455,0.0026736811957162737
4142,74.56345634563456,0.0026675105897558337
4143,74.58145814581458,0.0026613226022009673
4144,74.5994599459946,0.0026551149224516585
4145,74.61746174617463,0.0026488840093201616
4146,74.63546354635464,0.0026426257481188967
4147,74.65346534653466,0.0026363361853992584
4148,74.67146714671468,0.0026300122377127897
4149,74.68946894689469,0.002623652279589509
4150,74.70747074707471,0.0026172565368700043
4151,74.72547254725472,0.0026108272409223875
4152,74.74347434743474,0.0026043685325773743
4153,74.76147614761476,0.0025978861371251344
4154,74.77947794779479,0.0025913868592289456
4155,74.7974797479748,0.0025848779659521873
4156,74.81548154815482,0.0025783665354595317
4157,74.83348334833484,0.0025718588480057878
4158,74.85148514851485,0.002565359885605291
4159,74.86948694869487,0.0025588729893925256
4160,74.88748874887489,0.002552399701944435
4161,74.9054905490549,0.002545939798769422
4162,74.92349234923492,0.00253949149163829
4163,74.94149414941495,0.002533051768777429
4164,74.95949594959497,0.0025266168247728847
4165,74.97749774977498,0.0025201825271238933
4166,74.995499549955,0.0025137448667215513
4167,75.01350135013502,0.0025073003454242062
4168,75.03150315031503,0.002500846264177666
4169,75.04950495049505,0.002494380888322471
4170,75.06750675067507,0.0024879034812831627
4171,75.08550855085508,0.002481414212253816
4172,75.10351035103511,0.002474913956463957
4173,75.12151215121513,0.002468404017065873
4174,75.13951395139514,0.0024618858048454403
4175,75.15751575157516,0.0024553605153409637
4176,75.17551755175518,0.0024488288423712276
4177,75.1935193519352,0.002442290762536993
4178,75.21152115211521,0.002435745417377194
4179,75.22952295229523,0.002429191109222967
4180,75.24752475247524,0.0024226254143595756
4181,75.26552655265527,0.0024160454040449073
4182,75.28352835283529,0.002409447951555549
4183,75.3015301530153,0.0024028300930587425
4184,75.31953195319532,0.0023961894029557672
4185,75.33753375337534,0.002389524341348632
4186,75.35553555355536,0.0023828345329805593
4187,75.37353735373537,0.0023761209434135936
4188,75.39153915391539,0.0023693859287904407
4189,75.4095409540954,0.0023626331492026423
4190,75.42754275427544,0.0023558673509332557
4191,75.44554455445545,0.0023490940378753083
4192,75.46354635463547,0.0023423190654093032
4193,75.48154815481548,0.0023355481993164342
4194,75.4995499549955,0.0023287866866846846
4195,75.51755175517552,0.0023220388846069634
4196,75.53555355535553,0.0023153079858452253
4197,75.55355535553555,0.0023085958693111848
4198,75.57155715571557,0.0023019030885719754
4199,75.5895589558956,0.0022952289954342262
4200,75.60756075607561,0.0022885719799913334
4201,75.62556255625563,0.0022819297952573715
4202,75.64356435643565,0.002275299925258828
4203,75.66156615661566,0.0022686799512794636
4204,75.67956795679568,0.0022620678722731795
4205,75.6975697569757,0.00225546234200007
4206,75.71557155715571,0.0022488627962987478
4207,75.73357335733573,0.002242269457686275
4208,75.75157515751576,0.0022356832194778075
4209,75.76957695769578,0.0022291054260664875
4210,75.78757875787579,0.00222253757826167
4211,75.80558055805581,0.002215981001327611
4212,75.82358235823583,0.0022094365177218705
4213,75.84158415841584,0.002202904166142146
4214,75.85958595859586,0.002196383003500743
4215,75.87758775877587,0.002189871017476226
4216,75.8955895589559,0.0021833651653231784
4217,75.91359135913592,0.0021768615408961937
4218,75.93159315931594,0.002170355657735437
4219,75.94959495949595,0.002163842822958657
4220,75.96759675967597,0.002157318565901286
4221,75.98559855985599,0.00215077907805281
4222,76.003600360036,0.0021442216176864124
4223,76.02160216021602,0.0021376448341653437
4224,76.03960396039604,0.00213104897331873
4225,76.05760576057607,0.0021244359361553148
4226,76.07560756075608,0.002117809177696893
4227,76.0936093609361,0.0021111734495933726
4228,76.11161116111612,0.0021045344077728523
4229,76.12961296129613,0.002097898122772195
4230,76.14761476147615,0.002091270543596615
4231,76.16561656165617,0.0020846569741298495
4232,76.18361836183618,0.0020780616228169876
4233,76.2016201620162,0.0020714872807672414
4234,76.21962196219623,0.0020649351706093656
4235,76.23762376237624,0.0020584049893555114
4236,76.25562556255626,0.0020518951451061413
4237,76.27362736273628,0.002045403162358941
4238,76.2916291629163,0.002038926207171243
4239,76.30963096309631,0.0020324616647762364
4240,76.32763276327633,0.0020260076914168394
4241,76.34563456345634,0.0020195636612622796
4242,76.36363636363636,0.0020131304392219623
4243,76.38163816381639,0.0020067104307065113
4244,76.3996399639964,0.002000307387824494
4245,76.41764176417642,0.001993925984703729
4246,76.43564356435644,0.001987571208190052
4247,76.45364536453646,0.0019812476393144857
4248,76.47164716471647,0.00197495872114337
4249,76.48964896489649,0.001968706116432622
4250,76.5076507650765,0.001962489251984124
4251,76.52565256525652,0.001956305125820156
4252,76.54365436543655,0.0019501484204325942
4253,76.56165616561657,0.001944011924522422
4254,76.57965796579659,0.0019378872223421804
4255,76.5976597659766,0.0019317655701763658
4256,76.61566156615662,0.0019256388496107458
4257,76.63366336633663,0.0019195004718831384
4258,76.65166516651665,0.0019133461096835034
4259,76.66966696669667,0.0019071741527292236
4260,76.68766876687668,0.001900985819088384
4261,76.70567056705671,0.0018947849009326955
4262,76.72367236723673,0.0018885771747084712
4263,76.74167416741675,0.001882369554222011
4264,76.75967596759676,0.0018761691035957344
4265,76.77767776777678,0.001869982049470225
4266,76.7956795679568,0.001863812934417604
4267,76.81368136813681,0.0018576640353629723
4268,76.83168316831683,0.0018515351340409167
4269,76.84968496849685,0.001845423676152579
4270,76.86768676867688,0.0018393252991217564
4271,76.88568856885689,0.0018332346534967387
4272,76.90369036903691,0.001827146398333682
4273,76.92169216921693,0.0018210562231995196
4274,76.93969396939694,0.0018149617431900914
4275,76.95769576957696,0.0018088631298618831
4276,76.97569756975697,0.0018027633780976274
4277,76.99369936993699,0.0017966681613973594
4278,77.01170117011701,0.001790585288237832
4279,77.02970297029704,0.0017845238310509534
4280,77.04770477047705,0.0017784930481941086
4281,77.06570657065707,0.0017725012506218882
4282,77.08370837083709,0.001766554774003439
4283,77.1017101710171,0.0017606572022895884
4284,77.11971197119712,0.0017548089523455417
4285,77.13771377137714,0.0017490072766436645
4286,77.15571557155715,0.0017432466800539547
4287,77.17371737173717,0.0017375196866487735
4288,77.1917191719172,0.0017318178421961406
4289,77.20972097209722,0.001726132805174497
4290,77.22772277227723,0.0017204573685484458
4291,77.24572457245725,0.0017147862676267322
4292,77.26372637263727,0.0017091166638814126
4293,77.28172817281728,0.0017034482451675
4294,77.2997299729973,0.0016977829414662837
4295,77.31773177317731,0.001692124313032503
4296,77.33573357335734,0.001686476715848893
4297,77.35373537353736,0.0016808443803857044
4298,77.37173717371738,0.0016752305493461823
4299,77.3897389738974,0.0016696368072524612
4300,77.40774077407741,0.0016640627018042725
4301,77.42574257425743,0.0016585057094248123
4302,77.44374437443744,0.0016529615429716521
4303,77.46174617461746,0.0016474247468477204
4304,77.47974797479748,0.0016418894818721868
4305,77.4977497749775,0.0016363503757102803
4306,77.51575157515752,0.0016308033081502077
4307,77.53375337533754,0.0016252460145288604
4308,77.55175517551756,0.0016196784223596913
4309,77.56975697569757,0.001614102680163482
4310,77.58775877587759,0.0016085228863071581
4311,77.6057605760576,0.001602944571397655
4312,77.62376237623762,0.0015973740232550215
4313,77.64176417641764,0.0015918175633680344
4314,77.65976597659767,0.0015862808853721498
4315,77.67776777677769,0.0015807685498989298
4316,77.6957695769577,0.0015752836994523411
4317,77.71377137713772,0.0015698280173832835
4318,77.73177317731773,0.0015644019134703664
4319,77.74977497749775,0.0015590048820924153
4320,77.76777677767777,0.0015536359534513223
4321,77.78577857785778,0.0015482941476777199
4322,77.8037803780378,0.0015429788471786785
4323,77.82178217821783,0.0015376900227057821
4324,77.83978397839785,0.0015324282793023611
4325,77.85778577857786,0.0015271947237650476
4326,77.87578757875788,0.0015219906890747625
4327,77.8937893789379,0.001516817377398548
4328,77.91179117911791,0.001511675497211934
4329,77.92979297929793,0.0015065649695740508
4330,77.94779477947795,0.0015014847639669459
4331,77.96579657965796,0.0014964328982862618
4332,77.98379837983799,0.00149140660543866
4333,78.00180018001801,0.0014864026365708047
4334,78.01980198019803,0.0014814176442646226
4335,78.03780378037804,0.0014764485730724153
4336,78.05580558055806,0.0014714929825723876
4337,78.07380738073807,0.0014665492402374137
4338,78.09180918091809,0.0014616165457478816
4339,78.10981098109811,0.0014566947806004663
4340,78.12781278127812,0.0014517842111157818
4341,78.14581458145815,0.0014468851028976303
4342,78.16381638163817,0.0014419973247636942
4343,78.18181818181819,0.0014371200261485174
4344,78.1998199819982,0.0014322514623993777
4345,78.21782178217822,0.0014273890184288063
4346,78.23582358235824,0.0014225294466572657
4347,78.25382538253825,0.0014176692958865619
4348,78.27182718271827,0.0014128054705419342
4349,78.28982898289829,0.0014079358313251013
4350,78.30783078307832,0.0014030597341426233
4351,78.32583258325833,0.0013981784073318953
4352,78.34383438343835,0.0013932950879299336
4353,78.36183618361837,0.0013884148732199294
4354,78.37983798379838,0.0013835442886220555
4355,78.3978397839784,0.0013786906199516433
4356,78.41584158415841,0.0013738610993191329
4357,78.43384338433843,0.001369062062346584
4358,78.45184518451845,0.0013642982046878714
4359,78.46984698469848,0.0013595720556676114
4360,78.4878487848785,0.0013548837571150571
4361,78.50585058505851,0.001350231190346452
4362,78.52385238523853,0.0013456104405748313
4363,78.54185418541854,0.0013410165342372124
4364,78.55985598559856,0.0013364443395211148
4365,78.57785778577858,0.0013318894912862187
4366,78.59585958595859,0.0013273491937450684
4367,78.61386138613862,0.0013228227695246482
4368,78.63186318631864,0.0013183118602492854
4369,78.64986498649866,0.0013138202362859967
4370,78.66786678667867,0.0013093532338311472
4371,78.68586858685869,0.001304916896697315
4372,78.7038703870387,0.0013005169486177913
4373,78.72187218721872,0.0012961577517773921
4374,78.73987398739874,0.0012918414135507507
4375,78.75787578757875,0.0012875671846656756
4376,78.77587758775879,0.0012833312507041083
4377,78.7938793879388,0.0012791269610689562
4378,78.81188118811882,0.001274945474001006
4379,78.82988298829883,0.0012707767329620697
4380,78.84788478847885,0.0012666106384975327
4381,78.86588658865887,0.001262438248565882
4382,78.88388838883888,0.0012582528342398693
4383,78.9018901890189,0.0012540506377714704
4384,78.91989198919892,0.0012498312233609709
4385,78.93789378937895,0.0012455973710694438
4386,78.95589558955896,0.0012413545320489035
4387,78.97389738973898,0.0012371099283279262
4388,78.991899189919,0.0012328714328709257
4389,79.00990099009901,0.0012286463975515625
4390,79.02790279027903,0.0012244406032290306
4391,79.04590459045905,0.001220257486377539
4392,79.06390639063906,0.0012160977538071566
4393,79.08190819081908,0.0012119594375746576
4394,79.09990999099911,0.0012078383753498843
4395,79.11791179117913,0.0012037290374788477
4396,79.13591359135914,0.001199625570460362
4397,79.15391539153916,0.0011955228952242778
4398,79.17191719171917,0.001191417692000675
4399,79.18991899189919,0.0011873091224124982
4400,79.20792079207921,0.0011831991805295913
4401,79.22592259225922,0.0011790926214582695
4402,79.24392439243924,0.0011749964797712492
4403,79.26192619261927,0.0011709192509561982
4404,79.27992799279929,0.0011668698579226857
4405,79.2979297929793,0.001162856554293473
4406,79.31593159315932,0.0011588859226121274
4407,79.33393339333934,0.001154962108247517
4408,79.35193519351935,0.001151086391824518
4409,79.36993699369937,0.001147257150686585
4410,79.38793879387939,0.0011434702014737896
4411,79.4059405940594,0.001139719460382064
4412,79.42394239423943,0.0011359978133786799
4413,79.44194419441945,0.0011322980619672802
4414,79.45994599459947,0.0011286138045254281
4415,79.47794779477948,0.0011249401289391285
4416,79.4959495949595,0.0011212740261190928
4417,79.51395139513951,0.0011176144801917439
4418,79.53195319531953,0.001113962242187378
4419,79.54995499549955,0.001110319341880384
4420,79.56795679567956,0.0011066884298251093
4421,79.5859585958596,0.001103072063208844
4422,79.60396039603961,0.0010994720522012106
4423,79.62196219621963,0.0010958889683001913
4424,79.63996399639964,0.0010923218858896826
4425,79.65796579657966,0.0010887683882140776
4426,79.67596759675968,0.001085224825947496
4427,79.69396939693969,0.0010816867774044996
4428,79.71197119711971,0.0010781496302233282
4429,79.72997299729973,0.0010746091892453677
4430,79.74797479747976,0.0010710622160790314
4431,79.76597659765977,0.0010675068216135313
4432,79.78397839783979,0.0010639426602946256
4433,79.8019801980198,0.0010603709092749831
4434,79.81998199819982,0.001056794050703678
4435,79.83798379837984,0.0010532155056277787
4436,79.85598559855985,0.0010496391885066367
4437,79.87398739873987,0.0010460690592445808
4438,79.89198919891989,0.0010425087442114585
4439,79.90999099909992,0.0010389612804851853
4440,79.92799279927993,0.0010354290119858587
4441,79.94599459945995,0.0010319136370296042
4442,79.96399639963997,0.001028416379303463
4443,79.98199819981998,0.0010249382330898653
4444,80.0,0.001021480222244384
4445,80.01800180018002,0.001018043612638718
4446,80.03600360036003,0.0010146300291532778
4447,80.05400540054006,0.0010112414485280794
4448,80.07200720072008,0.001007880064636843
4449,80.0900090009001,0.0010045480483958922
4450,80.10801080108011,0.0010012472459109522
4451,80.12601260126013,0.0009979788717522627
4452,80.14401440144015,0.0009947432570424533
4453,80.16201620162016,0.000991539703812062
4454,80.18001800180018,0.000988366479238035
4455,80.1980198019802,0.0009852209590366506
4456,80.21602160216023,0.0009820999026952562
4457,80.23402340234024,0.000978999819080486
4458,80.25202520252026,0.0009759173635571208
4459,80.27002700270027,0.0009728497002737165
4460,80.28802880288029,0.0009697947672284346
4461,80.30603060306031,0.0009667513966891796
4462,80.32403240324032,0.0009637192671846491
4463,80.34203420342034,0.000960698691768668
4464,80.36003600360036,0.0009576902758602679
4465,80.37803780378039,0.0009546945018374059
4466,80.3960396039604,0.000951711312568261
4467,80.41404140414042,0.0009487397694470102
4468,80.43204320432044,0.0009457778513743067
4469,80.45004500450045,0.0009428224406388214
4470,80.46804680468047,0.000939869512850314
4471,80.48604860486049,0.0009369145154001558
4472,80.5040504050405,0.0009339528875542295
4473,80.52205220522052,0.0009309806502853352
4474,80.54005400540055,0.0009279949794815042
4475,80.55805580558057,0.0009249946747848928
4476,80.57605760576058,0.0009219804485659943
4477,80.5940594059406,0.0009189549838281477
4478,80.61206120612061,0.0009159227426666452
4479,80.63006300630063,0.0009128895433874452
4480,80.64806480648065,0.0009098619589939976
4481,80.66606660666066,0.0009068466171585366
4482,80.68406840684068,0.0009038494977214816
4483,80.70207020702071,0.0009008753256264922
4484,80.72007200720073,0.0008979271445294548
4485,80.73807380738074,0.0008950061308452149
4486,80.75607560756076,0.0008921116733968431
4487,80.77407740774078,0.0008892417051895699
4488,80.79207920792079,0.0008863932368688673
4489,80.81008100810081,0.0008835630116417109
4490,80.82808280828083,0.0008807481832983692
4491,80.84608460846084,0.0008779469152072168
4492,80.86408640864087,0.0008751588093790541
4493,80.88208820882089,0.0008723850993027183
4494,80.9000900090009,0.0008696285746568194
4495,80.91809180918092,0.0008668932451764757
4496,80.93609360936094,0.0008641837891785347
4497,80.95409540954095,0.0008615048639549499
4498,80.97209720972097,0.0008588603758330816
4499,80.99009900990099,0.0008562528142154827
4500,81.008100810081,0.0008536827454541309
4501,81.02610261026103,0.0008511485402667962
4502,81.04410441044105,0.0008486463758202302
4503,81.06210621062107,0.0008461705153202582
4504,81.08010801080108,0.0008437138294739282
4505,81.0981098109811,0.0008412684910048808
4506,81.11611161116112,0.0008388267501686674
4507,81.13411341134113,0.000836381689105556
4508,81.15211521152115,0.0008339278571394313
4509,81.17011701170117,0.0008314617069686996
4510,81.1881188118812,0.0008289817803650955
4511,81.20612061206121,0.0008264886272723484
4512,81.22412241224123,0.000823984478992947
4513,81.24212421242125,0.0008214727292652003
4514,81.26012601260126,0.0008189573018928754
4515,81.27812781278128,0.0008164419968918109
4516,81.2961296129613,0.0008139299072693922
4517,81.31413141314131,0.0008114229858568044
4518,81.33213321332133,0.0008089218181812445
4519,81.35013501350136,0.0008064256267661834
4520,81.36813681368137,0.000803932498966655
4521,81.38613861386139,0.0008014397992211212
4522,81.40414041404141,0.0007989447017405044
4523,81.42214221422142,0.0007964447644447227
4524,81.44014401440144,0.0007939384612218042
4525,81.45814581458146,0.0007914255974798008
4526,81.47614761476147,0.0007889075520019637
4527,81.4941494149415,0.0007863873134441576
4528,81.51215121512152,0.0007838693086509276
4529,81.53015301530154,0.0007813590481816354
4530,81.54815481548155,0.0007788626381419788
4531,81.56615661566157,0.0007763862235062171
4532,81.58415841584159,0.0007739354346807524
4533,81.6021602160216,0.0007715149056053738
4534,81.62016201620162,0.0007691279191440331
4535,81.63816381638163,0.0007667762160460643
4536,81.65616561656167,0.0007644599803940074
4537,81.67416741674168,0.0007621779906308928
4538,81.6921692169217,0.0007599279043033696
4539,81.71017101710171,0.0007577066293196462
4540,81.72817281728173,0.0007555107266127183
4541,81.74617461746175,0.0007533367892792651
4542,81.76417641764176,0.0007511817510062483
4543,81.78217821782178,0.0007490430903274196
4544,81.8001800180018,0.0007469189146353754
4545,81.81818181818183,0.0007448079261952528
4546,81.83618361836184,0.0007427092889843271
4547,81.85418541854186,0.0007406224277625399
4548,81.87218721872188,0.0007385467978402009
4549,81.89018901890189,0.0007364816649382029
4550,81.90819081908191,0.0007344259296677214
4551,81.92619261926193,0.0007323780216594797
4552,81.94419441944194,0.0007303358760250775
4553,81.96219621962196,0.0007282969917081027
4554,81.98019801980199,0.0007262585594188454
4555,81.998199819982,0.000724217637931127
4556,82.01620162016202,0.0007221713526537343
4557,82.03420342034204,0.0007201170899526604
4558,82.05220522052205,0.0007180526643412149
4559,82.07020702070207,0.000715976442393917
4560,82.08820882088209,0.0007138874156715051
4561,82.1062106210621,0.0007117852234944696
4562,82.12421242124212,0.0007096701336033937
4563,82.14221422142215,0.0007075429934735902
4564,82.16021602160217,0.0007054051667068397
4565,82.17821782178218,0.0007032584674962804
4566,82.1962196219622,0.0007011051022125094
4567,82.21422142214222,0.0006989476216922218
4568,82.23222322232223,0.0006967888820728805
4569,82.25022502250225,0.0006946320072649853
4570,82.26822682268227,0.0006924803434205786
4571,82.28622862286228,0.0006903373956646461
4572,82.30423042304231,0.0006882067399992422
4573,82.32223222322233,0.0006860919082178991
4574,82.34023402340235,0.000683996249959974
4575,82.35823582358236,0.0006819227824652464
4576,82.37623762376238,0.0006798740438444323
4577,82.3942394239424,0.0006778519685976106
4578,82.41224122412241,0.0006758578038956251
4579,82.43024302430243,0.0006738920815204044
4580,82.44824482448244,0.0006719546536706592
4581,82.46624662466247,0.0006700447919809097
4582,82.48424842484249,0.0006681613394182834
4583,82.50225022502251,0.0006663028957928278
4584,82.52025202520252,0.0006644680110018732
4585,82.53825382538254,0.0006626553571037074
4586,82.55625562556256,0.0006608638516473258
4587,82.57425742574257,0.000659092710478384
4588,82.59225922592259,0.0006573414178884561
4589,82.6102610261026,0.0006556096142153283
4590,82.62826282628264,0.000653896914093118
4591,82.64626462646265,0.0006522026805172904
4592,82.66426642664267,0.0006505257888228527
4593,82.68226822682269,0.0006488644190321533
4594,82.7002700270027,0.0006472159138894584
4595,82.71827182718272,0.000645576733129447
4596,82.73627362736273,0.0006439425228321544
4597,82.75427542754275,0.0006423083035721614
4598,82.77227722772277,0.0006406687645239151
4599,82.7902790279028,0.000639018635077278
4600,82.80828082808281,0.0006373530931396725
4601,82.82628262826283,0.0006356681620586913
4602,82.84428442844285,0.0006339610472184235
4603,82.86228622862286,0.000632230369192586
4604,82.88028802880288,0.000630476262274868
4605,82.8982898289829,0.0006287003237596668
4606,82.91629162916291,0.0006269054183279251
4607,82.93429342934294,0.0006250953607222181
4608,82.95229522952296,0.0006232745159573432
4609,82.97029702970298,0.0006214473673333787
4610,82.98829882988299,0.0006196181068908148
4611,83.00630063006301,0.0006177902999731501
4612,83.02430243024303,0.0006159666655583063
4613,83.04230423042304,0.0006141489982880503
4614,83.06030603060306,0.0006123382387745139
4615,83.07830783078307,0.0006105346784251297
4616,83.0963096309631,0.0006087382664860664
4617,83.11431143114312,0.0006069489728091829
4618,83.13231323132314,0.0006051671519578035
4619,83.15031503150315,0.0006033938537772683
4620,83.16831683168317,0.0006016310325459723
4621,83.18631863186319,0.000599881620345304
4622,83.2043204320432,0.0005981494485047688
4623,83.22232223222322,0.0005964390214201585
4624,83.24032403240324,0.000594755166946907
4625,83.25832583258327,0.0005931026042674951
4626,83.27632763276328,0.0005914854814065083
4627,83.2943294329433,0.0005899069389581455
4628,83.31233123312332,0.000588368753578911
4629,83.33033303330333,0.0005868711048620551
4630,83.34833483348335,0.000585412493747087
4631,83.36633663366337,0.0005839898217368405
4632,83.38433843384338,0.0005825986204196648
4633,83.4023402340234,0.0005812334027155052
4634,83.42034203420343,0.0005798880931896861
4635,83.43834383438345,0.0005785564864316476
4636,83.45634563456346,0.0005772326808050151
4637,83.47434743474348,0.0005759114398704162
4638,83.4923492349235,0.000574588444620097
4639,83.51035103510351,0.00057326041476727
4640,83.52835283528353,0.0005719250946260595
4641,83.54635463546354,0.0005705811163142639
4642,83.56435643564356,0.0005692277679219241
4643,83.58235823582359,0.0005678647051045216
4644,83.60036003600361,0.0005664916500691076
4645,83.61836183618362,0.0005651081216407867
4646,83.63636363636364,0.0005637132342994153
4647,83.65436543654366,0.0005623055937205635
4648,83.67236723672367,0.0005608833029287003
4649,83.69036903690369,0.0005594440784747624
4650,83.7083708370837,0.0005579854619551704
4651,83.72637263726372,0.0005565051003960824
4652,83.74437443744375,0.0005550010608662314
4653,83.76237623762377,0.0005534721409725066
4654,83.78037803780379,0.0005519181378709464
4655,83.7983798379838,0.000550340043755907
4656,83.81638163816382,0.0005487401446394038
4657,83.83438343834383,0.0005471220104049609
4658,83.85238523852385,0.0005454903762217339
4659,83.87038703870387,0.0005438509270179725
4660,83.88838883888388,0.0005422100065632673
4661,83.90639063906391,0.0005405742797962383
4662,83.92439243924393,0.0005389503807267283
4663,83.94239423942395,0.0005373445783152943
4664,83.96039603960396,0.0005357624893702597
4665,83.97839783978398,0.0005342088612399801
4666,83.996399639964,0.0005326874387271747
4667,84.01440144014401,0.0005312009201965387
4668,84.03240324032403,0.0005297509983316889
4669,84.05040504050405,0.0005283384724209336
4670,84.06840684068408,0.0005269634122704713
4671,84.0864086408641,0.0005256253494962835
4672,84.10441044104411,0.0005243234704016104
4673,84.12241224122413,0.0005230567859788066
4674,84.14041404140414,0.0005218242585631772
4675,84.15841584158416,0.0005206248708268077
4676,84.17641764176417,0.0005194576304318138
4677,84.19441944194419,0.0005183215119192353
4678,84.21242124212422,0.0005172153453850598
4679,84.23042304230424,0.0005161376683117452
4680,84.24842484248425,0.000515086561826607
4681,84.26642664266427,0.0005140594950942144
4682,84.28442844284429,0.0005130532012338673
4683,84.3024302430243,0.0005120636051030576
4684,84.32043204320432,0.0005110858178353157
4685,84.33843384338434,0.0005101142057765256
4686,84.35643564356435,0.000509142533258457
4687,84.37443744374438,0.0005081641704362854
4688,84.3924392439244,0.0005071723501666242
4689,84.41044104410442,0.0005061604524765262
4690,84.42844284428443,0.0005051222922188054
4691,84.44644464446445,0.0005040523853710789
4692,84.46444644464447,0.0005029461721094683
4693,84.48244824482448,0.00050180017991321
4694,84.5004500450045,0.0005006121168618133
4695,84.51845184518452,0.0004993808930757027
4696,84.53645364536455,0.000498106575923377
4697,84.55445544554456,0.0004967902912027196
4698,84.57245724572458,0.0004954340871954547
4699,84.5904590459046,0.0004940407807608605
4700,84.60846084608461,0.0004926138042935598
4701,84.62646264626463,0.0004911570696045242
4702,84.64446444644464,0.0004896748601123228
4703,84.66246624662466,0.00048817175692336814
4704,84.68046804680468,0.00048665259833576794
4705,84.69846984698471,0.00048512246691425573
4706,84.71647164716472,0.00048358669430072665
4707,84.73447344734474,0.0004820508718380244
4708,84.75247524752476,0.00048052085506087965
4709,84.77047704770477,0.0004790027519741063
4710,84.78847884788479,0.0004775028883251137
4711,84.8064806480648,0.00047602774710786756
4712,84.82448244824482,0.000474583883549813
4713,84.84248424842484,0.0004731778201280361
4714,84.86048604860487,0.00047181592821155953
4715,84.87848784878489,0.00047050430348143714
4716,84.8964896489649,0.0004692486413991915
4717,84.91449144914492,0.00046805411703342226
4718,84.93249324932493,0.00046692527109146105
4719,84.95049504950495,0.00046586590171944774
4720,84.96849684968497,0.0004648789601762465
4721,84.98649864986498,0.0004639664483251834
4722,85.004500450045,0.0004631293172118285
4723,85.02250225022503,0.00046236736865287395
4724,85.04050405040505,0.00046167916526305573
4725,85.05850585058506,0.0004610619579439693
4726,85.07650765076508,0.0004605116426691675
4727,85.0945094509451,0.000460022759576772
4728,85.11251125112511,0.0004595885462870166
4729,85.13051305130513,0.0004592010537191105
4730,85.14851485148515,0.0004588513266683943
4731,85.16651665166516,0.0004585296436761381
4732,85.1845184518452,0.000458225802348245
4733,85.20252025202521,0.00045792942859006224
4734,85.22052205220523,0.00045763028261502556
4735,85.23852385238524,0.0004573185322687047
4736,85.25652565256526,0.00045698496599135756
4737,85.27452745274528,0.0004566211238364834
4738,85.29252925292529,0.00045621933489955937
4739,85.31053105310531,0.00045577266214442416
4740,85.32853285328532,0.000455274769248193
4741,85.34653465346535,0.0004547197366987424
4742,85.36453645364537,0.00045410186392428085
4743,85.38253825382539,0.0004534154989658613
4744,85.4005400540054,0.00045265493597725564
4745,85.41854185418542,0.0004518144133410348
4746,85.43654365436544,0.0004508882320597565
4747,85.45454545454545,0.00044987099686659285
4748,85.47254725472547,0.0004487579634916712
4749,85.49054905490549,0.00044754545744601226
4750,85.50855085508552,0.00044623131531650354
4751,85.52655265526553,0.00044481529129817405
4752,85.54455445544555,0.00044329937115195793
4753,85.56255625562557,0.0004416879435359969
4754,85.58055805580558,0.00043998779407793326
4755,85.5985598559856,0.00043820790882140266
4756,85.61656165616562,0.0004363590980151866
4757,85.63456345634563,0.00043445347524723264
4758,85.65256525652566,0.00043250384717079016
4759,85.67056705670568,0.0004305230824377781
4760,85.6885688568857,0.0004285235327361757
4761,85.70657065706571,0.000426516573057647
4762,85.72457245724573,0.0004245123129702318
4763,85.74257425742574,0.00042251950763074375
4764,85.76057605760576,0.00042054566962516666
4765,85.77857785778578,0.00041859735432900477
4766,85.7965796579658,0.00041668056641693923
4767,85.81458145814582,0.00041480121713480505
4768,85.83258325832584,0.0004129655537589965
4769,85.85058505850586,0.0004111804857231755
4770,85.86858685868587,0.00040945374599211953
4771,85.88658865886589,0.00040779384958881487
4772,85.9045904590459,0.00040620984052469107
4773,85.92259225922592,0.00040471084959175217
4774,85.94059405940594,0.0004033055140460214
4775,85.95859585958596,0.0004020013319512045
4776,85.97659765976599,0.00040080403560078517
4777,85.994599459946,0.00039971706816751846
4778,86.01260126012602,0.00039874123543511437
4779,86.03060306030603,0.0003978745818006809
4780,86.04860486048605,0.00039711250988737416
4781,86.06660666066607,0.0003964481303431214
4782,86.08460846084608,0.0003958727974493682
4783,86.1026102610261,0.0003953767615096103
4784,86.12061206120612,0.0003949498542105587
4785,86.13861386138615,0.0003945821203850669
4786,86.15661566156616,0.00039426431922447586
4787,86.17461746174618,0.00039398823853061687
4788,86.1926192619262,0.00039374679399274665
4789,86.21062106210621,0.0003935339174950603
4790,86.22862286228623,0.00039334426935583907
4791,86.24662466246625,0.000393172834609657
4792,86.26462646264626,0.00039301447928375495
4793,86.28262826282628,0.00039286354683062307
4794,86.30063006300631,0.00039271356696517104
4795,86.31863186318633,0.0003925571304513019
4796,86.33663366336634,0.00039238595684188977
4797,86.35463546354636,0.00039219115191113397
4798,86.37263726372638,0.0003919636221681932
4799,86.39063906390639,0.000391694589858755
4800,86.40864086408641,0.0003913761368318619
4801,86.42664266426642,0.0003910017017464172
4802,86.44464446444644,0.0003905664627528476
4803,86.46264626462647,0.0003900675556582529
4804,86.48064806480649,0.00038950410275119583
4805,86.4986498649865,0.000388877055909388
4806,86.51665166516652,0.0003881888848618656
4807,86.53465346534654,0.0003874431632906458
4808,86.55265526552655,0.00038664411850430083
4809,86.57065706570657,0.0003857962127896404
4810,86.58865886588659,0.00038490381605313227
4811,86.6066606660666,0.00038397101153931333
4812,86.62466246624663,0.00038300155227337677
4813,86.64266426642665,0.00038199895942052733
4814,86.66066606660667,0.0003809667293272779
4815,86.67866786678668,0.0003799085975931122
4816,86.6966696669667,0.0003788287991001925
4817,86.71467146714672,0.00037773226400987086
4818,86.73267326732673,0.0003766247011025074
4819,86.75067506750675,0.0003755125395886481
4820,86.76867686768676,0.0003744027253706935
4821,86.7866786678668,0.00037330239354980044
4822,86.80468046804681,0.00037221846143648023
4823,86.82268226822683,0.00037115720164087435
4824,86.84068406840684,0.00037012386034048487
4825,86.85868586858686,0.00036912238048672486
4826,86.87668766876688,0.00036815527423131507
4827,86.8946894689469,0.0003672236656230417
4828,86.91269126912691,0.0003663274973492567
4829,86.93069306930693,0.00036546586840436294
4830,86.94869486948696,0.0003646374475046294
4831,86.96669666966697,0.00036384089357397196
4832,86.98469846984699,0.00036307521211442447
4833,87.002700270027,0.00036233998542602587
4834,87.02070207020702,0.0003616354342537709
4835,87.03870387038704,0.00036096229559462255
4836,87.05670567056706,0.00036032153189147355
4837,87.07470747074707,0.00035971391583511413
4838,87.0927092709271,0.000359139557775816
4839,87.11071107110712,0.0003585974554788946
4840,87.12871287128714,0.00035808514631631313
4841,87.14671467146715,0.0003575985295472697
4842,87.16471647164717,0.00035713190269687
4843,87.18271827182718,0.00035667822458763124
4844,87.2007200720072,0.00035622958301553294
4845,87.21872187218722,0.0003557778126898853
4846,87.23672367236723,0.00035531518395574407
4847,87.25472547254726,0.0003548350690582482
4848,87.27272727272728,0.0003543324926962202
4849,87.2907290729073,0.00035380448768837334
4850,87.30873087308731,0.0003532502029252046
4851,87.32673267326733,0.00035267074567588256
4852,87.34473447344735,0.00035206877866210103
4853,87.36273627362736,0.00035144792838581604
4854,87.38073807380738,0.0003508120895395296
4855,87.3987398739874,0.00035016472655508555
4856,87.41674167416743,0.0003495082748426308
4857,87.43474347434744,0.0003488437306012165
4858,87.45274527452746,0.0003481704910851421
4859,87.47074707470748,0.00034748647074469126
4860,87.48874887488749,0.000346788478042616
4861,87.50675067506751,0.0003460727989656764
4862,87.52475247524752,0.0003453359020670641
4863,87.54275427542754,0.00034457516096423
4864,87.56075607560756,0.00034378948645488955
4865,87.57875787578759,0.0003429797724440769
4866,87.5967596759676,0.00034214908599863
4867,87.61476147614762,0.0003413025682712365
4868,87.63276327632764,0.00034044705443956436
4869,87.65076507650765,0.0003395904611226648
4870,87.66876687668767,0.0003387410230631613
4871,87.68676867686769,0.0003379064823365384
4872,87.7047704770477,0.0003370933398641698
4873,87.72277227722772,0.00033630626967692513
4874,87.74077407740775,0.0003355477726515219
4875,87.75877587758777,0.0003348181118831148
4876,87.77677767776778,0.0003341155315956738
4877,87.7947794779478,0.0003334367214526237
4878,87.81278127812782,0.0003327774541513692
4879,87.83078307830783,0.0003321333011477629
4880,87.84878487848785,0.0003315003224710443
4881,87.86678667866786,0.00033087563293819177
4882,87.88478847884788,0.00033025776747671194
4883,87.90279027902791,0.000329646799476818
4884,87.92079207920793,0.0003290442033302984
4885,87.93879387938794,0.0003284524899778328
4886,87.95679567956796,0.00032787467681969157
4887,87.97479747974798,0.0003273136760563609
4888,87.992799279928,0.00032677169527946096
4889,88.01080108010801,0.0003262497397902125
4890,88.02880288028803,0.00032574728867264
4891,88.04680468046804,0.0003252621890208142
4892,88.06480648064807,0.00032479077930096776
4893,88.08280828082809,0.00032432821877293876
4894,88.1008100810081,0.00032386897032317163
4895,88.11881188118812,0.00032340736328961205
4896,88.13681368136814,0.000322938153759111
4897,88.15481548154816,0.0003224570034141182
4898,88.17281728172817,0.0003219608133600224
4899,88.19081908190819,0.00032144787376799084
4900,88.2088208820882,0.00032091781959806345
4901,88.22682268226824,0.0003203714124388688
4902,88.24482448244825,0.0003198101940059204
4903,88.26282628262827,0.00031923607426205015
4904,88.28082808280828,0.0003186509240068236
4905,88.2988298829883,0.0003180562373872438
4906,88.31683168316832,0.0003174529151598737
4907,88.33483348334833,0.0003168411973199576
4908,88.35283528352835,0.00031622074767531904
4909,88.37083708370838,0.0003155908673661683
4910,88.3888388838884,0.00031495079332624485
4911,88.40684068406841,0.00031430002453240974
4912,88.42484248424843,0.0003136386155548367
4913,88.44284428442845,0.0003129673837343716
4914,88.46084608460846,0.00031228799196909835
4915,88.47884788478848,0.00031160289086924737
4916,88.4968496849685,0.00031091512826656093
4917,88.51485148514851,0.0003102280567185305
4918,88.53285328532854,0.0003095449870080824
4919,88.55085508550856,0.0003088688448812578
4920,88.56885688568858,0.0003082018879083964
4921,88.58685868586859,0.0003075455294898209
4922,88.60486048604861,0.0003069002992926032
4923,88.62286228622862,0.0003062659467129065
4924,88.64086408640864,0.0003056416700215887
4925,88.65886588658866,0.0003050264325836193
4926,88.67686768676867,0.00030441931243207294
4927,88.6948694869487,0.00030381982502787223
4928,88.71287128712872,0.00030322816236487166
4929,88.73087308730874,0.00030264530424088627
4930,88.74887488748875,0.0003020729775679801
4931,88.76687668766877,0.0003015134639097393
4932,88.78487848784879,0.00030096928018205626
4933,88.8028802880288,0.00030044277871448894
4934,88.82088208820882,0.00029993572724029016
4935,88.83888388838884,0.0002994489345195474
4936,88.85688568856887,0.00029898198228147353
4937,88.87488748874888,0.00029853310965204647
4938,88.8928892889289,0.00029809927434075895
4939,88.91089108910892,0.00029767638887453666
4940,88.92889288928893,0.0002972597040144603
4941,88.94689468946895,0.0002968442891440274
4942,88.96489648964896,0.00029642554428588503
4943,88.98289828982898,0.0002959996728146341
4944,89.000900090009,0.0002955640487781034
4945,89.01890189018903,0.0002951174273412075
4946,89.03690369036904,0.00029465996908534784
4947,89.05490549054906,0.00029419307545661073
4948,89.07290729072908,0.00029371905964342254
4949,89.0909090909091,0.0002932407006151656
4950,89.10891089108911,0.00029276074454733626
4951,89.12691269126913,0.0002922814250242472
4952,89.14491449144914,0.0002918040702667972
4953,89.16291629162916,0.000291328852722696
4954,89.18091809180919,0.00029085471564635923
4955,89.1989198919892,0.0002903794858672979
4956,89.21692169216922,0.0002899001555260666
4957,89.23492349234924,0.00028941329195819105
4958,89.25292529252926,0.0002889155174663054
4959,89.27092709270927,0.0002884039918195643
4960,89.28892889288929,0.00028787683105292353
4961,89.3069306930693,0.00028733340618506174
4962,89.32493249324932,0.00028677448317453874
4963,89.34293429342935,0.00028620218807099475
4964,89.36093609360937,0.0002856198055394915
4965,89.37893789378938,0.00028503144126265444
4966,89.3969396939694,0.0002844415960632547
4967,89.41494149414942,0.0002838547096692883
4968,89.43294329432943,0.0002832747337212202
4969,89.45094509450945,0.00028270478700549755
4970,89.46894689468947,0.00028214693228710704
4971,89.48694869486948,0.0002816020957538575
4972,89.50495049504951,0.00028107012980425113
4973,89.52295229522953,0.0002805500006768744
4974,89.54095409540955,0.0002800400668972311
4975,89.55895589558956,0.00027953840469188695
4976,89.57695769576958,0.00027904313343536007
4977,89.5949594959496,0.00027855269785416047
4978,89.61296129612961,0.00027806607313081747
4979,89.63096309630963,0.0002775828724633118
4980,89.64896489648964,0.0002771033518067182
4981,89.66696669666968,0.00027662832111587267
4982,89.68496849684969,0.0002761589833408811
4983,89.70297029702971,0.00027569673018040727
4984,89.72097209720972,0.000275242926404942
4985,89.73897389738974,0.00027479871247714383
4986,89.75697569756976,0.0002743648490241797
4987,89.77497749774977,0.000273941617830492
4988,89.79297929792979,0.0002735287840958651
4989,89.81098109810982,0.0002731256154288377
4990,89.82898289828984,0.0002727309458360101
4991,89.84698469846985,0.0002723432687554807
4992,89.86498649864987,0.0002719608422952019
4993,89.88298829882989,0.00027158179198787715
4994,89.9009900990099,0.00027120420076012726
4995,89.91899189918992,0.0002708261812965196
4996,89.93699369936994,0.00027044593131634323
4997,89.95499549954995,0.0002700617763638626
4998,89.97299729972998,0.00026967220676832944
4999,89.99099909991,0.0002692759151536345
5000,90.00900090009002,0.00026887183847318325
5001,90.02700270027003,0.0002684592046705922
5002,90.04500450045005,0.0002680375796914949
5003,90.06300630063006,0.0002676069067827991
5004,90.08100810081008,0.00026716752779841626
5005,90.0990099009901,0.000266720176270467
5006,90.11701170117011,0.00026626593454573205
5007,90.13501350135014,0.00026580615206807997
5008,90.15301530153016,0.0002653423281771816
5009,90.17101710171018,0.0002648759695080462
5010,90.1890189018902,0.00026440843796852553
5011,90.20702070207021,0.00026394080915608946
5012,90.22502250225023,0.0002634737620446021
5013,90.24302430243024,0.0002630075183772696
5014,90.26102610261026,0.0002625418445541902
5015,90.27902790279028,0.00026207612058146623
5016,90.2970297029703,0.0002616094710119766
5017,90.31503150315032,0.0002611409432190692
5018,90.33303330333034,0.0002606697103394777
5019,90.35103510351036,0.0002601952711580282
5020,90.36903690369037,0.0002597176180323586
5021,90.38703870387039,0.00025923734704127153
5022,90.4050405040504,0.0002587556915984136
5023,90.42304230423042,0.00025827447088415064
5024,90.44104410441044,0.00025779595618993843
5025,90.45904590459047,0.0002573226699254141
5026,90.47704770477048,0.00025685714186452006
5027,90.4950495049505,0.0002564016537010522
5028,90.51305130513052,0.00025595800512527627
5029,90.53105310531053,0.0002555273320464102
5030,90.54905490549055,0.0002551100006077139
5031,90.56705670567057,0.00025470559027407905
5032,90.58505850585058,0.0002543129670349766
5033,90.6030603060306,0.00025393043546061936
5034,90.62106210621063,0.000253555947785807
5035,90.63906390639065,0.00025318734091211444
5036,90.65706570657066,0.00025282256924600085
5037,90.67506750675068,0.0002524599029960528
5038,90.6930693069307,0.0002520980675902192
5039,90.71107110711071,0.00025173630924369935
5040,90.72907290729073,0.00025137438291909634
5041,90.74707470747074,0.00025101247023026825
5042,90.76507650765076,0.00025065104453234006
5043,90.78307830783079,0.000250290707088649
5044,90.80108010801081,0.0002499320209007
5045,90.81908190819082,0.00024957536726687553
5046,90.83708370837084,0.0002492208448136905
5047,90.85508550855086,0.00024886822262995556
5048,90.87308730873087,0.0002485169496591243
5049,90.89108910891089,0.00024816621327596787
5050,90.9090909090909,0.00024781503250767545
5051,90.92709270927092,0.000247462366833859
5052,90.94509450945095,0.00024710722056133096
5053,90.96309630963097,0.0002467487254343368
5054,90.98109810981099,0.0002463861898019354
5055,90.999099909991,0.00024601911020225763
5056,91.01710171017102,0.0002456471492058933
5057,91.03510351035104,0.0002452700902924533
5058,91.05310531053105,0.00024488778511956577
5059,91.07110711071107,0.0002445001099140756
5060,91.08910891089108,0.00024410694558661228
5061,91.10711071107112,0.00024370819089874815
5062,91.12511251125113,0.00024330381053939927
5063,91.14311431143115,0.00024289391166696636
5064,91.16111611161116,0.00024247883491636325
5065,91.17911791179118,0.00024205924054956283
5066,91.1971197119712,0.00024163616849628945
5067,91.21512151215121,0.0002412110530814727
5068,91.23312331233123,0.00024078567917758365
5069,91.25112511251126,0.00024036207556538597
5070,91.26912691269128,0.00023994235205552933
5071,91.2871287128713,0.00023952849765217818
5072,91.30513051305131,0.0002391221658628034
5073,91.32313231323133,0.00023872447851748865
5074,91.34113411341134,0.00023833587999454772
5075,91.35913591359136,0.00023795606910826224
5076,91.37713771377138,0.00023758402647417777
5077,91.39513951395139,0.00023721814210644605
5078,91.41314131413142,0.00023685643315262957
5079,91.43114311431144,0.00023649682725812877
5080,91.44914491449146,0.0002361374753555767
5081,91.46714671467147,0.00023577705067378326
5082,91.48514851485149,0.00023541498981015079
5083,91.5031503150315,0.00023505163729990025
5084,91.52115211521152,0.00023468826675695579
5085,91.53915391539154,0.00023432696792394735
5086,91.55715571557155,0.00023397040765796084
5087,91.57515751575158,0.0002336214913419104
5088,91.5931593159316,0.0002332829667206382
5089,91.61116111611162,0.0002329570223214994
5090,91.62916291629163,0.00023264493573906336
5091,91.64716471647165,0.00023234682242789903
5092,91.66516651665167,0.00023206152365462106
5093,91.68316831683168,0.00023178665439475835
5094,91.7011701170117,0.00023151881060228815
5095,91.71917191719172,0.00023125391338040105
5096,91.73717371737175,0.00023098764824227997
5097,91.75517551755176,0.00023071594367396475
5098,91.77317731773178,0.00023043542668875185
5099,91.7911791179118,0.00023014379505685866
5100,91.80918091809181,0.00022984005626855837
5101,91.82718271827183,0.00022952460070919378
5102,91.84518451845184,0.00022919909863524317
5103,91.86318631863186,0.00022886623429288418
5104,91.88118811881188,0.00022852931260327388
5105,91.89918991899191,0.00022819179115219653
5106,91.91719171917192,0.00022785680032340918
5107,91.93519351935194,0.00022752671587336753
5108,91.95319531953196,0.00022720284084852953
5109,91.97119711971197,0.000226885238536067
5110,91.98919891989199,0.00022657273726048159
5111,92.007200720072,0.0002262631042352056
5112,92.02520252025202,0.00022595336266634377
5113,92.04320432043204,0.0002256402071004674
5114,92.06120612061207,0.0002253204592625984
5115,92.07920792079209,0.00022499150205900533
5116,92.0972097209721,0.00022465163355962637
5117,92.11521152115212,0.00022430029492017596
5118,92.13321332133214,0.00022393814451763665
5119,92.15121512151215,0.00022356697236467345
5120,92.16921692169217,0.00022318947099306353
5121,92.18721872187218,0.000222808898312085
5122,92.2052205220522,0.0002224286817722519
5123,92.22322232223223,0.00022205201965437387
5124,92.24122412241225,0.0002216815337091978
5125,92.25922592259226,0.00022131901812801088
5126,92.27722772277228,0.00022096531446340946
5127,92.2952295229523,0.00022062032303068378
5128,92.31323132313231,0.00022028314138116737
5129,92.33123312331233,0.0002199523025826072
5130,92.34923492349235,0.0002196260728235843
5131,92.36723672367236,0.00021930276108696092
5132,92.3852385238524,0.00021898099411785994
5133,92.40324032403241,0.00021865991735170524
5134,92.42124212421243,0.00021833929554034348
5135,92.43924392439244,0.00021801950337909927
5136,92.45724572457246,0.0002177014138795003
5137,92.47524752475248,0.00021738620786551508
5138,92.49324932493249,0.000217075139446781
5139,92.51125112511251,0.00021676929797975584
5140,92.52925292529254,0.00021646940613483462
5141,92.54725472547256,0.00021617568653642914
5142,92.56525652565257,0.00021588781728921355
5143,92.58325832583259,0.000215604981558042
5144,92.6012601260126,0.00021532600067751233
5145,92.61926192619262,0.00021504952652772922
5146,92.63726372637264,0.00021477425928866518
5147,92.65526552655265,0.00021449915267304757
5148,92.67326732673267,0.0002142235709404214
5149,92.6912691269127,0.00021394737003617139
5150,92.70927092709272,0.0002136708877858379
5151,92.72727272727273,0.00021339484320202
5152,92.74527452745275,0.00021312016022471999
5153,92.76327632763277,0.00021284774418610017
5154,92.78127812781278,0.00021257824788733503
5155,92.7992799279928,0.00021231186699021505
5156,92.81728172817282,0.00021204820094126268
5157,92.83528352835283,0.00021178620631631635
5158,92.85328532853286,0.00021152425566143914
5159,92.87128712871288,0.0002112602986779732
5160,92.8892889288929,0.0002109921064157138
5161,92.90729072907291,0.00021071756548074296
5162,92.92529252925293,0.0002104349802633386
5163,92.94329432943294,0.00021014333830003643
5164,92.96129612961296,0.00020984249765678198
5165,92.97929792979298,0.0002095332652229265
5166,92.997299729973,0.00020921734967240462
5167,93.01530153015302,0.00020889719047721434
5168,93.03330333033304,0.0002085756822157785
5169,93.05130513051306,0.0002082558289099879
5170,93.06930693069307,0.0002079403739709386
5171,93.08730873087309,0.00020763145590636854
5172,93.1053105310531,0.00020733033750339392
5173,93.12331233123312,0.0002070372470082719
5174,93.14131413141314,0.00020675135510603998
5175,93.15931593159316,0.00020647089327377973
5176,93.17731773177319,0.00020619339986459033
5177,93.1953195319532,0.00020591606274466404
5178,93.21332133213322,0.00020563611389287615
5179,93.23132313231324,0.0002053512239470092
5180,93.24932493249325,0.00020505984427599748
5181,93.26732673267327,0.00020476145083235173
5182,93.28532853285328,0.00020445665687590412
5183,93.3033303330333,0.00020414717890030327
5184,93.32133213321332,0.00020383565938754386
5185,93.33933393339335,0.0002035253687529096
5186,93.35733573357336,0.00020321982451447908
5187,93.37533753375338,0.0002029223762629671
5188,93.3933393339334,0.00020263580907522433
5189,93.41134113411341,0.00020236201515491987
5190,93.42934293429343,0.00020210177418167148
5191,93.44734473447345,0.00020185466844266578
5192,93.46534653465346,0.00020161914130061134
5193,93.48334833483348,0.00020139268928075254
5194,93.50135013501351,0.00020117216144295574
5195,93.51935193519353,0.00020095412686638593
5196,93.53735373537354,0.0002007352635799699
5197,93.55535553555356,0.00020051272093646596
5198,93.57335733573358,0.0002002844122308049
5199,93.59135913591359,0.00020004920447856293
5200,93.60936093609361,0.00019980698620615785
5201,93.62736273627362,0.0001995586099256855
5202,93.64536453645364,0.00019930572157054658
5203,93.66336633663367,0.0001990505025664628
5204,93.68136813681369,0.0001987953597939205
5205,93.6993699369937,0.0001985426034207866
5206,93.71737173717372,0.00019829415208658409
5207,93.73537353735374,0.0001980512995356359
5208,93.75337533753375,0.00019781456747175634
5209,93.77137713771377,0.0001975836575450828
5210,93.78937893789379,0.0001973575026304808
5211,93.8073807380738,0.00019713440557913173
5212,93.82538253825383,0.00019691224387879743
5213,93.84338433843385,0.00019668871221853421
5214,93.86138613861387,0.00019646157239700966
5215,93.87938793879388,0.00019622888137675593
5216,93.8973897389739,0.00019598917310087555
5217,93.91539153915392,0.00019574157707867161
5218,93.93339333933393,0.00019548586557690566
5219,93.95139513951395,0.0001952224302985263
5220,93.96939693969398,0.00019495219754364336
5221,93.987398739874,0.0001946764971036755
5222,94.00540054005401,0.00019439690393893138
5223,94.02340234023403,0.00019411507280579296
5224,94.04140414041404,0.00019383258457329795
5225,94.05940594059406,0.00019355081945416193
5226,94.07740774077408,0.00019327086744638322
5227,94.0954095409541,0.0001929934807204207
5228,94.11341134113411,0.00019271906726688512
5229,94.13141314131414,0.00019244772050332743
5230,94.14941494149416,0.00019217927620179958
5231,94.16741674167417,0.00019191338628881546
5232,94.18541854185419,0.000191649598800163
5233,94.2034203420342,0.00019138743435321475
5234,94.22142214221422,0.00019112645158511705
5235,94.23942394239424,0.0001908662966681005
5236,94.25742574257426,0.00019060673481086974
5237,94.27542754275427,0.0001903476641946396
5238,94.2934293429343,0.00019008911477761875
5239,94.31143114311432,0.00018983123566010862
5240,94.32943294329434,0.00018957427519040082
5241,94.34743474347435,0.0001893185577810305
5242,94.36543654365437,0.00018906446065482027
5243,94.38343834383438,0.00018881239266041027
5244,94.4014401440144,0.00018856277611172597
5245,94.41944194419442,0.00018831603151936866
5246,94.43744374437443,0.00018807256425487276
5247,94.45544554455446,0.0001878327517227833
5248,94.47344734473448,0.00018759692954980258
5249,94.4914491449145,0.00018736537561514442
5250,94.50945094509451,0.0001871382913740907
5251,94.52745274527453,0.00018691578076489366
5252,94.54545454545455,0.00018669782791381825
5253,94.56345634563456,0.0001864842757328323
5254,94.58145814581458,0.0001862748082103713
5255,94.5994599459946,0.00018606893961255335
5256,94.61746174617463,0.00018586601384644764
5257,94.63546354635464,0.00018566521682629594
5258,94.65346534653466,0.00018546560380550972
5259,94.67146714671468,0.00018526614231858415
5260,94.68946894689469,0.000185065769700082
5261,94.70747074707471,0.00018486346225313235
5262,94.72547254725472,0.00018465831122287612
5263,94.74347434743474,0.00018444959902816246
5264,94.76147614761476,0.00018423686797534376
5265,94.77947794779479,0.00018401997316852916
5266,94.7974797479748,0.00018379911174163632
5267,94.81548154815482,0.0001835748219844063
5268,94.83348334833484,0.00018334794841417705
5269,94.85148514851485,0.0001831195722134696
5270,94.86948694869487,0.0001828909104198814
5271,94.88748874887489,0.00018266319139808413
5272,94.9054905490549,0.00018243751793045962
5273,94.92349234923492,0.00018221473218565527
5274,94.94149414941495,0.00018199529835510262
5275,94.95949594959497,0.00018177921849579892
5276,94.97749774977498,0.0001815659948824222
5277,94.995499549955,0.0001813546479961382
5278,95.01350135013502,0.0001811437934733396
5279,95.03150315031503,0.00018093177447595402
5280,95.04950495049505,0.00018071683880593875
5281,95.06750675067507,0.00018049734357392712
5282,95.08550855085508,0.00018027196526085909
5283,95.10351035103511,0.00018003989038181537
5284,95.12151215121513,0.00017980096223597634
5285,95.13951395139514,0.00017955576263063198
5286,95.15751575157516,0.00017930561382586394
5287,95.17551755175518,0.00017905249467480588
5288,95.1935193519352,0.0001787988750826708
5289,95.21152115211521,0.00017854748326288903
5290,95.22952295229523,0.0001783010294997049
5291,95.24752475247524,0.00017806191695725833
5292,95.26552655265527,0.00017783197346209195
5293,95.28352835283529,0.00017761223747550834
5294,95.3015301530153,0.00017740282651391566
5295,95.31953195319532,0.00017720290747350314
5296,95.33753375337534,0.00017701077660603001
5297,95.35553555355536,0.00017682404364581365
5298,95.37353735373537,0.00017663990144717586
5299,95.39153915391539,0.00017645545116418523
5300,95.40954095409542,0.00017626804503561485
5301,95.42754275427544,0.0001760756053949282
5302,95.44554455445545,0.00017587688022432387
5303,95.46354635463547,0.0001756716023740253
5304,95.48154815481548,0.0001754605307584441
5305,95.4995499549955,0.00017524536610135993
5306,95.51755175517552,0.0001750285493683609
5307,95.53555355535553,0.0001748129659082845
5308,95.55355535553555,0.00017460159057533883
5309,95.57155715571558,0.000174397117069202
5310,95.5895589558956,0.00017420161729050015
5311,95.60756075607561,0.00017401627323520918
5312,95.62556255625563,0.00017384121518059062
5313,95.64356435643565,0.00017367548671876548
5314,95.66156615661566,0.00017351714124720532
5315,95.67956795679568,0.0001733634578908816
5316,95.6975697569757,0.0001732112496855374
5317,95.71557155715571,0.00017305722519452642
5318,95.73357335733574,0.00017289835811111395
5319,95.75157515751576,0.0001727322186976037
5320,95.76957695769578,0.00017255722622597404
5321,95.78757875787579,0.0001723727921979958
5322,95.80558055805581,0.00017217933860761743
5323,95.82358235823583,0.00017197819191458512
5324,95.84158415841584,0.00017177136951872728
5325,95.85958595859586,0.00017156128919822665
5326,95.87758775877587,0.0001713504413842303
5327,95.8955895589559,0.00017114106806312386
5328,95.91359135913592,0.00017093489006238846
5329,95.93159315931594,0.00017073291684439976
5330,95.94959495949595,0.00017053536083261217
5331,95.96759675967597,0.00017034166346201348
5332,95.98559855985599,0.00017015062467820143
5333,96.003600360036,0.0001699606136692016
5334,96.02160216021602,0.00016976982812331169
5335,96.03960396039604,0.00016957656367629344
5336,96.05760576057607,0.0001693794551468075
5337,96.07560756075608,0.00016917765656305152
5338,96.0936093609361,0.00016897093697760513
5339,96.11161116111612,0.00016875968212424867
5340,96.12961296129613,0.00016854480613899667
5341,96.14761476147615,0.0001683275907589774
5342,96.16561656165617,0.0001681094797047256
5343,96.18361836183618,0.0001678918618674663
5344,96.2016201620162,0.00016767587764569876
5345,96.21962196219623,0.0001674622782633782
5346,96.23762376237624,0.00016725135889212776
5347,96.25562556255626,0.00016704297429618925
5348,96.27362736273628,0.00016683663238238267
5349,96.2916291629163,0.0001666316485098258
5350,96.30963096309631,0.00016642733361341296
5351,96.32763276327633,0.00016622318362915264
5352,96.34563456345634,0.00016601903725027187
5353,96.36363636363636,0.00016581517379314785
5354,96.38163816381639,0.00016561233222557793
5355,96.3996399639964,0.00016541164482919245
5356,96.41764176417642,0.00016521449266447132
5357,96.43564356435644,0.00016502230289637898
5358,96.45364536453646,0.000164836318129431
5359,96.47164716471647,0.00016465737359287332
5360,96.48964896489649,0.0001644857183437854
5361,96.5076507650765,0.000164320911439882
5362,96.52565256525652,0.00016416181392065162
5363,96.54365436543655,0.0001640066838139342
5364,96.56165616561657,0.00016385336619258406
5365,96.57965796579659,0.00016369955575355185
5366,96.5976597659766,0.00016354309764434052
5367,96.61566156615662,0.00016338228512104898
5368,96.63366336633663,0.00016321611125813255
5369,96.65166516651665,0.0001630444367002674
5370,96.66966696669667,0.00016286804583122753
5371,96.68766876687668,0.0001626885783954539
5372,96.70567056705671,0.00016250834056764473
5373,96.72367236723673,0.00016233001637960343
5374,96.74167416741675,0.0001621563148980614
5375,96.75967596759676,0.00016198959851710206
5376,96.77767776777678,0.0001618315416963857
5377,96.7956795679568,0.00016168286676909504
5378,96.81368136813681,0.0001615431943085434
5379,96.83168316831683,0.00016141103112288758
5380,96.84968496849686,0.00016128390113263156
5381,96.86768676867688,0.00016115860555532935
5382,96.88568856885689,0.00016103158152077103
5383,96.90369036903691,0.000160899314826741
5384,96.92169216921693,0.00016075875486674734
5385,96.93969396939694,0.00016060767889479355
5386,96.95769576957696,0.00016044495889660465
5387,96.97569756975697,0.00016027069662652085
5388,96.99369936993699,0.0001600862092223061
5389,97.01170117011702,0.0001598938669882014
5390,97.02970297029704,0.00015969680389179536
5391,97.04770477047705,0.000159498537541805
5392,97.06570657065707,0.00015930254676901396
5393,97.08370837083709,0.00015911185995365264
5394,97.1017101710171,0.00015892870532050328
5395,97.11971197119712,0.00015875426588305675
5396,97.13771377137714,0.00015858856776530288
5397,97.15571557155715,0.00015843051317678843
5398,97.17371737173718,0.00015827805071495554
5399,97.1917191719172,0.00015812845838579623
5400,97.20972097209722,0.00015797870101599492
5401,97.22772277227723,0.00015782581530437512
5402,97.24572457245725,0.00015766727361064722
5403,97.26372637263727,0.0001575012818273938
5404,97.28172817281728,0.00015732697658969204
5405,97.2997299729973,0.00015714450116981386
5406,97.31773177317731,0.00015695495568577206
5407,97.33573357335734,0.0001567602334910321
5408,97.35373537353736,0.00015656276965270497
5409,97.37173717371738,0.00015636523747928748
5410,97.3897389738974,0.00015617023393999557
5411,97.40774077407741,0.00015597999408470699
5412,97.42574257425743,0.00015579616856697663
5413,97.44374437443744,0.000155619688140682
5414,97.46174617461746,0.00015545072613013316
5415,97.47974797479748,0.00015528875624786813
5416,97.4977497749775,0.00015513269066201227
5417,97.51575157515752,0.00015498107355886709
5418,97.53375337533754,0.00015483229980020198
5419,97.55175517551756,0.0001546848272117358
5420,97.56975697569757,0.00015453735445619942
5421,97.58775877587759,0.00015438894360266358
5422,97.6057605760576,0.00015423907616191656
5423,97.62376237623762,0.0001540876419711519
5424,97.64176417641764,0.0001539348702692497
5425,97.65976597659767,0.0001537812201683318
5426,97.67776777677769,0.000153627252437093
5427,97.6957695769577,0.0001534735055257657
5428,97.71377137713772,0.00015332039612170114
5429,97.73177317731773,0.00015316815882233245
5430,97.74977497749775,0.0001530168317875892
5431,97.76777677767777,0.00015286628679794757
5432,97.78577857785778,0.0001527162943726073
5433,97.8037803780378,0.00015256660872190622
5434,97.82178217821783,0.00015241705421333154
5435,97.83978397839785,0.0001522675951532554
5436,97.85778577857786,0.00015211837394007565
5437,97.87578757875788,0.00015196970844698994
5438,97.8937893789379,0.0001518220468666668
5439,97.91179117911791,0.00015167588597950944
5440,97.92979297929793,0.00015153166562962802
5441,97.94779477947795,0.00015138965699500496
5442,97.96579657965796,0.00015124986422819126
5443,97.98379837983799,0.00015111195786967008
5444,98.00180018001801,0.00015097525423901528
5445,98.01980198019803,0.00015083874840046729
5446,98.03780378037804,0.00015070120026632164
5447,98.05580558055806,0.00015056126515601985
5448,98.07380738073807,0.0001504176529254049
5449,98.09180918091809,0.00015026929472701847
5450,98.10981098109811,0.00015011549435362394
5451,98.12781278127814,0.00014995604231711381
5452,98.14581458145815,0.0001497912752020078
5453,98.16381638163817,0.00014962206981774666
5454,98.18181818181819,0.00014944977028700544
5455,98.1998199819982,0.00014927605523950841
5456,98.21782178217822,0.00014910276046070062
5457,98.23582358235824,0.00014893167852149473
5458,98.25382538253825,0.0001487643602241188
5459,98.27182718271827,0.00014860194268241335
5460,98.2898289828983,0.00014844502552414934
5461,98.30783078307832,0.00014829361053210786
5462,98.32583258325833,0.00014814711189310614
5463,98.34383438343835,0.00014800443522502301
5464,98.36183618361837,0.00014786411492517286
5465,98.37983798379838,0.00014772449227790422
5466,98.3978397839784,0.00014758391208902048
5467,98.41584158415841,0.00014744091393621608
5468,98.43384338433843,0.0001472943955688388
5469,98.45184518451846,0.000147143730256183
5470,98.46984698469848,0.0001469888262945034
5471,98.4878487848785,0.00014683012449522611
5472,98.50585058505851,0.0001466685372220071
5473,98.52385238523853,0.00014650533938578508
5474,98.54185418541854,0.00014634202688537098
5475,98.55985598559856,0.00014618016072876576
5476,98.57785778577858,0.0001460212152782397
5477,98.59585958595859,0.00014586644689152837
5478,98.61386138613862,0.0001457167951700901
5479,98.63186318631864,0.00014557282379730095
5480,98.64986498649866,0.00014543470239329853
5481,98.66786678667867,0.0001453022257491158
5482,98.68586858685869,0.00014517486290830894
5483,98.7038703870387,0.00014505182627944354
5484,98.72187218721872,0.0001449321504355373
5485,98.73987398739874,0.00014481477133921174
5486,98.75787578757875,0.00014469859902434986
5487,98.77587758775879,0.00014458257969661293
5488,98.7938793879388,0.00014446574615429884
5489,98.81188118811882,0.0001443472577981988
5490,98.82988298829883,0.00014422643286827417
5491,98.84788478847885,0.0001441027757158424
5492,98.86588658865887,0.00014397600094871412
5493,98.88388838883888,0.00014384605447105342
5494,98.9018901890189,0.00014371312926057396
5495,98.91989198919892,0.00014357767175594014
5496,98.93789378937895,0.0001434403735225338
5497,98.95589558955896,0.00014330214285534945
5498,98.97389738973898,0.00014316405237983423
5499,98.991899189919,0.00014302726147340266
5500,99.00990099009901,0.00014289291612470088
5501,99.02790279027903,0.0001427620331109806
5502,99.04590459045905,0.00014263537938973434
5503,99.06390639063906,0.00014251336061376686
5504,99.08190819081908,0.00014239593402222254
5505,99.09990999099911,0.00014228256017559794
5506,99.11791179117913,0.0001421722049341952
5507,99.13591359135914,0.00014206339792247877
5508,99.15391539153916,0.00014195434702035707
5509,99.17191719171917,0.000141843101009812
5510,99.18991899189919,0.0001417277453963905
5511,99.20792079207921,0.0001416066106737841
5512,99.22592259225922,0.00014147846884259127
5513,99.24392439243924,0.00014134269350311288
5514,99.26192619261927,0.00014119936160780755
5515,99.27992799279929,0.00014104928082741793
5516,99.2979297929793,0.00014089393485307257
5517,99.31593159315932,0.00014073534883684592
5518,99.33393339333934,0.000140575887313633
5519,99.35193519351935,0.0001404180059971809
5520,99.36993699369937,0.0001402639855396621
5521,99.38793879387939,0.00014011567869158775
5522,99.4059405940594,0.00013997430171894335
5523,99.42394239423943,0.00013984029636112552
5524,99.44194419441945,0.0001397132805194675
5525,99.45994599459947,0.00013959209521511746
5526,99.47794779477948,0.00013947494348192692
5527,99.4959495949595,0.00013935960529876207
5528,99.51395139513951,0.00013924370294343636
5529,99.53195319531953,0.00013912498457911216
5530,99.54995499549955,0.0001390015913763604
5531,99.56795679567958,0.0001388722754123948
5532,99.5859585958596,0.00013873654176450325
5533,99.60396039603961,0.0001385946978474109
5534,99.62196219621963,0.00013844780488258445
5535,99.63996399639964,0.000138297538873394
5536,99.65796579657966,0.00013814597993935183
5537,99.67596759675968,0.00013799535780986016
5538,99.69396939693969,0.00013784778650578636
5539,99.71197119711971,0.00013770502206089295
5540,99.72997299729974,0.00013756827346808343
5541,99.74797479747976,0.00013743808940264418
5542,99.76597659765977,0.00013731433274151162
5543,99.78397839783979,0.000137196242923046
5544,99.8019801980198,0.0001370825744265386
5545,99.81998199819982,0.00013697178970771423
5546,99.83798379837984,0.00013686227815705817
5547,99.85598559855985,0.0001367525699527708
5548,99.87398739873987,0.00013664151538518308
5549,99.8919891989199,0.00013652840604009645
5550,99.90999099909992,0.00013641302327306793
5551,99.92799279927993,0.000136295610360501
5552,99.94599459945995,0.0001361767759873777
5553,99.96399639963997,0.00013605734669823458
5554,99.98199819981998,0.0001359381931642579
5555,100.0,0.00013582005857077546
5556,100.01800180018002,0.0001357034166194929
5557,100.03600360036003,0.00013558838170071817
5558,100.05400540054006,0.00013547468545633472
5559,100.07200720072008,0.00013536172345616124
5560,100.0900090009001,0.00013524866460281313
5561,100.10801080108011,0.00013513460581717702
5562,100.12601260126013,0.0001350187470525471
5563,100.14401440144015,0.00013490055789478858
5564,100.16201620162016,0.0001347799075515675
5565,100.18001800180018,0.00013465713491087638
5566,100.1980198019802,0.00013453304391752803
5567,100.21602160216023,0.00013440882058388012
5568,100.23402340234024,0.00013428587993761625
5569,100.25202520252026,0.00013416566236793562
5570,100.27002700270027,0.0001340494074970207
5571,100.28802880288029,0.00013393793853326083
5572,100.30603060306031,0.00013383149023452046
5573,100.32403240324032,0.00013372960895031999
5574,100.34203420342034,0.00013363114423427987
5575,100.36003600360036,0.000133534339364174
5576,100.37803780378039,0.00013343701439844145
5577,100.3960396039604,0.00013333682201999186
5578,100.41404140414042,0.0001332315452595925
5579,100.43204320432044,0.00013311939888189974
5580,100.45004500450045,0.00013299929389531546
5581,100.46804680468047,0.00013287102779058644
5582,100.48604860486049,0.00013273537146110898
5583,100.5040504050405,0.00013259403632953802
5584,100.52205220522052,0.00013244952042074497
5585,100.54005400540055,0.00013230484800456346
5586,100.55805580558057,0.0001321632318724814
5587,100.57605760576058,0.0001320276983480602
5588,100.5940594059406,0.00013190072121442616
5589,100.61206120612061,0.00013178391095692562
5590,100.63006300630063,0.00013167779991119386
5591,100.64806480648065,0.00013158175271739113
5592,100.66606660666066,0.0001314940162715014
5593,100.68406840684068,0.0001314119060447864
5594,100.70207020702071,0.00013133210842553324
5595,100.72007200720073,0.0001312510638498879
5596,100.73807380738074,0.00013116538487817838
5597,100.75607560756076,0.00013107225844953275
5598,100.77407740774078,0.0001309697829944994
5599,100.79207920792079,0.0001308571987661948
5600,100.81008100810081,0.00013073498272222166
5601,100.82808280828083,0.00013060479592253655
5602,100.84608460846084,0.00013046928959635972
5603,100.86408640864087,0.00013033179346475177
5604,100.88208820882089,0.00013019592437134297
5605,100.9000900090009,0.00013006516294231473
5606,100.91809180918092,0.00012994244965823678
5607,100.93609360936094,0.00012982984893940687
5608,100.95409540954095,0.00012972832101564401
5609,100.97209720972097,0.00012963762763604794
5610,100.99009900990099,0.0001295563808563583
5611,101.00810081008102,0.00012948222638499245
5612,101.02610261026103,0.00012941213653630516
5613,101.04410441044105,0.00012934277479825475
5614,101.06210621062107,0.00012927088597795245
5615,101.08010801080108,0.00012919366378513812
5616,101.0981098109811,0.00012910905171522642
5617,101.11611161116112,0.00012901594257614128
5618,101.13411341134113,0.0001289142556459131
5619,101.15211521152115,0.0001288048864157232
5620,101.17011701170118,0.00012868954006328473
5621,101.1881188118812,0.00012857047412315138
5622,101.20612061206121,0.00012845018646753356
5623,101.22412241224123,0.0001283310903933984
5624,101.24212421242125,0.00012821521871532376
5625,101.26012601260126,0.00012810399341950968
5626,101.27812781278128,0.00012799808748643204
5627,101.2961296129613,0.00012789739237004512
5628,101.31413141314131,0.00012780109014933584
5629,101.33213321332134,0.00012770781550092706
5630,101.35013501350136,0.00012761588121181264
5631,101.36813681368137,0.00012752353342471048
5632,101.38613861386139,0.0001274292000948062
5633,101.40414041404141,0.0001273316984783304
5634,101.42214221422142,0.00012723037442570495
5635,101.44014401440144,0.00012712515675522245
5636,101.45814581458146,0.00012701652251660144
5637,101.47614761476147,0.0001269053817491783
5638,101.4941494149415,0.00012679290162490178
5639,101.51215121512152,0.0001266802981067415
5640,101.53015301530154,0.0001265686273554552
5641,101.54815481548155,0.0001264586085738729
5642,101.56615661566157,0.00012635050492610414
5643,101.58415841584159,0.00012624408036762964
5644,101.6021602160216,0.0001261386389388727
5645,101.62016201620162,0.00012603314090871892
5646,101.63816381638163,0.00012592637881492368
5647,101.65616561656167,0.00012581718752053056
5648,101.67416741674168,0.00012570465713499082
5649,101.6921692169217,0.00012558831677384282
5650,101.71017101710171,0.00012546826078436437
5651,101.72817281728173,0.00012534519675818943
5652,101.74617461746175,0.00012522040534398423
5653,101.76417641764176,0.000125095614111685
5654,101.78217821782178,0.00012497279983810606
5655,101.8001800180018,0.00012485394392614484
5656,101.81818181818183,0.00012474077281353872
5657,101.83618361836184,0.0001246345181729042
5658,101.85418541854186,0.00012453573001056223
5659,101.87218721872188,0.0001244441696117867
5660,101.89018901890189,0.00012435879942286802
5661,101.90819081908191,0.00012427787466709342
5662,101.92619261926193,0.00012419912835121897
5663,101.94419441944194,0.00012412002903950417
5664,101.96219621962196,0.00012403808095850225
5665,101.98019801980199,0.00012395112993960022
5666,101.998199819982,0.0001238576372196719
5667,102.01620162016202,0.00012375688643018434
5668,102.03420342034204,0.0001236490968251952
5669,102.05220522052205,0.0001235354269792729
5670,102.07020702070207,0.00012341786643737493
5671,102.08820882088209,0.0001232990264676777
5672,102.1062106210621,0.00012318185345129896
5673,102.12421242124212,0.0001230692979998028
5674,102.14221422142215,0.0001229639784398862
5675,102.16021602160217,0.0001228678781657888
5676,102.17821782178218,0.00012278211244017725
5677,102.1962196219622,0.00012270679202178408
5678,102.21422142214222,0.0001226409995356816
5679,102.23222322232223,0.00012258288119431336
5680,102.25022502250225,0.00012252984295090907
5681,102.26822682268227,0.0001224788280564334
5682,102.2862286228623,0.00012242664373795722
5683,102.30423042304231,0.0001223702993932491
5684,102.32223222322233,0.00012230731788238843
5685,102.34023402340235,0.00012223598521475336
5686,102.35823582358236,0.00012215551165245238
5687,102.37623762376238,0.00012206608797934532
5688,102.3942394239424,0.00012196883307712795
5689,102.41224122412241,0.00012186564149553955
5690,102.43024302430243,0.00012175895090994537
5691,102.44824482448246,0.00012165145793355039
5692,102.46624662466247,0.00012154581575240107
5693,102.48424842484249,0.0001214443479951217
5694,102.50225022502251,0.00012134881015442855
5695,102.52025202520252,0.00012126022324740834
5696,102.53825382538254,0.00012117879514828226
5697,102.55625562556256,0.00012110393434698991
5698,102.57425742574257,0.00012103435010370932
5699,102.59225922592259,0.00012096822337026626
5700,102.61026102610262,0.00012090342552729953
5701,102.62826282628264,0.00012083775771414719
5702,102.64626462646265,0.00012076918267714335
5703,102.66426642664267,0.00012069602356993634
5704,102.68226822682269,0.00012061710953818748
5705,102.7002700270027,0.00012053185541031092
5706,102.71827182718272,0.00012044027137663089
5707,102.73627362736273,0.00012034290706959652
5708,102.75427542754275,0.00012024074191374669
5709,102.77227722772278,0.00012013503913813239
5710,102.7902790279028,0.0001200271838630659
5711,102.80828082808281,0.00011991852595868722
5712,102.82628262826283,0.00011981024605308541
5713,102.84428442844285,0.00011970325859492694
5714,102.86228622862286,0.00011959815995319061
5715,102.88028802880288,0.00011949522301737107
5716,102.8982898289829,0.00011939443353065886
5717,102.91629162916291,0.00011929555824763462
5718,102.93429342934294,0.0001191982315743065
5719,102.95229522952296,0.00011910204598256454
5720,102.97029702970298,0.000119006632260954
5721,102.98829882988299,0.00011891171834733515
5722,103.00630063006301,0.00011881715961637761
5723,103.02430243024303,0.00011872293841991475
5724,103.04230423042304,0.0001186291356721015
5725,103.06030603060306,0.0001185358816228698
5726,103.07830783078307,0.00011844329607420876
5727,103.0963096309631,0.0001183514297562324
5728,103.11431143114312,0.00011826021822552617
5729,103.13231323132314,0.0001181694575649313
5730,103.15031503150315,0.00011807880767802912
5731,103.16831683168317,0.00011798782459850723
5732,103.18631863186319,0.00011789601860564241
5733,103.2043204320432,0.00011780293071258008
5734,103.22232223222322,0.00011770821687383453
5735,103.24032403240324,0.0001176117275025847
5736,103.25832583258327,0.00011751356985716194
5737,103.27632763276328,0.00011741414257709051
5738,103.2943294329433,0.00011731413491509342
5739,103.31233123312332,0.0001172144876092253
5740,103.33033303330333,0.00011711631730424119
5741,103.34833483348335,0.00011702081132134023
5742,103.36633663366337,0.00011692910375402363
5743,103.38433843384338,0.00011684214678521276
5744,103.4023402340234,0.00011676059238381487
5745,103.42034203420343,0.00011668469896000097
5746,103.43834383438345,0.00011661427517865202
5747,103.45634563456346,0.00011654866921357717
5748,103.47434743474348,0.00011648680672446946
5749,103.4923492349235,0.00011642727534061305
5750,103.51035103510351,0.000116368448087589
5751,103.52835283528353,0.00011630863362586148
5752,103.54635463546354,0.00011624623792044749
5753,103.56435643564356,0.00011617992041030047
5754,103.58235823582359,0.00011610872807640741
5755,103.60036003600361,0.0001160321929821854
5756,103.61836183618362,0.00011595038263047097
5757,103.63636363636364,0.0001158638974205077
5758,103.65436543654366,0.00011577381504100667
5759,103.67236723672367,0.00011568158718530222
5760,103.69036903690369,0.00011558889891579826
5761,103.7083708370837,0.00011549750480972065
5762,103.72637263726374,0.00011540905829518188
5763,103.74437443744375,0.00011532495112053054
5764,103.76237623762377,0.00011524617867081375
5765,103.78037803780379,0.00011517324402432599
5766,103.7983798379838,0.00011510610956677958
5767,103.81638163816382,0.00011504420011112769
5768,103.83438343834383,0.00011498645633575044
5769,103.85238523852385,0.00011493143248900204
5770,103.87038703870387,0.00011487742819997051
5771,103.8883888388839,0.00011482264126957552
5772,103.90639063906391,0.00011476532674233894
5773,103.92439243924393,0.00011470394747116163
5774,103.94239423942395,0.00011463730272235136
5775,103.96039603960396,0.00011456462392227792
5776,103.97839783978398,0.00011448563010608512
5777,103.996399639964,0.00011440053960796907
5778,104.01440144014401,0.00011431003862089965
5779,104.03240324032403,0.00011421521105860209
5780,104.05040504050406,0.00011411743733803375
5781,104.06840684068408,0.00011401827201607783
5782,104.0864086408641,0.00011391931151234434
5783,104.10441044104411,0.00011382206339144132
5784,104.12241224122413,0.0001137278279244724
5785,104.14041404140414,0.0001136376010469205
5786,104.15841584158416,0.00011355200558558774
5787,104.17641764176417,0.0001134712549824534
5788,104.19441944194419,0.00011339515094766872
5789,104.21242124212422,0.00011332311376135477
5790,104.23042304230424,0.00011325424151462309
5791,104.24842484248425,0.00011318739258897416
5792,104.26642664266427,0.00011312128422379599
5793,104.28442844284429,0.00011305459916772908
5794,104.3024302430243,0.00011298609215956601
5795,104.32043204320432,0.00011291468830888742
5796,104.33843384338434,0.00011283956628756108
5797,104.35643564356435,0.00011276022052122308
5798,104.37443744374438,0.00011267649819092507
5799,104.3924392439244,0.00011258860871534407
5800,104.41044104410442,0.00011249710537187434
5801,104.42844284428443,0.00011240284071408999
5802,104.44644464446445,0.00011230689933346228
5803,104.46444644464447,0.00011221051317473129
5804,104.48244824482448,0.00011211496593142009
5805,104.5004500450045,0.00011202149391690116
5806,104.51845184518452,0.000111931191144071
5807,104.53645364536455,0.00011184492610064404
5808,104.55445544554456,0.0001117632768650332
5809,104.57245724572458,0.00011168648980511579
5810,104.5904590459046,0.00011161446522561973
5811,104.60846084608461,0.00011154677111586977
5812,104.62646264626463,0.00011148268377705376
5813,104.64446444644464,0.00011142125178441835
5814,104.66246624662466,0.00011136137768223368
5815,104.68046804680468,0.00011130191022291348
5816,104.69846984698471,0.00011124173901576573
5817,104.71647164716472,0.00011117988325809838
5818,104.73447344734474,0.00011111556682123208
5819,104.75247524752476,0.00011104827331375631
5820,104.77047704770477,0.00011097777671951159
5821,104.78847884788479,0.00011090414561197203
5822,104.8064806480648,0.00011082772153131462
5823,104.82448244824482,0.00011074907460115432
5824,104.84248424842484,0.00011066894159022763
5825,104.86048604860487,0.00011058815315919745
5826,104.87848784878489,0.00011050755780942277
5827,104.8964896489649,0.00011042794999167143
5828,104.91449144914492,0.00011035000895957887
5829,104.93249324932493,0.00011027425338395512
5830,104.95049504950495,0.00011020101468268096
5831,104.96849684968497,0.0001101304297292352
5832,104.98649864986498,0.00011006245136987543
5833,105.004500450045,0.00010999687328367573
5834,105.02250225022503,0.0001099333643928389
5835,105.04050405040505,0.00010987150742676455
5836,105.05850585058506,0.0001098108364172711
5837,105.07650765076508,0.0001097508688018017
5838,105.0945094509451,0.00010969112928298149
5839,105.11251125112511,0.00010963116440235887
5840,105.13051305130513,0.00010957054865026057
5841,105.14851485148515,0.00010950888455973917
5842,105.16651665166518,0.00010944580036019803
5843,105.1845184518452,0.0001093809492061969
5844,105.20252025202521,0.00010931401366055934
5845,105.22052205220523,0.00010924471802690531
5846,105.23852385238524,0.00010917284944139501
5847,105.25652565256526,0.0001090982865940135
5848,105.27452745274528,0.00010902103287289963
5849,105.29252925292529,0.00010894124895383286
5850,105.31053105310531,0.0001088592787111494
5851,105.32853285328534,0.0001087756620549077
5852,105.34653465346535,0.00010869112903879582
5853,105.36453645364537,0.00010860657133157231
5854,105.38253825382539,0.00010852298975031227
5855,105.4005400540054,0.00010844141972755672
5856,105.41854185418542,0.0001083628399308616
5857,105.43654365436544,0.00010828807231729045
5858,105.45454545454545,0.0001082176842317214
5859,105.47254725472547,0.00010815190435296667
5860,105.4905490549055,0.00010809056408213555
5861,105.50855085508552,0.000108033074245238
5862,105.52655265526553,0.00010797844383002278
5863,105.54455445544555,0.00010792534317263447
5864,105.56255625562557,0.00010787220900055044
5865,105.58055805580558,0.0001078173835960349
5866,105.5985598559856,0.00010775927569864242
5867,105.61656165616562,0.00010769652722683362
5868,105.63456345634563,0.00010762816798056104
5869,105.65256525652566,0.0001075537405333471
5870,105.67056705670568,0.00010747337965730499
5871,105.6885688568857,0.00010738783472222193
5872,105.70657065706571,0.00010729842919821434
5873,105.72457245724573,0.00010720695808537794
5874,105.74257425742574,0.00010711553105660865
5875,105.76057605760576,0.000107026375526157
5876,105.77857785778578,0.0001069416189680908
5877,105.7965796579658,0.0001068630729499138
5878,105.81458145814582,0.00010679204206823516
5879,105.83258325832584,0.0001067291790962742
5880,105.85058505850586,0.00010667440329849577
5881,105.86858685868587,0.00010662689245399348
5882,105.88658865886589,0.00010658515133196486
5883,105.9045904590459,0.00010654715103772866
5884,105.92259225922592,0.00010651052574058454
5885,105.94059405940594,0.00010647280672549263
5886,105.95859585958596,0.00010643166926469016
5887,105.97659765976599,0.00010638516603717396
5888,105.994599459946,0.00010633192198540328
5889,106.01260126012602,0.0001062712695028318
5890,106.03060306030603,0.0001062033092720229
5891,106.04860486048605,0.00010612889020999008
5892,106.06660666066607,0.00010604951090434723
5893,106.08460846084608,0.0001059671536172263
5894,106.1026102610261,0.00010588406938789685
5895,106.12061206120612,0.00010580253811187605
5896,106.13861386138615,0.0001057246300892189
5897,106.15661566156616,0.0001056519951123381
5898,106.17461746174618,0.0001055857017569846
5899,106.1926192619262,0.00010552614355558106
5900,106.21062106210621,0.00010547302088275382
5901,106.22862286228623,0.0001054253986028969
5902,106.24662466246625,0.00010538183086205986
5903,106.26462646264626,0.00010534053687745534
5904,106.28262826282628,0.00010529960607192692
5905,106.30063006300631,0.00010525720805331946
5906,106.31863186318633,0.00010521178305943234
5907,106.33663366336634,0.00010516219152453743
5908,106.35463546354636,0.00010510780696452098
5909,106.37263726372638,0.0001050485437119315
5910,106.39063906390639,0.00010498481923259606
5911,106.40864086408641,0.0001049174587962991
5912,106.42664266426642,0.00010484755715902506
5913,106.44464446444645,0.00010477631680072668
5914,106.46264626462647,0.00010470488456619208
5915,106.48064806480649,0.00010463420802377412
5916,106.4986498649865,0.00010456492959514672
5917,106.51665166516652,0.00010449733097279291
5918,106.53465346534654,0.00010443133327185214
5919,106.55265526552655,0.00010436655069280585
5920,106.57065706570657,0.00010430238820713924
5921,106.58865886588659,0.00010423816786917935
5922,106.60666066606662,0.00010417326457489046
5923,106.62466246624663,0.00010410723092606835
5924,106.64266426642665,0.00010403989246792294
5925,106.66066606660667,0.00010397139873927272
5926,106.67866786678668,0.00010390222176109128
5927,106.6966696669667,0.00010383310097756895
5928,106.71467146714672,0.00010376494127771406
5929,106.73267326732673,0.0001036986775505639
5930,106.75067506750675,0.00010363512434229829
5931,106.76867686768678,0.00010357483188145239
5932,106.7866786678668,0.00010351796961823736
5933,106.80468046804681,0.00010346425544723412
5934,106.82268226822683,0.00010341294328208096
5935,106.84068406840684,0.00010336287429204657
5936,106.85868586858686,0.00010331258881157054
5937,106.87668766876688,0.00010326048775076114
5938,106.8946894689469,0.00010320502532854216
5939,106.91269126912691,0.00010314491005174727
5940,106.93069306930694,0.00010307928875398517
5941,106.94869486948696,0.00010300788952855884
5942,106.96669666966697,0.00010293110349298855
5943,106.98469846984699,0.00010284999207327247
5944,107.002700270027,0.00010276621511914466
5945,107.02070207020702,0.00010268188463430193
5946,107.03870387038704,0.00010259935808076122
5947,107.05670567056706,0.00010252099296279803
5948,107.07470747074707,0.00010244888973771712
5949,107.0927092709271,0.00010238465233998826
5950,107.11071107110712,0.00010232919441052483
5951,107.12871287128714,0.0001022826147737215
5952,107.14671467146715,0.00010224415828674339
5953,107.16471647164717,0.0001022122687348046
5954,107.18271827182718,0.0001021847300519919
5955,107.2007200720072,0.00010215888202242979
5956,107.21872187218722,0.00010213188795269022
5957,107.23672367236723,0.0001021010256306802
5958,107.25472547254726,0.00010206396993843496
5959,107.27272727272728,0.00010201903612908299
5960,107.2907290729073,0.00010196535695385877
5961,107.30873087308731,0.00010190297406118985
5962,107.32673267326733,0.00010183283355617935
5963,107.34473447344735,0.00010175668621545159
5964,107.36273627362736,0.0001016769033793464
5965,107.38073807380738,0.00010159622878521475
5966,107.3987398739874,0.00010151749351237202
5967,107.41674167416743,0.0001014433250098995
5968,107.43474347434744,0.00010137588146836989
5969,107.45274527452746,0.00010131663958185467
5970,107.47074707470748,0.0001012662574390718
5971,107.48874887488749,0.00010122452564641903
5972,107.50675067506751,0.00010119040984333043
5973,107.52475247524752,0.00010116217767888506
5974,107.54275427542754,0.000101137594231623
5975,107.56075607560756,0.00010111416278750122
5976,107.57875787578759,0.00010108938360414649
5977,107.5967596759676,0.00010106100220405944
5978,107.61476147614762,0.00010102722089443745
5979,107.63276327632764,0.00010098685226803845
5980,107.65076507650765,0.00010093940072971427
5981,107.66876687668767,0.00010088506670594184
5982,107.68676867686769,0.00010082467708997375
5983,107.7047704770477,0.00010075955361063641
5984,107.72277227722772,0.0001006913372672037
5985,107.74077407740775,0.00010062179105246745
5986,107.75877587758777,0.00010055260450107856
5987,107.77677767776778,0.00010048522210191813
5988,107.7947794779478,0.00010042071359030438
5989,107.81278127812782,0.00010035969816909633
5990,107.83078307830783,0.00010030232759161657
5991,107.84878487848785,0.0001002483256787245
5992,107.86678667866786,0.0001001970751401536
5993,107.8847884788479,0.00010014773731688753
5994,107.90279027902791,0.00010009938724261466
5995,107.92079207920793,0.0001000511455534512
5996,107.93879387938794,0.00010000229027082538
5997,107.95679567956796,9.99523350640917e-05
5998,107.97479747974798,9.990106573817561e-05
5999,107.992799279928,9.984853268121957e-05
6000,108.01080108010801,9.979500305674072e-05
6001,108.02880288028803,9.974088185914155e-05
6002,108.04680468046806,9.96866149073025e-05
6003,108.06480648064807,9.963258895691505e-05
6004,108.08280828082809,9.957904414235078e-05
6005,108.1008100810081,9.952601195548438e-05
6006,108.11881188118812,9.947328823093131e-05
6007,108.13681368136814,9.942044564742733e-05
6008,108.15481548154816,9.936688473189209e-05
6009,108.17281728172817,9.931191698498114e-05
6010,108.19081908190819,9.92548692238338e-05
6011,108.20882088208822,9.919519513333843e-05
6012,108.22682268226824,9.913257872165584e-05
6013,108.24482448244825,9.906701504947641e-05
6014,108.26282628262827,9.899885616010267e-05
6015,108.28082808280828,9.892881426143706e-05
6016,108.2988298829883,9.885791939338059e-05
6017,108.31683168316832,9.878743442087712e-05
6018,108.33483348334833,9.871873554147704e-05
6019,108.35283528352835,9.865317093901941e-05
6020,108.37083708370838,9.859191321535526e-05
6021,108.3888388838884,9.853582242741949e-05
6022,108.40684068406841,9.84853357993628e-05
6023,108.42484248424843,9.844039755018965e-05
6024,108.44284428442845,9.840043807452436e-05
6025,108.46084608460846,9.836440641536201e-05
6026,108.47884788478848,9.833085417240574e-05
6027,108.4968496849685,9.829806334894478e-05
6028,108.51485148514851,9.826420578208018e-05
6029,108.53285328532854,9.822751825959373e-05
6030,108.55085508550856,9.818647558422819e-05
6031,108.56885688568858,9.813994389324165e-05
6032,108.58685868586859,9.80872984595354e-05
6033,108.60486048604861,9.802849376968946e-05
6034,108.62286228622862,9.796407849919748e-05
6035,108.64086408640864,9.789515356435018e-05
6036,108.65886588658866,9.782327713427611e-05
6037,108.67686768676867,9.775032574322508e-05
6038,108.6948694869487,9.767832492013334e-05
6039,108.71287128712872,9.7609265631934e-05
6040,108.73087308730874,9.75449240557868e-05
6041,108.74887488748875,9.74867016671029e-05
6042,108.76687668766877,9.743550044856543e-05
6043,108.78487848784879,9.739164444784424e-05
6044,108.8028802880288,9.735485432754029e-05
6045,108.82088208820882,9.732427643652397e-05
6046,108.83888388838884,9.729856279962985e-05
6047,108.85688568856887,9.727599376843922e-05
6048,108.87488748874888,9.72546313303736e-05
6049,108.8928892889289,9.723248856288666e-05
6050,108.91089108910892,9.720769963884104e-05
6051,108.92889288928893,9.717867518833552e-05
6052,108.94689468946895,9.714422960910354e-05
6053,108.96489648964896,9.7103669872786e-05
6054,108.98289828982898,9.705683917873189e-05
6055,109.000900090009,9.70041130761652e-05
6056,109.01890189018903,9.694634999931531e-05
6057,109.03690369036904,9.688480214155258e-05
6058,109.05490549054906,9.682099588605285e-05
6059,109.07290729072908,9.675659334307264e-05
6060,109.0909090909091,9.669324774771944e-05
6061,109.10891089108911,9.663246548708562e-05
6062,109.12691269126913,9.657548640153903e-05
6063,109.14491449144914,9.6523191891765e-05
6064,109.16291629162916,9.647604749296895e-05
6065,109.18091809180919,9.643408324051996e-05
6066,109.1989198919892,9.639691166685235e-05
6067,109.21692169216922,9.636377995733068e-05
6068,109.23492349234924,9.63336499443358e-05
6069,109.25292529252926,9.630529747216036e-05
6070,109.27092709270927,9.627742138596475e-05
6071,109.28892889288929,9.624875206659958e-05
6072,109.3069306930693,9.621815004046221e-05
6073,109.32493249324934,9.618468664437759e-05
6074,109.34293429342935,9.614770084912971e-05
6075,109.36093609360937,9.610682891342137e-05
6076,109.37893789378938,9.606200628916262e-05
6077,109.3969396939694,9.60134438560899e-05
6078,109.41494149414942,9.596158287246008e-05
6079,109.43294329432943,9.59070347739575e-05
6080,109.45094509450945,9.58505129819084e-05
6081,109.46894689468947,9.579276411778635e-05
6082,109.4869486948695,9.573450547063212e-05
6083,109.50495049504951,9.56763743163116e-05
6084,109.52295229522953,9.561889290373513e-05
6085,109.54095409540955,9.556245081933384e-05
6086,109.55895589558956,9.55073042648746e-05
6087,109.57695769576958,9.545358978703842e-05
6088,109.5949594959496,9.54013484086062e-05
6089,109.61296129612961,9.53505551096585e-05
6090,109.63096309630963,9.530114830189433e-05
6091,109.64896489648966,9.525305435574594e-05
6092,109.66696669666968,9.520620331674934e-05
6093,109.68496849684969,9.516053354189325e-05
6094,109.70297029702971,9.511598489007997e-05
6095,109.72097209720972,9.507248206349034e-05
6096,109.73897389738974,9.502991145647502e-05
6097,109.75697569756976,9.498809618329708e-05
6098,109.77497749774977,9.494677463338269e-05
6099,109.79297929792979,9.49055878262844e-05
6100,109.81098109810982,9.486407998442214e-05
6101,109.82898289828984,9.482171518529076e-05
6102,109.84698469846985,9.477791086525181e-05
6103,109.86498649864987,9.473208656983184e-05
6104,109.88298829882989,9.468372397548186e-05
6105,109.9009900990099,9.46324321545914e-05
6106,109.91899189918992,9.457801060586764e-05
6107,109.93699369936994,9.452050195314249e-05
6108,109.95499549954995,9.446022656397087e-05
6109,109.97299729972998,9.439779268025222e-05
6110,109.99099909991,9.433407789146317e-05
6111,110.00900090009002,9.427018070743741e-05
6112,110.02700270027003,9.420734429754679e-05
6113,110.04500450045005,9.414685778943007e-05
6114,110.06300630063006,9.408994347387926e-05
6115,110.08100810081008,9.403764047719982e-05
6116,110.0990099009901,9.39906966398162e-05
6117,110.11701170117011,9.394948028727839e-05
6118,110.13501350135014,9.391392223669213e-05
6119,110.15301530153016,9.388349583266401e-05
6120,110.17101710171018,9.385723927762245e-05
6121,110.1890189018902,9.383382035756646e-05
6122,110.20702070207021,9.381163929656726e-05
6123,110.22502250225023,9.378896137084187e-05
6124,110.24302430243024,9.376406753173105e-05
6125,110.26102610261026,9.37354090167917e-05
6126,110.27902790279028,9.370175104856815e-05
6127,110.2970297029703,9.366229136527006e-05
6128,110.31503150315032,9.361674146669282e-05
6129,110.33303330333034,9.356536189864266e-05
6130,110.35103510351036,9.350894730097753e-05
6131,110.36903690369037,9.344876185934016e-05
6132,110.38703870387039,9.338643071790827e-05
6133,110.4050405040504,9.332379731319087e-05
6134,110.42304230423042,9.326276001093297e-05
6135,110.44104410441044,9.320510350593955e-05
6136,110.45904590459047,9.315234095741526e-05
6137,110.47704770477048,9.310558172713995e-05
6138,110.4950495049505,9.306543698469138e-05
6139,110.51305130513052,9.303197162315915e-05
6140,110.53105310531053,9.300470629880344e-05
6141,110.54905490549055,9.298266846027041e-05
6142,110.56705670567057,9.296448648663329e-05
6143,110.58505850585058,9.294851699909107e-05
6144,110.60306030603061,9.293299245641056e-05
6145,110.62106210621063,9.291617457111123e-05
6146,110.63906390639065,9.289649901925181e-05
6147,110.65706570657066,9.287269832354507e-05
6148,110.67506750675068,9.284389247197594e-05
6149,110.6930693069307,9.280964046520211e-05
6150,110.71107110711071,9.276995014675227e-05
6151,110.72907290729073,9.272524789914788e-05
6152,110.74707470747074,9.26763136353312e-05
6153,110.76507650765078,9.262418958742467e-05
6154,110.78307830783079,9.257007340517903e-05
6155,110.80108010801081,9.251520686623659e-05
6156,110.81908190819082,9.246077105474046e-05
6157,110.83708370837084,9.240779730754995e-05
6158,110.85508550855086,9.23571008007186e-05
6159,110.87308730873087,9.230924068005942e-05
6160,110.89108910891089,9.226450749879135e-05
6161,110.9090909090909,9.222293578017812e-05
6162,110.92709270927094,9.218433709601024e-05
6163,110.94509450945095,9.214834738375268e-05
6164,110.96309630963097,9.211448145138429e-05
6165,110.98109810981099,9.208218775834379e-05
6166,110.999099909991,9.205089752026304e-05
6167,111.01710171017102,9.20200637763445e-05
6168,111.03510351035104,9.198918802722507e-05
6169,111.05310531053105,9.195783411293469e-05
6170,111.07110711071107,9.192563087672992e-05
6171,111.0891089108911,9.189226661449907e-05
6172,111.10711071107112,9.185747917413345e-05
6173,111.12511251125113,9.182104576559425e-05
6174,111.14311431143115,9.178277608514001e-05
6175,111.16111611161116,9.174251134860386e-05
6176,111.17911791179118,9.170013044147562e-05
6177,111.1971197119712,9.165556284526974e-05
6178,111.21512151215121,9.16088065220403e-05
6179,111.23312331233123,9.155994774690362e-05
6180,111.25112511251126,9.150917914234092e-05
6181,111.26912691269128,9.145681199250339e-05
6182,111.2871287128713,9.140327932771503e-05
6183,111.30513051305131,9.134912721687754e-05
6184,111.32313231323133,9.129499306623743e-05
6185,111.34113411341134,9.124157132197588e-05
6186,111.35913591359136,9.11895686071642e-05
6187,111.37713771377138,9.113965178419596e-05
6188,111.39513951395139,9.10923935386693e-05
6189,111.41314131413142,9.104822069234995e-05
6190,111.43114311431144,9.100737049498626e-05
6191,111.44914491449146,9.096985960980943e-05
6192,111.46714671467147,9.093546945519685e-05
6193,111.48514851485149,9.090375011272029e-05
6194,111.5031503150315,9.08740433187821e-05
6195,111.52115211521152,9.084552330371907e-05
6196,111.53915391539154,9.081725260875349e-05
6197,111.55715571557155,9.078824865686746e-05
6198,111.57515751575158,9.075755590074111e-05
6199,111.5931593159316,9.072431789353885e-05
6200,111.61116111611162,9.068784364837702e-05
6201,111.62916291629163,9.064766314167216e-05
6202,111.64716471647165,9.06035677040347e-05
6203,111.66516651665167,9.055563222970831e-05
6204,111.68316831683168,9.0504217505528e-05
6205,111.7011701170117,9.044995239481084e-05
6206,111.71917191719172,9.039369700235775e-05
6207,111.73717371737175,9.033648920446657e-05
6208,111.75517551755176,9.027947798639956e-05
6209,111.77317731773178,9.02238478466504e-05
6210,111.7911791179118,9.017073908062488e-05
6211,111.80918091809181,9.012116903928722e-05
6212,111.82718271827183,9.007595947324832e-05
6213,111.84518451845184,9.003567482585739e-05
6214,111.86318631863186,9.000057583690903e-05
6215,111.88118811881188,8.997059206855172e-05
6216,111.89918991899191,8.994531597678697e-05
6217,111.91719171917192,8.992401994339168e-05
6218,111.93519351935194,8.990569628636453e-05
6219,111.95319531953196,8.988911873482089e-05
6220,111.97119711971197,8.987292226411631e-05
6221,111.98919891989199,8.985569664188533e-05
6222,112.007200720072,8.983608766018346e-05
6223,112.02520252025202,8.981289896046679e-05
6224,112.04320432043205,8.97851867332386e-05
6225,112.06120612061207,8.97523395119741e-05
6226,112.07920792079209,8.971413586484811e-05
6227,112.0972097209721,8.967077404881443e-05
6228,112.11521152115212,8.962286959435893e-05
6229,112.13321332133214,8.957141922945044e-05
6230,112.15121512151215,8.95177323512617e-05
6231,112.16921692169217,8.946333417805079e-05
6232,112.18721872187218,8.940984748520896e-05
6233,112.20522052205222,8.935886215986328e-05
6234,112.22322232223223,8.931180342703325e-05
6235,112.24122412241225,8.926981028778022e-05
6236,112.25922592259226,8.923363532731179e-05
6237,112.27722772277228,8.92035755636278e-05
6238,112.2952295229523,8.917944149589905e-05
6239,112.31323132313231,8.916056817316663e-05
6240,112.33123312331233,8.914586823688007e-05
6241,112.34923492349235,8.913392286906684e-05
6242,112.36723672367238,8.912310281308654e-05
6243,112.3852385238524,8.911170853108727e-05
6244,112.40324032403241,8.909811647394456e-05
6245,112.42124212421243,8.908091762331932e-05
6246,112.43924392439244,8.905903505042269e-05
6247,112.45724572457246,8.90318092022298e-05
6248,112.47524752475248,8.899904280034373e-05
6249,112.49324932493249,8.896100130834e-05
6250,112.51125112511251,8.89183694693577e-05
6251,112.52925292529254,8.887216895132376e-05
6252,112.54725472547256,8.88236461660184e-05
6253,112.56525652565257,8.877414239883438e-05
6254,112.58325832583259,8.872496014591128e-05
6255,112.6012601260126,8.867723979322642e-05
6256,112.61926192619262,8.86318594466858e-05
6257,112.63726372637264,8.858936797002591e-05
6258,112.65526552655265,8.854995741131662e-05
6259,112.67326732673267,8.851347643638395e-05
6260,112.6912691269127,8.847948166150585e-05
6261,112.70927092709272,8.844731943726858e-05
6262,112.72727272727273,8.841622719114654e-05
6263,112.74527452745275,8.83854412993586e-05
6264,112.76327632763277,8.835429789015338e-05
6265,112.78127812781278,8.832231405845619e-05
6266,112.7992799279928,8.828923957720818e-05
6267,112.81728172817282,8.825507302002862e-05
6268,112.83528352835283,8.822004080710183e-05
6269,112.85328532853286,8.818454249590537e-05
6270,112.87128712871288,8.814907007028531e-05
6271,112.8892889288929,8.811411248159938e-05
6272,112.90729072907291,8.808005881415965e-05
6273,112.92529252925293,8.804711389488553e-05
6274,112.94329432943294,8.801523885373583e-05
6275,112.96129612961296,8.798412619131403e-05
6276,112.97929792979298,8.795321465103546e-05
6277,112.997299729973,8.792174412196865e-05
6278,113.01530153015302,8.788884552367761e-05
6279,113.03330333033304,8.785365579571115e-05
6280,113.05130513051306,8.781544434460652e-05
6281,113.06930693069307,8.777373509121364e-05
6282,113.08730873087309,8.772840793620764e-05
6283,113.1053105310531,8.767976512823094e-05
6284,113.12331233123312,8.762855154570763e-05
6285,113.14131413141314,8.757592293061073e-05
6286,113.15931593159316,8.752336208951409e-05
6287,113.17731773177319,8.747254932289736e-05
6288,113.1953195319532,8.742519912368019e-05
6289,113.21332133213322,8.738287979877329e-05
6290,113.23132313231324,8.7346835528052e-05
6291,113.24932493249325,8.73178310868919e-05
6292,113.26732673267327,8.729603786438053e-05
6293,113.28532853285328,8.72809760166568e-05
6294,113.3033303330333,8.727152196867064e-05
6295,113.32133213321332,8.726598360467877e-05
6296,113.33933393339335,8.726223811350442e-05
6297,113.35733573357336,8.725792040044951e-05
6298,113.37533753375338,8.72506440485469e-05
6299,113.3933393339334,8.723823270264247e-05
6300,113.41134113411341,8.721893796451411e-05
6301,113.42934293429343,8.719162067748507e-05
6302,113.44734473447345,8.715587581106693e-05
6303,113.46534653465346,8.711208671037207e-05
6304,113.4833483348335,8.706140167745028e-05
6305,113.50135013501351,8.700563393569563e-05
6306,113.51935193519353,8.694709411865931e-05
6307,113.53735373537354,8.688837163432124e-05
6308,113.55535553555356,8.683208678677098e-05
6309,113.57335733573358,8.678063876984073e-05
6310,113.59135913591359,8.673597521180805e-05
6311,113.60936093609361,8.669940677015534e-05
6312,113.62736273627362,8.667148557702837e-05
6313,113.64536453645366,8.665195962522274e-05
6314,113.66336633663367,8.663980719051317e-05
6315,113.68136813681369,8.663334698069648e-05
6316,113.6993699369937,8.663041180159451e-05
6317,113.71737173717372,8.662856699480569e-05
6318,113.73537353735374,8.662535043681686e-05
6319,113.75337533753375,8.661850896761251e-05
6320,113.77137713771377,8.660620692789573e-05
6321,113.78937893789379,8.658718591168858e-05
6322,113.80738073807382,8.656086047965404e-05
6323,113.82538253825383,8.652734177946831e-05
6324,113.84338433843385,8.64873889665867e-05
6325,113.86138613861387,8.644229612048322e-05
6326,113.87938793879388,8.639372914320325e-05
6327,113.8973897389739,8.634353216806093e-05
6328,113.91539153915392,8.629352576235375e-05
6329,113.93339333933393,8.624531941015883e-05
6330,113.95139513951395,8.62001584334542e-05
6331,113.96939693969398,8.615882096281682e-05
6332,113.987398739874,8.612157436179295e-05
6333,114.00540054005401,8.608819338201887e-05
6334,114.02340234023403,8.605803511401969e-05
6335,114.04140414041404,8.603015933338484e-05
6336,114.05940594059406,8.600347785756195e-05
6337,114.07740774077408,8.597691357684906e-05
6338,114.0954095409541,8.59495492131903e-05
6339,114.11341134113411,8.59207476247006e-05
6340,114.13141314131414,8.58902293683828e-05
6341,114.14941494149416,8.585809876884231e-05
6342,114.16741674167417,8.582481624165212e-05
6343,114.18541854185419,8.5791121305761e-05
6344,114.2034203420342,8.575791679588365e-05
6345,114.22142214221422,8.572612953805965e-05
6346,114.23942394239424,8.56965656262558e-05
6347,114.25742574257426,8.566977910614499e-05
6348,114.27542754275427,8.564597126649449e-05
6349,114.2934293429343,8.562493405812435e-05
6350,114.31143114311432,8.560604584619871e-05
6351,114.32943294329434,8.558832138358424e-05
6352,114.34743474347435,8.557051131553225e-05
6353,114.36543654365437,8.555124046098663e-05
6354,114.38343834383438,8.552916927351662e-05
6355,114.4014401440144,8.550315983186238e-05
6356,114.41944194419442,8.547242680515896e-05
6357,114.43744374437443,8.543665519189115e-05
6358,114.45544554455446,8.539607009612807e-05
6359,114.47344734473448,8.53514489904069e-05
6360,114.4914491449145,8.530407323743337e-05
6361,114.50945094509451,8.52556223908807e-05
6362,114.52745274527453,8.520802121105039e-05
6363,114.54545454545455,8.516325469604495e-05
6364,114.56345634563456,8.512317014560699e-05
6365,114.58145814581458,8.508928693157516e-05
6366,114.5994599459946,8.506263406542836e-05
6367,114.61746174617463,8.504363289783988e-05
6368,114.63546354635464,8.503203766438255e-05
6369,114.65346534653466,8.502694061442506e-05
6370,114.67146714671468,8.502684177916346e-05
6371,114.68946894689469,8.502977677170828e-05
6372,114.70747074707471,8.503349007881383e-05
6373,114.72547254725472,8.503563672355702e-05
6374,114.74347434743474,8.503399241952346e-05
6375,114.76147614761476,8.50266516652591e-05
6376,114.77947794779479,8.501219468008974e-05
6377,114.7974797479748,8.498980746855842e-05
6378,114.81548154815482,8.495934422833445e-05
6379,114.83348334833484,8.492132723808003e-05
6380,114.85148514851485,8.487688563787787e-05
6381,114.86948694869487,8.482764048491008e-05
6382,114.88748874887489,8.47755485213377e-05
6383,114.9054905490549,8.472272073475079e-05
6384,114.92349234923493,8.46712336935028e-05
6385,114.94149414941495,8.46229516637349e-05
6386,114.95949594959497,8.457937572870862e-05
6387,114.97749774977498,8.454153278929867e-05
6388,114.995499549955,8.4509912836459e-05
6389,115.01350135013502,8.448445776572547e-05
6390,115.03150315031503,8.446459980886677e-05
6391,115.04950495049505,8.44493429301676e-05
6392,115.06750675067507,8.443737674142333e-05
6393,115.0855085508551,8.44272099758404e-05
6394,115.10351035103511,8.441730951841277e-05
6395,115.12151215121513,8.440623144392039e-05
6396,115.13951395139514,8.439273232667908e-05
6397,115.15751575157516,8.437585198331055e-05
6398,115.17551755175518,8.435496241432414e-05
6399,115.1935193519352,8.432978159066935e-05
6400,115.21152115211521,8.430035445170967e-05
6401,115.22952295229523,8.426700664937101e-05
6402,115.24752475247526,8.423027888273841e-05
6403,115.26552655265527,8.419085092582231e-05
6404,115.28352835283529,8.414946459584522e-05
6405,115.3015301530153,8.410685400671953e-05
6406,115.31953195319532,8.406368968314763e-05
6407,115.33753375337534,8.402054074281066e-05
6408,115.35553555355536,8.397785670685076e-05
6409,115.37353735373537,8.393596790349065e-05
6410,115.39153915391539,8.3895101190427e-05
6411,115.40954095409542,8.385540608202469e-05
6412,115.42754275427544,8.381698548515874e-05
6413,115.44554455445545,8.3779925181084e-05
6414,115.46354635463547,8.374431689752121e-05
6415,115.48154815481548,8.371027116202303e-05
6416,115.4995499549955,8.367791791140679e-05
6417,115.51755175517552,8.364739480658007e-05
6418,115.53555355535553,8.361882511000331e-05
6419,115.55355535553555,8.359228858632607e-05
6420,115.57155715571558,8.356778999419478e-05
6421,115.5895589558956,8.354523022485346e-05
6422,115.60756075607561,8.35243849659181e-05
6423,115.62556255625563,8.350489496251648e-05
6424,115.64356435643565,8.34862706221934e-05
6425,115.66156615661566,8.346791203173679e-05
6426,115.67956795679568,8.344914362668073e-05
6427,115.6975697569757,8.342926099240586e-05
6428,115.71557155715571,8.340758578058858e-05
6429,115.73357335733574,8.338352366157296e-05
6430,115.75157515751576,8.335661971437605e-05
6431,115.76957695769578,8.332660573048446e-05
6432,115.78757875787579,8.329343455828126e-05
6433,115.80558055805581,8.325729776345836e-05
6434,115.82358235823583,8.321862439867942e-05
6435,115.84158415841584,8.317806040083655e-05
6436,115.85958595859586,8.313642988934324e-05
6437,115.87758775877587,8.30946812515816e-05
6438,115.8955895589559,8.305382222171697e-05
6439,115.91359135913592,8.301484907305004e-05
6440,115.93159315931594,8.297867548413772e-05
6441,115.94959495949595,8.29460665869366e-05
6442,115.96759675967597,8.291758319072708e-05
6443,115.98559855985599,8.289354026928806e-05
6444,116.003600360036,8.287398260195021e-05
6445,116.02160216021602,8.285867909114698e-05
6446,116.03960396039604,8.284713586396976e-05
6447,116.05760576057607,8.283862691959898e-05
6448,116.07560756075608,8.283223990714636e-05
6449,116.0936093609361,8.282693368363069e-05
6450,116.11161116111612,8.28216036553489e-05
6451,116.12961296129613,8.281515056547792e-05
6452,116.14761476147615,8.280654834851104e-05
6453,116.16561656165617,8.279490689999467e-05
6454,116.18361836183618,8.277952606590282e-05
6455,116.20162016201621,8.27599377902248e-05
6456,116.21962196219623,8.273593412069072e-05
6457,116.23762376237624,8.270757961239831e-05
6458,116.25562556255626,8.267520754434663e-05
6459,116.27362736273628,8.263940023761831e-05
6460,116.2916291629163,8.26009546050123e-05
6461,116.30963096309631,8.256083484299407e-05
6462,116.32763276327633,8.252011487243229e-05
6463,116.34563456345634,8.247991371922766e-05
6464,116.36363636363637,8.244132747300358e-05
6465,116.38163816381639,8.24053617441971e-05
6466,116.3996399639964,8.237286863060035e-05
6467,116.41764176417642,8.234449208096626e-05
6468,116.43564356435644,8.232062519059601e-05
6469,116.45364536453646,8.230138237865128e-05
6470,116.47164716471647,8.228658859159674e-05
6471,116.48964896489649,8.227578668238802e-05
6472,116.5076507650765,8.226826298059178e-05
6473,116.52565256525654,8.226308986247087e-05
6474,116.54365436543655,8.225918293437602e-05
6475,116.56165616561657,8.225536934833634e-05
6476,116.57965796579659,8.225046286726213e-05
6477,116.5976597659766,8.224334067264875e-05
6478,116.61566156615662,8.223301662762867e-05
6479,116.63366336633663,8.22187058157165e-05
6480,116.65166516651665,8.219987568311907e-05
6481,116.66966696669667,8.217627999846268e-05
6482,116.6876687668767,8.214797305233453e-05
6483,116.70567056705671,8.211530296301764e-05
6484,116.72367236723673,8.207888452235522e-05
6485,116.74167416741675,8.203955357953486e-05
6486,116.75967596759676,8.199830638901676e-05
6487,116.77767776777678,8.195622851815077e-05
6488,116.7956795679568,8.191441871604728e-05
6489,116.81368136813681,8.187391351381241e-05
6490,116.83168316831683,8.183561822081572e-05
6491,116.84968496849686,8.180024940759165e-05
6492,116.86768676867688,8.176829297091041e-05
6493,116.88568856885689,8.173998054661852e-05
6494,116.90369036903691,8.171528548808326e-05
6495,116.92169216921693,8.169393799993431e-05
6496,116.93969396939694,8.167545745330728e-05
6497,116.95769576957696,8.165919854905037e-05
6498,116.97569756975697,8.164440695931921e-05
6499,116.99369936993699,8.163027945504753e-05
6500,117.01170117011702,8.16160233672458e-05
6501,117.02970297029704,8.160091054025575e-05
6502,117.04770477047705,8.158432167674307e-05
6503,117.06570657065707,8.156577806822629e-05
6504,117.08370837083709,8.154495903901017e-05
6505,117.1017101710171,8.152170487104354e-05
6506,117.11971197119712,8.149600637894016e-05
6507,117.13771377137714,8.146798352980999e-05
6508,117.15571557155715,8.143785643216753e-05
6509,117.17371737173718,8.140591256332465e-05
6510,117.1917191719172,8.137247421647831e-05
6511,117.20972097209722,8.13378698231884e-05
6512,117.22772277227723,8.130241208576054e-05
6513,117.24572457245725,8.126638482033359e-05
6514,117.26372637263727,8.12300391819955e-05
6515,117.28172817281728,8.119359865631908e-05
6516,117.2997299729973,8.115727100332234e-05
6517,117.31773177317731,8.112126436833015e-05
6518,117.33573357335734,8.108580414546379e-05
6519,117.35373537353736,8.105114697417944e-05
6520,117.37173717371738,8.101758850327794e-05
6521,117.3897389738974,8.098546225608192e-05
6522,117.40774077407741,8.095512801069817e-05
6523,117.42574257425743,8.092694946130879e-05
6524,117.44374437443744,8.090126240577435e-05
6525,117.46174617461746,8.087833614616481e-05
6526,117.47974797479748,8.085833202248202e-05
6527,117.4977497749775,8.084126386998709e-05
6528,117.51575157515752,8.082696557257822e-05
6529,117.53375337533754,8.081507070014189e-05
6530,117.55175517551756,8.080500844530238e-05
6531,117.56975697569757,8.07960187555987e-05
6532,117.58775877587759,8.078718779354911e-05
6533,117.6057605760576,8.077750280637174e-05
6534,117.62376237623762,8.076592334734695e-05
6535,117.64176417641765,8.075146378242892e-05
6536,117.65976597659767,8.07332803600687e-05
6537,117.67776777677769,8.071075501821263e-05
6538,117.6957695769577,8.068356770468014e-05
6539,117.71377137713772,8.06517493870421e-05
6540,117.73177317731773,8.061570914091366e-05
6541,117.74977497749775,8.057623066406853e-05
6542,117.76777677767777,8.05344361205658e-05
6543,117.78577857785778,8.049171815706306e-05
6544,117.80378037803781,8.04496439841268e-05
6545,117.82178217821783,8.040983828319284e-05
6546,117.83978397839785,8.037385409121538e-05
6547,117.85778577857786,8.034304246792706e-05
6548,117.87578757875788,8.031843246290305e-05
6549,117.8937893789379,8.03006325526001e-05
6550,117.91179117911791,8.028976329200288e-05
6551,117.92979297929793,8.028542850861327e-05
6552,117.94779477947795,8.028672914769702e-05
6553,117.96579657965798,8.029232013443355e-05
6554,117.98379837983799,8.03005066921172e-05
6555,118.00180018001801,8.030937281920893e-05
6556,118.01980198019803,8.031693145100321e-05
6557,118.03780378037804,8.032128354160733e-05
6558,118.05580558055806,8.032077215032941e-05
6559,118.07380738073807,8.031411775072584e-05
6560,118.09180918091809,8.030052242497542e-05
6561,118.10981098109811,8.027973325621107e-05
6562,118.12781278127814,8.025205885929402e-05
6563,118.14581458145815,8.02183372651512e-05
6564,118.16381638163817,8.017985789096857e-05
6565,118.18181818181819,8.013824465002388e-05
6566,118.1998199819982,8.009531095206387e-05
6567,118.21782178217822,8.005290004270139e-05
6568,118.23582358235824,8.001272554612243e-05
6569,118.25382538253825,7.997622705129014e-05
6570,118.27182718271827,7.994445410249337e-05
6571,118.2898289828983,7.9917989152638e-05
6572,118.30783078307832,7.98969161809345e-05
6573,118.32583258325833,7.988083714595678e-05
6574,118.34383438343835,7.986893369492449e-05
6575,118.36183618361837,7.986006706328305e-05
6576,118.37983798379838,7.985290533645593e-05
6577,118.3978397839784,7.98460645993223e-05
6578,118.41584158415841,7.983824924778795e-05
6579,118.43384338433843,7.982837701715511e-05
6580,118.45184518451846,7.981567607087869e-05
6581,118.46984698469848,7.979974460866798e-05
6582,118.4878487848785,7.978056757080355e-05
6583,118.50585058505851,7.975848970242296e-05
6584,118.52385238523853,7.973414899926379e-05
6585,118.54185418541854,7.970837887422803e-05
6586,118.55985598559856,7.96820907936576e-05
6587,118.57785778577858,7.965615125770831e-05
6588,118.59585958595859,7.963126759968625e-05
6589,118.61386138613862,7.960789607602507e-05
6590,118.63186318631864,7.958618320630652e-05
6591,118.64986498649866,7.956594756139803e-05
6592,118.66786678667867,7.95467045871279e-05
6593,118.68586858685869,7.952773208912641e-05
6594,118.7038703870387,7.950816923559731e-05
6595,118.72187218721872,7.948713789031815e-05
6596,118.73987398739874,7.946387222905288e-05
6597,118.75787578757875,7.943784125772211e-05
6598,118.77587758775879,7.940884921817048e-05
6599,118.7938793879388,7.937710093203475e-05
6600,118.81188118811882,7.934322270400333e-05
6601,118.82988298829883,7.930823412308441e-05
6602,118.84788478847885,7.927347147217205e-05
6603,118.86588658865887,7.924046890841057e-05
6604,118.88388838883888,7.921080851486997e-05
6605,118.9018901890189,7.918595419621695e-05
6606,118.91989198919892,7.916708674946037e-05
6607,118.93789378937895,7.915495799160219e-05
6608,118.95589558955896,7.914978046403073e-05
6609,118.97389738973898,7.915116605740524e-05
6610,118.991899189919,7.915812220615552e-05
6611,119.00990099009901,7.916910855309197e-05
6612,119.02790279027903,7.918215076864495e-05
6613,119.04590459045905,7.919500217422418e-05
6614,119.06390639063906,7.92053386067261e-05
6615,119.08190819081909,7.921096813771696e-05
6616,119.09990999099911,7.92100352558037e-05
6617,119.11791179117913,7.920119917892188e-05
6618,119.13591359135914,7.918376811588338e-05
6619,119.15391539153916,7.91577753545743e-05
6620,119.17191719171917,7.912398862567267e-05
6621,119.18991899189919,7.908385071943915e-05
6622,119.20792079207921,7.903935615539891e-05
6623,119.22592259225922,7.899287511859141e-05
6624,119.24392439243925,7.89469412149761e-05
6625,119.26192619261927,7.890402330220354e-05
6626,119.27992799279929,7.886630332641883e-05
6627,119.2979297929793,7.883548155648921e-05
6628,119.31593159315932,7.881262789986074e-05
6629,119.33393339333934,7.879809338187702e-05
6630,119.35193519351935,7.879148984479649e-05
6631,119.36993699369937,7.879173909607191e-05
6632,119.38793879387939,7.879718581457522e-05
6633,119.40594059405942,7.880576222524339e-05
6634,119.42394239423943,7.881518752795174e-05
6635,119.44194419441945,7.882318183078512e-05
6636,119.45994599459947,7.88276732167401e-05
6637,119.47794779477948,7.882697766698401e-05
6638,119.4959495949595,7.881993473900242e-05
6639,119.51395139513951,7.880598679995597e-05
6640,119.53195319531953,7.878519570890051e-05
6641,119.54995499549955,7.875819746745567e-05
6642,119.56795679567958,7.87261018068214e-05
6643,119.5859585958596,7.869034926468383e-05
6644,119.60396039603961,7.865254244270342e-05
6645,119.62196219621963,7.86142704001371e-05
6646,119.63996399639964,7.857694531491191e-05
6647,119.65796579657966,7.854166864246933e-05
6648,119.67596759675968,7.850914026339075e-05
6649,119.69396939693969,7.847961896984068e-05
6650,119.71197119711971,7.845293668375045e-05
6651,119.72997299729974,7.8428562695189e-05
6652,119.74797479747976,7.840570863518567e-05
6653,119.76597659765977,7.838346046522775e-05
6654,119.78397839783979,7.836092095449547e-05
6655,119.8019801980198,7.833734521951444e-05
6656,119.81998199819982,7.831225299719931e-05
6657,119.83798379837984,7.828550426628201e-05
6658,119.85598559855985,7.82573292739733e-05
6659,119.87398739873987,7.82283094502454e-05
6660,119.8919891989199,7.819931148132492e-05
6661,119.90999099909992,7.817138231113576e-05
6662,119.92799279927993,7.814561742623216e-05
6663,119.94599459945995,7.812301794424032e-05
6664,119.96399639963997,7.810435341834987e-05
6665,119.98199819981998,7.809004674166057e-05
6666,120.0,7.808009515110238e-05
6667,120.01800180018002,7.807403736354472e-05
6668,120.03600360036003,7.807097177340292e-05
6669,120.05400540054006,7.806962497184844e-05
6670,120.07200720072008,7.80684642422504e-05
6671,120.0900090009001,7.806584276341355e-05
6672,120.10801080108011,7.806016255097951e-05
6673,120.12601260126013,7.805003808947698e-05
6674,120.14401440144015,7.803444337341972e-05
6675,120.16201620162016,7.80128267027035e-05
6676,120.18001800180018,7.798518087940404e-05
6677,120.1980198019802,7.795206106366433e-05
6678,120.21602160216023,7.791454796118835e-05
6679,120.23402340234024,7.787415964828769e-05
6680,120.25202520252026,7.783272059035141e-05
6681,120.27002700270027,7.779220072340768e-05
6682,120.28802880288029,7.775454040212936e-05
6683,120.30603060306031,7.772147828217857e-05
6684,120.32403240324032,7.769439869472496e-05
6685,120.34203420342034,7.76742128723174e-05
6686,120.36003600360037,7.766128476232211e-05
6687,120.37803780378039,7.765540752717893e-05
6688,120.3960396039604,7.765583168836698e-05
6689,120.41404140414042,7.766134077298485e-05
6690,120.43204320432044,7.767036579865204e-05
6691,120.45004500450045,7.76811264383416e-05
6692,120.46804680468047,7.769178457289134e-05
6693,120.48604860486049,7.770059534100999e-05
6694,120.5040504050405,7.770604174027843e-05
6695,120.52205220522053,7.77069411584987e-05
6696,120.54005400540055,7.770251562056612e-05
6697,120.55805580558057,7.769242161484274e-05
6698,120.57605760576058,7.767673965083084e-05
6699,120.5940594059406,7.765592772911097e-05
6700,120.61206120612061,7.763074625487648e-05
6701,120.63006300630063,7.760216427048542e-05
6702,120.64806480648065,7.757125801802722e-05
6703,120.66606660666066,7.753911271096903e-05
6704,120.6840684068407,7.750673707988119e-05
6705,120.70207020702071,7.747499797550583e-05
6706,120.72007200720073,7.744457937739708e-05
6707,120.73807380738074,7.74159669425125e-05
6708,120.75607560756076,7.738945612486765e-05
6709,120.77407740774078,7.736517926339455e-05
6710,120.79207920792079,7.734314515803323e-05
6711,120.81008100810081,7.732328371910927e-05
6712,120.82808280828083,7.730548834702726e-05
6713,120.84608460846086,7.728964971896754e-05
6714,120.86408640864087,7.727567645424317e-05
6715,120.88208820882089,7.726350043899287e-05
6716,120.9000900090009,7.725306709762584e-05
6717,120.91809180918092,7.724431327139124e-05
6718,120.93609360936094,7.723713729749459e-05
6719,120.95409540954095,7.723136713144206e-05
6720,120.97209720972097,7.722673276769171e-05
6721,120.99009900990099,7.722284874432227e-05
6722,121.00810081008102,7.721921123336073e-05
6723,121.02610261026103,7.721521228917135e-05
6724,121.04410441044105,7.721017150292317e-05
6725,121.06210621062107,7.72033828907471e-05
6726,121.08010801080108,7.719417263787357e-05
6727,121.0981098109811,7.718196161559568e-05
6728,121.11611161116112,7.71663256058221e-05
6729,121.13411341134113,7.714704604420297e-05
6730,121.15211521152115,7.712414485693508e-05
6731,121.17011701170118,7.70978985390631e-05
6732,121.1881188118812,7.706882882424941e-05
6733,121.20612061206121,7.703766987029361e-05
6734,121.22412241224123,7.7005314526303e-05
6735,121.24212421242125,7.69727446408811e-05
6736,121.26012601260126,7.694095222780513e-05
6737,121.27812781278128,7.691085940045471e-05
6738,121.2961296129613,7.68832451825683e-05
6739,121.31413141314131,7.68586865712048e-05
6740,121.33213321332134,7.683751964933449e-05
6741,121.35013501350136,7.681982430310312e-05
6742,121.36813681368137,7.680543345553539e-05
6743,121.38613861386139,7.679396499621349e-05
6744,121.40414041404141,7.678487208901689e-05
6745,121.42214221422142,7.677750557385265e-05
6746,121.44014401440144,7.677118097693193e-05
6747,121.45814581458146,7.676524234951918e-05
6748,121.47614761476147,7.675911579991828e-05
6749,121.4941494149415,7.675234708659152e-05
6750,121.51215121512152,7.674461981584982e-05
6751,121.53015301530154,7.673575336649172e-05
6752,121.54815481548155,7.67256823262879e-05
6753,121.56615661566157,7.671442163886904e-05
6754,121.58415841584159,7.670202352003175e-05
6755,121.6021602160216,7.668853327069866e-05
6756,121.62016201620162,7.667395124624379e-05
6757,121.63816381638163,7.665820740928865e-05
6758,121.65616561656167,7.664115318564338e-05
6759,121.67416741674168,7.662257296141154e-05
6760,121.6921692169217,7.660221479186174e-05
6761,121.71017101710171,7.657983708217352e-05
6762,121.72817281728173,7.655526550293226e-05
6763,121.74617461746175,7.652845254626097e-05
6764,121.76417641764176,7.649953116901292e-05
6765,121.78217821782178,7.646885406260478e-05
6766,121.80018001800181,7.643701126639124e-05
6767,121.81818181818183,7.64048210043253e-05
6768,121.83618361836184,7.637329155246602e-05
6769,121.85418541854186,7.634355531833661e-05
6770,121.87218721872188,7.631677974909722e-05
6771,121.89018901890189,7.62940627804136e-05
6772,121.90819081908191,7.627632291440404e-05
6773,121.92619261926193,7.626419536637869e-05
6774,121.94419441944194,7.625794584745704e-05
6775,121.96219621962197,7.625741238828185e-05
6776,121.98019801980199,7.626198323698556e-05
6777,121.998199819982,7.627061550024494e-05
6778,122.01620162016202,7.628189517515367e-05
6779,122.03420342034204,7.629413495980452e-05
6780,122.05220522052205,7.630550218757215e-05
6781,122.07020702070207,7.63141658476094e-05
6782,122.08820882088209,7.631844931393916e-05
6783,122.1062106210621,7.631697438493888e-05
6784,122.12421242124213,7.630878267426748e-05
6785,122.14221422142215,7.629342227912894e-05
6786,122.16021602160217,7.627099081280097e-05
6787,122.17821782178218,7.624213001717593e-05
6788,122.1962196219622,7.62079718518895e-05
6789,122.21422142214222,7.617004070994008e-05
6790,122.23222322232223,7.613012074311301e-05
6791,122.25022502250225,7.609010074139476e-05
6792,122.26822682268227,7.605181123475622e-05
6793,122.2862286228623,7.601686923690472e-05
6794,122.30423042304231,7.598654524629146e-05
6795,122.32223222322233,7.596166484026639e-05
6796,122.34023402340235,7.594255367921196e-05
6797,122.35823582358236,7.592903034436345e-05
6798,122.37623762376238,7.59204466229334e-05
6799,122.3942394239424,7.59157701270907e-05
6800,122.41224122412241,7.591369997922354e-05
6801,122.43024302430243,7.591280314248615e-05
6802,122.44824482448246,7.591165714336319e-05
6803,122.46624662466247,7.590898460137151e-05
6804,122.48424842484249,7.590376617007798e-05
6805,122.50225022502251,7.58953210625255e-05
6806,122.52025202520252,7.588334799706312e-05
6807,122.53825382538254,7.586792375677613e-05
6808,122.55625562556256,7.584946113699495e-05
6809,122.57425742574257,7.582863237052059e-05
6810,122.59225922592259,7.580626771157025e-05
6811,122.61026102610262,7.578324135052265e-05
6812,122.62826282628264,7.576035796681409e-05
6813,122.64626462646265,7.573825289871803e-05
6814,122.66426642664267,7.571731716627975e-05
6815,122.68226822682269,7.56976556289804e-05
6816,122.7002700270027,7.567908272346473e-05
6817,122.71827182718272,7.566115593208607e-05
6818,122.73627362736273,7.564324284999708e-05
6819,122.75427542754275,7.562461391261738e-05
6820,122.77227722772278,7.560454992800174e-05
6821,122.7902790279028,7.558245184322176e-05
6822,122.80828082808281,7.555793984263363e-05
6823,122.82628262826283,7.553092996116827e-05
6824,122.84428442844285,7.55016787774799e-05
6825,122.86228622862286,7.547079017122195e-05
6826,122.88028802880288,7.543918221709266e-05
6827,122.8982898289829,7.540801660685477e-05
6828,122.91629162916291,7.537859707792781e-05
6829,122.93429342934294,7.535224674862124e-05
6830,122.95229522952296,7.533017665371379e-05
6831,122.97029702970298,7.531335888850353e-05
6832,122.98829882988299,7.530241748974687e-05
6833,123.00630063006301,7.529754854035066e-05
6834,123.02430243024303,7.529847815616059e-05
6835,123.04230423042304,7.530446329505507e-05
6836,123.06030603060306,7.531433610816683e-05
6837,123.07830783078307,7.53265882658753e-05
6838,123.0963096309631,7.533948777469092e-05
6839,123.11431143114312,7.535121764895737e-05
6840,123.13231323132314,7.53600237228618e-05
6841,123.15031503150315,7.536435807823145e-05
6842,123.16831683168317,7.536300508358132e-05
6843,123.18631863186319,7.535517881477344e-05
6844,123.2043204320432,7.534058345644205e-05
6845,123.22232223222322,7.531943186271813e-05
6846,123.24032403240325,7.529242141414945e-05
6847,123.25832583258327,7.526067024523229e-05
6848,123.27632763276328,7.522562044765461e-05
6849,123.2943294329433,7.518891764539248e-05
6850,123.31233123312332,7.515227814204245e-05
6851,123.33033303330333,7.51173555193248e-05
6852,123.34833483348335,7.508561809804848e-05
6853,123.36633663366337,7.505824715471409e-05
6854,123.38433843384338,7.503606341532244e-05
6855,123.40234023402341,7.501948639674356e-05
6856,123.42034203420343,7.500852795395841e-05
6857,123.43834383438345,7.500281824729925e-05
6858,123.45634563456346,7.500165957136425e-05
6859,123.47434743474348,7.500410133546766e-05
6860,123.4923492349235,7.500902812502786e-05
6861,123.51035103510351,7.501525228348822e-05
6862,123.52835283528353,7.502160281988044e-05
6863,123.54635463546354,7.502700356559774e-05
6864,123.56435643564357,7.50305352020828e-05
6865,123.58235823582359,7.503147783811078e-05
6866,123.60036003600361,7.502933298945371e-05
6867,123.61836183618362,7.502382587021937e-05
6868,123.63636363636364,7.501489064109676e-05
6869,123.65436543654366,7.500264252422505e-05
6870,123.67236723672367,7.498734140107751e-05
6871,123.69036903690369,7.496935164190016e-05
6872,123.7083708370837,7.494910252188587e-05
6873,123.72637263726374,7.492705276461938e-05
6874,123.74437443744375,7.490366166009059e-05
6875,123.76237623762377,7.487936799423851e-05
6876,123.78037803780379,7.485457685891368e-05
6877,123.7983798379838,7.482965342373805e-05
6878,123.81638163816382,7.480492204656318e-05
6879,123.83438343834383,7.478066873311604e-05
6880,123.85238523852385,7.4757144935431e-05
6881,123.87038703870387,7.473457096286433e-05
6882,123.8883888388839,7.471313779118039e-05
6883,123.90639063906391,7.469300669202851e-05
6884,123.92439243924393,7.467430675560814e-05
6885,123.94239423942395,7.465713093876826e-05
6886,123.96039603960396,7.464153165555951e-05
6887,123.97839783978398,7.462751708555019e-05
6888,123.996399639964,7.461504929306524e-05
6889,124.01440144014401,7.460404495240685e-05
6890,124.03240324032403,7.459437901823777e-05
6891,124.05040504050406,7.458589114914434e-05
6892,124.06840684068408,7.457839418004955e-05
6893,124.0864086408641,7.457168353706677e-05
6894,124.10441044104411,7.456554627160224e-05
6895,124.12241224122413,7.455976840588278e-05
6896,124.14041404140414,7.455413954063492e-05
6897,124.15841584158416,7.454845414976791e-05
6898,124.17641764176417,7.454250961288578e-05
6899,124.19441944194419,7.453610172237696e-05
6900,124.21242124212422,7.452901903959967e-05
6901,124.23042304230424,7.452103795494374e-05
6902,124.24842484248425,7.451192053443413e-05
6903,124.26642664266427,7.450141714532421e-05
6904,124.28442844284429,7.44892754195883e-05
6905,124.3024302430243,7.447525635942254e-05
6906,124.32043204320432,7.445915738266471e-05
6907,124.33843384338434,7.444084096068455e-05
6908,124.35643564356435,7.44202663596476e-05
6909,124.37443744374438,7.43975210153555e-05
6910,124.3924392439244,7.43728474042699e-05
6911,124.41044104410442,7.434666104590097e-05
6912,124.42844284428443,7.431955556799316e-05
6913,124.44644464446445,7.429229161170604e-05
6914,124.46444644464447,7.426576770936945e-05
6915,124.48244824482448,7.424097302614725e-05
6916,124.5004500450045,7.421892385406078e-05
6917,124.51845184518453,7.42005877736565e-05
6918,124.53645364536455,7.418680122420136e-05
6919,124.55445544554456,7.417818762001054e-05
6920,124.57245724572458,7.417508392074237e-05
6921,124.5904590459046,7.417748356477429e-05
6922,124.60846084608461,7.418500284000207e-05
6923,124.62646264626463,7.419687611666737e-05
6924,124.64446444644464,7.421198301488448e-05
6925,124.66246624662466,7.422890772310268e-05
6926,124.68046804680469,7.424602758866759e-05
6927,124.69846984698471,7.426162507667576e-05
6928,124.71647164716472,7.427401455847174e-05
6929,124.73447344734474,7.428167344349361e-05
6930,124.75247524752476,7.42833661481232e-05
6931,124.77047704770477,7.42782494578228e-05
6932,124.78847884788479,7.426594903280778e-05
6933,124.8064806480648,7.424659906524459e-05
6934,124.82448244824482,7.422084023565225e-05
6935,124.84248424842485,7.418977485654333e-05
6936,124.86048604860487,7.415488207757352e-05
6937,124.87848784878489,7.411789986525041e-05
6938,124.8964896489649,7.408068376987286e-05
6939,124.91449144914492,7.40450549042378e-05
6940,124.93249324932493,7.401265081518178e-05
6941,124.95049504950495,7.39847928742579e-05
6942,124.96849684968497,7.396238242265078e-05
6943,124.98649864986498,7.394583528958594e-05
6944,125.00450045004501,7.393506070302925e-05
6945,125.02250225022503,7.392948637253722e-05
6946,125.04050405040505,7.39281270647474e-05
6947,125.05850585058506,7.3929689760004e-05
6948,125.07650765076508,7.393270490519881e-05
6949,125.0945094509451,7.393567073260611e-05
6950,125.11251125112511,7.393719636557034e-05
6951,125.13051305130513,7.393612961726732e-05
6952,125.14851485148515,7.393165699979338e-05
6953,125.16651665166518,7.392336634181354e-05
6954,125.1845184518452,7.391126627575386e-05
6955,125.20252025202521,7.389576130814162e-05
6956,125.22052205220523,7.38775857735587e-05
6957,125.23852385238524,7.385770422119447e-05
6958,125.25652565256526,7.383718925275297e-05
6959,125.27452745274528,7.381709015925878e-05
6960,125.29252925292529,7.379830664601275e-05
6961,125.31053105310531,7.378148138614173e-05
6962,125.32853285328534,7.376692315425776e-05
6963,125.34653465346535,7.37545690626632e-05
6964,125.36453645364537,7.374399028287513e-05
6965,125.38253825382539,7.373444101041971e-05
6966,125.4005400540054,7.372494579883056e-05
6967,125.41854185418542,7.371441623074303e-05
6968,125.43654365436544,7.370178464472462e-05
6969,125.45454545454545,7.368614063949758e-05
6970,125.47254725472547,7.366685554889561e-05
6971,125.4905490549055,7.364368108784096e-05
6972,125.50855085508552,7.361681082122984e-05
6973,125.52655265526553,7.358689676464119e-05
6974,125.54455445544555,7.355501792429384e-05
6975,125.56255625562557,7.352260247169832e-05
6976,125.58055805580558,7.349131003147236e-05
6977,125.5985598559856,7.346288475211852e-05
6978,125.61656165616562,7.343899299945348e-05
6979,125.63456345634563,7.34210613319479e-05
6980,125.65256525652566,7.34101306918765e-05
6981,125.67056705670568,7.340674143583121e-05
6982,125.6885688568857,7.34108610515753e-05
6983,125.70657065706571,7.342186243175492e-05
6984,125.72457245724573,7.343855578599466e-05
6985,125.74257425742574,7.345927214136363e-05
6986,125.76057605760576,7.348199141261205e-05
6987,125.77857785778578,7.350450370868887e-05
6988,125.7965796579658,7.352458930746442e-05
6989,125.81458145814582,7.354020089634687e-05
6990,125.83258325832584,7.354963142387098e-05
6991,125.85058505850586,7.355165226089514e-05
6992,125.86858685868587,7.354560919509124e-05
6993,125.88658865886589,7.353146779875564e-05
6994,125.9045904590459,7.350980452010516e-05
6995,125.92259225922592,7.348174497724638e-05
6996,125.94059405940594,7.344885587748571e-05
6997,125.95859585958597,7.341300125908173e-05
6998,125.97659765976599,7.337617694393399e-05
6999,125.994599459946,7.33403388946413e-05
7000,126.01260126012602,7.330724142518145e-05
7001,126.03060306030603,7.327829991464837e-05
7002,126.04860486048605,7.325448996746524e-05
7003,126.06660666066607,7.323629114037631e-05
7004,126.08460846084608,7.322367881475677e-05
7005,126.1026102610261,7.321616299867589e-05
7006,126.12061206120613,7.321286828281768e-05
7007,126.13861386138615,7.321264530377402e-05
7008,126.15661566156616,7.321420126669575e-05
7009,126.17461746174618,7.321623561135987e-05
7010,126.1926192619262,7.321756689492831e-05
7011,126.21062106210621,7.321723838243516e-05
7012,126.22862286228623,7.321459250628897e-05
7013,126.24662466246625,7.320930797533121e-05
7014,126.26462646264626,7.320139748458388e-05
7015,126.2826282628263,7.319116824978492e-05
7016,126.30063006300631,7.317915151361258e-05
7017,126.31863186318633,7.316601033488866e-05
7018,126.33663366336634,7.315243705658894e-05
7019,126.35463546354636,7.313905265156057e-05
7020,126.37263726372638,7.31263196044982e-05
7021,126.39063906390639,7.311447818750757e-05
7022,126.40864086408641,7.310351314079716e-05
7023,126.42664266426642,7.309315420496526e-05
7024,126.44464446444645,7.308291006481413e-05
7025,126.46264626462647,7.307213148355612e-05
7026,126.48064806480649,7.306009614020135e-05
7027,126.4986498649865,7.30461052802694e-05
7028,126.51665166516652,7.30295810012049e-05
7029,126.53465346534654,7.301015294578503e-05
7030,126.55265526552655,7.298772436037681e-05
7031,126.57065706570657,7.296250974802735e-05
7032,126.58865886588659,7.293503945098324e-05
7033,126.60666066606662,7.290613008860625e-05
7034,126.62466246624663,7.287682346187489e-05
7035,126.64266426642665,7.284829991660086e-05
7036,126.66066606660667,7.28217748740179e-05
7037,126.67866786678668,7.279838900557755e-05
7038,126.6966696669667,7.277910317054816e-05
7039,126.71467146714672,7.276460869584226e-05
7040,126.73267326732673,7.275526193043297e-05
7041,126.75067506750675,7.275104944263631e-05
7042,126.76867686768678,7.275158703364943e-05
7043,126.7866786678668,7.27561522643678e-05
7044,126.80468046804681,7.276374680824493e-05
7045,126.82268226822683,7.277318200812011e-05
7046,126.84068406840684,7.278317883220216e-05
7047,126.85868586858686,7.279247221014585e-05
7048,126.87668766876688,7.279990959258805e-05
7049,126.8946894689469,7.28045345068966e-05
7050,126.91269126912691,7.280564775377068e-05
7051,126.93069306930694,7.280284147996309e-05
7052,126.94869486948696,7.279600437502439e-05
7053,126.96669666966697,7.278529933807432e-05
7054,126.98469846984699,7.277111780556391e-05
7055,127.002700270027,7.275401721870071e-05
7056,127.02070207020702,7.273464960295319e-05
7057,127.03870387038704,7.271368978704879e-05
7058,127.05670567056706,7.26917713668908e-05
7059,127.07470747074707,7.266943719145232e-05
7060,127.0927092709271,7.264710908336553e-05
7061,127.11071107110712,7.26250789563592e-05
7062,127.12871287128714,7.260352075571277e-05
7063,127.14671467146715,7.258252004428733e-05
7064,127.16471647164717,7.256211588500498e-05
7065,127.18271827182718,7.254234817892998e-05
7066,127.2007200720072,7.25233029758904e-05
7067,127.21872187218722,7.250514855415067e-05
7068,127.23672367236723,7.24881562346073e-05
7069,127.25472547254726,7.247270181967756e-05
7070,127.27272727272728,7.245924600766981e-05
7071,127.2907290729073,7.244829484797954e-05
7072,127.30873087308731,7.244034395794262e-05
7073,127.32673267326733,7.243581250899282e-05
7074,127.34473447344735,7.24349746359711e-05
7075,127.36273627362736,7.243789672500238e-05
7076,127.38073807380738,7.244438887936247e-05
7077,127.39873987398741,7.245397774079929e-05
7078,127.41674167416743,7.246590585418638e-05
7079,127.43474347434744,7.247916010209308e-05
7080,127.45274527452746,7.249252867653732e-05
7081,127.47074707470748,7.250468292088379e-05
7082,127.48874887488749,7.251427750411003e-05
7083,127.50675067506751,7.252006010030967e-05
7084,127.52475247524752,7.252098030132374e-05
7085,127.54275427542754,7.251628706875856e-05
7086,127.56075607560757,7.25056047080139e-05
7087,127.57875787578759,7.248897908171678e-05
7088,127.5967596759676,7.246688842155345e-05
7089,127.61476147614762,7.244021639613057e-05
7090,127.63276327632764,7.241018872467248e-05
7091,127.65076507650765,7.237827822729677e-05
7092,127.66876687668767,7.234608640344577e-05
7093,127.68676867686769,7.231521209614475e-05
7094,127.7047704770477,7.228711926576044e-05
7095,127.72277227722773,7.226301619540756e-05
7096,127.74077407740775,7.224375753019568e-05
7097,127.75877587758777,7.222977848684815e-05
7098,127.77677767776778,7.222106754937838e-05
7099,127.7947794779478,7.221718028094848e-05
7100,127.81278127812782,7.221729289376967e-05
7101,127.83078307830783,7.22202903252654e-05
7102,127.84878487848785,7.222488016238753e-05
7103,127.86678667866786,7.222972118469973e-05
7104,127.8847884788479,7.223355382762642e-05
7105,127.90279027902791,7.22353196583197e-05
7106,127.92079207920793,7.223425804008926e-05
7107,127.93879387938794,7.222997043906026e-05
7108,127.95679567956796,7.222244607869799e-05
7109,127.97479747974798,7.221204655373754e-05
7110,127.992799279928,7.219945118570122e-05
7111,128.01080108010802,7.21855689184823e-05
7112,128.02880288028803,7.217142600753155e-05
7113,128.04680468046806,7.21580412965292e-05
7114,128.06480648064806,7.214630223707736e-05
7115,128.0828082808281,7.213685484256155e-05
7116,128.1008100810081,7.213001946194745e-05
7117,128.11881188118812,7.212574173242448e-05
7118,128.13681368136815,7.212358456464616e-05
7119,128.15481548154816,7.212276287369348e-05
7120,128.1728172817282,7.212221840190747e-05
7121,128.1908190819082,7.212072782115859e-05
7122,128.20882088208822,7.211703376924235e-05
7123,128.22682268226822,7.210998592632788e-05
7124,128.24482448244825,7.209867793633963e-05
7125,128.26282628262825,7.208256606723373e-05
7126,128.28082808280828,7.206155698996908e-05
7127,128.29882988298831,7.203605480820587e-05
7128,128.31683168316832,7.200696123425288e-05
7129,128.33483348334835,7.197562722614169e-05
7130,128.35283528352835,7.194375905449543e-05
7131,128.37083708370838,7.19132862093745e-05
7132,128.38883888388838,7.18862023575853e-05
7133,128.4068406840684,7.186439335040466e-05
7134,128.42484248424842,7.184946778545699e-05
7135,128.44284428442845,7.18426056911263e-05
7136,128.46084608460848,7.184443951002185e-05
7137,128.47884788478848,7.185497883013105e-05
7138,128.4968496849685,7.187358649532338e-05
7139,128.5148514851485,7.189900917081569e-05
7140,128.53285328532854,7.192946056404297e-05
7141,128.55085508550854,7.196275075743185e-05
7142,128.56885688568858,7.199645093532744e-05
7143,128.58685868586858,7.202807956825502e-05
7144,128.6048604860486,7.205529415056815e-05
7145,128.62286228622864,7.207607205290232e-05
7146,128.64086408640864,7.208886499670193e-05
7147,128.65886588658867,7.20927139958776e-05
7148,128.67686768676867,7.208731512407636e-05
7149,128.6948694869487,7.207303083160231e-05
7150,128.7128712871287,7.205084635341936e-05
7151,128.73087308730874,7.202227557919985e-05
7152,128.74887488748874,7.198922515960528e-05
7153,128.76687668766877,7.195382920315354e-05
7154,128.7848784878488,7.1918269356359e-05
7155,128.8028802880288,7.18845961442577e-05
7156,128.82088208820883,7.185456709249565e-05
7157,128.83888388838884,7.182951540193521e-05
7158,128.85688568856887,7.181025997576545e-05
7159,128.87488748874887,7.179706369129405e-05
7160,128.8928892889289,7.178964233134184e-05
7161,128.9108910891089,7.178722195963428e-05
7162,128.92889288928893,7.178863816716799e-05
7163,128.94689468946896,7.179246692904391e-05
7164,128.96489648964896,7.179717412485073e-05
7165,128.982898289829,7.180126932545346e-05
7166,129.000900090009,7.180344935328446e-05
7167,129.01890189018903,7.180271837346053e-05
7168,129.03690369036903,7.179847373583467e-05
7169,129.05490549054906,7.17905502187798e-05
7170,129.07290729072906,7.177921939193773e-05
7171,129.0909090909091,7.176514512952794e-05
7172,129.10891089108912,7.174930046139572e-05
7173,129.12691269126913,7.173285455842988e-05
7174,129.14491449144916,7.17170413803183e-05
7175,129.16291629162916,7.170302312088246e-05
7176,129.1809180918092,7.169176193164221e-05
7177,129.1989198919892,7.168391247001219e-05
7178,129.21692169216922,7.167974570721958e-05
7179,129.23492349234922,7.167911135461504e-05
7180,129.25292529252926,7.1681442525747e-05
7181,129.2709270927093,7.168580220445026e-05
7182,129.2889288928893,7.169096711971362e-05
7183,129.30693069306932,7.169554110765467e-05
7184,129.32493249324932,7.169808729398334e-05
7185,129.34293429342935,7.169726670457038e-05
7186,129.36093609360935,7.169197035573507e-05
7187,129.37893789378938,7.168143252665813e-05
7188,129.39693969396941,7.166531469763724e-05
7189,129.41494149414942,7.16437523691731e-05
7190,129.43294329432945,7.161736039202077e-05
7191,129.45094509450945,7.158719621234051e-05
7192,129.46894689468948,7.155468421645109e-05
7193,129.48694869486948,7.152150780026227e-05
7194,129.5049504950495,7.148947858138954e-05
7195,129.52295229522952,7.146039407587661e-05
7196,129.54095409540955,7.143589602224793e-05
7197,129.55895589558958,7.141734129871865e-05
7198,129.57695769576958,7.140569609222815e-05
7199,129.5949594959496,7.140146178272789e-05
7200,129.6129612961296,7.14046381238827e-05
7201,129.63096309630964,7.141472600902909e-05
7202,129.64896489648964,7.14307687143868e-05
7203,129.66696669666968,7.145142731505222e-05
7204,129.68496849684968,7.147508324932788e-05
7205,129.7029702970297,7.149995898647502e-05
7206,129.72097209720974,7.152424658344193e-05
7207,129.73897389738974,7.15462336662487e-05
7208,129.75697569756977,7.156441702481829e-05
7209,129.77497749774977,7.15775954691107e-05
7210,129.7929792979298,7.15849356947695e-05
7211,129.8109810981098,7.158600743385732e-05
7212,129.82898289828984,7.158078687888665e-05
7213,129.84698469846984,7.156963002027489e-05
7214,129.86498649864987,7.155321990115245e-05
7215,129.8829882988299,7.153249367976846e-05
7216,129.9009900990099,7.150855666243158e-05
7217,129.91899189918993,7.148259105535417e-05
7218,129.93699369936994,7.145576707369662e-05
7219,129.95499549954997,7.142916329452091e-05
7220,129.97299729972997,7.140370185468386e-05
7221,129.99099909991,7.138010242259883e-05
7222,130.00900090009,7.13588569863866e-05
7223,130.02700270027003,7.134022557942621e-05
7224,130.04500450045006,7.132425127764693e-05
7225,130.06300630063006,7.131079129695673e-05
7226,130.0810081008101,7.12995599046178e-05
7227,130.0990099009901,7.129017820313e-05
7228,130.11701170117013,7.128222567178878e-05
7229,130.13501350135013,7.127528863795116e-05
7230,130.15301530153016,7.126900153689207e-05
7231,130.17101710171016,7.126307781524397e-05
7232,130.1890189018902,7.125732852774785e-05
7233,130.20702070207022,7.125166795112796e-05
7234,130.22502250225023,7.124610677557516e-05
7235,130.24302430243026,7.124073452937132e-05
7236,130.26102610261026,7.123569376194282e-05
7237,130.2790279027903,7.123114909736416e-05
7238,130.2970297029703,7.122725454527406e-05
7239,130.31503150315032,7.122412241909116e-05
7240,130.33303330333032,7.122179688854094e-05
7241,130.35103510351036,7.122023463270672e-05
7242,130.3690369036904,7.121929432474453e-05
7243,130.3870387038704,7.121873584284574e-05
7244,130.40504050405042,7.121822923899844e-05
7245,130.42304230423042,7.121737267847836e-05
7246,130.44104410441045,7.121571785039428e-05
7247,130.45904590459045,7.12128007910077e-05
7248,130.47704770477048,7.120817568913948e-05
7249,130.4950495049505,7.120144907200644e-05
7250,130.51305130513052,7.119231179918297e-05
7251,130.53105310531055,7.118056650633291e-05
7252,130.54905490549055,7.116614851123607e-05
7253,130.56705670567058,7.114913868610095e-05
7254,130.58505850585058,7.112976737084793e-05
7255,130.6030603060306,7.110840900882053e-05
7256,130.62106210621062,7.108556778777212e-05
7257,130.63906390639065,7.10618551274892e-05
7258,130.65706570657065,7.103796033969579e-05
7259,130.67506750675068,7.101461617182433e-05
7260,130.6930693069307,7.099256121766049e-05
7261,130.7110711071107,7.097250132630128e-05
7262,130.72907290729074,7.095507216530344e-05
7263,130.74707470747074,7.094080499966658e-05
7264,130.76507650765078,7.093009754623456e-05
7265,130.78307830783078,7.092319146831966e-05
7266,130.8010801080108,7.092015770615471e-05
7267,130.8190819081908,7.092089041572088e-05
7268,130.83708370837084,7.092510983338065e-05
7269,130.85508550855087,7.093237391893201e-05
7270,130.87308730873087,7.094209817736505e-05
7271,130.8910891089109,7.09535826410494e-05
7272,130.9090909090909,7.096604462914752e-05
7273,130.92709270927094,7.097865560734e-05
7274,130.94509450945094,7.099058026317304e-05
7275,130.96309630963097,7.100101580154568e-05
7276,130.98109810981097,7.100922945770609e-05
7277,130.999099909991,7.10145923233338e-05
7278,131.01710171017103,7.101660778106881e-05
7279,131.03510351035104,7.101493313489004e-05
7280,131.05310531053107,7.100939339317152e-05
7281,131.07110711071107,7.099998658833254e-05
7282,131.0891089108911,7.098688047794217e-05
7283,131.1071107110711,7.097040094047604e-05
7284,131.12511251125113,7.095101282710324e-05
7285,131.14311431143113,7.092929443198079e-05
7286,131.16111611161116,7.090590707334218e-05
7287,131.1791179117912,7.08815615161311e-05
7288,131.1971197119712,7.085698310001451e-05
7289,131.21512151215123,7.083287745703409e-05
7290,131.23312331233123,7.080989861130733e-05
7291,131.25112511251126,7.078862105689314e-05
7292,131.26912691269126,7.076951712398705e-05
7293,131.2871287128713,7.075294058861018e-05
7294,131.3051305130513,7.073911708173225e-05
7295,131.32313231323133,7.072814143743288e-05
7296,131.34113411341136,7.071998171371821e-05
7297,131.35913591359136,7.071448924961684e-05
7298,131.3771377137714,7.071141381035429e-05
7299,131.3951395139514,7.071042263591284e-05
7300,131.41314131413142,7.07111220582865e-05
7301,131.43114311431142,7.071308029402514e-05
7302,131.44914491449146,7.071585004953219e-05
7303,131.46714671467146,7.071898968960529e-05
7304,131.4851485148515,7.072208190244817e-05
7305,131.50315031503152,7.072474903086679e-05
7306,131.52115211521152,7.072666451118618e-05
7307,131.53915391539155,7.072756014948588e-05
7308,131.55715571557155,7.072722925022398e-05
7309,131.57515751575158,7.072552587804377e-05
7310,131.5931593159316,7.072236076477529e-05
7311,131.61116111611162,7.07176945585381e-05
7312,131.62916291629162,7.071152924204852e-05
7313,131.64716471647165,7.070389861764582e-05
7314,131.66516651665168,7.069485876549846e-05
7315,131.68316831683168,7.068447933027083e-05
7316,131.7011701170117,7.067283638442753e-05
7317,131.71917191719172,7.066000746003186e-05
7318,131.73717371737175,7.064606914431222e-05
7319,131.75517551755175,7.063109740838406e-05
7320,131.77317731773178,7.061517059599839e-05
7321,131.79117911791178,7.059837475415024e-05
7322,131.8091809180918,7.058081075495034e-05
7323,131.82718271827184,7.05626024540381e-05
7324,131.84518451845184,7.054390497047159e-05
7325,131.86318631863188,7.052491207096162e-05
7326,131.88118811881188,7.05058616099947e-05
7327,131.8991899189919,7.048703802601152e-05
7328,131.9171917191719,7.046877102733362e-05
7329,131.93519351935194,7.04514298194353e-05
7330,131.95319531953194,7.043541252063408e-05
7331,131.97119711971197,7.042113077279881e-05
7332,131.989198919892,7.040898995692741e-05
7333,132.007200720072,7.039936584397221e-05
7334,132.02520252025204,7.039257891772211e-05
7335,132.04320432043204,7.038886796458976e-05
7336,132.06120612061207,7.038836479990906e-05
7337,132.07920792079207,7.039107215945908e-05
7338,132.0972097209721,7.039684680151311e-05
7339,132.1152115211521,7.040538972049145e-05
7340,132.13321332133214,7.041624506139035e-05
7341,132.15121512151217,7.042880885093372e-05
7342,132.16921692169217,7.044234804769856e-05
7343,132.1872187218722,7.045602969433151e-05
7344,132.2052205220522,7.046895917830845e-05
7345,132.22322232223223,7.048022583126992e-05
7346,132.24122412241223,7.048895338456871e-05
7347,132.25922592259226,7.04943522148403e-05
7348,132.2772277227723,7.049576991796443e-05
7349,132.2952295229523,7.049273659191332e-05
7350,132.31323132313233,7.048500132190563e-05
7351,132.33123312331233,7.04725567579018e-05
7352,132.34923492349236,7.045564934432977e-05
7353,132.36723672367236,7.043477367040111e-05
7354,132.3852385238524,7.041065049853133e-05
7355,132.4032403240324,7.038418922072234e-05
7356,132.42124212421243,7.035643669639221e-05
7357,132.43924392439246,7.03285155411664e-05
7358,132.45724572457246,7.030155586701999e-05
7359,132.4752475247525,7.027662513244267e-05
7360,132.4932493249325,7.025466107820664e-05
7361,132.51125112511252,7.023641265689764e-05
7362,132.52925292529252,7.022239340082313e-05
7363,132.54725472547256,7.02128508352665e-05
7364,132.56525652565256,7.020775438786897e-05
7365,132.5832583258326,7.020680285578371e-05
7366,132.60126012601262,7.020945097951967e-05
7367,132.61926192619262,7.021495316020947e-05
7368,132.63726372637265,7.022242097377118e-05
7369,132.65526552655265,7.023089000227339e-05
7370,132.67326732673268,7.023939072256441e-05
7371,132.6912691269127,7.024701783949891e-05
7372,132.70927092709272,7.025299256472284e-05
7373,132.72727272727272,7.025671292061597e-05
7374,132.74527452745275,7.025778815014536e-05
7375,132.76327632763278,7.025605465649989e-05
7376,132.78127812781278,7.02515724690831e-05
7377,132.7992799279928,7.024460290039505e-05
7378,132.81728172817282,7.023556967666181e-05
7379,132.83528352835285,7.022500725156251e-05
7380,132.85328532853285,7.021350112009431e-05
7381,132.87128712871288,7.020162563862487e-05
7382,132.88928892889288,7.018988506374946e-05
7383,132.9072907290729,7.017866322532442e-05
7384,132.92529252925294,7.016818647099962e-05
7385,132.94329432943294,7.015850332657079e-05
7386,132.96129612961298,7.014948281136047e-05
7387,132.97929792979298,7.014083166158184e-05
7388,132.997299729973,7.01321289947294e-05
7389,133.015301530153,7.012287534549803e-05
7390,133.03330333033304,7.011255165984578e-05
7391,133.05130513051304,7.010068286766005e-05
7392,133.06930693069307,7.008690015263459e-05
7393,133.0873087308731,7.007099604688938e-05
7394,133.1053105310531,7.005296700008398e-05
7395,133.12331233123314,7.003303906665933e-05
7396,133.14131413141314,7.001167373838456e-05
7397,133.15931593159317,6.998955260729946e-05
7398,133.17731773177317,6.996754133777181e-05
7399,133.1953195319532,6.994663520547333e-05
7400,133.2133213321332,6.992789007647074e-05
7401,133.23132313231324,6.991234401559347e-05
7402,133.24932493249327,6.990093561877846e-05
7403,133.26732673267327,6.98944255817725e-05
7404,133.2853285328533,6.989332790994017e-05
7405,133.3033303330333,6.98978565460498e-05
7406,133.32133213321333,6.990789209212213e-05
7407,133.33933393339333,6.99229718129622e-05
7408,133.35733573357336,6.99423043493421e-05
7409,133.37533753375337,6.996480867604203e-05
7410,133.3933393339334,6.9989174962927e-05
7411,133.41134113411343,7.001394328364645e-05
7412,133.42934293429343,7.003759470148082e-05
7413,133.44734473447346,7.005864825711463e-05
7414,133.46534653465346,7.007575686867359e-05
7415,133.4833483348335,7.008779517204184e-05
7416,133.5013501350135,7.0093932879896e-05
7417,133.51935193519353,7.009368828026345e-05
7418,133.53735373537353,7.008695795084952e-05
7419,133.55535553555356,7.007402052283908e-05
7420,133.5733573357336,7.00555142528461e-05
7421,133.5913591359136,7.003239010640041e-05
7422,133.60936093609362,7.0005843871412e-05
7423,133.62736273627362,6.997723236574906e-05
7424,133.64536453645366,6.994797996053276e-05
7425,133.66336633663366,6.991948232099595e-05
7426,133.6813681368137,6.989301441791299e-05
7427,133.6993699369937,6.986964947390728e-05
7428,133.71737173717372,6.985019461180401e-05
7429,133.73537353735375,6.983514763781113e-05
7430,133.75337533753375,6.982467772612717e-05
7431,133.77137713771378,6.981863090513558e-05
7432,133.7893789378938,6.981655932579405e-05
7433,133.80738073807382,6.981777147135902e-05
7434,133.82538253825382,6.98213988873033e-05
7435,133.84338433843385,6.982647379481453e-05
7436,133.86138613861385,6.983201119473771e-05
7437,133.87938793879388,6.98370888284105e-05
7438,133.8973897389739,6.98409186530381e-05
7439,133.91539153915392,6.984290428469804e-05
7440,133.93339333933395,6.984268009391275e-05
7441,133.95139513951395,6.984012920403312e-05
7442,133.96939693969398,6.983537941215545e-05
7443,133.98739873987398,6.982877788070607e-05
7444,134.005400540054,6.982084718608937e-05
7445,134.02340234023401,6.981222681816569e-05
7446,134.04140414041404,6.980360537984468e-05
7447,134.05940594059408,6.979564944854158e-05
7448,134.07740774077408,6.978893527629089e-05
7449,134.0954095409541,6.978388920988172e-05
7450,134.1134113411341,6.978074193521067e-05
7451,134.13141314131414,6.97795004591862e-05
7452,134.14941494149414,6.977994023912413e-05
7453,134.16741674167417,6.978161817950844e-05
7454,134.18541854185418,6.978390547893199e-05
7455,134.2034203420342,6.978603766808827e-05
7456,134.22142214221424,6.97871777655261e-05
7457,134.23942394239424,6.978648740402362e-05
7458,134.25742574257427,6.978320013039279e-05
7459,134.27542754275427,6.977669090325075e-05
7460,134.2934293429343,6.976653611595975e-05
7461,134.3114311431143,6.975255922575325e-05
7462,134.32943294329434,6.973485820938076e-05
7463,134.34743474347434,6.971381249486556e-05
7464,134.36543654365437,6.969006862110926e-05
7465,134.3834383438344,6.966450552320305e-05
7466,134.4014401440144,6.963818190154503e-05
7467,134.41944194419443,6.961226948657247e-05
7468,134.43744374437443,6.958797705628468e-05
7469,134.45544554455446,6.956647072529427e-05
7470,134.47344734473447,6.954879625823874e-05
7471,134.4914491449145,6.95358089575987e-05
7472,134.5094509450945,6.952811606112524e-05
7473,134.52745274527453,6.95260356131059e-05
7474,134.54545454545456,6.952957452849064e-05
7475,134.56345634563456,6.953842714996995e-05
7476,134.5814581458146,6.955199411630975e-05
7477,134.5994599459946,6.956941992774706e-05
7478,134.61746174617463,6.958964631594803e-05
7479,134.63546354635463,6.961147749160507e-05
7480,134.65346534653466,6.963365262060193e-05
7481,134.67146714671466,6.965492051232777e-05
7482,134.6894689468947,6.967411150575038e-05
7483,134.70747074707472,6.969020189693974e-05
7484,134.72547254725472,6.9702366926722e-05
7485,134.74347434743476,6.971001927822583e-05
7486,134.76147614761476,6.971283114417483e-05
7487,134.7794779477948,6.971073912605057e-05
7488,134.7974797479748,6.970393243188979e-05
7489,134.81548154815482,6.969282596049184e-05
7490,134.83348334833482,6.967802082110399e-05
7491,134.85148514851485,6.966025557803423e-05
7492,134.86948694869488,6.964035198657834e-05
7493,134.8874887488749,6.961915917833146e-05
7494,134.90549054905492,6.959750015986538e-05
7495,134.92349234923492,6.957612412860355e-05
7496,134.94149414941495,6.955566752102493e-05
7497,134.95949594959495,6.953662594289694e-05
7498,134.97749774977498,6.951933825078256e-05
7499,134.995499549955,6.950398312549922e-05
7500,135.01350135013502,6.94905875686189e-05
7501,135.03150315031505,6.947904592533857e-05
7502,135.04950495049505,6.946914734540353e-05
7503,135.06750675067508,6.946060908090477e-05
7504,135.08550855085508,6.945311271422622e-05
7505,135.1035103510351,6.944634032441983e-05
7506,135.12151215121511,6.944000773344844e-05
7507,135.13951395139514,6.943389230798336e-05
7508,135.15751575157518,6.942785329754417e-05
7509,135.17551755175518,6.942184332504787e-05
7510,135.1935193519352,6.941591036300874e-05
7511,135.2115211521152,6.941019027533307e-05
7512,135.22952295229524,6.940489072800396e-05
7513,135.24752475247524,6.940026792188556e-05
7514,135.26552655265527,6.93965981335148e-05
7515,135.28352835283528,6.93941464299487e-05
7516,135.3015301530153,6.939313512734066e-05
7517,135.31953195319534,6.939371457801582e-05
7518,135.33753375337534,6.939593869850014e-05
7519,135.35553555355537,6.939974730485116e-05
7520,135.37353735373537,6.940495682720543e-05
7521,135.3915391539154,6.94112603678845e-05
7522,135.4095409540954,6.941823738950799e-05
7523,135.42754275427544,6.942537261875239e-05
7524,135.44554455445544,6.943208307655456e-05
7525,135.46354635463547,6.943775154376707e-05
7526,135.4815481548155,6.944176428462298e-05
7527,135.4995499549955,6.944355051305145e-05
7528,135.51755175517553,6.944262092292767e-05
7529,135.53555355535553,6.943860262477875e-05
7530,135.55355535553556,6.943126803754407e-05
7531,135.57155715571557,6.942055566110125e-05
7532,135.5895589558956,6.940658117782884e-05
7533,135.6075607560756,6.938963796363836e-05
7534,135.62556255625563,6.937018678704469e-05
7535,135.64356435643566,6.934883519060281e-05
7536,135.66156615661566,6.932630773270543e-05
7537,135.6795679567957,6.930340887188487e-05
7538,135.6975697569757,6.928098075858044e-05
7539,135.71557155715573,6.925985852768678e-05
7540,135.73357335733573,6.92408258370919e-05
7541,135.75157515751576,6.922457336345456e-05
7542,135.76957695769576,6.921166275072608e-05
7543,135.7875787578758,6.92024981263498e-05
7544,135.80558055805582,6.919730678339815e-05
7545,135.82358235823583,6.919613001227543e-05
7546,135.84158415841586,6.919882439773142e-05
7547,135.85958595859586,6.920507322363762e-05
7548,135.8775877587759,6.921440699660816e-05
7549,135.8955895589559,6.922623155341273e-05
7550,135.91359135913592,6.923986179224507e-05
7551,135.93159315931592,6.925455879051513e-05
7552,135.94959495949595,6.926956795648592e-05
7553,135.96759675967598,6.928415591093921e-05
7554,135.985598559856,6.929764399798882e-05
7555,136.00360036003602,6.930943665994401e-05
7556,136.02160216021602,6.93190433493455e-05
7557,136.03960396039605,6.932609315522586e-05
7558,136.05760576057605,6.93303418501356e-05
7559,136.07560756075608,6.933167157944275e-05
7560,136.09360936093609,6.93300838779377e-05
7561,136.11161116111612,6.932568707984954e-05
7562,136.12961296129615,6.931867946426677e-05
7563,136.14761476147615,6.930932963542055e-05
7564,136.16561656165618,6.929795567330854e-05
7565,136.18361836183618,6.928490451153252e-05
7566,136.2016201620162,6.927053282142868e-05
7567,136.21962196219621,6.925519042700618e-05
7568,136.23762376237624,6.923920697064821e-05
7569,136.25562556255625,6.922288222388463e-05
7570,136.27362736273628,6.920648011880302e-05
7571,136.2916291629163,6.919022628896447e-05
7572,136.3096309630963,6.917430867389093e-05
7573,136.32763276327634,6.91588805718635e-05
7574,136.34563456345634,6.914406542825991e-05
7575,136.36363636363637,6.912996262022955e-05
7576,136.38163816381638,6.911665353599764e-05
7577,136.3996399639964,6.910420733628286e-05
7578,136.4176417641764,6.909268591049947e-05
7579,136.43564356435644,6.908214768450995e-05
7580,136.45364536453647,6.907265008300917e-05
7581,136.47164716471647,6.906425058375641e-05
7582,136.4896489648965,6.905700641203909e-05
7583,136.5076507650765,6.90509730056515e-05
7584,136.52565256525654,6.904620143183949e-05
7585,136.54365436543654,6.904273496110145e-05
7586,136.56165616561657,6.904060500513536e-05
7587,136.57965796579657,6.903982661662042e-05
7588,136.5976597659766,6.904039373676783e-05
7589,136.61566156615663,6.904227437175972e-05
7590,136.63366336633663,6.904540588798175e-05
7591,136.65166516651666,6.904969064158102e-05
7592,136.66966696669667,6.905499219926411e-05
7593,136.6876687668767,6.906113245892281e-05
7594,136.7056705670567,6.906789003123882e-05
7595,136.72367236723673,6.907500028457416e-05
7596,136.74167416741673,6.908215747156671e-05
7597,136.75967596759676,6.908901933381473e-05
7598,136.7776777677768,6.90952145102437e-05
7599,136.7956795679568,6.910035294898033e-05
7600,136.81368136813683,6.910403934144537e-05
7601,136.83168316831683,6.910588936744759e-05
7602,136.84968496849686,6.910554827482669e-05
7603,136.86768676867686,6.910271103677265e-05
7604,136.8856885688569,6.909714305948858e-05
7605,136.9036903690369,6.908870018060782e-05
7606,136.92169216921693,6.907734653330076e-05
7607,136.93969396939696,6.906316877834412e-05
7608,136.95769576957696,6.90463852469868e-05
7609,136.975697569757,6.902734870345211e-05
7610,136.993699369937,6.900654172919938e-05
7611,137.01170117011702,6.898456414186018e-05
7612,137.02970297029702,6.89621123685234e-05
7613,137.04770477047705,6.893995126333922e-05
7614,137.06570657065706,6.891887945197647e-05
7615,137.0837083708371,6.889968985327191e-05
7616,137.10171017101712,6.888312752243598e-05
7617,137.11971197119712,6.886984733365853e-05
7618,137.13771377137715,6.886037423276818e-05
7619,137.15571557155715,6.885506881316525e-05
7620,137.17371737173718,6.885410078491104e-05
7621,137.19171917191719,6.885743251801696e-05
7622,137.20972097209722,6.886481426416007e-05
7623,137.22772277227722,6.887579193014182e-05
7624,137.24572457245725,6.88897274399868e-05
7625,137.26372637263728,6.890583084020653e-05
7626,137.28172817281728,6.892320244088256e-05
7627,137.2997299729973,6.894088251166445e-05
7628,137.31773177317731,6.895790543038462e-05
7629,137.33573357335734,6.897335476708011e-05
7630,137.35373537353735,6.898641561782494e-05
7631,137.37173717371738,6.899642060286711e-05
7632,137.38973897389738,6.900288631352897e-05
7633,137.4077407740774,6.900553761232303e-05
7634,137.42574257425744,6.900431802049292e-05
7635,137.44374437443744,6.8999385408734e-05
7636,137.46174617461747,6.89910932686486e-05
7637,137.47974797479748,6.897995890476094e-05
7638,137.4977497749775,6.896662086786488e-05
7639,137.5157515751575,6.895178877273319e-05
7640,137.53375337533754,6.893618924006838e-05
7641,137.55175517551754,6.892051202355914e-05
7642,137.56975697569757,6.890536039811736e-05
7643,137.5877587758776,6.889120958820558e-05
7644,137.6057605760576,6.887837642338407e-05
7645,137.62376237623764,6.886700256285541e-05
7646,137.64176417641764,6.885705259347216e-05
7647,137.65976597659767,6.884832715397779e-05
7648,137.67776777677767,6.884049005990727e-05
7649,137.6957695769577,6.883310728975886e-05
7650,137.7137713771377,6.882569473118124e-05
7651,137.73177317731773,6.881777085287458e-05
7652,137.74977497749776,6.880891002377003e-05
7653,137.76777677767777,6.87987920842416e-05
7654,137.7857785778578,6.87872439981627e-05
7655,137.8037803780378,6.877426996676917e-05
7656,137.82178217821783,6.87600672273341e-05
7657,137.83978397839783,6.87450258304903e-05
7658,137.85778577857786,6.872971191033892e-05
7659,137.8757875787579,6.871483523963395e-05
7660,137.8937893789379,6.870120310130588e-05
7661,137.91179117911793,6.86896636125035e-05
7662,137.92979297929793,6.868104252259172e-05
7663,137.94779477947796,6.867607810246557e-05
7664,137.96579657965796,6.867535900075851e-05
7665,137.983798379838,6.867926983961952e-05
7666,138.001800180018,6.868794886225868e-05
7667,138.01980198019803,6.870126115653352e-05
7668,138.03780378037806,6.871878991818767e-05
7669,138.05580558055806,6.873984695910293e-05
7670,138.0738073807381,6.876350230018848e-05
7671,138.0918091809181,6.878863131386604e-05
7672,138.10981098109812,6.881397659711998e-05
7673,138.12781278127812,6.883822065649098e-05
7674,138.14581458145815,6.886006465196557e-05
7675,138.16381638163816,6.887830793972362e-05
7676,138.1818181818182,6.889192301325794e-05
7677,138.19981998199822,6.890012068177269e-05
7678,138.21782178217822,6.890240093038079e-05
7679,138.23582358235825,6.889858583894501e-05
7680,138.25382538253825,6.888883213256382e-05
7681,138.27182718271828,6.88736223149714e-05
7682,138.28982898289829,6.885373480124197e-05
7683,138.30783078307832,6.883019491620726e-05
7684,138.32583258325832,6.88042099579931e-05
7685,138.34383438343835,6.877709264740872e-05
7686,138.36183618361838,6.875017811275861e-05
7687,138.37983798379838,6.872474003473243e-05
7688,138.3978397839784,6.870191166021695e-05
7689,138.41584158415841,6.868261707698294e-05
7690,138.43384338433845,6.866751744125782e-05
7691,138.45184518451845,6.865697581249786e-05
7692,138.46984698469848,6.865104294431643e-05
7693,138.48784878487848,6.864946489765359e-05
7694,138.5058505850585,6.865171178637858e-05
7695,138.52385238523854,6.865702544800947e-05
7696,138.54185418541854,6.866448246371121e-05
7697,138.55985598559857,6.867306783386998e-05
7698,138.57785778577858,6.868175383345814e-05
7699,138.5958595859586,6.868957818695237e-05
7700,138.6138613861386,6.869571574927537e-05
7701,138.63186318631864,6.869953835896326e-05
7702,138.64986498649864,6.8700658411969e-05
7703,138.66786678667867,6.86989529276789e-05
7704,138.6858685868587,6.869456635438122e-05
7705,138.7038703870387,6.868789198037307e-05
7706,138.72187218721874,6.867953345712172e-05
7707,138.73987398739874,6.867024947688158e-05
7708,138.75787578757877,6.866088595959219e-05
7709,138.77587758775877,6.865230108909665e-05
7710,138.7938793879388,6.864528911733506e-05
7711,138.8118811881188,6.864050897857578e-05
7712,138.82988298829883,6.863842341067866e-05
7713,138.84788478847886,6.863925349026695e-05
7714,138.86588658865887,6.864295231238808e-05
7715,138.8838883888389,6.86492000725876e-05
7716,138.9018901890189,6.865742115429612e-05
7717,138.91989198919893,6.866682211595932e-05
7718,138.93789378937893,6.867644784423672e-05
7719,138.95589558955896,6.868525171942056e-05
7720,138.97389738973897,6.869217453828523e-05
7721,138.991899189919,6.86962262436116e-05
7722,139.00990099009903,6.869656427214529e-05
7723,139.02790279027903,6.869256257065396e-05
7724,139.04590459045906,6.868386602227553e-05
7725,139.06390639063906,6.867042611602791e-05
7726,139.0819081908191,6.865251509388647e-05
7727,139.0999099909991,6.86307174115219e-05
7728,139.11791179117913,6.860589902577869e-05
7729,139.13591359135913,6.85791566453765e-05
7730,139.15391539153916,6.855175052873506e-05
7731,139.1719171917192,6.852502557770987e-05
7732,139.1899189918992,6.850032627594803e-05
7733,139.20792079207922,6.847891140286033e-05
7734,139.22592259225922,6.846187439936279e-05
7735,139.24392439243925,6.845007478361386e-05
7736,139.26192619261926,6.844408515943302e-05
7737,139.2799279927993,6.844415719906627e-05
7738,139.2979297929793,6.845020860790338e-05
7739,139.31593159315932,6.846183159643659e-05
7740,139.33393339333935,6.847832190303723e-05
7741,139.35193519351935,6.849872603469159e-05
7742,139.36993699369938,6.852190321469609e-05
7743,139.38793879387939,6.854659762172585e-05
7744,139.40594059405942,6.857151592668837e-05
7745,139.42394239423942,6.859540491064618e-05
7746,139.44194419441945,6.861712408174276e-05
7747,139.45994599459945,6.863570868024122e-05
7748,139.47794779477948,6.865041922584474e-05
7749,139.4959495949595,6.866077476024782e-05
7750,139.51395139513951,6.866656809767179e-05
7751,139.53195319531955,6.866786263666903e-05
7752,139.54995499549955,6.866497152542182e-05
7753,139.56795679567958,6.86584211305349e-05
7754,139.58595859585958,6.86489017637854e-05
7755,139.6039603960396,6.863720941152969e-05
7756,139.6219621962196,6.862418274085981e-05
7757,139.63996399639964,6.861063989509786e-05
7758,139.65796579657967,6.859731952667662e-05
7759,139.67596759675968,6.858483015421002e-05
7760,139.6939693969397,6.857361129695013e-05
7761,139.7119711971197,6.85639089751313e-05
7762,139.72997299729974,6.855576712486578e-05
7763,139.74797479747974,6.85490353291414e-05
7764,139.76597659765977,6.854339208804501e-05
7765,139.78397839783977,6.8538381721325e-05
7766,139.8019801980198,6.853346199346128e-05
7767,139.81998199819984,6.852805874778984e-05
7768,139.83798379837984,6.852162329278768e-05
7769,139.85598559855987,6.851368804497153e-05
7770,139.87398739873987,6.850391602328631e-05
7771,139.8919891989199,6.849214021064951e-05
7772,139.9099909990999,6.847838952630599e-05
7773,139.92799279927993,6.846289914071851e-05
7774,139.94599459945994,6.844610404429594e-05
7775,139.96399639963997,6.842861606638815e-05
7776,139.98199819982,6.841118583456298e-05
7777,140.0,6.839465236504387e-05
7778,140.01800180018003,6.837988398630476e-05
7779,140.03600360036003,6.836771503439923e-05
7780,140.05400540054006,6.835888315562286e-05
7781,140.07200720072007,6.835397207063034e-05
7782,140.0900090009001,6.835336428533427e-05
7783,140.1080108010801,6.835720750110432e-05
7784,140.12601260126013,6.836539743411588e-05
7785,140.14401440144016,6.837757848262007e-05
7786,140.16201620162016,6.8393162283685e-05
7787,140.1800180018002,6.84113627922961e-05
7788,140.1980198019802,6.843124521304741e-05
7789,140.21602160216023,6.845178502784996e-05
7790,140.23402340234023,6.847193258458592e-05
7791,140.25202520252026,6.849067830825352e-05
7792,140.27002700270026,6.850711360240487e-05
7793,140.2880288028803,6.852048292392009e-05
7794,140.30603060306032,6.853022330180958e-05
7795,140.32403240324032,6.853598866164384e-05
7796,140.34203420342035,6.853765761552116e-05
7797,140.36003600360036,6.853532476920076e-05
7798,140.3780378037804,6.852927696120825e-05
7799,140.3960396039604,6.85199570644377e-05
7800,140.41404140414042,6.85079189439649e-05
7801,140.43204320432042,6.849377779349657e-05
7802,140.45004500450045,6.847816031592269e-05
7803,140.46804680468048,6.846165905454407e-05
7804,140.48604860486049,6.844479464104029e-05
7805,140.50405040504052,6.842798885860912e-05
7806,140.52205220522052,6.841155030770242e-05
7807,140.54005400540055,6.839567321239165e-05
7808,140.55805580558055,6.838044863420736e-05
7809,140.57605760576058,6.836588618470495e-05
7810,140.5940594059406,6.835194335552237e-05
7811,140.61206120612061,6.833855890322202e-05
7812,140.63006300630065,6.832568639608353e-05
7813,140.64806480648065,6.83133240788586e-05
7814,140.66606660666068,6.830153763177182e-05
7815,140.68406840684068,6.829047315015771e-05
7816,140.7020702070207,6.828035867923058e-05
7817,140.7200720072007,6.827149380943617e-05
7818,140.73807380738074,6.826422806168337e-05
7819,140.75607560756077,6.8258929954009e-05
7820,140.77407740774078,6.82559496329751e-05
7821,140.7920792079208,6.82555786809711e-05
7822,140.8100810081008,6.825801110502987e-05
7823,140.82808280828084,6.826330953414999e-05
7824,140.84608460846084,6.827138029447217e-05
7825,140.86408640864087,6.828196032290401e-05
7826,140.88208820882087,6.8294617879692e-05
7827,140.9000900090009,6.830876781504684e-05
7828,140.91809180918094,6.832370083947005e-05
7829,140.93609360936094,6.833862495695291e-05
7830,140.95409540954097,6.83527160598834e-05
7831,140.97209720972097,6.836517375946301e-05
7832,140.990099009901,6.83752779219224e-05
7833,141.008100810081,6.838244115842001e-05
7834,141.02610261026103,6.83862527030029e-05
7835,141.04410441044104,6.838650970158395e-05
7836,141.06210621062107,6.838323288432761e-05
7837,141.0801080108011,6.837666483152236e-05
7838,141.0981098109811,6.836725047049296e-05
7839,141.11611161116113,6.835560094190238e-05
7840,141.13411341134113,6.834244342263297e-05
7841,141.15211521152116,6.832856076553026e-05
7842,141.17011701170117,6.831472580137759e-05
7843,141.1881188118812,6.830163575434069e-05
7844,141.2061206120612,6.82898523865087e-05
7845,141.22412241224123,6.827975318251167e-05
7846,141.24212421242126,6.827149812191207e-05
7847,141.26012601260126,6.826501541354125e-05
7848,141.2781278127813,6.82600080660562e-05
7849,141.2961296129613,6.825598145612727e-05
7850,141.31413141314133,6.825229026473838e-05
7851,141.33213321332133,6.824820142926997e-05
7852,141.35013501350136,6.82429682503175e-05
7853,141.36813681368136,6.823590963149227e-05
7854,141.3861386138614,6.822648772835637e-05
7855,141.40414041404142,6.821437711623723e-05
7856,141.42214221422142,6.819951899209945e-05
7857,141.44014401440145,6.818215489325037e-05
7858,141.45814581458146,6.816283588871799e-05
7859,141.4761476147615,6.814240507670143e-05
7860,141.4941494149415,6.812195336449833e-05
7861,141.51215121512152,6.810275074858067e-05
7862,141.53015301530152,6.808615746931778e-05
7863,141.54815481548155,6.807352130359291e-05
7864,141.56615661566158,6.806606871005241e-05
7865,141.58415841584159,6.806479841610376e-05
7866,141.60216021602162,6.80703862357228e-05
7867,141.62016201620162,6.808310938789596e-05
7868,141.63816381638165,6.810279736115577e-05
7869,141.65616561656165,6.812881451420688e-05
7870,141.67416741674168,6.816007724640899e-05
7871,141.69216921692168,6.819510589254035e-05
7872,141.71017101710171,6.823210870546404e-05
7873,141.72817281728175,6.826909261679556e-05
7874,141.74617461746175,6.83039931361938e-05
7875,141.76417641764178,6.833481396961114e-05
7876,141.78217821782178,6.8359765870908e-05
7877,141.8001800180018,6.837739399927418e-05
7878,141.8181818181818,6.838668367983438e-05
7879,141.83618361836184,6.838713592739291e-05
7880,141.85418541854185,6.837880629258317e-05
7881,141.87218721872188,6.836230336026994e-05
7882,141.8901890189019,6.833874635460692e-05
7883,141.9081908190819,6.830968453230814e-05
7884,141.92619261926194,6.827698411096551e-05
7885,141.94419441944194,6.824269112747113e-05
7886,141.96219621962197,6.820888062906019e-05
7887,141.98019801980197,6.81775037932251e-05
7888,141.998199819982,6.815024484591452e-05
7889,142.016201620162,6.812839896888761e-05
7890,142.03420342034204,6.811278080438426e-05
7891,142.05220522052207,6.810367080111564e-05
7892,142.07020702070207,6.810080368750168e-05
7893,142.0882088208821,6.810340004298547e-05
7894,142.1062106210621,6.81102385324706e-05
7895,142.12421242124213,6.811976314616302e-05
7896,142.14221422142214,6.813021700593853e-05
7897,142.16021602160217,6.813979218198644e-05
7898,142.17821782178217,6.81467836781774e-05
7899,142.1962196219622,6.814973539229573e-05
7900,142.21422142214223,6.8147566464231e-05
7901,142.23222322232223,6.813966794170067e-05
7902,142.25022502250226,6.812596199792968e-05
7903,142.26822682268227,6.810691884688008e-05
7904,142.2862286228623,6.808352979089549e-05
7905,142.3042304230423,6.805723824685012e-05
7906,142.32223222322233,6.802983386610724e-05
7907,142.34023402340233,6.800331773914364e-05
7908,142.35823582358236,6.797974893743736e-05
7909,142.3762376237624,6.796108412067697e-05
7910,142.3942394239424,6.79490225146507e-05
7911,142.41224122412243,6.794486820072232e-05
7912,142.43024302430243,6.794942037952119e-05
7913,142.44824482448246,6.79629001763315e-05
7914,142.46624662466246,6.798491980246333e-05
7915,142.4842484248425,6.801449668428103e-05
7916,142.5022502250225,6.805011176289514e-05
7917,142.52025202520252,6.808980781231437e-05
7918,142.53825382538255,6.813132057873747e-05
7919,142.55625562556256,6.817223304281912e-05
7920,142.5742574257426,6.821014134381305e-05
7921,142.5922592259226,6.824282001757712e-05
7922,142.61026102610262,6.826837426067256e-05
7923,142.62826282628262,6.828536793810217e-05
7924,142.64626462646265,6.829291792672586e-05
7925,142.66426642664266,6.829074798516827e-05
7926,142.68226822682269,6.82791984612102e-05
7927,142.70027002700272,6.82591915436359e-05
7928,142.71827182718272,6.823215516860536e-05
7929,142.73627362736275,6.819991183055301e-05
7930,142.75427542754275,6.816454117476672e-05
7931,142.77227722772278,6.812822715502748e-05
7932,142.79027902790278,6.80931015758863e-05
7933,142.80828082808281,6.806109592805067e-05
7934,142.82628262826282,6.803381256825265e-05
7935,142.84428442844285,6.80124245715562e-05
7936,142.86228622862288,6.799761114567536e-05
7937,142.88028802880288,6.798953255295734e-05
7938,142.8982898289829,6.798784528569396e-05
7939,142.9162916291629,6.79917550516407e-05
7940,142.93429342934294,6.800010221095102e-05
7941,142.95229522952295,6.80114718969979e-05
7942,142.97029702970298,6.802431933766293e-05
7943,142.98829882988298,6.803709999338509e-05
7944,143.006300630063,6.804839409409524e-05
7945,143.02430243024304,6.80570159648338e-05
7946,143.04230423042304,6.806210008474752e-05
7947,143.06030603060307,6.806315797188347e-05
7948,143.07830783078307,6.806010252821522e-05
7949,143.0963096309631,6.805323919194749e-05
7950,143.1143114311431,6.804322589891573e-05
7951,143.13231323132314,6.803100623852527e-05
7952,143.15031503150314,6.801772212157355e-05
7953,143.16831683168317,6.80046136230618e-05
7954,143.1863186318632,6.799291434352882e-05
7955,143.2043204320432,6.798375062653969e-05
7956,143.22232223222323,6.797805231343015e-05
7957,143.24032403240324,6.797648149463168e-05
7958,143.25832583258327,6.79793840549515e-05
7959,143.27632763276327,6.798676685978772e-05
7960,143.2943294329433,6.799830135506835e-05
7961,143.31233123312333,6.801335231953755e-05
7962,143.33033303330333,6.803102866451114e-05
7963,143.34833483348336,6.805025165061899e-05
7964,143.36633663366337,6.806983477976238e-05
7965,143.3843384338434,6.808856898448885e-05
7966,143.4023402340234,6.810530660006885e-05
7967,143.42034203420343,6.811903795437551e-05
7968,143.43834383438343,6.812895520165792e-05
7969,143.45634563456346,6.813449918459182e-05
7970,143.4743474347435,6.813538653832958e-05
7971,143.4923492349235,6.813161583907856e-05
7972,143.51035103510353,6.812345322841347e-05
7973,143.52835283528353,6.811139949315556e-05
7974,143.54635463546356,6.809614193664548e-05
7975,143.56435643564356,6.807849544251624e-05
7976,143.5823582358236,6.805933782988746e-05
7977,143.6003600360036,6.803954487928509e-05
7978,143.61836183618362,6.801993025272236e-05
7979,143.63636363636365,6.800119495380324e-05
7980,143.65436543654366,6.798389002241268e-05
7981,143.6723672367237,6.796839491247025e-05
7982,143.6903690369037,6.795491256493824e-05
7983,143.70837083708372,6.794348068442077e-05
7984,143.72637263726372,6.79339972870314e-05
7985,143.74437443744375,6.792625733748072e-05
7986,143.76237623762376,6.791999634760332e-05
7987,143.78037803780379,6.79149362542869e-05
7988,143.79837983798382,6.791082878483178e-05
7989,143.81638163816382,6.79074918641411e-05
7990,143.83438343834385,6.790483538979334e-05
7991,143.85238523852385,6.79028738254983e-05
7992,143.87038703870388,6.790172443321466e-05
7993,143.88838883888388,6.790159144648222e-05
7994,143.90639063906391,6.790273793719112e-05
7995,143.92439243924392,6.790544840194426e-05
7996,143.94239423942395,6.790998606587468e-05
7997,143.96039603960398,6.791654947434526e-05
7998,143.97839783978398,6.792523305922801e-05
7999,143.996399639964,6.793599601496815e-05
8000,144.014401440144,6.794864303582494e-05
8001,144.03240324032404,6.796281932821925e-05
8002,144.05040504050405,6.797802093446718e-05
8003,144.06840684068408,6.799361992285827e-05
8004,144.08640864086408,6.80089025592862e-05
8005,144.1044104410441,6.802311731663133e-05
8006,144.12241224122414,6.803552861896347e-05
8007,144.14041404140414,6.804547164596972e-05
8008,144.15841584158417,6.805240338703319e-05
8009,144.17641764176417,6.805594543933612e-05
8010,144.1944194419442,6.805591475361251e-05
8011,144.2124212421242,6.805233957142312e-05
8012,144.23042304230424,6.804545906779172e-05
8013,144.24842484248424,6.803570659453555e-05
8014,144.26642664266427,6.802367778939097e-05
8015,144.2844284428443,6.801008605763357e-05
8016,144.3024302430243,6.79957089464585e-05
8017,144.32043204320433,6.798132964267504e-05
8018,144.33843384338434,6.796767818492109e-05
8019,144.35643564356437,6.795537697700869e-05
8020,144.37443744374437,6.794489483270563e-05
8021,144.3924392439244,6.79365131133799e-05
8022,144.4104410441044,6.793030659774976e-05
8023,144.42844284428443,6.792614062083862e-05
8024,144.44644464446446,6.792368481818279e-05
8025,144.46444644464447,6.792244259444833e-05
8026,144.4824482448245,6.79217942830401e-05
8027,144.5004500450045,6.792105094835857e-05
8028,144.51845184518453,6.791951496872127e-05
8029,144.53645364536453,6.791654297727504e-05
8030,144.55445544554456,6.791160646851692e-05
8031,144.57245724572456,6.790434542216485e-05
8032,144.5904590459046,6.789461066036694e-05
8033,144.60846084608463,6.78824913270326e-05
8034,144.62646264626463,6.786832482893825e-05
8035,144.64446444644466,6.785268775751569e-05
8036,144.66246624662466,6.783636764958401e-05
8037,144.6804680468047,6.78203168599484e-05
8038,144.6984698469847,6.780559121138155e-05
8039,144.71647164716472,6.779327735373128e-05
8040,144.73447344734473,6.778441379985004e-05
8041,144.75247524752476,6.777991131694484e-05
8042,144.7704770477048,6.778047866112885e-05
8043,144.7884788478848,6.778655950052496e-05
8044,144.80648064806482,6.779828576231071e-05
8045,144.82448244824482,6.781545158422474e-05
8046,144.84248424842485,6.78375106138079e-05
8047,144.86048604860486,6.786359767887876e-05
8048,144.87848784878489,6.78925739811173e-05
8049,144.8964896489649,6.792309309249872e-05
8050,144.91449144914492,6.79536833207371e-05
8051,144.93249324932495,6.798284060714105e-05
8052,144.95049504950495,6.800912515897744e-05
8053,144.96849684968498,6.80312545944484e-05
8054,144.98649864986498,6.804818654222631e-05
8055,145.00450045004501,6.80591843880925e-05
8056,145.02250225022502,6.806386114464107e-05
8057,145.04050405040505,6.806219813306646e-05
8058,145.05850585058505,6.805453716542139e-05
8059,145.07650765076508,6.804154703054808e-05
8060,145.0945094509451,6.80241671348082e-05
8061,145.1125112511251,6.800353295273655e-05
8062,145.13051305130514,6.798088934782761e-05
8063,145.14851485148515,6.795749871110995e-05
8064,145.16651665166518,6.793455116348648e-05
8065,145.18451845184518,6.79130837586624e-05
8066,145.2025202520252,6.789391474289987e-05
8067,145.2205220522052,6.78775975617156e-05
8068,145.23852385238524,6.786439757910431e-05
8069,145.25652565256527,6.785429254763533e-05
8070,145.27452745274528,6.784699590724707e-05
8071,145.2925292529253,6.784200016440068e-05
8072,145.3105310531053,6.783863606214338e-05
8073,145.32853285328534,6.783614211678456e-05
8074,145.34653465346534,6.783373845015882e-05
8075,145.36453645364537,6.783069872492318e-05
8076,145.38253825382537,6.782641438476196e-05
8077,145.4005400540054,6.782044625911152e-05
8078,145.41854185418543,6.781255982334799e-05
8079,145.43654365436544,6.780274189296755e-05
8080,145.45454545454547,6.779119814031629e-05
8081,145.47254725472547,6.77783324166393e-05
8082,145.4905490549055,6.776471030964831e-05
8083,145.5085508550855,6.775101055431833e-05
8084,145.52655265526553,6.773796875520841e-05
8085,145.54455445544554,6.772631831749502e-05
8086,145.56255625562557,6.771673350136663e-05
8087,145.5805580558056,6.770977912589707e-05
8088,145.5985598559856,6.770587070192315e-05
8089,145.61656165616563,6.770524774403364e-05
8090,145.63456345634563,6.770796179511783e-05
8091,145.65256525652566,6.771387940064618e-05
8092,145.67056705670566,6.772269900465872e-05
8093,145.6885688568857,6.773397961023204e-05
8094,145.7065706570657,6.774717814485355e-05
8095,145.72457245724573,6.77616918655121e-05
8096,145.74257425742576,6.777690187305854e-05
8097,145.76057605760576,6.77922138947156e-05
8098,145.7785778577858,6.780709292159389e-05
8099,145.7965796579658,6.782108901010422e-05
8100,145.81458145814582,6.783385250291891e-05
8101,145.83258325832583,6.784513800841253e-05
8102,145.85058505850586,6.785479759766609e-05
8103,145.86858685868586,6.786276473258121e-05
8104,145.8865886588659,6.786903133074515e-05
8105,145.90459045904592,6.787362102011803e-05
8106,145.92259225922592,6.787656197873714e-05
8107,145.94059405940595,6.787786275824369e-05
8108,145.95859585958596,6.787749415252061e-05
8109,145.97659765976599,6.787537952291675e-05
8110,145.994599459946,6.787139508755168e-05
8111,146.01260126012602,6.786538060682377e-05
8112,146.03060306030602,6.78571597507815e-05
8113,146.04860486048605,6.784656832564136e-05
8114,146.06660666066608,6.783348757460387e-05
8115,146.08460846084608,6.781787904947578e-05
8116,146.10261026102611,6.779981715167844e-05
8117,146.12061206120612,6.777951541347555e-05
8118,146.13861386138615,6.775734294925834e-05
8119,146.15661566156615,6.773382823364747e-05
8120,146.17461746174618,6.770964840449841e-05
8121,146.1926192619262,6.768560356028714e-05
8122,146.2106210621062,6.766257691439919e-05
8123,146.22862286228624,6.764148306008789e-05
8124,146.24662466246625,6.76232078614965e-05
8125,146.26462646264628,6.76085444973735e-05
8126,146.28262826282628,6.759813084209057e-05
8127,146.3006300630063,6.759239359835284e-05
8128,146.3186318631863,6.759150435778108e-05
8129,146.33663366336634,6.759535205971608e-05
8130,146.35463546354637,6.760353518666852e-05
8131,146.37263726372638,6.761537555736839e-05
8132,146.3906390639064,6.762995386911291e-05
8133,146.4086408640864,6.764616533811423e-05
8134,146.42664266426644,6.766279204104601e-05
8135,146.44464446444644,6.767858702455005e-05
8136,146.46264626462647,6.769236406101448e-05
8137,146.48064806480647,6.770308620224795e-05
8138,146.4986498649865,6.770994609588493e-05
8139,146.51665166516653,6.7712431417088e-05
8140,146.53465346534654,6.771036971727994e-05
8141,146.55265526552657,6.770394844123935e-05
8142,146.57065706570657,6.769370770878019e-05
8143,146.5886588658866,6.768050555614538e-05
8144,146.6066606660666,6.766545751873734e-05
8145,146.62466246624663,6.76498545329628e-05
8146,146.64266426642664,6.763506496619322e-05
8147,146.66066606660667,6.762242799383542e-05
8148,146.6786678667867,6.7613146406732e-05
8149,146.6966696669667,6.760818716904764e-05
8150,146.71467146714673,6.760819762542992e-05
8151,146.73267326732673,6.761344419933723e-05
8152,146.75067506750676,6.762377880748553e-05
8153,146.76867686768676,6.76386361605864e-05
8154,146.7866786678668,6.765706278721376e-05
8155,146.8046804680468,6.767777618896261e-05
8156,146.82268226822683,6.769925020311672e-05
8157,146.84068406840686,6.771982059889536e-05
8158,146.85868586858686,6.773780332778974e-05
8159,146.8766876687669,6.775161681475053e-05
8160,146.8946894689469,6.775989929649776e-05
8161,146.91269126912692,6.776161251535472e-05
8162,146.93069306930693,6.775612403710919e-05
8163,146.94869486948696,6.774326200354502e-05
8164,146.96669666966696,6.772333813376486e-05
8165,146.984698469847,6.769713709836768e-05
8166,147.00270027002702,6.766587283040331e-05
8167,147.02070207020702,6.76311147230479e-05
8168,147.03870387038705,6.759468881939298e-05
8169,147.05670567056706,6.755856086842258e-05
8170,147.0747074707471,6.752470937886857e-05
8171,147.0927092709271,6.749499746518247e-05
8172,147.11071107110712,6.747105230895158e-05
8173,147.12871287128712,6.745416046322078e-05
8174,147.14671467146715,6.744518605975223e-05
8175,147.16471647164718,6.744451733326646e-05
8176,147.18271827182718,6.745204487671456e-05
8177,147.20072007200721,6.746717283396201e-05
8178,147.21872187218722,6.748886197794822e-05
8179,147.23672367236725,6.751570146994591e-05
8180,147.25472547254725,6.754600419432419e-05
8181,147.27272727272728,6.757791903771101e-05
8182,147.29072907290728,6.76095524278251e-05
8183,147.3087308730873,6.76390909275848e-05
8184,147.32673267326734,6.766491671943843e-05
8185,147.34473447344735,6.768570840052338e-05
8186,147.36273627362738,6.770052059268501e-05
8187,147.38073807380738,6.77088373721572e-05
8188,147.3987398739874,6.771059633549772e-05
8189,147.4167416741674,6.770618211628693e-05
8190,147.43474347434744,6.769639021619066e-05
8191,147.45274527452744,6.768236397792298e-05
8192,147.47074707470748,6.76655092777923e-05
8193,147.4887488748875,6.764739293888328e-05
8194,147.5067506750675,6.76296318724476e-05
8195,147.52475247524754,6.761378048322536e-05
8196,147.54275427542754,6.760122389474157e-05
8197,147.56075607560757,6.75930840676984e-05
8198,147.57875787578757,6.759014493604526e-05
8199,147.5967596759676,6.759280133947186e-05
8200,147.6147614761476,6.760103488190443e-05
8201,147.63276327632764,6.761441800638708e-05
8202,147.65076507650767,6.763214567251338e-05
8203,147.66876687668767,6.765309218142864e-05
8204,147.6867686768677,6.767588903816826e-05
8205,147.7047704770477,6.769901838084904e-05
8206,147.72277227722773,6.772091552938724e-05
8207,147.74077407740774,6.774007367467828e-05
8208,147.75877587758777,6.775514367377863e-05
8209,147.77677767776777,6.776502233630743e-05
8210,147.7947794779478,6.776892344874284e-05
8211,147.81278127812783,6.776642702356596e-05
8212,147.83078307830783,6.775750379120292e-05
8213,147.84878487848786,6.77425136672994e-05
8214,147.86678667866786,6.77221787072114e-05
8215,147.8847884788479,6.7697532781351e-05
8216,147.9027902790279,6.766985175164927e-05
8217,147.92079207920793,6.764056919610341e-05
8218,147.93879387938793,6.761118363042705e-05
8219,147.95679567956796,6.758316365415377e-05
8220,147.974797479748,6.755785747399493e-05
8221,147.992799279928,6.753641283252234e-05
8222,148.01080108010802,6.75197125297089e-05
8223,148.02880288028803,6.750832953228513e-05
8224,148.04680468046806,6.75025042098262e-05
8225,148.06480648064806,6.750214462412709e-05
8226,148.0828082808281,6.750684914772136e-05
8227,148.1008100810081,6.75159491185634e-05
8228,148.11881188118812,6.75285678644731e-05
8229,148.13681368136815,6.754369135138677e-05
8230,148.15481548154816,6.756024499960189e-05
8231,148.1728172817282,6.757717091957706e-05
8232,148.1908190819082,6.75934999589496e-05
8233,148.20882088208822,6.760841350758048e-05
8234,148.22682268226822,6.762129092827596e-05
8235,148.24482448244825,6.763173969024612e-05
8236,148.26282628262825,6.763960668180067e-05
8237,148.28082808280828,6.764497065622939e-05
8238,148.29882988298831,6.764811720394304e-05
8239,148.31683168316832,6.764949893346802e-05
8240,148.33483348334835,6.764968458661339e-05
8241,148.35283528352835,6.764930153358409e-05
8242,148.37083708370838,6.764897644406998e-05
8243,148.38883888388838,6.76492788933462e-05
8244,148.4068406840684,6.765067225281234e-05
8245,148.42484248424842,6.765347547630924e-05
8246,148.44284428442845,6.76578383964212e-05
8247,148.46084608460848,6.766373197682168e-05
8248,148.47884788478848,6.767095372651055e-05
8249,148.4968496849685,6.767914727070853e-05
8250,148.5148514851485,6.768783398649273e-05
8251,148.53285328532854,6.769645373047424e-05
8252,148.55085508550854,6.770441107291372e-05
8253,148.56885688568858,6.771112314568633e-05
8254,148.58685868586858,6.771606522272536e-05
8255,148.6048604860486,6.771881046771944e-05
8256,148.62286228622864,6.77190608683059e-05
8257,148.64086408640864,6.771666717309386e-05
8258,148.65886588658867,6.771163658776024e-05
8259,148.67686768676867,6.770412799170315e-05
8260,148.6948694869487,6.76944354280836e-05
8261,148.7128712871287,6.768296152273575e-05
8262,148.73087308730874,6.767018323622842e-05
8263,148.74887488748874,6.765661289690593e-05
8264,148.76687668766877,6.764275776649846e-05
8265,148.7848784878488,6.762908143773665e-05
8266,148.8028802880288,6.761597015795448e-05
8267,148.82088208820883,6.76037067343767e-05
8268,148.83888388838884,6.759245404207514e-05
8269,148.85688568856887,6.758224937374216e-05
8270,148.87488748874887,6.757301000044563e-05
8271,148.8928892889289,6.75645494187172e-05
8272,148.91089108910893,6.755660290741587e-05
8273,148.92889288928893,6.754886027034866e-05
8274,148.94689468946896,6.754100305311632e-05
8275,148.96489648964896,6.753274313955624e-05
8276,148.982898289829,6.752385948486446e-05
8277,149.000900090009,6.751422984288771e-05
8278,149.01890189018903,6.750385469018858e-05
8279,149.03690369036903,6.749287111722547e-05
8280,149.05490549054906,6.74815552082103e-05
8281,149.0729072907291,6.747031231203794e-05
8282,149.0909090909091,6.745965555203744e-05
8283,149.10891089108912,6.745017386051378e-05
8284,149.12691269126913,6.744249168217658e-05
8285,149.14491449144916,6.743722319997253e-05
8286,149.16291629162916,6.743492443910674e-05
8287,149.1809180918092,6.743604685654055e-05
8288,149.1989198919892,6.74408959995756e-05
8289,149.21692169216922,6.744959851529303e-05
8290,149.23492349234925,6.746208023199531e-05
8291,149.25292529252926,6.747805725497411e-05
8292,149.2709270927093,6.749704108070231e-05
8293,149.2889288928893,6.751835770830276e-05
8294,149.30693069306932,6.754117969494433e-05
8295,149.32493249324932,6.75645691436881e-05
8296,149.34293429342935,6.758752880348334e-05
8297,149.36093609360935,6.760905786444638e-05
8298,149.37893789378938,6.76282086927288e-05
8299,149.39693969396941,6.764414069237098e-05
8300,149.41494149414942,6.765616770758972e-05
8301,149.43294329432945,6.766379586615898e-05
8302,149.45094509450945,6.766674947038586e-05
8303,149.46894689468948,6.766498340760931e-05
8304,149.48694869486948,6.765868150684928e-05
8305,149.5049504950495,6.764824123702826e-05
8306,149.52295229522952,6.763424605145175e-05
8307,149.54095409540955,6.76174274670895e-05
8308,149.55895589558958,6.759861957264038e-05
8309,149.57695769576958,6.757870905018526e-05
8310,149.5949594959496,6.75585839540317e-05
8311,149.6129612961296,6.753908441905327e-05
8312,149.63096309630964,6.752095818913095e-05
8313,149.64896489648964,6.750482339897048e-05
8314,149.66696669666968,6.749114045524504e-05
8315,149.68496849684968,6.74801941977279e-05
8316,149.7029702970297,6.747208683108539e-05
8317,149.72097209720974,6.746674145348228e-05
8318,149.73897389738974,6.746391541203334e-05
8319,149.75697569756977,6.746322222043075e-05
8320,149.77497749774977,6.74641604020139e-05
8321,149.7929792979298,6.746614738138521e-05
8322,149.8109810981098,6.746855643718859e-05
8323,149.82898289828984,6.747075473618486e-05
8324,149.84698469846984,6.747214057541641e-05
8325,149.86498649864987,6.747217814193297e-05
8326,149.8829882988299,6.747042833383672e-05
8327,149.9009900990099,6.74665744490925e-05
8328,149.91899189918993,6.746044181994506e-05
8329,149.93699369936994,6.745201073614657e-05
8330,149.95499549954997,6.744142225027998e-05
8331,149.97299729972997,6.742897668980769e-05
8332,149.99099909991,6.741512491422777e-05
8333,150.00900090009,6.740045255676164e-05
8334,150.02700270027003,6.738565768496616e-05
8335,150.04500450045006,6.737152251041244e-05
8336,150.06300630063006,6.735887997915603e-05
8337,150.0810081008101,6.734857628414935e-05
8338,150.0990099009901,6.734143055558902e-05
8339,150.11701170117013,6.733819319812534e-05
8340,150.13501350135013,6.733950454254476e-05
8341,150.15301530153016,6.734585564715495e-05
8342,150.17101710171016,6.735755320050138e-05
8343,150.1890189018902,6.737469052039315e-05
8344,150.20702070207022,6.739712659310242e-05
8345,150.22502250225023,6.742447493232042e-05
8346,150.24302430243026,6.745610374664864e-05
8347,150.26102610261026,6.749114848129264e-05
8348,150.2790279027903,6.75285372482426e-05
8349,150.2970297029703,6.756702899488859e-05
8350,150.31503150315032,6.76052635111261e-05
8351,150.33303330333032,6.764182157882365e-05
8352,150.35103510351036,6.767529277486044e-05
8353,150.3690369036904,6.770434770750466e-05
8354,150.3870387038704,6.772781085779899e-05
8355,150.40504050405042,6.774472977427487e-05
8356,150.42304230423042,6.775443618648182e-05
8357,150.44104410441045,6.775659470436126e-05
8358,150.45904590459045,6.775123518331193e-05
8359,150.47704770477048,6.773876556379353e-05
8360,150.4950495049505,6.771996301933061e-05
8361,150.51305130513052,6.769594252105267e-05
8362,150.53105310531055,6.7668103378173e-05
8363,150.54905490549055,6.763805584766104e-05
8364,150.56705670567058,6.760753141229239e-05
8365,150.58505850585058,6.757828168572487e-05
8366,150.6030603060306,6.755197199942639e-05
8367,150.62106210621062,6.753007645445144e-05
8368,150.63906390639065,6.751378149888367e-05
8369,150.65706570657065,6.750390486826774e-05
8370,150.67506750675068,6.75008359884759e-05
8371,150.6930693069307,6.750450271685502e-05
8372,150.7110711071107,6.751436765821264e-05
8373,150.72907290729074,6.752945534477726e-05
8374,150.74707470747074,6.754840945117064e-05
8375,150.76507650765078,6.756957708304849e-05
8376,150.78307830783078,6.759111519404659e-05
8377,150.8010801080108,6.761111250493763e-05
8378,150.8190819081908,6.762771905524863e-05
8379,150.83708370837084,6.763927481216451e-05
8380,150.85508550855087,6.764442865385298e-05
8381,150.87308730873087,6.764223954759308e-05
8382,150.8910891089109,6.763225282324605e-05
8383,150.9090909090909,6.761454602193312e-05
8384,150.92709270927094,6.75897407642582e-05
8385,150.94509450945094,6.75589792917066e-05
8386,150.96309630963097,6.75238666345156e-05
8387,150.98109810981097,6.748638159313765e-05
8388,150.999099909991,6.744876174227482e-05
8389,151.01710171017103,6.741336935025382e-05
8390,151.03510351035104,6.73825463535009e-05
8391,151.05310531053107,6.735846726916588e-05
8392,151.07110711071107,6.734299913479318e-05
8393,151.0891089108911,6.733757723068535e-05
8394,151.1071107110711,6.73431044954556e-05
8395,151.12511251125113,6.735988123997271e-05
8396,151.14311431143113,6.73875700711488e-05
8397,151.16111611161116,6.742519894195076e-05
8398,151.1791179117912,6.747120304652768e-05
8399,151.1971197119712,6.752350398726266e-05
8400,151.21512151215123,6.757962236813837e-05
8401,151.23312331233123,6.7636817834726e-05
8402,151.25112511251126,6.769224870554179e-05
8403,151.26912691269126,6.774314184046173e-05
8404,151.2871287128713,6.778696237976681e-05
8405,151.3051305130513,6.782157255782982e-05
8406,151.32313231323133,6.784536902103003e-05
8407,151.34113411341136,6.785738900004893e-05
8408,151.35913591359136,6.78573773008111e-05
8409,151.3771377137714,6.784580833552295e-05
8410,151.3951395139514,6.78238602121664e-05
8411,151.41314131413142,6.779334108109653e-05
8412,151.43114311431142,6.775657129757884e-05
8413,151.44914491449146,6.77162282597357e-05
8414,151.46714671467146,6.76751637639388e-05
8415,151.4851485148515,6.763620612771283e-05
8416,151.50315031503152,6.760196093303415e-05
8417,151.52115211521152,6.757462485954583e-05
8418,151.53915391539155,6.75558265978204e-05
8419,151.55715571557155,6.754650723504472e-05
8420,151.57515751575158,6.754684986339071e-05
8421,151.5931593159316,6.755626464507682e-05
8422,151.61116111611162,6.757343143422053e-05
8423,151.62916291629162,6.75963976275638e-05
8424,151.64716471647165,6.762272455732214e-05
8425,151.66516651665168,6.764967182049943e-05
8426,151.68316831683168,6.767440580323992e-05
8427,151.7011701170117,6.769421658890392e-05
8428,151.71917191719172,6.770672662838536e-05
8429,151.73717371737175,6.771007508575192e-05
8430,151.75517551755175,6.770306361821741e-05
8431,151.77317731773178,6.76852523568912e-05
8432,151.7911791179118,6.765699877102373e-05
8433,151.8091809180918,6.76194365916727e-05
8434,151.82718271827184,6.757439666090567e-05
8435,151.84518451845184,6.752427606758921e-05
8436,151.86318631863188,6.747186586181486e-05
8437,151.88118811881188,6.742015069510466e-05
8438,151.8991899189919,6.737209568379104e-05
8439,151.9171917191719,6.733043651006687e-05
8440,151.93519351935194,6.729748823866922e-05
8441,151.95319531953197,6.727498662102505e-05
8442,151.97119711971197,6.726397295864092e-05
8443,151.989198919892,6.726473015041846e-05
8444,152.007200720072,6.727677364698432e-05
8445,152.02520252025204,6.729889698978756e-05
8446,152.04320432043204,6.732926772602095e-05
8447,152.06120612061207,6.736556603316903e-05
8448,152.07920792079207,6.740515558046535e-05
8449,152.0972097209721,6.744527415894147e-05
8450,152.11521152115213,6.74832305210945e-05
8451,152.13321332133214,6.751659371381191e-05
8452,152.15121512151217,6.754336193262524e-05
8453,152.16921692169217,6.756209948847249e-05
8454,152.1872187218722,6.757203273596678e-05
8455,152.2052205220522,6.757309860997632e-05
8456,152.22322232223223,6.756594257996874e-05
8457,152.24122412241223,6.755186617175813e-05
8458,152.25922592259226,6.75327275323168e-05
8459,152.2772277227723,6.751080163550949e-05
8460,152.2952295229523,6.748860946363623e-05
8461,152.31323132313233,6.746872768542893e-05
8462,152.33123312331233,6.745359184193822e-05
8463,152.34923492349236,6.744530673495817e-05
8464,152.36723672367236,6.744547751536453e-05
8465,152.3852385238524,6.745507386653963e-05
8466,152.4032403240324,6.74743377020891e-05
8467,152.42124212421243,6.750274203842794e-05
8468,152.43924392439246,6.753900531289368e-05
8469,152.45724572457246,6.758116160383436e-05
8470,152.4752475247525,6.762668322255783e-05
8471,152.4932493249325,6.767264826961968e-05
8472,152.51125112511252,6.771594227000704e-05
8473,152.52925292529252,6.775348019952477e-05
8474,152.54725472547256,6.778243332596858e-05
8475,152.56525652565256,6.780044449064613e-05
8476,152.5832583258326,6.780581584670547e-05
8477,152.60126012601262,6.779765465788098e-05
8478,152.61926192619262,6.777596545692989e-05
8479,152.63726372637265,6.774168048890024e-05
8480,152.65526552655265,6.76966246644628e-05
8481,152.67326732673268,6.764341590926687e-05
8482,152.6912691269127,6.758530647113406e-05
8483,152.70927092709272,6.752597508877531e-05
8484,152.72727272727272,6.746928360936931e-05
8485,152.74527452745275,6.741901439444921e-05
8486,152.76327632763278,6.737860647235707e-05
8487,152.78127812781278,6.735090876517671e-05
8488,152.7992799279928,6.73379678149658e-05
8489,152.81728172817282,6.734086532561374e-05
8490,152.83528352835285,6.73596176727768e-05
8491,152.85328532853285,6.739314553352446e-05
8492,152.87128712871288,6.743931721847587e-05
8493,152.88928892889288,6.749506445151918e-05
8494,152.9072907290729,6.755656454490978e-05
8495,152.92529252925294,6.76194784607773e-05
8496,152.94329432943294,6.76792304084042e-05
8497,152.96129612961298,6.773131163524791e-05
8498,152.97929792979298,6.777158911400305e-05
8499,152.997299729973,6.779659903602208e-05
8500,153.015301530153,6.780380545864919e-05
8501,153.03330333033304,6.779180612074953e-05
8502,153.05130513051304,6.776047027077438e-05
8503,153.06930693069307,6.771099721376163e-05
8504,153.0873087308731,6.764588898397253e-05
8505,153.1053105310531,6.756883583832144e-05
8506,153.12331233123314,6.748451884447699e-05
8507,153.14131413141314,6.739833937379764e-05
8508,153.15931593159317,6.731609045152114e-05
8509,153.17731773177317,6.724358931498592e-05
8510,153.1953195319532,6.718629385924799e-05
8511,153.2133213321332,6.714892763129449e-05
8512,153.23132313231324,6.713513846445167e-05
8513,153.24932493249327,6.714721461273454e-05
8514,153.26732673267327,6.71858793496634e-05
8515,153.2853285328533,6.725018055515612e-05
8516,153.3033303330333,6.733748606362898e-05
8517,153.32133213321333,6.744358883114672e-05
8518,153.33933393339333,6.756291873261962e-05
8519,153.35733573357336,6.76888505145644e-05
8520,153.37533753375337,6.781409062183199e-05
8521,153.3933393339334,6.793111978921353e-05
8522,153.41134113411343,6.803266388651622e-05
8523,153.42934293429343,6.81121628813025e-05
8524,153.44734473447346,6.81642071667153e-05
8525,153.46534653465346,6.818491197858463e-05
8526,153.4833483348335,6.817220412925098e-05
8527,153.5013501350135,6.812600059868324e-05
8528,153.51935193519353,6.804826529598654e-05
8529,153.53735373537353,6.794293807834219e-05
8530,153.55535553555356,6.781573835931866e-05
8531,153.5733573357336,6.767385379140255e-05
8532,153.5913591359136,6.752553201508753e-05
8533,153.60936093609362,6.737959982511555e-05
8534,153.62736273627362,6.724493889435691e-05
8535,153.64536453645366,6.712995011072333e-05
8536,153.66336633663366,6.704203944637202e-05
8537,153.6813681368137,6.698715705425368e-05
8538,153.6993699369937,6.696941807468697e-05
8539,153.71737173717372,6.699082865993793e-05
8540,153.73537353735375,6.705113432055241e-05
8541,153.75337533753375,6.714780027840225e-05
8542,153.77137713771378,6.727612554676459e-05
8543,153.7893789378938,6.74294844391018e-05
8544,153.80738073807382,6.759968162074268e-05
8545,153.82538253825382,6.777740011139035e-05
8546,153.84338433843385,6.795271621124481e-05
8547,153.86138613861385,6.8115651468447e-05
8548,153.87938793879388,6.825672974281735e-05
8549,153.8973897389739,6.836750725554497e-05
8550,153.91539153915392,6.844104524024779e-05
8551,153.93339333933395,6.847229831109694e-05
8552,153.95139513951395,6.845839671920449e-05
8553,153.96939693969398,6.839880696990056e-05
8554,153.98739873987398,6.82953624397451e-05
8555,154.005400540054,6.815216323216823e-05
8556,154.02340234023401,6.797535208948953e-05
8557,154.04140414041404,6.777278028463037e-05
8558,154.05940594059408,6.755358362678933e-05
8559,154.07740774077408,6.732769366688247e-05
8560,154.0954095409541,6.71053125953433e-05
8561,154.1134113411341,6.689638199872832e-05
8562,154.13141314131414,6.671007550301683e-05
8563,154.14941494149414,6.655434341415857e-05
8564,154.16741674167417,6.643553391368041e-05
8565,154.18541854185418,6.635811042178241e-05
8566,154.2034203420342,6.632447872711128e-05
8567,154.22142214221424,6.633493078608244e-05
8568,154.23942394239424,6.638770513403748e-05
8569,154.25742574257427,6.647915705126594e-05
8570,154.27542754275427,6.660402539461469e-05
8571,154.2934293429343,6.675577770103204e-05
8572,154.3114311431143,6.69270110886573e-05
8573,154.32943294329434,6.710988383867121e-05
8574,154.34743474347434,6.729655146065421e-05
8575,154.36543654365437,6.747958155383063e-05
8576,154.3834383438344,6.765232381050987e-05
8577,154.4014401440144,6.780921491303481e-05
8578,154.41944194419443,6.794600262163421e-05
8579,154.43744374437443,6.805987874585797e-05
8580,154.45544554455446,6.814951659969577e-05
8581,154.47344734473447,6.821501459711216e-05
8582,154.4914491449145,6.825775348180091e-05
8583,154.50945094509453,6.828017994818751e-05
8584,154.52745274527453,6.828553378035572e-05
8585,154.54545454545456,6.827753884508435e-05
8586,154.56345634563456,6.826008012768029e-05
8587,154.5814581458146,6.823688938098573e-05
8588,154.5994599459946,6.821126084724982e-05
8589,154.61746174617463,6.818581598425424e-05
8590,154.63546354635463,6.816233235039463e-05
8591,154.65346534653466,6.814164703374802e-05
8592,154.6714671467147,6.812363957427353e-05
8593,154.6894689468947,6.810729360369941e-05
8594,154.70747074707472,6.809083081666561e-05
8595,154.72547254725472,6.807190578782458e-05
8596,154.74347434743476,6.804784592733105e-05
8597,154.76147614761476,6.801591782360682e-05
8598,154.7794779477948,6.797359957255444e-05
8599,154.7974797479748,6.791883854664471e-05
8600,154.81548154815482,6.785027541078474e-05
8601,154.83348334833485,6.776741792479586e-05
8602,154.85148514851485,6.767075195955763e-05
8603,154.86948694869488,6.756178188337216e-05
8604,154.8874887488749,6.744299767488145e-05
8605,154.90549054905492,6.7317771387737e-05
8606,154.92349234923492,6.71901905342297e-05
8607,154.94149414941495,6.706484021163118e-05
8608,154.95949594959495,6.694654907371833e-05
8609,154.97749774977498,6.68401163464091e-05
8610,154.995499549955,6.675003789733659e-05
8611,155.01350135013502,6.668024889591532e-05
8612,155.03150315031505,6.663389894324342e-05
8613,155.04950495049505,6.661317289462676e-05
8614,155.06750675067508,6.661916718978417e-05
8615,155.08550855085508,6.665182763357097e-05
8616,155.1035103510351,6.670995053227062e-05
8617,155.12151215121511,6.679124517337549e-05
8618,155.13951395139514,6.689245209241898e-05
8619,155.15751575157518,6.700950860094582e-05
8620,155.17551755175518,6.713775079739033e-05
8621,155.1935193519352,6.727213982659742e-05
8622,155.2115211521152,6.740749951230359e-05
8623,155.22952295229524,6.753875262490874e-05
8624,155.24752475247524,6.766114388538167e-05
8625,155.26552655265527,6.777043923462885e-05
8626,155.28352835283528,6.786309278521648e-05
8627,155.3015301530153,6.793637507848008e-05
8628,155.31953195319534,6.798845865323245e-05
8629,155.33753375337534,6.801845935627314e-05
8630,155.35553555355537,6.802643416357895e-05
8631,155.37353735373537,6.80133384211278e-05
8632,155.3915391539154,6.798094725789374e-05
8633,155.4095409540954,6.793174739001951e-05
8634,155.42754275427544,6.786880656345227e-05
8635,155.44554455445544,6.779562843380239e-05
8636,155.46354635463547,6.771600074333057e-05
8637,155.4815481548155,6.763384424020606e-05
8638,155.4995499549955,6.755306893853386e-05
8639,155.51755175517553,6.747744311248612e-05
8640,155.53555355535553,6.741047895464917e-05
8641,155.55355535553556,6.735533722922418e-05
8642,155.57155715571557,6.731475165022946e-05
8643,155.5895589558956,6.729097225077625e-05
8644,155.6075607560756,6.72857258095218e-05
8645,155.62556255625563,6.730019056928912e-05
8646,155.64356435643566,6.733498209111953e-05
8647,155.66156615661566,6.739014716180933e-05
8648,155.6795679567957,6.746516319301057e-05
8649,155.6975697569757,6.755894144554453e-05
8650,155.71557155715573,6.766983357065236e-05
8651,155.73357335733573,6.779564223438423e-05
8652,155.75157515751576,6.793363781762605e-05
8653,155.76957695769576,6.808058419615087e-05
8654,155.7875787578758,6.823277725320409e-05
8655,155.80558055805582,6.838609994548211e-05
8656,155.82358235823583,6.853609736354459e-05
8657,155.84158415841586,6.867807428771848e-05
8658,155.85958595859586,6.880721628841066e-05
8659,155.8775877587759,6.891873356025507e-05
8660,155.8955895589559,6.90080245652449e-05
8661,155.91359135913592,6.90708543773834e-05
8662,155.93159315931592,6.910354057264935e-05
8663,155.94959495949595,6.910313779226186e-05
8664,155.96759675967598,6.906761090088871e-05
8665,155.985598559856,6.899598610227096e-05
8666,156.00360036003602,6.888846954864623e-05
8667,156.02160216021602,6.87465239142742e-05
8668,156.03960396039605,6.857289506313481e-05
8669,156.05760576057605,6.837158323526286e-05
8670,156.07560756075608,6.814775596542758e-05
8671,156.09360936093609,6.790760305619146e-05
8672,156.11161116111612,6.765813715780055e-05
8673,156.12961296129615,6.740694665708722e-05
8674,156.14761476147615,6.71619104527109e-05
8675,156.16561656165618,6.693088662249543e-05
8676,156.18361836183618,6.67213888294932e-05
8677,156.2016201620162,6.654026546368039e-05
8678,156.21962196219621,6.639339691374657e-05
8679,156.23762376237624,6.628542598677437e-05
8680,156.25562556255625,6.621953535967883e-05
8681,156.27362736273628,6.619728410626197e-05
8682,156.2916291629163,6.62185128782418e-05
8683,156.3096309630963,6.628132433259462e-05
8684,156.32763276327634,6.638214201573491e-05
8685,156.34563456345634,6.651584727775303e-05
8686,156.36363636363637,6.667599004951406e-05
8687,156.38163816381638,6.685506563298331e-05
8688,156.3996399639964,6.70448461970145e-05
8689,156.4176417641764,6.723675260426903e-05
8690,156.43564356435644,6.742224968306519e-05
8691,156.45364536453647,6.75932462527774e-05
8692,156.47164716471647,6.774248024614873e-05
8693,156.4896489648965,6.786386925142253e-05
8694,156.5076507650765,6.795280778874888e-05
8695,156.52565256525654,6.80063946588804e-05
8696,156.54365436543654,6.802357672256129e-05
8697,156.56165616561657,6.800519939066115e-05
8698,156.57965796579657,6.79539587698396e-05
8699,156.5976597659766,6.787425559853047e-05
8700,156.61566156615663,6.777195655322766e-05
8701,156.63366336633663,6.765407389593078e-05
8702,156.65166516651666,6.752837943869056e-05
8703,156.66966696669667,6.740297308822738e-05
8704,156.6876687668767,6.728582949335675e-05
8705,156.7056705670567,6.718434828836347e-05
8706,156.72367236723673,6.71049339144873e-05
8707,156.74167416741673,6.705262990670913e-05
8708,156.75967596759676,6.703082985431252e-05
8709,156.7776777677768,6.70410830913049e-05
8710,156.7956795679568,6.708300776445825e-05
8711,156.81368136813683,6.715431757772696e-05
8712,156.83168316831683,6.725096161582765e-05
8713,156.84968496849686,6.736736965301684e-05
8714,156.86768676867686,6.749678872263303e-05
8715,156.8856885688569,6.763169091226115e-05
8716,156.9036903690369,6.776422776376393e-05
8717,156.92169216921693,6.788670362230087e-05
8718,156.93969396939696,6.799203901311612e-05
8719,156.95769576957696,6.807419572471528e-05
8720,156.975697569757,6.812853770487327e-05
8721,156.993699369937,6.815210596476543e-05
8722,157.01170117011702,6.814379115208571e-05
8723,157.02970297029702,6.810439391720605e-05
8724,157.04770477047705,6.803657021300794e-05
8725,157.06570657065706,6.794466576409956e-05
8726,157.0837083708371,6.783445064559106e-05
8727,157.10171017101712,6.77127707968766e-05
8728,157.11971197119712,6.758713800424162e-05
8729,157.13771377137715,6.746528315436862e-05
8730,157.15571557155715,6.735469923467918e-05
8731,157.17371737173718,6.726220059606712e-05
8732,157.19171917191719,6.7193523469036e-05
8733,157.20972097209722,6.71529898029723e-05
8734,157.22772277227725,6.714325242568852e-05
8735,157.24572457245725,6.716513459604693e-05
8736,157.26372637263728,6.721757157483109e-05
8737,157.28172817281728,6.729765620017446e-05
8738,157.2997299729973,6.740078493783954e-05
8739,157.31773177317731,6.752089576177777e-05
8740,157.33573357335734,6.765078473721608e-05
8741,157.35373537353735,6.778248450343116e-05
8742,157.37173717371738,6.790768510732599e-05
8743,157.3897389738974,6.801817589052346e-05
8744,157.4077407740774,6.810628640398202e-05
8745,157.42574257425744,6.816530459771727e-05
8746,157.44374437443744,6.818985175960434e-05
8747,157.46174617461747,6.817619578074354e-05
8748,157.47974797479748,6.812248720811246e-05
8749,157.4977497749775,6.802890609153812e-05
8750,157.5157515751575,6.78977117064332e-05
8751,157.53375337533754,6.773319168315761e-05
8752,157.55175517551757,6.754151172745267e-05
8753,157.56975697569757,6.733047178696555e-05
8754,157.5877587758776,6.710917900668123e-05
8755,157.6057605760576,6.68876519146735e-05
8756,157.62376237623764,6.667637378491195e-05
8757,157.64176417641764,6.648581584531802e-05
8758,157.65976597659767,6.632595277244793e-05
8759,157.67776777677767,6.620579361391583e-05
8760,157.6957695769577,6.613295083196676e-05
8761,157.71377137713773,6.611326855316825e-05
8762,157.73177317731773,6.615052839296626e-05
8763,157.74977497749776,6.624624752015005e-05
8764,157.76777677767777,6.63995791182705e-05
8765,157.7857785778578,6.66073203256002e-05
8766,157.8037803780378,6.686402736857465e-05
8767,157.82178217821783,6.716223224423309e-05
8768,157.83978397839783,6.749275025572126e-05
8769,157.85778577857786,6.784506324481752e-05
8770,157.8757875787579,6.820775974353897e-05
8771,157.8937893789379,6.856901067784816e-05
8772,157.91179117911793,6.891705783047852e-05
8773,157.92979297929793,6.924069206525105e-05
8774,157.94779477947796,6.952969931682269e-05
8775,157.96579657965796,6.977525447122918e-05
8776,157.983798379838,6.9970246354804e-05
8777,158.001800180018,7.010952091118284e-05
8778,158.01980198019803,7.019003404010483e-05
8779,158.03780378037806,7.021091023833067e-05
8780,158.05580558055806,7.017340785823947e-05
8781,158.0738073807381,7.008079623081419e-05
8782,158.0918091809181,6.993815385981998e-05
8783,158.10981098109812,6.975210019381159e-05
8784,158.12781278127812,6.953047598020487e-05
8785,158.14581458145815,6.92819888119895e-05
8786,158.16381638163816,6.901584115950798e-05
8787,158.1818181818182,6.874135795836819e-05
8788,158.19981998199822,6.84676297719141e-05
8789,158.21782178217822,6.820318577772331e-05
8790,158.23582358235825,6.795570849112442e-05
8791,158.25382538253825,6.77317994055146e-05
8792,158.27182718271828,6.753680177993362e-05
8793,158.28982898289829,6.737468381659479e-05
8794,158.30783078307832,6.724798260806611e-05
8795,158.32583258325832,6.715780663391778e-05
8796,158.34383438343835,6.710389235606914e-05
8797,158.36183618361838,6.708470867034235e-05
8798,158.37983798379838,6.709760165032568e-05
8799,158.3978397839784,6.713897116493752e-05
8800,158.41584158415841,6.720447052917591e-05
8801,158.43384338433845,6.728922030252393e-05
8802,158.45184518451845,6.738802761268411e-05
8803,158.46984698469848,6.749560288187129e-05
8804,158.48784878487848,6.760676650274125e-05
8805,158.5058505850585,6.771663879793591e-05
8806,158.52385238523854,6.782080746488113e-05
8807,158.54185418541854,6.791546763773744e-05
8808,158.55985598559857,6.799753068908519e-05
8809,158.57785778577858,6.806469895349765e-05
8810,158.5958595859586,6.81155046959826e-05
8811,158.6138613861386,6.814931287803303e-05
8812,158.63186318631864,6.81662885883865e-05
8813,158.64986498649864,6.816733138162059e-05
8814,158.66786678667867,6.81539801607425e-05
8815,158.6858685868587,6.812829358341567e-05
8816,158.7038703870387,6.809271218076514e-05
8817,158.72187218721874,6.804990935760781e-05
8818,158.73987398739874,6.800263909760678e-05
8819,158.75787578757877,6.795358844167672e-05
8820,158.77587758775877,6.790524258155751e-05
8821,158.7938793879388,6.785976968492727e-05
8822,158.8118811881188,6.781893135704992e-05
8823,158.82988298829883,6.778402300443699e-05
8824,158.84788478847886,6.775584639908742e-05
8825,158.86588658865887,6.773471458485995e-05
8826,158.8838883888389,6.772048708313734e-05
8827,158.9018901890189,6.771263131698552e-05
8828,158.91989198919893,6.771030444971465e-05
8829,158.93789378937893,6.77124485711578e-05
8830,158.95589558955896,6.771789147174518e-05
8831,158.97389738973897,6.772544518025839e-05
8832,158.991899189919,6.773399500961703e-05
8833,159.00990099009903,6.77425730022978e-05
8834,159.02790279027903,6.77504112862246e-05
8835,159.04590459045906,6.77569727930204e-05
8836,159.06390639063906,6.776195887438323e-05
8837,159.0819081908191,6.776529538822633e-05
8838,159.0999099909991,6.776710063000253e-05
8839,159.11791179117913,6.776763989660314e-05
8840,159.13591359135913,6.776727237029512e-05
8841,159.15391539153916,6.776639632908937e-05
8842,159.1719171917192,6.776539841544792e-05
8843,159.1899189918992,6.77646118724935e-05
8844,159.20792079207922,6.776428738344184e-05
8845,159.22592259225922,6.77645785654224e-05
8846,159.24392439243925,6.776554244089332e-05
8847,159.26192619261926,6.776715351733692e-05
8848,159.2799279927993,6.776932862138962e-05
8849,159.2979297929793,6.777195850614155e-05
8850,159.31593159315932,6.777494159147545e-05
8851,159.33393339333935,6.77782150696619e-05
8852,159.35193519351935,6.778177902007368e-05
8853,159.36993699369938,6.778571008029146e-05
8854,159.38793879387939,6.779016251773573e-05
8855,159.40594059405942,6.779535609657501e-05
8856,159.42394239423942,6.780155177175595e-05
8857,159.44194419441945,6.780901778735815e-05
8858,159.45994599459945,6.781799003878424e-05
8859,159.47794779477948,6.782863143096231e-05
8860,159.4959495949595,6.78409953213708e-05
8861,159.51395139513951,6.785499792324711e-05
8862,159.53195319531955,6.787040376608186e-05
8863,159.54995499549955,6.788682703341462e-05
8864,159.56795679567958,6.790374994388702e-05
8865,159.58595859585958,6.792055747719426e-05
8866,159.6039603960396,6.793658586791922e-05
8867,159.6219621962196,6.795118060245758e-05
8868,159.63996399639964,6.796375835043881e-05
8869,159.65796579657967,6.797386650194068e-05
8870,159.67596759675968,6.798123387312273e-05
8871,159.6939693969397,6.79858067273872e-05
8872,159.7119711971197,6.79877655050857e-05
8873,159.72997299729974,6.79875194571632e-05
8874,159.74797479747974,6.798567856665154e-05
8875,159.76597659765977,6.798300449693974e-05
8876,159.78397839783977,6.798034457983817e-05
8877,159.8019801980198,6.797855480045915e-05
8878,159.81998199819984,6.797841912636596e-05
8879,159.83798379837984,6.79805731929511e-05
8880,159.85598559855987,6.79854401956841e-05
8881,159.87398739873987,6.799318583908967e-05
8882,159.8919891989199,6.800369742959531e-05
8883,159.9099909990999,6.801658983826935e-05
8884,159.92799279927993,6.803123833456965e-05
8885,159.94599459945994,6.804683548570611e-05
8886,159.96399639963997,6.806246672829201e-05
8887,159.98199819982,6.807719713502597e-05
8888,160.0,6.80901605581913e-05
8889,160.01800180018003,6.810064189812831e-05
8890,160.03600360036003,6.810814378859109e-05
8891,160.05400540054006,6.811243047730558e-05
8892,160.07200720072007,6.81135439711558e-05
8893,160.0900090009001,6.811179038287188e-05
8894,160.10801080108013,6.810769756432269e-05
8895,160.12601260126013,6.810194820888878e-05
8896,160.14401440144016,6.809529531977081e-05
8897,160.16201620162016,6.808846897597794e-05
8898,160.1800180018002,6.808208445488393e-05
8899,160.1980198019802,6.807656185512738e-05
8900,160.21602160216023,6.807206638074634e-05
8901,160.23402340234023,6.806847648397139e-05
8902,160.25202520252026,6.806538431107765e-05
8903,160.2700270027003,6.806212962833751e-05
8904,160.2880288028803,6.80578649536279e-05
8905,160.30603060306032,6.805164633454685e-05
8906,160.32403240324032,6.804254143057785e-05
8907,160.34203420342035,6.802974455911832e-05
8908,160.36003600360036,6.801268735765364e-05
8909,160.3780378037804,6.799113380222399e-05
8910,160.3960396039604,6.796524950182513e-05
8911,160.41404140414042,6.793563734869416e-05
8912,160.43204320432045,6.790333454057149e-05
8913,160.45004500450045,6.786976942563408e-05
8914,160.46804680468048,6.783668023275351e-05
8915,160.48604860486049,6.780600120597708e-05
8916,160.50405040504052,6.777972464973525e-05
8917,160.52205220522052,6.775974964603848e-05
8918,160.54005400540055,6.77477295345576e-05
8919,160.55805580558055,6.774493054549547e-05
8920,160.57605760576058,6.775211323159276e-05
8921,160.5940594059406,6.77694466382351e-05
8922,160.61206120612061,6.779646263868383e-05
8923,160.63006300630065,6.783205476752017e-05
8924,160.64806480648065,6.787452247358975e-05
8925,160.66606660666068,6.792165826617196e-05
8926,160.68406840684068,6.797087202028106e-05
8927,160.7020702070207,6.801934398618004e-05
8928,160.7200720072007,6.806419601435753e-05
8929,160.73807380738074,6.810266929947566e-05
8930,160.75607560756077,6.81322966348608e-05
8931,160.77407740774078,6.81510577505477e-05
8932,160.7920792079208,6.815750771098079e-05
8933,160.8100810081008,6.815087044001494e-05
8934,160.82808280828084,6.8131092038218e-05
8935,160.84608460846084,6.809885144404196e-05
8936,160.86408640864087,6.805552893326805e-05
8937,160.88208820882087,6.800313571967071e-05
8938,160.9000900090009,6.794421030438931e-05
8939,160.91809180918094,6.788168905017477e-05
8940,160.93609360936094,6.78187596097352e-05
8941,160.95409540954097,6.775870625723851e-05
8942,160.97209720972097,6.770475586842005e-05
8943,160.990099009901,6.765993234411441e-05
8944,161.008100810081,6.762692581048518e-05
8945,161.02610261026103,6.760798113984518e-05
8946,161.04410441044104,6.760480843047333e-05
8947,161.06210621062107,6.761851628071045e-05
8948,161.0801080108011,6.76495671932972e-05
8949,161.0981098109811,6.769775341108094e-05
8950,161.11611161116113,6.77621910149192e-05
8951,161.13411341134113,6.784133023309654e-05
8952,161.15211521152116,6.793298056108585e-05
8953,161.17011701170117,6.803435033313539e-05
8954,161.1881188118812,6.814210161810851e-05
8955,161.2061206120612,6.825242248069017e-05
8956,161.22412241224123,6.836111948907244e-05
8957,161.24212421242126,6.846373361327603e-05
8958,161.26012601260126,6.855568214942348e-05
8959,161.2781278127813,6.86324279151242e-05
8960,161.2961296129613,6.86896746901844e-05
8961,161.31413141314133,6.87235848491e-05
8962,161.33213321332133,6.873101159428586e-05
8963,161.35013501350136,6.870973450612191e-05
8964,161.36813681368136,6.865868370919739e-05
8965,161.3861386138614,6.857813527938735e-05
8966,161.40414041404142,6.846985903226237e-05
8967,161.42214221422142,6.833719991697427e-05
8968,161.44014401440145,6.818507614478977e-05
8969,161.45814581458146,6.80198809958411e-05
8970,161.4761476147615,6.784928086558797e-05
8971,161.4941494149415,6.768190922619792e-05
8972,161.51215121512152,6.752696429069912e-05
8973,161.53015301530152,6.739372662862178e-05
8974,161.54815481548155,6.729102104066756e-05
8975,161.56615661566158,6.722665387617462e-05
8976,161.58415841584159,6.720686193755377e-05
8977,161.60216021602162,6.723581155189714e-05
8978,161.62016201620162,6.731518588751834e-05
8979,161.63816381638165,6.744389498576414e-05
8980,161.65616561656165,6.761793637805571e-05
8981,161.67416741674168,6.783042495896494e-05
8982,161.69216921692168,6.807179963981655e-05
8983,161.71017101710171,6.833020207096618e-05
8984,161.72817281728175,6.859201038251639e-05
8985,161.74617461746175,6.884249948150562e-05
8986,161.76417641764178,6.906658993088561e-05
8987,161.78217821782178,6.924964064420679e-05
8988,161.8001800180018,6.937823715135157e-05
8989,161.8181818181818,6.944092732626757e-05
8990,161.83618361836184,6.942886019789557e-05
8991,161.85418541854185,6.933629045019675e-05
8992,161.87218721872188,6.91609208285299e-05
8993,161.8901890189019,6.890406605334804e-05
8994,161.9081908190819,6.857063400192186e-05
8995,161.92619261926194,6.816893181394698e-05
8996,161.94419441944194,6.771031522468429e-05
8997,161.96219621962197,6.720870799930528e-05
8998,161.98019801980197,6.668002423464332e-05
8999,161.998199819982,6.614152919320388e-05
9000,162.016201620162,6.561117422916131e-05
9001,162.03420342034204,6.51069385429358e-05
9002,162.05220522052207,6.464620550127556e-05
9003,162.07020702070207,6.424519481202954e-05
9004,162.0882088208821,6.391846477716e-05
9005,162.1062106210621,6.367849199983633e-05
9006,162.12421242124213,6.353533003927207e-05
9007,162.14221422142214,6.349634416752794e-05
9008,162.16021602160217,6.35660169309396e-05
9009,162.17821782178217,6.374581873428811e-05
9010,162.1962196219622,6.403413895839333e-05
9011,162.21422142214223,6.442627576099211e-05
9012,162.23222322232223,6.491448608145537e-05
9013,162.25022502250226,6.548810075055613e-05
9014,162.26822682268227,6.613371225951527e-05
9015,162.2862286228623,6.683544400770648e-05
9016,162.3042304230423,6.757530922818889e-05
9017,162.32223222322233,6.833366501767512e-05
9018,162.34023402340233,6.908976197857076e-05
9019,162.35823582358236,6.982238320667635e-05
9020,162.3762376237624,7.051055828459905e-05
9021,162.3942394239424,7.113432933859412e-05
9022,162.41224122412243,7.167553799343169e-05
9023,162.43024302430243,7.211859516857682e-05
9024,162.44824482448246,7.245119099443437e-05
9025,162.46624662466246,7.266490042694826e-05
9026,162.4842484248425,7.275564189745849e-05
9027,162.5022502250225,7.272395173955041e-05
9028,162.52025202520252,7.257504603209747e-05
9029,162.53825382538255,7.231865339135962e-05
9030,162.55625562556256,7.196861632940902e-05
9031,162.5742574257426,7.15422740209053e-05
9032,162.5922592259226,7.105965448028069e-05
9033,162.61026102610262,7.054251799385602e-05
9034,162.62826282628262,7.001330498977657e-05
9035,162.64626462646265,6.949404935243801e-05
9036,162.66426642664266,6.900532175846943e-05
9037,162.68226822682269,6.856526653272856e-05
9038,162.70027002700272,6.818878978402298e-05
9039,162.71827182718272,6.78869465611021e-05
9040,162.73627362736275,6.766656121194549e-05
9041,162.75427542754275,6.753009907614009e-05
9042,162.77227722772278,6.747579034606278e-05
9043,162.79027902790278,6.749798975698619e-05
9044,162.80828082808281,6.758774005606378e-05
9045,162.82628262826285,6.773349417454086e-05
9046,162.84428442844285,6.792194167393166e-05
9047,162.86228622862288,6.813888002818816e-05
9048,162.88028802880288,6.837007094369956e-05
9049,162.8982898289829,6.860202611981914e-05
9050,162.9162916291629,6.882267514824428e-05
9051,162.93429342934294,6.902187984074615e-05
9052,162.95229522952295,6.919177310293065e-05
9053,162.97029702970298,6.932691531545004e-05
9054,162.988298829883,6.942427576735585e-05
9055,163.006300630063,6.948305979105127e-05
9056,163.02430243024304,6.950441281961668e-05
9057,163.04230423042304,6.949103982300977e-05
9058,163.06030603060307,6.94467819959345e-05
9059,163.07830783078307,6.937619203837952e-05
9060,163.0963096309631,6.928414512018794e-05
9061,163.1143114311431,6.917551521530045e-05
9062,163.13231323132314,6.905493676461613e-05
9063,163.15031503150317,6.892666060618141e-05
9064,163.16831683168317,6.879450191862894e-05
9065,163.1863186318632,6.866186766764018e-05
9066,163.2043204320432,6.853184271888122e-05
9067,163.22232223222323,6.840730816943005e-05
9068,163.24032403240324,6.829106305753695e-05
9069,163.25832583258327,6.818592161541914e-05
9070,163.27632763276327,6.809476246787054e-05
9071,163.2943294329433,6.802051316247595e-05
9072,163.31233123312333,6.796606238073469e-05
9073,163.33033303330333,6.793410215729595e-05
9074,163.34833483348336,6.792691235373111e-05
9075,163.36633663366337,6.794610841888212e-05
9076,163.3843384338434,6.799238015000006e-05
9077,163.4023402340234,6.806525298011046e-05
9078,163.42034203420343,6.816290377131816e-05
9079,163.43834383438343,6.828206003926336e-05
9080,163.45634563456346,6.84180051737494e-05
9081,163.4743474347435,6.856470309893719e-05
9082,163.4923492349235,6.871504477144669e-05
9083,163.51035103510353,6.886120700057359e-05
9084,163.52835283528353,6.89951024621653e-05
9085,163.54635463546356,6.910888963953629e-05
9086,163.56435643564356,6.919550382026829e-05
9087,163.5823582358236,6.924916604440482e-05
9088,163.6003600360036,6.92658265657345e-05
9089,163.61836183618362,6.924350311283098e-05
9090,163.63636363636365,6.91824817870973e-05
9091,163.65436543654366,6.90853591995304e-05
9092,163.6723672367237,6.895691748849945e-05
9093,163.6903690369037,6.880383799907735e-05
9094,163.70837083708372,6.863427333264189e-05
9095,163.72637263726372,6.845730988221112e-05
9096,163.74437443744375,6.828236266830189e-05
9097,163.76237623762376,6.811855033940937e-05
9098,163.78037803780379,6.797409999723954e-05
9099,163.79837983798382,6.785582884927534e-05
9100,163.81638163816382,6.776874280674109e-05
9101,163.83438343834385,6.771578166980797e-05
9102,163.85238523852385,6.769772745872207e-05
9103,163.87038703870388,6.77132779984193e-05
9104,163.88838883888388,6.775927341749042e-05
9105,163.90639063906391,6.783105014972352e-05
9106,163.92439243924392,6.792288655948649e-05
9107,163.94239423942395,6.802849742099806e-05
9108,163.96039603960398,6.814153177874784e-05
9109,163.97839783978398,6.82560303961316e-05
9110,163.996399639964,6.836680481975654e-05
9111,164.014401440144,6.846970939605943e-05
9112,164.03240324032404,6.8561789381515e-05
9113,164.05040504050405,6.864130135618173e-05
9114,164.06840684068408,6.87076151400501e-05
9115,164.08640864086408,6.876101800693965e-05
9116,164.1044104410441,6.880245103788968e-05
9117,164.12241224122414,6.883321307997181e-05
9118,164.14041404140414,6.885466946858993e-05
9119,164.15841584158417,6.886800033779707e-05
9120,164.17641764176417,6.887401731039812e-05
9121,164.1944194419442,6.887306833571754e-05
9122,164.2124212421242,6.886503943955321e-05
9123,164.23042304230424,6.884945037460331e-05
9124,164.24842484248424,6.88256298837724e-05
9125,164.26642664266427,6.879294671954973e-05
9126,164.2844284428443,6.875106571439446e-05
9127,164.3024302430243,6.870019478808328e-05
9128,164.32043204320433,6.86412891591677e-05
9129,164.33843384338434,6.85761831497445e-05
9130,164.35643564356437,6.850762739551271e-05
9131,164.37443744374437,6.843921921516817e-05
9132,164.3924392439244,6.837522531615562e-05
9133,164.4104410441044,6.832030773127622e-05
9134,164.42844284428443,6.827917468163873e-05
9135,164.44644464446446,6.825618683326924e-05
9136,164.46444644464447,6.825495525493764e-05
9137,164.4824482448245,6.827796968928714e-05
9138,164.5004500450045,6.832629426928076e-05
9139,164.51845184518453,6.839936267384874e-05
9140,164.53645364536453,6.849489640489419e-05
9141,164.55445544554456,6.860895917254203e-05
9142,164.57245724572456,6.87361483108854e-05
9143,164.5904590459046,6.886991184968694e-05
9144,164.60846084608463,6.900296848764136e-05
9145,164.62646264626463,6.912779830176653e-05
9146,164.64446444644466,6.923716544244249e-05
9147,164.66246624662466,6.932463089059804e-05
9148,164.6804680468047,6.938501385857606e-05
9149,164.6984698469847,6.941476452728004e-05
9150,164.71647164716472,6.941221813324982e-05
9151,164.73447344734473,6.937771027301113e-05
9152,164.75247524752476,6.931354478738144e-05
9153,164.7704770477048,6.92238177048774e-05
9154,164.7884788478848,6.911411240473727e-05
9155,164.80648064806482,6.899109140824342e-05
9156,164.82448244824482,6.886201816796655e-05
9157,164.84248424842485,6.873424725954886e-05
9158,164.86048604860486,6.861472311633812e-05
9159,164.87848784878489,6.850952580202165e-05
9160,164.8964896489649,6.842349750082631e-05
9161,164.91449144914492,6.835997589713167e-05
9162,164.93249324932495,6.832065111582639e-05
9163,164.95049504950495,6.830555225771537e-05
9164,164.96849684968498,6.831315872746503e-05
9165,164.98649864986498,6.834062145047548e-05
9166,165.00450045004501,6.838407056327061e-05
9167,165.02250225022502,6.843897993870753e-05
9168,165.04050405040505,6.850055545852259e-05
9169,165.05850585058505,6.856411350432308e-05
9170,165.07650765076508,6.862541866575635e-05
9171,165.0945094509451,6.868095485750394e-05
9172,165.1125112511251,6.872811135480835e-05
9173,165.13051305130514,6.876527397408526e-05
9174,165.14851485148515,6.879182089530654e-05
9175,165.16651665166518,6.880803156036665e-05
9176,165.18451845184518,6.881492484273364e-05
9177,165.2025202520252,6.881404854719932e-05
9178,165.2205220522052,6.880724573460265e-05
9179,165.23852385238524,6.879642408906768e-05
9180,165.25652565256527,6.87833525412793e-05
9181,165.27452745274528,6.876950489297543e-05
9182,165.2925292529253,6.875596376858789e-05
9183,165.3105310531053,6.874339056381842e-05
9184,165.32853285328534,6.873205901077933e-05
9185,165.34653465346534,6.872194242008654e-05
9186,165.36453645364537,6.871283842611486e-05
9187,165.38253825382537,6.870451084594444e-05
9188,165.4005400540054,6.869682654142349e-05
9189,165.41854185418543,6.868986615023594e-05
9190,165.43654365436544,6.868399112880764e-05
9191,165.45454545454547,6.867985533477164e-05
9192,165.47254725472547,6.867835671900013e-05
9193,165.4905490549055,6.868053275518509e-05
9194,165.5085508550855,6.868741106588848e-05
9195,165.52655265526553,6.869983336786141e-05
9196,165.54455445544554,6.871827552562067e-05
9197,165.56255625562557,6.874268854685644e-05
9198,165.5805580558056,6.877238443606021e-05
9199,165.5985598559856,6.880598693471718e-05
9200,165.61656165616563,6.884146065063877e-05
9201,165.63456345634563,6.887622356399469e-05
9202,165.65256525652566,6.890733829354325e-05
9203,165.67056705670566,6.893176787151477e-05
9204,165.6885688568857,6.894667321114554e-05
9205,165.70657065706573,6.894972297937055e-05
9206,165.72457245724573,6.893938303450728e-05
9207,165.74257425742576,6.891515248582173e-05
9208,165.76057605760576,6.887771694629522e-05
9209,165.7785778577858,6.88289964566128e-05
9210,165.7965796579658,6.877207525271923e-05
9211,165.81458145814582,6.871101210278118e-05
9212,165.83258325832583,6.865054219213798e-05
9213,165.85058505850586,6.859569321541044e-05
9214,165.8685868586859,6.855134819495914e-05
9215,165.8865886588659,6.85217944931636e-05
9216,165.90459045904592,6.851030170857691e-05
9217,165.92259225922592,6.85187701975186e-05
9218,165.94059405940595,6.854748682002932e-05
9219,165.95859585958596,6.859501558051225e-05
9220,165.97659765976599,6.865823892183275e-05
9221,165.994599459946,6.873255165669353e-05
9222,166.01260126012602,6.881219520583322e-05
9223,166.03060306030605,6.889070635400593e-05
9224,166.04860486048605,6.896144345654067e-05
9225,166.06660666066608,6.901814505195559e-05
9226,166.08460846084608,6.905547196326972e-05
9227,166.10261026102611,6.90694846088461e-05
9228,166.12061206120612,6.905801236321969e-05
9229,166.13861386138615,6.902088094828115e-05
9230,166.15661566156615,6.895997615031343e-05
9231,166.17461746174618,6.887913650500848e-05
9232,166.1926192619262,6.878388264124486e-05
9233,166.2106210621062,6.868100533932492e-05
9234,166.22862286228624,6.857804673075252e-05
9235,166.24662466246625,6.848271833300313e-05
9236,166.26462646264628,6.840230496139691e-05
9237,166.28262826282628,6.834310454758834e-05
9238,166.3006300630063,6.83099504790054e-05
9239,166.3186318631863,6.830585561271961e-05
9240,166.33663366336634,6.833180632415528e-05
9241,166.35463546354637,6.83867218238792e-05
9242,166.37263726372638,6.846757970093375e-05
9243,166.3906390639064,6.856969449415912e-05
9244,166.4086408640864,6.868712328451364e-05
9245,166.42664266426644,6.881316193099008e-05
9246,166.44464446444644,6.894088849725944e-05
9247,166.46264626462647,6.906370719163427e-05
9248,166.48064806480647,6.917584698337791e-05
9249,166.4986498649865,6.927277382524024e-05
9250,166.51665166516653,6.93514836331671e-05
9251,166.53465346534654,6.941065408973916e-05
9252,166.55265526552657,6.945064597001764e-05
9253,166.57065706570657,6.947335792626463e-05
9254,166.5886588658866,6.948195136300442e-05
9255,166.6066606660666,6.9480473096658e-05
9256,166.62466246624663,6.947341198567091e-05
9257,166.64266426642664,6.946523092678682e-05
9258,166.66066606660667,6.945991711789561e-05
9259,166.6786678667867,6.946059118688471e-05
9260,166.6966696669667,6.946920990970666e-05
9261,166.71467146714673,6.948638833141296e-05
9262,166.73267326732673,6.951135596875555e-05
9263,166.75067506750676,6.954204941591056e-05
9264,166.76867686768676,6.957533120842325e-05
9265,166.7866786678668,6.960731334769242e-05
9266,166.8046804680468,6.963375448209663e-05
9267,166.82268226822683,6.96504932293922e-05
9268,166.84068406840686,6.965387709275925e-05
9269,166.85868586858686,6.964114713415915e-05
9270,166.8766876687669,6.961074294051764e-05
9271,166.8946894689469,6.956250002545669e-05
9272,166.91269126912692,6.949772192248967e-05
9273,166.93069306930693,6.941912087919612e-05
9274,166.94869486948696,6.933063314646301e-05
9275,166.96669666966696,6.923712622660206e-05
9276,166.984698469847,6.914402502932844e-05
9277,167.00270027002702,6.905689079753202e-05
9278,167.02070207020702,6.898099028787059e-05
9279,167.03870387038705,6.892089273787628e-05
9280,167.05670567056706,6.888012869261869e-05
9281,167.0747074707471,6.886093821848713e-05
9282,167.0927092709271,6.886412711810692e-05
9283,167.11071107110712,6.888903941909399e-05
9284,167.12871287128712,6.893364370072101e-05
9285,167.14671467146715,6.899472081317693e-05
9286,167.16471647164718,6.906813219399514e-05
9287,167.18271827182718,6.914914204951242e-05
9288,167.20072007200721,6.923276361874962e-05
9289,167.21872187218722,6.931409972289041e-05
9290,167.23672367236725,6.938865064716271e-05
9291,167.25472547254725,6.945256762942254e-05
9292,167.27272727272728,6.950283713609898e-05
9293,167.29072907290728,6.953738884513476e-05
9294,167.3087308730873,6.955512794238338e-05
9295,167.32673267326734,6.95558991527042e-05
9296,167.34473447344735,6.954039520657869e-05
9297,167.36273627362738,6.95100257500882e-05
9298,167.38073807380738,6.946676386775197e-05
9299,167.3987398739874,6.941298650053022e-05
9300,167.4167416741674,6.93513224422033e-05
9301,167.43474347434744,6.928451780604707e-05
9302,167.45274527452744,6.921532449512861e-05
9303,167.47074707470748,6.914641292611297e-05
9304,167.4887488748875,6.90803066231957e-05
9305,167.5067506750675,6.901933375134878e-05
9306,167.52475247524754,6.896558944284756e-05
9307,167.54275427542754,6.892090292369795e-05
9308,167.56075607560757,6.888680479959074e-05
9309,167.57875787578757,6.886449207953555e-05
9310,167.5967596759676,6.885479115391404e-05
9311,167.6147614761476,6.88581215164028e-05
9312,167.63276327632764,6.88744650721521e-05
9313,167.65076507650767,6.890334705109991e-05
9314,167.66876687668767,6.894383463475474e-05
9315,167.6867686768677,6.899455836884565e-05
9316,167.7047704770477,6.905375940741827e-05
9317,167.72277227722773,6.911936289958797e-05
9318,167.74077407740774,6.918907477566223e-05
9319,167.75877587758777,6.926049624800349e-05
9320,167.77677767776777,6.933124793012656e-05
9321,167.7947794779478,6.939909393552246e-05
9322,167.81278127812783,6.946205586404797e-05
9323,167.83078307830783,6.951850728738017e-05
9324,167.84878487848786,6.9567241119739e-05
9325,167.86678667866786,6.960750488083416e-05
9326,167.8847884788479,6.963900199596343e-05
9327,167.9027902790279,6.966186054894758e-05
9328,167.92079207920793,6.967657392082847e-05
9329,167.93879387938793,6.968392017422836e-05
9330,167.95679567956796,6.968486863466426e-05
9331,167.974797479748,6.968048274874159e-05
9332,167.992799279928,6.96718279648373e-05
9333,168.01080108010802,6.965989220123351e-05
9334,168.02880288028803,6.964552464812032e-05
9335,168.04680468046806,6.962939645664432e-05
9336,168.06480648064806,6.961198457735169e-05
9337,168.0828082808281,6.959357787342013e-05
9338,168.1008100810081,6.957430284548158e-05
9339,168.11881188118812,6.955416498284994e-05
9340,168.13681368136815,6.953310093797906e-05
9341,168.15481548154816,6.951103637255436e-05
9342,168.1728172817282,6.948794435925384e-05
9343,168.1908190819082,6.946389953343035e-05
9344,168.20882088208822,6.943912366876456e-05
9345,168.22682268226822,6.94140189235643e-05
9346,168.24482448244825,6.938918563642321e-05
9347,168.26282628262825,6.936542225387309e-05
9348,168.28082808280828,6.934370579750114e-05
9349,168.29882988298831,6.932515228904465e-05
9350,168.31683168316832,6.93109578039641e-05
9351,168.33483348334835,6.930232233321132e-05
9352,168.35283528352835,6.930036035396838e-05
9353,168.37083708370838,6.930600382327455e-05
9354,168.38883888388838,6.931990502075314e-05
9355,168.4068406840684,6.934234802939911e-05
9356,168.42484248424844,6.937317838386668e-05
9357,168.44284428442845,6.941176027993848e-05
9358,168.46084608460848,6.945696953918896e-05
9359,168.47884788478848,6.950722818193126e-05
9360,168.4968496849685,6.956058304685134e-05
9361,168.5148514851485,6.961482663472188e-05
9362,168.53285328532854,6.966765362839508e-05
9363,168.55085508550854,6.971684185754667e-05
9364,168.56885688568858,6.9760442411694e-05
9365,168.5868586858686,6.979696073805214e-05
9366,168.6048604860486,6.982550939545044e-05
9367,168.62286228622864,6.984591402356372e-05
9368,168.64086408640864,6.98587571650203e-05
9369,168.65886588658867,6.986534972737859e-05
9370,168.67686768676867,6.986762670706966e-05
9371,168.6948694869487,6.986797168907599e-05
9372,168.7128712871287,6.98689827687235e-05
9373,168.73087308730874,6.98731999978066e-05
9374,168.74887488748877,6.988282032125472e-05
9375,168.76687668766877,6.989942944127708e-05
9376,168.7848784878488,6.99237805405614e-05
9377,168.8028802880288,6.995564703490018e-05
9378,168.82088208820883,6.999377058456144e-05
9379,168.83888388838884,7.003591691734243e-05
9380,168.85688568856887,7.007904138700563e-05
9381,168.87488748874887,7.011955465687496e-05
9382,168.8928892889289,7.015366766721023e-05
9383,168.91089108910893,7.017778535330966e-05
9384,168.92889288928893,7.018891155746012e-05
9385,168.94689468946896,7.018502411056793e-05
9386,168.96489648964896,7.016537969051442e-05
9387,168.982898289829,7.013071291669511e-05
9388,169.000900090009,7.00833028906461e-05
9389,169.01890189018903,7.002689229350289e-05
9390,169.03690369036903,6.996645809898564e-05
9391,169.05490549054906,6.990784760520508e-05
9392,169.0729072907291,6.985730736933794e-05
9393,169.0909090909091,6.982094432577729e-05
9394,169.10891089108912,6.980416664841566e-05
9395,169.12691269126913,6.981115586591042e-05
9396,169.14491449144916,6.984442085365461e-05
9397,169.16291629162916,6.990447857460158e-05
9398,169.1809180918092,6.998969626520171e-05
9399,169.1989198919892,7.009631603912844e-05
9400,169.21692169216922,7.021866683727794e-05
9401,169.23492349234925,7.0349551747684e-05
9402,169.25292529252926,7.048078250712663e-05
9403,169.2709270927093,7.060381897783283e-05
9404,169.2889288928893,7.071046087571179e-05
9405,169.30693069306932,7.079353300654771e-05
9406,169.32493249324932,7.084750433797926e-05
9407,169.34293429342935,7.086898554035359e-05
9408,169.36093609360935,7.085705884977072e-05
9409,169.37893789378938,7.081340749316801e-05
9410,169.39693969396941,7.074222835782176e-05
9411,169.41494149414942,7.06499297122474e-05
9412,169.43294329432945,7.054463407240516e-05
9413,169.45094509450945,7.0435523219017e-05
9414,169.46894689468948,7.033207648009014e-05
9415,169.48694869486948,7.024326349420237e-05
9416,169.5049504950495,7.017675788230164e-05
9417,169.52295229522952,7.013823808757885e-05
9418,169.54095409540955,7.013083603270866e-05
9419,169.55895589558958,7.01547835650822e-05
9420,169.57695769576958,7.020729169482576e-05
9421,169.5949594959496,7.028267950809433e-05
9422,169.6129612961296,7.03727497548709e-05
9423,169.63096309630964,7.046738802168006e-05
9424,169.64896489648964,7.055534370257988e-05
9425,169.66696669666968,7.062513519316173e-05
9426,169.68496849684968,7.066601016915686e-05
9427,169.7029702970297,7.066888548514916e-05
9428,169.72097209720974,7.062719076034057e-05
9429,169.73897389738974,7.053754527927293e-05
9430,169.75697569756977,7.040020912452589e-05
9431,169.77497749774977,7.021926571283143e-05
9432,169.7929792979298,7.000251294934217e-05
9433,169.8109810981098,6.976106254002712e-05
9434,169.82898289828984,6.950866988327874e-05
9435,169.84698469846984,6.926083858727567e-05
9436,169.86498649864987,6.903376227671969e-05
9437,169.8829882988299,6.884318041175938e-05
9438,169.9009900990099,6.87032331286555e-05
9439,169.91899189918993,6.862540185493937e-05
9440,169.93699369936994,6.86176173967887e-05
9441,169.95499549954997,6.868360563800537e-05
9442,169.97299729972997,6.88225237587818e-05
9443,169.99099909991,6.902891828521382e-05
9444,170.00900090009,6.929301199920305e-05
9445,170.02700270027003,6.960130169459895e-05
9446,170.04500450045006,6.993742496221335e-05
9447,170.06300630063006,7.028323354062724e-05
9448,170.0810081008101,7.061999495017979e-05
9449,170.0990099009901,7.092963441208863e-05
9450,170.11701170117013,7.119592622140974e-05
9451,170.13501350135013,7.140554800214015e-05
9452,170.15301530153016,7.154892225223025e-05
9453,170.17101710171016,7.162078635989542e-05
9454,170.1890189018902,7.162045344551144e-05
9455,170.20702070207022,7.155175021030105e-05
9456,170.22502250225023,7.142264251139253e-05
9457,170.24302430243026,7.124458265805459e-05
9458,170.26102610261026,7.103163259750395e-05
9459,170.2790279027903,7.079943268105097e-05
9460,170.2970297029703,7.056409543750248e-05
9461,170.31503150315032,7.034110709695135e-05
9462,170.33303330333032,7.014431641368018e-05
9463,170.35103510351036,6.998508107766569e-05
9464,170.3690369036904,6.987162760918478e-05
9465,170.3870387038704,6.980866241986438e-05
9466,170.40504050405042,6.979725128202883e-05
9467,170.42304230423042,6.983496348589378e-05
9468,170.44104410441045,6.991625716633052e-05
9469,170.45904590459045,7.00330651685477e-05
9470,170.47704770477048,7.017552763197503e-05
9471,170.4950495049505,7.033280906672075e-05
9472,170.51305130513052,7.049393451216609e-05
9473,170.53105310531055,7.064858139548666e-05
9474,170.54905490549055,7.078777052387827e-05
9475,170.56705670567058,7.090441046259085e-05
9476,170.58505850585058,7.099366331100304e-05
9477,170.6030603060306,7.105311535749828e-05
9478,170.62106210621062,7.108275197510253e-05
9479,170.63906390639065,7.108475116290801e-05
9480,170.65706570657065,7.106312323362817e-05
9481,170.67506750675068,7.102323440421305e-05
9482,170.6930693069307,7.097125884522747e-05
9483,170.7110711071107,7.091360676715099e-05
9484,170.72907290729074,7.085637535130093e-05
9485,170.74707470747074,7.080486503505335e-05
9486,170.76507650765078,7.076319634234973e-05
9487,170.78307830783078,7.073405280641e-05
9488,170.8010801080108,7.071856438403692e-05
9489,170.8190819081908,7.071633399401313e-05
9490,170.83708370837084,7.072559830962993e-05
9491,170.85508550855087,7.074350352355969e-05
9492,170.87308730873087,7.076646820174607e-05
9493,170.8910891089109,7.079059912483368e-05
9494,170.9090909090909,7.08121225779287e-05
9495,170.92709270927094,7.082779309368962e-05
9496,170.94509450945094,7.083524417608755e-05
9497,170.96309630963097,7.08332508250399e-05
9498,170.98109810981097,7.082188134402064e-05
9499,170.999099909991,7.080252537073454e-05
9500,171.01710171017103,7.077779561173244e-05
9501,171.03510351035104,7.075131157519707e-05
9502,171.05310531053107,7.072738382662389e-05
9503,171.07110711071107,7.07106260994821e-05
9504,171.0891089108911,7.07055292170267e-05
9505,171.1071107110711,7.071603460723759e-05
9506,171.12511251125113,7.074514581086277e-05
9507,171.14311431143116,7.079461363729452e-05
9508,171.16111611161116,7.086472464459873e-05
9509,171.1791179117912,7.095421383212846e-05
9510,171.1971197119712,7.106031153607728e-05
9511,171.21512151215123,7.117892243788652e-05
9512,171.23312331233123,7.130492241641013e-05
9513,171.25112511251126,7.143254784164673e-05
9514,171.26912691269126,7.155584291738444e-05
9515,171.2871287128713,7.16691247689372e-05
9516,171.30513051305132,7.176742381290094e-05
9517,171.32313231323133,7.184685886413671e-05
9518,171.34113411341136,7.190491235718185e-05
9519,171.35913591359136,7.194058049975697e-05
9520,171.3771377137714,7.195438526929772e-05
9521,171.3951395139514,7.19482487381473e-05
9522,171.41314131413142,7.192524390400803e-05
9523,171.43114311431142,7.188924858970682e-05
9524,171.44914491449146,7.184453873759285e-05
9525,171.4671467146715,7.179536348116188e-05
9526,171.4851485148515,7.174554602375059e-05
9527,171.50315031503152,7.169815134662646e-05
9528,171.52115211521152,7.165525436447691e-05
9529,171.53915391539155,7.161783109137655e-05
9530,171.55715571557155,7.158578183834403e-05
9531,171.57515751575158,7.155808089567789e-05
9532,171.5931593159316,7.153303315924376e-05
9533,171.61116111611162,7.150860630074978e-05
9534,171.62916291629165,7.14827987011108e-05
9535,171.64716471647165,7.145399943178074e-05
9536,171.66516651665168,7.142129755784567e-05
9537,171.68316831683168,7.138470387025687e-05
9538,171.7011701170117,7.134525820071382e-05
9539,171.71917191719172,7.130500861095449e-05
9540,171.73717371737175,7.126686349337604e-05
9541,171.75517551755175,7.12343322904844e-05
9542,171.77317731773178,7.121118345177724e-05
9543,171.7911791179118,7.120105790642085e-05
9544,171.8091809180918,7.120708161478761e-05
9545,171.82718271827184,7.123152104992968e-05
9546,171.84518451845184,7.127552070721873e-05
9547,171.86318631863188,7.133895248854335e-05
9548,171.88118811881188,7.142039412293182e-05
9549,171.8991899189919,7.151723913636e-05
9550,171.9171917191719,7.16259259681881e-05
9551,171.93519351935194,7.174226037991552e-05
9552,171.95319531953197,7.186179487225406e-05
9553,171.97119711971197,7.198022262248478e-05
9554,171.989198919892,7.209374218415867e-05
9555,172.007200720072,7.219935298540582e-05
9556,172.02520252025204,7.22950500588035e-05
9557,172.04320432043204,7.237989843694837e-05
9558,172.06120612061207,7.245398183883932e-05
9559,172.07920792079207,7.25182349889368e-05
9560,172.0972097209721,7.257418243628515e-05
9561,172.11521152115213,7.262361750738154e-05
9562,172.13321332133214,7.266826179589513e-05
9563,172.15121512151217,7.270944760153694e-05
9564,172.16921692169217,7.274786277411975e-05
9565,172.1872187218722,7.278338987022227e-05
9566,172.2052205220522,7.281506029127656e-05
9567,172.22322232223223,7.284113046433677e-05
9568,172.24122412241223,7.285927273288805e-05
9569,172.25922592259226,7.286686010206747e-05
9570,172.2772277227723,7.286131287058585e-05
9571,172.2952295229523,7.284046772701576e-05
9572,172.31323132313233,7.280292690539488e-05
9573,172.33123312331233,7.274834677973813e-05
9574,172.34923492349236,7.267763158104263e-05
9575,172.36723672367236,7.259300799020788e-05
9576,172.3852385238524,7.249796903312834e-05
9577,172.4032403240324,7.239708954824887e-05
9578,172.42124212421243,7.229572898002576e-05
9579,172.43924392439246,7.219964891657353e-05
9580,172.45724572457246,7.211458141595956e-05
9581,172.4752475247525,7.204578889967656e-05
9582,172.4932493249325,7.199765683134978e-05
9583,172.51125112511252,7.19733566220977e-05
9584,172.52925292529252,7.197460874382023e-05
9585,172.54725472547256,7.20015657979627e-05
9586,172.56525652565256,7.205282344994375e-05
9587,172.5832583258326,7.212555498662735e-05
9588,172.60126012601262,7.221575404343719e-05
9589,172.61926192619262,7.23185608683892e-05
9590,172.63726372637265,7.242864115163289e-05
9591,172.65526552655265,7.254058340838303e-05
9592,172.67326732673268,7.264928123746036e-05
9593,172.6912691269127,7.275027020279393e-05
9594,172.70927092709272,7.283999501526925e-05
9595,172.72727272727272,7.291599033000504e-05
9596,172.74527452745275,7.297696692067935e-05
9597,172.76327632763278,7.302280335872252e-05
9598,172.78127812781278,7.305445083307101e-05
9599,172.7992799279928,7.30737648061452e-05
9600,172.81728172817282,7.308328145835336e-05
9601,172.83528352835285,7.308595921598208e-05
9602,172.85328532853285,7.308490619640872e-05
9603,172.87128712871288,7.30831134209324e-05
9604,172.88928892889288,7.308321152152887e-05
9605,172.9072907290729,7.308726581245135e-05
9606,172.92529252925294,7.309662137817527e-05
9607,172.94329432943294,7.311180651968572e-05
9608,172.96129612961298,7.313249965534202e-05
9609,172.97929792979298,7.31575616246388e-05
9610,172.997299729973,7.318513223495034e-05
9611,173.015301530153,7.321278671969791e-05
9612,173.03330333033304,7.323774445216417e-05
9613,173.05130513051304,7.32571187649478e-05
9614,173.06930693069307,7.326819316117018e-05
9615,173.0873087308731,7.326870581073643e-05
9616,173.1053105310531,7.325712137871768e-05
9617,173.12331233123314,7.323286740556524e-05
9618,173.14131413141314,7.319651215390689e-05
9619,173.15931593159317,7.314986250348203e-05
9620,173.17731773177317,7.309596441650879e-05
9621,173.1953195319532,7.303899478031657e-05
9622,173.2133213321332,7.298404183749777e-05
9623,173.23132313231324,7.293678138993847e-05
9624,173.24932493249327,7.290306666270022e-05
9625,173.26732673267327,7.288846005087928e-05
9626,173.2853285328533,7.289774373441182e-05
9627,173.3033303330333,7.293445213515994e-05
9628,173.32133213321333,7.300047138527651e-05
9629,173.33933393339333,7.309574868231161e-05
9630,173.35733573357336,7.321814738810682e-05
9631,173.37533753375337,7.336347228570637e-05
9632,173.3933393339334,7.352567439768674e-05
9633,173.41134113411343,7.369722755052475e-05
9634,173.42934293429343,7.386965118470088e-05
9635,173.44734473447346,7.403413770144769e-05
9636,173.46534653465346,7.418222982549264e-05
9637,173.4833483348335,7.430648571250361e-05
9638,173.5013501350135,7.44010680252686e-05
9639,173.51935193519353,7.446219847436164e-05
9640,173.53735373537353,7.448843113659476e-05
9641,173.55535553555356,7.448071521882907e-05
9642,173.5733573357336,7.444223911643026e-05
9643,173.5913591359136,7.437807038435157e-05
9644,173.60936093609362,7.429462806756252e-05
9645,173.62736273627362,7.41990422042417e-05
9646,173.64536453645366,7.409846800745802e-05
9647,173.66336633663366,7.399942762620282e-05
9648,173.6813681368137,7.39072496696817e-05
9649,173.6993699369937,7.382566597002027e-05
9650,173.71737173717372,7.375660742952242e-05
9651,173.73537353735375,7.37002181714383e-05
9652,173.75337533753375,7.365508215113118e-05
9653,173.77137713771378,7.36186317974814e-05
9654,173.7893789378938,7.358768705262471e-05
9655,173.80738073807382,7.355905791749544e-05
9656,173.82538253825382,7.353013617306247e-05
9657,173.84338433843385,7.349940329679283e-05
9658,173.86138613861385,7.346679164440918e-05
9659,173.87938793879388,7.343385357382886e-05
9660,173.8973897389739,7.340371627647165e-05
9661,173.91539153915392,7.338082588776535e-05
9662,173.93339333933395,7.337050985753907e-05
9663,173.95139513951395,7.337840848418116e-05
9664,173.96939693969398,7.340984227830768e-05
9665,173.98739873987398,7.34691894943103e-05
9666,174.005400540054,7.355934681679198e-05
9667,174.02340234023404,7.368133599385901e-05
9668,174.04140414041404,7.383410144837238e-05
9669,174.05940594059408,7.401452079069944e-05
9670,174.07740774077408,7.421762458590699e-05
9671,174.0954095409541,7.443699688119694e-05
9672,174.1134113411341,7.466530696272835e-05
9673,174.13141314131414,7.489490818195617e-05
9674,174.14941494149414,7.511843324851158e-05
9675,174.16741674167417,7.532931786305873e-05
9676,174.1854185418542,7.552219555741763e-05
9677,174.2034203420342,7.569312463516487e-05
9678,174.22142214221424,7.583963078877331e-05
9679,174.23942394239424,7.596057334989418e-05
9680,174.25742574257427,7.605586604659338e-05
9681,174.27542754275427,7.612610163925984e-05
9682,174.2934293429343,7.617214151483333e-05
9683,174.3114311431143,7.61947347555149e-05
9684,174.32943294329434,7.619422595999348e-05
9685,174.34743474347437,7.617039790547857e-05
9686,174.36543654365437,7.612247575072506e-05
9687,174.3834383438344,7.604929644653152e-05
9688,174.4014401440144,7.59496233613464e-05
9689,174.41944194419443,7.58225649413118e-05
9690,174.43744374437443,7.56680402776905e-05
9691,174.45544554455446,7.548722584085196e-05
9692,174.47344734473447,7.528291750227941e-05
9693,174.4914491449145,7.505975035826408e-05
9694,174.50945094509453,7.482423475371739e-05
9695,174.52745274527453,7.458458829414258e-05
9696,174.54545454545456,7.435036784964242e-05
9697,174.56345634563456,7.413192957681832e-05
9698,174.5814581458146,7.393976583799396e-05
9699,174.5994599459946,7.378378303184966e-05
9700,174.61746174617463,7.367259195717923e-05
9701,174.63546354635463,7.361288156505843e-05
9702,174.65346534653466,7.360893801957135e-05
9703,174.6714671467147,7.366235509559426e-05
9704,174.6894689468947,7.377196113827595e-05
9705,174.70747074707472,7.393396469079849e-05
9706,174.72547254725472,7.414229827278207e-05
9707,174.74347434743476,7.438912031633625e-05
9708,174.76147614761476,7.466542110986172e-05
9709,174.7794779477948,7.496167118421277e-05
9710,174.7974797479748,7.526845042436824e-05
9711,174.81548154815482,7.557700289367655e-05
9712,174.83348334833485,7.587967467058966e-05
9713,174.85148514851485,7.617020803867183e-05
9714,174.86948694869488,7.644388290336752e-05
9715,174.8874887488749,7.669751306000725e-05
9716,174.90549054905492,7.692931890500885e-05
9717,174.92349234923492,7.713870789357182e-05
9718,174.94149414941495,7.732599873271713e-05
9719,174.95949594959495,7.749212495374723e-05
9720,174.97749774977498,7.76383488460176e-05
9721,174.995499549955,7.776600902996748e-05
9722,175.01350135013502,7.787631580935311e-05
9723,175.03150315031505,7.797019953759851e-05
9724,175.04950495049505,7.804821001538411e-05
9725,175.06750675067508,7.811046041886775e-05
9726,175.08550855085508,7.815660786015554e-05
9727,175.1035103510351,7.818586418089313e-05
9728,175.12151215121511,7.819703416835992e-05
9729,175.13951395139514,7.81885828271405e-05
9730,175.15751575157518,7.815873720918247e-05
9731,175.17551755175518,7.810563024817176e-05
9732,175.1935193519352,7.802749304749631e-05
9733,175.2115211521152,7.792289767614139e-05
9734,175.22952295229524,7.779104495843705e-05
9735,175.24752475247524,7.763208192471703e-05
9736,175.26552655265527,7.744742304044929e-05
9737,175.28352835283528,7.724003995416605e-05
9738,175.3015301530153,7.701467829296078e-05
9739,175.31953195319534,7.677795873879772e-05
9740,175.33753375337534,7.653832442616947e-05
9741,175.35553555355537,7.63058079761079e-05
9742,175.37353735373537,7.609160861424582e-05
9743,175.3915391539154,7.590749121753686e-05
9744,175.4095409540954,7.576504235516209e-05
9745,175.42754275427544,7.567484042633122e-05
9746,175.44554455445544,7.564561466573061e-05
9747,175.46354635463547,7.568347816989796e-05
9748,175.4815481548155,7.57913209937259e-05
9749,175.4995499549955,7.596843966769857e-05
9750,175.51755175517553,7.621045942949945e-05
9751,175.53555355535553,7.650957670756e-05
9752,175.55355535553556,7.685511490595451e-05
9753,175.57155715571557,7.723435028793599e-05
9754,175.5895589558956,7.763353124105894e-05
9755,175.6075607560756,7.803898789450023e-05
9756,175.62556255625563,7.843821377127168e-05
9757,175.64356435643566,7.882079952153479e-05
9758,175.66156615661566,7.917911180623403e-05
9759,175.6795679567957,7.950863724075594e-05
9760,175.6975697569757,7.980794928303665e-05
9761,175.71557155715573,8.00783007887581e-05
9762,175.73357335733573,8.032289128187574e-05
9763,175.75157515751576,8.054589997326812e-05
9764,175.76957695769576,8.07514076670324e-05
9765,175.7875787578758,8.094234841934107e-05
9766,175.80558055805582,8.11196323226168e-05
9767,175.82358235823583,8.12815633522451e-05
9768,175.84158415841586,8.142364239676413e-05
9769,175.85958595859586,8.153879913241831e-05
9770,175.8775877587759,8.161804280059537e-05
9771,175.8955895589559,8.165146781396955e-05
9772,175.91359135913592,8.162950235065798e-05
9773,175.93159315931592,8.154425298759496e-05
9774,175.94959495949595,8.139078082370336e-05
9775,175.96759675967598,8.116814718352017e-05
9776,175.985598559856,8.088009007544394e-05
9777,176.00360036003602,8.053523368476236e-05
9778,176.02160216021602,8.014678751597946e-05
9779,176.03960396039605,7.973175276054593e-05
9780,176.05760576057605,7.93097134661342e-05
9781,176.07560756075608,7.890134150912549e-05
9782,176.09360936093609,7.852678057579355e-05
9783,176.11161116111612,7.820409053589954e-05
9784,176.12961296129615,7.79479274398137e-05
9785,176.14761476147615,7.776860641457714e-05
9786,176.16561656165618,7.767164830599681e-05
9787,176.18361836183618,7.76578517467611e-05
9788,176.2016201620162,7.772386784239437e-05
9789,176.21962196219621,7.786319301086014e-05
9790,176.23762376237624,7.80674445235689e-05
9791,176.25562556255625,7.832774947284735e-05
9792,176.27362736273628,7.863606554270002e-05
9793,176.2916291629163,7.8986262638036e-05
9794,176.3096309630963,7.93748267217824e-05
9795,176.32763276327634,7.980109692665247e-05
9796,176.34563456345634,8.026700772374479e-05
9797,176.36363636363637,8.077637182873284e-05
9798,176.38163816381638,8.13337984263071e-05
9799,176.3996399639964,8.194338771785653e-05
9800,176.4176417641764,8.260737094307468e-05
9801,176.43564356435644,8.33248715097776e-05
9802,176.45364536453647,8.409094714290816e-05
9803,176.47164716471647,8.489603736485087e-05
9804,176.4896489648965,8.572589001175204e-05
9805,176.5076507650765,8.65619816004587e-05
9806,176.52565256525654,8.738238685983473e-05
9807,176.54365436543654,8.816300022153223e-05
9808,176.56165616561657,8.887897304263103e-05
9809,176.57965796579657,8.950620940481377e-05
9810,176.5976597659766,9.002276262101515e-05
9811,176.61566156615663,9.04099934992452e-05
9812,176.63366336633663,9.065338683018595e-05
9813,176.65166516651666,9.074296927983252e-05
9814,176.66966696669667,9.067332337042322e-05
9815,176.6876687668767,9.044324161189474e-05
9816,176.7056705670567,9.005510573399451e-05
9817,176.72367236723673,8.951410337969322e-05
9818,176.74167416741676,8.882740557404716e-05
9819,176.75967596759676,8.800342213759414e-05
9820,176.7776777677768,8.705123066445703e-05
9821,176.7956795679568,8.598024144031854e-05
9822,176.81368136813683,8.480012086386086e-05
9823,176.83168316831683,8.352095534472442e-05
9824,176.84968496849686,8.215360189562214e-05
9825,176.86768676867686,8.07101453888562e-05
9826,176.8856885688569,7.920436882968855e-05
9827,176.90369036903692,7.765214321958382e-05
9828,176.92169216921693,7.607165685979493e-05
9829,176.93969396939696,7.448342771951459e-05
9830,176.95769576957696,7.291007287741732e-05
9831,176.975697569757,7.13758414551675e-05
9832,176.993699369937,6.990594730423784e-05
9833,177.01170117011702,6.852576104722007e-05
9834,177.02970297029702,6.72599351627804e-05
9835,177.04770477047705,6.613153940442631e-05
9836,177.06570657065708,6.516127732690818e-05
9837,177.0837083708371,6.436683987093742e-05
9838,177.10171017101712,6.37624317141981e-05
9839,177.11971197119712,6.335848388498233e-05
9840,177.13771377137715,6.316154539751869e-05
9841,177.15571557155715,6.317433030491924e-05
9842,177.17371737173718,6.339588650660909e-05
9843,177.19171917191719,6.382184961093157e-05
9844,177.20972097209722,6.444474860668303e-05
9845,177.22772277227725,6.525433842616251e-05
9846,177.24572457245725,6.62379453339443e-05
9847,177.26372637263728,6.738082180879701e-05
9848,177.28172817281728,6.866651575604334e-05
9849,177.2997299729973,7.007726268312174e-05
9850,177.31773177317731,7.159440802711794e-05
9851,177.33573357335734,7.319886037466499e-05
9852,177.35373537353735,7.487156614213475e-05
9853,177.37173717371738,7.659398449607027e-05
9854,177.3897389738974,7.834853044593742e-05
9855,177.4077407740774,8.011894669366214e-05
9856,177.42574257425744,8.18905630769215e-05
9857,177.44374437443744,8.365040754921817e-05
9858,177.46174617461747,8.538714475145248e-05
9859,177.47974797479748,8.709083631325959e-05
9860,177.4977497749775,8.875253897165502e-05
9861,177.5157515751575,9.036377950973838e-05
9862,177.53375337533754,9.191596612559031e-05
9863,177.55175517551757,9.339981096755005e-05
9864,177.56975697569757,9.48048456282791e-05
9865,177.5877587758776,9.611910876238668e-05
9866,177.6057605760576,9.732907230831702e-05
9867,177.62376237623764,9.841985100236659e-05
9868,177.64176417641764,9.937571113882855e-05
9869,177.65976597659767,0.00010018086197034904
9870,177.67776777677767,0.00010082048041631093
9871,177.6957695769577,0.00010128189059065521
9872,177.71377137713773,0.00010155579741892191
9873,177.73177317731773,0.00010163746083489355
9874,177.74977497749776,0.00010152769519773635
9875,177.76777677767777,0.00010123358790315725
9876,177.7857785778578,0.00010076885074255836
9877,177.8037803780378,0.0001001537454434081
9878,177.82178217821783,9.94145583205978e-05
9879,177.83978397839783,9.85826350119638e-05
9880,177.85778577857786,9.769302175067604e-05
9881,177.8757875787579,9.67827916997655e-05
9882,177.8937893789379,9.588916119122243e-05
9883,177.91179117911793,9.504751955032923e-05
9884,177.92979297929793,9.428950647610711e-05
9885,177.94779477947796,9.364127223002244e-05
9886,177.96579657965796,9.31220482047716e-05
9887,177.983798379838,9.274313924919193e-05
9888,178.001800180018,9.250742516988626e-05
9889,178.01980198019803,9.240942813460138e-05
9890,178.03780378037806,9.243596655660035e-05
9891,178.05580558055806,9.256737605468148e-05
9892,178.0738073807381,9.27792362599262e-05
9893,178.0918091809181,9.304450101471233e-05
9894,178.10981098109812,9.33358917497749e-05
9895,178.12781278127812,9.362838272826482e-05
9896,178.14581458145815,9.390158573233366e-05
9897,178.16381638163816,9.414183376234049e-05
9898,178.1818181818182,9.434377095341497e-05
9899,178.19981998199822,9.451128069348342e-05
9900,178.21782178217822,9.465762592647852e-05
9901,178.23582358235825,9.480473319149278e-05
9902,178.25382538253825,9.498162157199413e-05
9903,178.27182718271828,9.522205413565987e-05
9904,178.28982898289829,9.556156593789986e-05
9905,178.30783078307832,9.603409169754671e-05
9906,178.32583258325832,9.666847020836949e-05
9907,178.34383438343835,9.748513459229063e-05
9908,178.36183618361838,9.849330246697259e-05
9909,178.37983798379838,9.968895525640472e-05
9910,178.3978397839784,0.00010105384145077895
9911,178.41584158415841,0.00010255565803813692
9912,178.43384338433845,0.0001041494640427543
9913,178.45184518451845,0.00010578026908395483
9914,178.46984698469848,0.00010738662874227662
9915,178.48784878487848,0.0001089049784639575
9916,178.5058505850585,0.00011027435926192514
9917,178.52385238523854,0.00011144114021806733
9918,178.54185418541854,0.00011236333051512512
9919,178.55985598559857,0.00011301409957728228
9920,178.57785778577858,0.00011338418611331184
9921,178.5958595859586,0.00011348296988893252
9922,178.6138613861386,0.00011333809513991795
9923,178.63186318631864,0.00011299366062862356
9924,178.64986498649864,0.0001125071163023622
9925,178.66786678667867,0.00011194511840358571
9926,178.6858685868587,0.00011137868324744806
9927,178.7038703870387,0.00011087803679606347
9928,178.72187218721874,0.00011050757798678372
9929,178.73987398739874,0.00011032135753453966
9930,178.75787578757877,0.00011035942326029756
9931,178.77587758775877,0.000110645303696779
9932,178.7938793879388,0.00011118480201549476
9933,178.8118811881188,0.00011196616188269101
9934,178.82988298829883,0.00011296155578650768
9935,178.84788478847886,0.00011412974419565733
9936,178.86588658865887,0.00011541966869610759
9937,178.8838883888389,0.00011677468003658469
9938,178.9018901890189,0.00011813706642685785
9939,178.91989198919893,0.00011945253962661235
9940,178.93789378937893,0.00012067435516485814
9941,178.95589558955896,0.00012176678529293802
9942,178.97389738973897,0.00012270772432093348
9943,178.991899189919,0.00012349028011142778
9944,179.00990099009903,0.0001241232864567634
9945,179.02790279027903,0.00012463075249234118
9946,179.04590459045906,0.00012505034111667956
9947,179.06390639063906,0.00012543103311382886
9948,179.0819081908191,0.00012583018269633178
9949,179.0999099909991,0.0001263102000379533
9950,179.11791179117913,0.0001269351049672416
9951,179.13591359135913,0.00012776718289235137
9952,179.15391539153916,0.00012886394059149543
9953,179.1719171917192,0.0001302755090219935
9954,179.1899189918992,0.00013204257794901245
9955,179.20792079207922,0.0001341948798001732
9956,179.22592259225922,0.00013675017571262318
9957,179.24392439243925,0.0001397136437046271
9958,179.26192619261926,0.00014307753524010574
9959,179.2799279927993,0.00014682095855306825
9960,179.2979297929793,0.00015090966870386123
9961,179.31593159315932,0.00015529579559382618
9962,179.33393339333935,0.00015991751796276058
9963,179.35193519351935,0.00016469878525029557
9964,179.36993699369938,0.00016954928764091758
9965,179.38793879387939,0.00017436496222766908
9966,179.40594059405942,0.00017902938336658244
9967,179.42394239423942,0.00018341640210496073
9968,179.44194419441945,0.00018739436042148174
9969,179.45994599459945,0.00019083210375204495
9970,179.47794779477948,0.00019360685014411857
9971,179.4959495949595,0.00019561375522990953
9972,179.51395139513951,0.00019677675673683537
9973,179.53195319531955,0.00019706001607597913
9974,179.54995499549955,0.0001964790291404843
9975,179.56795679567958,0.00019511028794236328
9976,179.58595859585958,0.00019309827206849244
9977,179.6039603960396,0.00019065856156274456
9978,179.62196219621964,0.00018807600854374947
9979,179.63996399639964,0.00018569718840229945
9980,179.65796579657967,0.0001839167622524006
9981,179.67596759675968,0.00018315789406319615
9982,179.6939693969397,0.00018384743752022817
9983,179.7119711971197,0.0001863871866688263
9984,179.72997299729974,0.00019112301152139367
9985,179.74797479747974,0.0001983141151811017
9986,179.76597659765977,0.00020810489866068973
9987,179.7839783978398,0.00022050196198850698
9988,179.8019801980198,0.00023535858192737875
9989,179.81998199819984,0.00025236858618549765
9990,179.83798379837984,0.00027107091380826673
9991,179.85598559855987,0.0002908653566498523
9992,179.87398739873987,0.0003110390824191314
9993,179.8919891989199,0.00033080262459041795
9994,179.9099909990999,0.0003493331734303054
9995,179.92799279927993,0.0003658222986689012
9996,179.94599459945997,0.0003795247496716994
9997,179.96399639963997,0.00038980476685940616
9998,179.98199819982,0.000396176426808935
9999,180.0,0.0003983349331471207
