,Angle [deg],PF [1/sr]
0,0.0,14094.273724152546
1,0.018001800180018002,13914.999160415786
2,0.036003600360036005,13390.236746509407
3,0.05400540054005401,12557.741605649668
4,0.07200720072007201,11475.872320843986
5,0.09000900090009001,10217.395113937419
6,0.10801080108010802,8862.01179224749
7,0.126012601260126,7488.584791017972
8,0.14401440144014402,6168.028872342878
9,0.16201620162016203,4957.693335501247
10,0.18001800180018002,3897.800207002587
11,0.19801980198019803,3010.1793788315795
12,0.21602160216021604,2299.2061578910525
13,0.23402340234023403,1754.5537580164298
14,0.252025202520252,1355.1657871011796
15,0.27002700270027,1073.7571032897517
16,0.28802880288028804,881.1702031837079
17,0.30603060306030605,750.0333427888052
18,0.32403240324032406,657.3551395631941
19,0.342034203420342,585.9090982524643
20,0.36003600360036003,524.4702160483934
21,0.37803780378037805,467.1309637183516
22,0.39603960396039606,412.0238250551749
23,0.41404140414041407,359.80500108944614
24,0.4320432043204321,312.2156811269633
25,0.45004500450045004,270.95124476252846
26,0.46804680468046805,236.9588233394129
27,0.48604860486048607,210.1744686757155
28,0.504050405040504,189.62324982612222
29,0.5220522052205221,173.75186702627101
30,0.54005400540054,160.84780009646695
31,0.5580558055805581,149.4171869908427
32,0.5760576057605761,138.4350146581691
33,0.594059405940594,127.43231604238919
34,0.6120612061206121,116.43281633335864
35,0.6300630063006301,105.7859125084657
36,0.6480648064806481,95.95884011572431
37,0.6660666066606661,87.34833553712471
38,0.684068406840684,80.15525491244372
39,0.7020702070207021,74.34124869417735
40,0.7200720072007201,69.66206124119658
41,0.7380738073807381,65.75341299928989
42,0.7560756075607561,62.23630990353144
43,0.774077407740774,58.80963606890779
44,0.7920792079207921,55.30702009681344
45,0.8100810081008101,51.70851070311808
46,0.8280828082808281,48.11132867334401
47,0.8460846084608461,44.67428395221196
48,0.8640864086408642,41.55520845066583
49,0.8820882088208821,38.85958173642468
50,0.9000900090009001,36.61264942234008
51,0.9180918091809182,34.759034558756895
52,0.9360936093609361,33.18570509196926
53,0.9540954095409542,31.7583508985598
54,0.9720972097209721,30.358975952747645
55,0.9900990099009901,28.913929154483185
56,1.008100810081008,27.405782754068767
57,1.0261026102610262,25.86789491490689
58,1.0441044104410442,24.365504682916747
59,1.0621062106210621,22.970478263425132
60,1.08010801080108,21.73767945791716
61,1.098109810981098,20.68944983626436
62,1.1161116111611162,19.81156729820018
63,1.1341134113411342,19.06037879634287
64,1.1521152115211521,18.37767007241463
65,1.17011701170117,17.70805505915563
66,1.188118811881188,17.0135781799824
67,1.2061206120612062,16.281649234131233
68,1.2241224122412242,15.524793121005462
69,1.2421242124212422,14.773218930338265
70,1.2601260126012601,14.063161488809012
71,1.278127812781278,13.424833996770962
72,1.2961296129612963,12.873518536005564
73,1.3141314131413142,12.40603187095961
74,1.3321332133213322,12.003011066096105
75,1.3501350135013501,11.635733848096368
76,1.368136813681368,11.275011484632268
77,1.3861386138613863,10.89934763173804
78,1.4041404140414042,10.500058316522994
79,1.4221422142214222,10.082165293098644
80,1.4401440144014401,9.66122328347001
81,1.458145814581458,9.25740870023491
82,1.4761476147614763,8.888863771174467
83,1.4941494149414942,8.566311591544506
84,1.5121512151215122,8.290390711444118
85,1.5301530153015301,8.052223511803668
86,1.548154815481548,7.8367374512525
87,1.5661566156615663,7.627497788592803
88,1.5841584158415842,7.411484464272455
89,1.6021602160216022,7.182409461959357
90,1.6201620162016201,6.941731462218895
91,1.638163816381638,6.6972817495710455
92,1.6561656165616563,6.460129326258415
93,1.6741674167416742,6.240778039315533
94,1.6921692169216922,6.045889334809677
95,1.7101710171017102,5.876462964222867
96,1.7281728172817283,5.727892860717388
97,1.7461746174617463,5.591720349181585
98,1.7641764176417642,5.458414757470609
99,1.7821782178217822,5.320259732013888
100,1.8001800180018002,5.173467209302483
101,1.8181818181818183,5.018943222517047
102,1.8361836183618363,4.861579976755298
103,1.8541854185418543,4.708401122294755
104,1.8721872187218722,4.566206767997974
105,1.8901890189018902,4.439466263576178
106,1.9081908190819084,4.329076282264592
107,1.9261926192619263,4.232295550645622
108,1.9441944194419443,4.143790234739926
109,1.9621962196219622,4.05739366400566
110,1.9801980198019802,3.967996399201885
111,1.9981998199819984,3.8729838659244162
112,2.016201620162016,3.7728154137964456
113,2.0342034203420343,3.670625705124227
114,2.0522052205220525,3.5710331512692326
115,2.07020702070207,3.47856832978766
116,2.0882088208820884,3.3962243174108293
117,2.106210621062106,3.324562904544348
118,2.1242124212421243,3.261616121536829
119,2.1422142214221425,3.203567782205339
120,2.16021602160216,3.145965055137369
121,2.1782178217821784,3.085064628268466
122,2.196219621962196,3.0189000648877506
123,2.2142214221422143,2.9477641961324825
124,2.2322232223222325,2.873993263924667
125,2.25022502250225,2.801155197077784
126,2.2682268226822684,2.732916982896765
127,2.286228622862286,2.6719464853677115
128,2.3042304230423043,2.619173599003174
129,2.3222322232223225,2.5736098572142705
130,2.34023402340234,2.532747624962524
131,2.3582358235823584,2.4933859599404506
132,2.376237623762376,2.4526118452083643
133,2.3942394239423943,2.4086348936288418
134,2.4122412241224125,2.3612348737743423
135,2.43024302430243,2.3117109515603924
136,2.4482448244824484,2.262376814779942
137,2.466246624662466,2.215779056757224
138,2.4842484248424843,2.173888868262168
139,2.5022502250225025,2.137511002101247
140,2.5202520252025202,2.106075430193441
141,2.5382538253825384,2.0778536437247217
142,2.556255625562556,2.050512504783743
143,2.5742574257425743,2.021822708683881
144,2.5922592259225925,1.990302923138534
145,2.6102610261026102,1.9556118430414295
146,2.6282628262826284,1.9185856260588097
147,2.646264626462646,1.8809290018345792
148,2.6642664266426643,1.844670344295967
149,2.6822682268226825,1.8115543568914065
150,2.7002700270027002,1.78255418015695
151,2.7182718271827184,1.7576385330408002
152,2.736273627362736,1.7358459243667366
153,2.7542754275427543,1.715624121866163
154,2.7722772277227725,1.6953174811615364
155,2.7902790279027903,1.6736487797229993
156,2.8082808280828084,1.6500541038346237
157,2.826282628262826,1.6247825267206522
158,2.8442844284428443,1.5987482757842122
159,2.8622862286228625,1.5731976310383093
160,2.8802880288028803,1.5493036791056114
161,2.8982898289828984,1.527815533092022
162,2.916291629162916,1.508863113598341
163,2.9342934293429344,1.4919643389207309
164,2.9522952295229525,1.4762169052790108
165,2.9702970297029703,1.4606020663611978
166,2.9882988298829884,1.4442989721795567
167,3.006300630063006,1.426912316271583
168,3.0243024302430244,1.408549834408519
169,3.0423042304230425,1.3897372903666476
170,3.0603060306030603,1.3712100903400868
171,3.0783078307830785,1.3536565835741587
172,3.096309630963096,1.3374981971962823
173,3.1143114311431144,1.322774196437972
174,3.1323132313231326,1.3091610859310387
175,3.1503150315031503,1.296111510917309
176,3.1683168316831685,1.2830596552329527
177,3.186318631863186,1.269621216671018
178,3.2043204320432044,1.2557211934917392
179,3.2223222322232226,1.241609227116516
180,3.2403240324032403,1.2277607617151503
181,3.2583258325832585,1.2147000202338598
182,3.276327632763276,1.2028057029008803
183,3.2943294329432944,1.1921648221316243
184,3.3123312331233126,1.1825233395131693
185,3.3303330333033303,1.1733501617244257
186,3.3483348334833485,1.1639941663362188
187,3.366336633663366,1.153884077765041
188,3.3843384338433844,1.1427075069222938
189,3.4023402340234026,1.130512270267259
190,3.4203420342034203,1.1176977392052867
191,3.4383438343834385,1.1048984534076645
192,3.4563456345634567,1.0927956764741806
193,3.4743474347434744,1.0819146302319687
194,3.4923492349234926,1.0724691816252585
195,3.5103510351035103,1.064300811655506
196,3.5283528352835285,1.0569296444569225
197,3.5463546354635467,1.049701244887246
198,3.5643564356435644,1.0419842385424256
199,3.5823582358235826,1.033359143347946
200,3.6003600360036003,1.0237422858911016
201,3.6183618361836185,1.0134089007331812
202,3.6363636363636367,1.0029100651892187
203,3.6543654365436544,0.9929096464014733
204,3.6723672367236726,0.9839905130682415
205,3.6903690369036903,0.9764872358231323
206,3.7083708370837085,0.9703933895859184
207,3.7263726372637267,0.965368532692674
208,3.7443744374437444,0.9608401670535754
209,3.7623762376237626,0.9561684550942207
210,3.7803780378037803,0.9508242154189892
211,3.7983798379837985,0.9445284811142162
212,3.8163816381638167,0.9373148396878661
213,3.8343834383438344,0.9294995677840211
214,3.8523852385238526,0.921571874952892
215,3.8703870387038704,0.9140392683592659
216,3.8883888388838885,0.9072746925954707
217,3.9063906390639067,0.901409725699043
218,3.9243924392439244,0.8963029847226672
219,3.9423942394239426,0.8915899473830972
220,3.9603960396039604,0.8867966355718685
221,3.9783978397839785,0.8814819617639486
222,3.9963996399639967,0.8753668391604388
223,4.014401440144015,0.8684138138591132
224,4.032403240324032,0.8608367431709275
225,4.05040504050405,0.8530408489853933
226,4.0684068406840685,0.8455130580722274
227,4.086408640864087,0.8386953444827546
228,4.104410441044105,0.832876542981071
229,4.122412241224122,0.8281306484778712
230,4.14041404140414,0.824314767259427
231,4.158415841584159,0.8211224152750948
232,4.176417641764177,0.8181729742208375
233,4.194419441944195,0.8151098977610083
234,4.212421242124212,0.8116805353379852
235,4.23042304230423,0.8077784043253473
236,4.248424842484249,0.8034413879239574
237,4.266426642664267,0.7988125256175097
238,4.284428442844285,0.7940798506461705
239,4.302430243024302,0.7894155433126199
240,4.32043204320432,0.7849319841125045
241,4.338433843384339,0.7806646210893576
242,4.356435643564357,0.7765818292319357
243,4.374437443744375,0.7726134284439274
244,4.392439243924392,0.7686848343975369
245,4.41044104410441,0.7647440631389922
246,4.428442844284429,0.7607733914433895
247,4.446444644464447,0.7567843874615565
248,4.464446444644465,0.7528016304862506
249,4.482448244824482,0.7488443875698623
250,4.5004500450045,0.7449155371494753
251,4.518451845184519,0.7410033170943118
252,4.536453645364537,0.7370955573909336
253,4.554455445544555,0.7332002320683849
254,4.572457245724572,0.729362671657198
255,4.59045904590459,0.7256700147101484
256,4.608460846084609,0.7222375096869699
257,4.626462646264627,0.7191778047077911
258,4.644464446444645,0.7165611442017832
259,4.662466246624662,0.7143790055239634
260,4.68046804680468,0.7125243705632464
261,4.698469846984699,0.7107980139375529
262,4.716471647164717,0.7089428560171926
263,4.734473447344735,0.7066997463635089
264,4.752475247524752,0.7038707320000829
265,4.77047704770477,0.7003723381298986
266,4.788478847884789,0.6962629715425964
267,4.806480648064807,0.6917350327207834
268,4.824482448244825,0.687071953999209
269,4.842484248424842,0.6825804031123188
270,4.86048604860486,0.678515332133795
271,4.878487848784879,0.6750181301852166
272,4.896489648964897,0.6720849657107045
273,4.914491449144915,0.6695742740968376
274,4.932493249324932,0.6672515224696473
275,4.9504950495049505,0.6648589464768047
276,4.968496849684969,0.6621909028039344
277,4.986498649864987,0.6591538553961586
278,5.004500450045005,0.655794295988724
279,5.022502250225022,0.6522868777092137
280,5.0405040504050405,0.648886160755235
281,5.058505850585059,0.6458554801512586
282,5.076507650765077,0.6433927074405011
283,5.094509450945095,0.641573371526929
284,5.112511251125112,0.6403266056240271
285,5.1305130513051305,0.6394501804383023
286,5.148514851485149,0.6386601076535499
287,5.166516651665167,0.6376609774360008
288,5.184518451845185,0.6362178769859691
289,5.202520252025202,0.6342107899032131
290,5.2205220522052205,0.6316576316568056
291,5.238523852385239,0.6287009294747994
292,5.256525652565257,0.6255630584103947
293,5.274527452745275,0.6224831548284454
294,5.292529252925292,0.6196531740225204
295,5.3105310531053105,0.617170023239093
296,5.328532853285329,0.6150156518568753
297,5.346534653465347,0.613069000037091
298,5.364536453645365,0.6111450966431211
299,5.382538253825382,0.6090497024489889
300,5.4005400540054005,0.6066344589234665
301,5.418541854185419,0.6038382255752067
302,5.436543654365437,0.6007047019713841
303,5.454545454545455,0.5973731076820539
304,5.472547254725472,0.5940457098249672
305,5.4905490549054905,0.5909414842241126
306,5.508550855085509,0.5882478788906887
307,5.526552655265527,0.5860820906757377
308,5.544554455445545,0.5844699401109501
309,5.562556255625562,0.5833454869606729
310,5.5805580558055805,0.5825694122461397
311,5.598559855985599,0.5819602078394905
312,5.616561656165617,0.5813301932280498
313,5.634563456345635,0.5805185138263953
314,5.652565256525652,0.5794151627731898
315,5.6705670567056705,0.577972916618992
316,5.688568856885689,0.5762069956911698
317,5.706570657065707,0.5741845400140646
318,5.724572457245725,0.5720072692914304
319,5.742574257425742,0.5697909895148154
320,5.7605760576057605,0.5676452182095849
321,5.778577857785779,0.5656555247718406
322,5.796579657965797,0.5638705393094589
323,5.814581458145815,0.562295091366672
324,5.832583258325832,0.5608905060436149
325,5.8505850585058505,0.5595824942146668
326,5.868586858685869,0.5582761363084926
327,5.886588658865887,0.55687615356962
328,5.904590459045905,0.5553092062736952
329,5.922592259225922,0.5535437841874619
330,5.9405940594059405,0.5516028660190642
331,5.958595859585959,0.5495653107005547
332,5.976597659765977,0.5475539939858509
333,5.994599459945995,0.5457117079115152
334,6.012601260126012,0.5441691126258248
335,6.0306030603060305,0.5430116715111294
336,6.048604860486049,0.5422536564117493
337,6.066606660666067,0.5418264440366887
338,6.084608460846085,0.5415854260761374
339,6.102610261026102,0.5413355018270268
340,6.120612061206121,0.540870368307923
341,6.138613861386139,0.5400169359109123
342,6.156615661566157,0.5386743058711736
343,6.174617461746175,0.5368375038371099
344,6.192619261926192,0.5345995340325298
345,6.210621062106211,0.5321305403754008
346,6.228622862286229,0.529638626229428
347,6.246624662466247,0.5273216770305684
348,6.264626462646265,0.5253220383445746
349,6.282628262826282,0.5236953890523524
350,6.300630063006301,0.5224016733821303
351,6.318631863186319,0.5213203741330825
352,6.336633663366337,0.5202861628720153
353,6.354635463546355,0.5191356918704829
354,6.372637263726372,0.5177533958984717
355,6.390639063906391,0.5161044261149108
356,6.408640864086409,0.5142461844777093
357,6.426642664266427,0.5123154856818238
358,6.444644464446445,0.5104946811283112
359,6.462646264626462,0.5089654825898091
360,6.480648064806481,0.5078623213804974
361,6.498649864986499,0.5072370933360687
362,6.516651665166517,0.5070441116172909
363,6.534653465346535,0.5071488534364943
364,6.552655265526552,0.5073580362869639
365,6.570657065706571,0.5074632658804629
366,6.588658865886589,0.5072872959556152
367,6.606660666066607,0.5067215850698072
368,6.624662466246625,0.5057463272878938
369,6.642664266426642,0.5044287439336868
370,6.660666066606661,0.5029009124398004
371,6.678667866786679,0.5013233651086173
372,6.696669666966697,0.49984390251435123
373,6.714671467146715,0.49856181742880423
374,6.732673267326732,0.4975059512786691
375,6.750675067506751,0.49663127254571104
376,6.768676867686769,0.4958339917552978
377,6.786678667866787,0.49498079535485057
378,6.804680468046805,0.4939446392355739
379,6.822682268226822,0.49263835714116155
380,6.840684068406841,0.49103826015484475
381,6.858685868586859,0.48919257290734997
382,6.876687668766877,0.4872132335281603
383,6.894689468946895,0.48525337065751634
384,6.912691269126913,0.48347581130078954
385,6.930693069306931,0.48201966125902396
386,6.948694869486949,0.4809720813206527
387,6.966696669666967,0.48035097063585647
388,6.984698469846985,0.4801017754482256
389,7.002700270027003,0.48010865387250834
390,7.020702070207021,0.4802173683918302
391,7.038703870387039,0.48026508179755384
392,7.056705670567057,0.48011106086502386
393,7.074707470747075,0.4796622945717725
394,7.092709270927093,0.4788891499174836
395,7.110711071107111,0.4778281803625743
396,7.128712871287129,0.4765717021855392
397,7.146714671467147,0.47524632211534207
398,7.164716471647165,0.4739847815619557
399,7.182718271827183,0.47289687417562026
400,7.200720072007201,0.47204550316337524
401,7.218721872187219,0.4714330542662216
402,7.236723672367237,0.4710012668699167
403,7.254725472547255,0.4706450145888661
404,7.272727272727273,0.4702373783096202
405,7.290729072907291,0.46966074208572056
406,7.308730873087309,0.46883698565138404
407,7.326732673267327,0.4677496490080728
408,7.344734473447345,0.466452378167868
409,7.362736273627363,0.4650608326349843
410,7.380738073807381,0.46372898556786046
411,7.398739873987399,0.46261454941123903
412,7.416741674167417,0.46184119507721444
413,7.434743474347435,0.4614665146136455
414,7.452745274527453,0.4614638618773157
415,7.470747074707471,0.46172333643764535
416,7.488748874887489,0.462072814730789
417,7.506750675067507,0.4623150592674183
418,7.524752475247525,0.462272731944639
419,7.542754275427543,0.46183069603360816
420,7.560756075607561,0.4609650373946608
421,7.578757875787579,0.4597509135645928
422,7.596759675967597,0.45834614136247137
423,7.614761476147615,0.45695328804070234
424,7.632763276327633,0.455768541301983
425,7.650765076507651,0.45492941192955294
426,7.668766876687669,0.45447433820491095
427,7.686768676867687,0.4543251135189377
428,7.704770477047705,0.4542981065287966
429,7.722772277227723,0.45414354927844175
430,7.740774077407741,0.45360526722255073
431,7.758775877587759,0.4524877671285429
432,7.776777677767777,0.4507149576789548
433,7.794779477947795,0.44836571072096365
434,7.812781278127813,0.44567592162151437
435,7.830783078307831,0.443003814808353
436,7.848784878487849,0.44076344648841814
437,7.866786678667867,0.4393388599407965
438,7.884788478847885,0.43899643707424346
439,7.902790279027903,0.4398144474284779
440,7.920792079207921,0.44164618195355865
441,7.938793879387939,0.4441268137589872
442,7.956795679567957,0.446725482977348
443,7.974797479747975,0.4488348193808951
444,7.992799279927993,0.4498821126601793
445,8.010801080108012,0.4494412889726765
446,8.02880288028803,0.44732383520726626
447,8.046804680468046,0.44363010240617606
448,8.064806480648064,0.43874943196461924
449,8.082808280828083,0.4333069629541771
450,8.1008100810081,0.4280650071445834
451,8.118811881188119,0.4237956115243246
452,8.136813681368137,0.42114670272619353
453,8.154815481548155,0.420525914732169
454,8.172817281728173,0.4220234862922845
455,8.190819081908192,0.4253889365927028
456,8.20882088208821,0.43006677030169743
457,8.226822682268226,0.43528591821206836
458,8.244824482448244,0.4401878849484685
459,8.262826282628263,0.44397141719640876
460,8.28082808280828,0.4460282466228723
461,8.298829882988299,0.4460457407140945
462,8.316831683168317,0.4440579476319116
463,8.334833483348335,0.44043559549194616
464,8.352835283528353,0.4358165164381446
465,8.370837083708372,0.43098876252803964
466,8.38883888388839,0.42674739416093865
467,8.406840684068406,0.4237509198112008
468,8.424842484248424,0.4224036607210321
469,8.442844284428443,0.4227857647516012
470,8.46084608460846,0.4246439557675439
471,8.478847884788479,0.42744491618667696
472,8.496849684968497,0.4304815114890706
473,8.514851485148515,0.43301206518705543
474,8.532853285328533,0.43440649306658446
475,8.550855085508552,0.43427156858089955
476,8.56885688568857,0.43253127253132023
477,8.586858685868586,0.42944644275556304
478,8.604860486048604,0.42556926198465767
479,8.622862286228623,0.4216403819069798
480,8.64086408640864,0.41844736138149596
481,8.658865886588659,0.4166705323937722
482,8.676867686768677,0.4167449880340024
483,8.694869486948695,0.4187646273157336
484,8.712871287128714,0.4224466214858526
485,8.730873087308732,0.42716371923154317
486,8.74887488748875,0.4320395362864724
487,8.766876687668766,0.4360906490192175
488,8.784878487848784,0.4383909867759554
489,8.802880288028803,0.4382301530365159
490,8.82088208820882,0.43523850881461756
491,8.838883888388839,0.4294577955308906
492,8.856885688568857,0.4213455897527703
493,8.874887488748875,0.4117132043757617
494,8.892889288928894,0.4016077634888487
495,8.910891089108912,0.3921581828636823
496,8.92889288928893,0.38441023180643047
497,8.946894689468946,0.3791769559866489
498,8.964896489648964,0.3769274956774456
499,8.982898289828983,0.37773045764353974
500,9.000900090009,0.38125877435420236
501,9.018901890189019,0.3868530136761431
502,9.036903690369037,0.3936310282259613
503,9.054905490549055,0.40062507229597155
504,9.072907290729074,0.4069240430001862
505,9.090909090909092,0.4117987289807654
506,9.10891089108911,0.4147916781484488
507,9.126912691269126,0.4157597832115505
508,9.144914491449144,0.41486578054401646
509,9.162916291629163,0.41252320165137896
510,9.18091809180918,0.4093065519409251
511,9.198919891989199,0.40584348484662564
512,9.216921692169217,0.40270775417098725
513,9.234923492349235,0.40033053654546996
514,9.252925292529254,0.39894363076028894
515,9.270927092709272,0.39856185312431786
516,9.28892889288929,0.3990047906230176
517,9.306930693069308,0.39995122151820234
518,9.324932493249324,0.4010141589475934
519,9.342934293429343,0.40182151587343146
520,9.36093609360936,0.4020872747654163
521,9.378937893789379,0.4016606880761802
522,9.396939693969397,0.4005458440065816
523,9.414941494149415,0.39888992624491915
524,9.432943294329434,0.3969445014851363
525,9.450945094509452,0.3950090447770372
526,9.46894689468947,0.39336877571598694
527,9.486948694869488,0.39223926556467364
528,9.504950495049505,0.39172822498113147
529,9.522952295229523,0.3918209099955067
530,9.54095409540954,0.3923905642882118
531,9.558955895589559,0.3932302923487111
532,9.576957695769577,0.3940987272232938
533,9.594959495949595,0.3947695684853813
534,9.612961296129614,0.39507488412656766
535,9.630963096309632,0.3949339157331275
536,9.64896489648965,0.3943625173992992
537,9.666966696669668,0.39346252857192004
538,9.684968496849685,0.392394449054789
539,9.702970297029703,0.3913399412922457
540,9.72097209720972,0.39046235148346514
541,9.738973897389739,0.38987337052380694
542,9.756975697569757,0.3896122633662061
543,9.774977497749775,0.3896412122669954
544,9.792979297929794,0.38985688693798387
545,9.810981098109812,0.3901150844520597
546,9.82898289828983,0.39026281141662744
547,9.846984698469848,0.39017095432574844
548,9.864986498649865,0.38976087738589316
549,9.882988298829883,0.3890197914459745
550,9.900990099009901,0.3880021961809215
551,9.918991899189919,0.3868175874896506
552,9.936993699369937,0.3856073616693903
553,9.954995499549955,0.3845159094050681
554,9.972997299729974,0.38366189825490193
555,9.990999099909992,0.3831155294842242
556,10.00900090009001,0.3828861995432339
557,10.027002700270028,0.38292279164972093
558,10.045004500450045,0.3831262201493035
559,10.063006300630063,0.3833713710168453
560,10.081008100810081,0.38353371754129734
561,10.099009900990099,0.38351500809405864
562,10.117011701170117,0.3832626942865568
563,10.135013501350135,0.38277913347321924
564,10.153015301530154,0.3821187789188302
565,10.171017101710172,0.3813741156639013
566,10.18901890189019,0.3806534824850253
567,10.207020702070208,0.38005564047997337
568,10.225022502250225,0.3796466392934034
569,10.243024302430243,0.3794440380216256
570,10.261026102610261,0.3794119547272553
571,10.27902790279028,0.3794680767966752
572,10.297029702970297,0.37950116344439505
573,10.315031503150315,0.3793952744253408
574,10.333033303330334,0.37905546970315857
575,10.351035103510352,0.3784293766066964
576,10.36903690369037,0.3775198990768
577,10.387038703870388,0.37638626229188493
578,10.405040504050405,0.37513312655974385
579,10.423042304230423,0.3738901064444613
580,10.441044104410441,0.37278611741599843
581,10.45904590459046,0.371924079095392
582,10.477047704770477,0.37136138673532093
583,10.495049504950495,0.3711002514907829
584,10.513051305130514,0.37108980438435607
585,10.531053105310532,0.371239257837063
586,10.54905490549055,0.37143900715370953
587,10.567056705670568,0.37158486943747016
588,10.585058505850585,0.37160006634440995
589,10.603060306030603,0.3714501756646494
590,10.621062106210621,0.37114794618442903
591,10.63906390639064,0.37074719762171865
592,10.657065706570657,0.3703274786705444
593,10.675067506750676,0.3699731802671613
594,10.693069306930694,0.36975195508016345
595,10.711071107110712,0.36969734055011394
596,10.72907290729073,0.3697994381624671
597,10.747074707470748,0.3700056259978889
598,10.765076507650765,0.3702310129783215
599,10.783078307830783,0.37037619431644647
600,10.801080108010801,0.370348309247114
601,10.81908190819082,0.37008075992841977
602,10.837083708370837,0.3695473382531478
603,10.855085508550856,0.3687678097001335
604,10.873087308730874,0.36780390932101076
605,10.891089108910892,0.3667467833690483
606,10.90909090909091,0.3656987078197558
607,10.927092709270928,0.36475305560586635
608,10.945094509450945,0.36397674555409104
609,10.963096309630963,0.3633987609150347
610,10.981098109810981,0.3630069402950886
611,10.999099909991,0.3627534352556532
612,11.017101710171017,0.3625673912316448
613,11.035103510351036,0.362371928665123
614,11.053105310531054,0.36210167875331767
615,11.071107110711072,0.361717116136403
616,11.08910891089109,0.36121270959703583
617,11.107110711071108,0.3606172986002551
618,11.125112511251125,0.3599867944463532
619,11.143114311431143,0.3593909403635995
620,11.161116111611161,0.35889710434700794
621,11.17911791179118,0.35855466926302243
622,11.197119711971197,0.35838341210234903
623,11.215121512151216,0.35836837341154065
624,11.233123312331234,0.35846230295019893
625,11.251125112511252,0.3585951306942033
626,11.26912691269127,0.3586884009974637
627,11.287128712871288,0.35867154280627306
628,11.305130513051305,0.35849645718706435
629,11.323132313231323,0.3581472698514107
630,11.341134113411341,0.35764314435538247
631,11.35913591359136,0.3570335580441285
632,11.377137713771377,0.35638708375881883
633,11.395139513951396,0.35577613974612754
634,11.413141314131414,0.35526105658928714
635,11.431143114311432,0.35487696504377
636,11.44914491449145,0.35462639270443547
637,11.467146714671468,0.35447920059939025
638,11.485148514851485,0.35437986685570466
639,11.503150315031503,0.3542604920105749
640,11.521152115211521,0.35405662348206823
641,11.53915391539154,0.3537223630724106
642,11.557155715571557,0.3532413768160476
643,11.575157515751576,0.3526313397337581
644,11.593159315931594,0.35194081617154793
645,11.611161116111612,0.35123926948402484
646,11.62916291629163,0.35060243043634576
647,11.647164716471648,0.3500962841641885
648,11.665166516651665,0.34976322785048813
649,11.683168316831683,0.34961344101171427
650,11.701170117011701,0.34962331657093493
651,11.71917191719172,0.34974119889225536
652,11.737173717371737,0.34989903206076434
653,11.755175517551756,0.3500272124372725
654,11.773177317731774,0.35006925910663916
655,11.791179117911792,0.34999301264967475
656,11.80918091809181,0.34979591537129134
657,11.827182718271828,0.3495033128378648
658,11.845184518451845,0.34916032352384435
659,11.863186318631863,0.3488192810499549
660,11.881188118811881,0.3485257323421855
661,11.8991899189919,0.34830626032350104
662,11.917191719171917,0.348160938592018
663,11.935193519351936,0.3480621357234056
664,11.953195319531954,0.3479599262516373
665,11.971197119711972,0.3477928701861452
666,11.98919891989199,0.34750172946615915
667,12.007200720072008,0.3470430586573059
668,12.025202520252025,0.34639966682841083
669,12.043204320432043,0.3455856690754373
670,12.061206120612061,0.34464505472486573
671,12.07920792079208,0.34364411737356776
672,12.097209720972097,0.3426594041899114
673,12.115211521152116,0.34176376561848537
674,12.133213321332134,0.3410134325678991
675,12.151215121512152,0.34043875843613663
676,12.16921692169217,0.3400404191633728
677,12.187218721872188,0.3397916635637275
678,12.205220522052205,0.33964591581507514
679,12.223222322232223,0.3395479294969169
680,12.241224122412241,0.33944600595205016
681,12.25922592259226,0.33930265128395504
682,12.277227722772277,0.3391014681935489
683,12.295229522952296,0.3388489549653456
684,12.313231323132314,0.3385710160132584
685,12.331233123312332,0.3383051305163385
686,12.34923492349235,0.3380900366749292
687,12.367236723672368,0.33795528252627277
688,12.385238523852385,0.3379129753845908
689,12.403240324032403,0.3379535452416143
690,12.421242124212421,0.33804644107305387
691,12.43924392439244,0.33814559852136333
692,12.457245724572457,0.33819848411726755
693,12.475247524752476,0.3381567535974328
694,12.493249324932494,0.3379862205209838
695,12.511251125112512,0.3376739858213134
696,12.52925292529253,0.3372311935768042
697,12.547254725472548,0.3366908201633438
698,12.565256525652565,0.336100970721455
699,12.583258325832583,0.33551511955604496
700,12.601260126012601,0.3349813827235183
701,12.61926192619262,0.33453311109463935
702,12.637263726372638,0.33418279711407173
703,12.655265526552656,0.3339205619682576
704,12.673267326732674,0.3337174897407208
705,12.691269126912692,0.33353301964899673
706,12.70927092709271,0.33332472793311557
707,12.727272727272728,0.333058320844302
708,12.745274527452745,0.33271563188239883
709,12.763276327632763,0.3322988757440584
710,12.781278127812781,0.3318302555387528
711,12.7992799279928,0.3313470596986747
712,12.817281728172818,0.3308933876043429
713,12.835283528352836,0.3305103836666328
714,12.853285328532854,0.3302271732033671
715,12.871287128712872,0.3300545116748819
716,12.88928892889289,0.32998252600667677
717,12.907290729072908,0.3299829894485439
718,12.925292529252925,0.3300155448343734
719,12.943294329432943,0.3300364092975518
720,12.961296129612961,0.3300075556789371
721,12.97929792979298,0.3299042908422831
722,12.997299729972998,0.32971955061009856
723,13.015301530153016,0.3294640079938067
724,13.033303330333034,0.32916206347513793
725,13.051305130513052,0.3288447286451225
726,13.06930693069307,0.32854111276586767
727,13.087308730873088,0.3282705201005889
728,13.105310531053105,0.32803700228673055
729,13.123312331233123,0.3278276290501446
730,13.141314131413141,0.32761488074036627
731,13.15931593159316,0.32736262665770177
732,13.177317731773178,0.32703434705106194
733,13.195319531953196,0.32660176241950256
734,13.213321332133214,0.3260519556620757
735,13.231323132313232,0.32539141938943145
736,13.24932493249325,0.3246461461913613
737,13.267326732673268,0.32385774493706204
738,13.285328532853285,0.3230764172235421
739,13.303330333033303,0.3223522798044128
740,13.321332133213321,0.3217268355668848
741,13.33933393339334,0.32122631907769983
742,13.357335733573358,0.3208582017484318
743,13.375337533753376,0.3206114426457218
744,13.393339333933394,0.32046027171052843
745,13.411341134113412,0.32037056592413055
746,13.42934293429343,0.32030737684035826
747,13.447344734473448,0.32024198761097894
748,13.465346534653465,0.3201570451445685
749,13.483348334833483,0.32004878020566124
750,13.501350135013501,0.3199259860106829
751,13.51935193519352,0.31980612949246695
752,13.537353735373538,0.31970956998040434
753,13.555355535553556,0.3196532353959461
754,13.573357335733574,0.3196451848447077
755,13.591359135913592,0.3196812609706316
756,13.60936093609361,0.3197445609458966
757,13.627362736273628,0.31980783661532225
758,13.645364536453645,0.31983830418517106
759,13.663366336633663,0.3198038334626043
760,13.681368136813681,0.3196792002461738
761,13.6993699369937,0.3194510793234076
762,13.717371737173718,0.31912072731122404
763,13.735373537353736,0.318703794573491
764,13.753375337533754,0.31822730940241906
765,13.771377137713772,0.31772446846812047
766,13.78937893789379,0.31722832161921705
767,13.807380738073809,0.31676566191693567
768,13.825382538253827,0.3163523774887357
769,13.843384338433843,0.31599120293735167
770,13.861386138613861,0.3156722930543465
771,13.87938793879388,0.315376440482772
772,13.897389738973898,0.3150802001535349
773,13.915391539153916,0.3147617861828985
774,13.933393339333934,0.31440645612641555
775,13.951395139513952,0.3140102244734699
776,13.96939693969397,0.31358112316934406
777,13.987398739873989,0.31313776866610804
778,14.005400540054007,0.31270558327822257
779,14.023402340234023,0.31231152429011105
780,14.041404140414041,0.3119784868788904
781,14.05940594059406,0.3117205993232631
782,14.077407740774078,0.311540412266021
783,14.095409540954096,0.31142854917208646
784,14.113411341134114,0.3113658321000991
785,14.131413141314132,0.31132735061734107
786,14.14941494149415,0.3112875243974121
787,14.167416741674169,0.3112250134414056
788,14.185418541854187,0.3111263945650877
789,14.203420342034203,0.3109878296697869
790,14.221422142214221,0.31081442664211234
791,14.23942394239424,0.3106175267888894
792,14.257425742574258,0.3104106216366711
793,14.275427542754276,0.31020490166373116
794,14.293429342934294,0.31000550548466926
795,14.311431143114312,0.3098093598859494
796,14.32943294329433,0.3096051240763721
797,14.347434743474349,0.3093752646177439
798,14.365436543654367,0.30909980240588997
799,14.383438343834383,0.30876089826082953
800,14.401440144014401,0.30834726014334507
801,14.41944194419442,0.30785739893486613
802,14.437443744374438,0.3073010158691059
803,14.455445544554456,0.3066982115783565
804,14.473447344734474,0.3060766717838691
805,14.491449144914492,0.30546740587091975
806,14.50945094509451,0.304899903046651
807,14.527452745274529,0.3043976694776389
808,14.545454545454547,0.30397500452734943
809,14.563456345634563,0.3036355946269769
810,14.581458145814581,0.3033731145826504
811,14.5994599459946,0.3031736134183889
812,14.617461746174618,0.30301911149918287
813,14.635463546354636,0.30289161712463725
814,14.653465346534654,0.3027767231497383
815,14.671467146714672,0.3026660698299884
816,14.68946894689469,0.3025582260328584
817,14.707470747074709,0.3024578873868908
818,14.725472547254727,0.3023736435201361
819,14.743474347434743,0.3023148556594019
820,14.761476147614761,0.3022883546759141
821,14.77947794779478,0.30229568833690423
822,14.797479747974798,0.3023315159615875
823,14.815481548154816,0.30238349918449037
824,14.833483348334834,0.3024337219381591
825,14.851485148514852,0.3024613556021116
826,14.86948694869487,0.3024460300084668
827,14.887488748874889,0.30237122787760995
828,14.905490549054907,0.3022270167557663
829,14.923492349234923,0.30201156827004577
830,14.941494149414941,0.30173116151284024
831,14.95949594959496,0.30139867551712946
832,14.977497749774978,0.30103088269574896
833,14.995499549954996,0.3006450984315127
834,15.013501350135014,0.3002558718852233
835,15.031503150315032,0.29987239244245734
836,15.04950495049505,0.2994971365293878
837,15.067506750675069,0.29912602097618335
838,15.085508550855087,0.2987500147788516
839,15.103510351035103,0.29835785628155287
840,15.121512151215121,0.2979392913987635
841,15.13951395139514,0.297488139543229
842,15.157515751575158,0.29700453087406786
843,15.175517551755176,0.2964958338520078
844,15.193519351935194,0.29597606873267585
845,15.211521152115212,0.2954639214810633
846,15.22952295229523,0.29497976536178117
847,15.247524752475249,0.29454230150761657
848,15.265526552655267,0.2941655018504761
849,15.283528352835283,0.29385646359622747
850,15.301530153015301,0.2936145816545069
851,15.31953195319532,0.293432159787072
852,15.337533753375338,0.29329627606021375
853,15.355535553555356,0.29319146024635273
854,15.373537353735374,0.29310258541284223
855,15.391539153915392,0.29301735473712676
856,15.40954095409541,0.2929278789791693
857,15.427542754275429,0.29283106138162424
858,15.445544554455447,0.2927277834061821
859,15.463546354635463,0.292621154043039
860,15.481548154815481,0.2925142881073494
861,15.4995499549955,0.292408171994682
862,15.517551755175518,0.2923001412851533
863,15.535553555355536,0.292183344388168
864,15.553555355535554,0.2920473363257155
865,15.571557155715572,0.29187968936339415
866,15.58955895589559,0.29166827940717477
867,15.607560756075609,0.29140375753389586
868,15.625562556255627,0.2910816748998853
869,15.643564356435643,0.2907038025439816
870,15.661566156615661,0.29027835673695285
871,15.67956795679568,0.28981906744421576
872,15.697569756975698,0.2893432633534272
873,15.715571557155716,0.28886934285459814
874,15.733573357335734,0.2884141173914861
875,15.751575157515752,0.287990530233005
876,15.76957695769577,0.2876061694559208
877,15.787578757875789,0.2872628284801916
878,15.805580558055807,0.28695715595997484
879,15.823582358235823,0.286682222207654
880,15.841584158415841,0.28642965386149966
881,15.85958595859586,0.2861918856032002
882,15.877587758775878,0.28596406588125284
883,15.895589558955896,0.28574523332388896
884,15.913591359135914,0.2855385347482088
885,15.931593159315932,0.28535045327504666
886,15.94959495949595,0.2851892169508586
887,15.967596759675969,0.2850627248223812
888,15.985598559855987,0.2849764259058383
889,16.003600360036003,0.2849315973962742
890,16.021602160216023,0.28492438922327135
891,16.03960396039604,0.2849458478334382
892,16.05760576057606,0.2849829331002485
893,16.075607560756076,0.28502033822590783
894,16.093609360936092,0.28504275492741765
895,16.111611161116112,0.28503713013623533
896,16.12961296129613,0.2849944571435126
897,16.14761476147615,0.2849107362305777
898,16.165616561656165,0.2847869101772749
899,16.183618361836185,0.28462779457766396
900,16.2016201620162,0.28444023724060796
901,16.21962196219622,0.28423090950883156
902,16.237623762376238,0.28400421797538783
903,16.255625562556258,0.2837608074622378
904,16.273627362736274,0.28349700660482074
905,16.29162916291629,0.283205369386668
906,16.30963096309631,0.28287623050306204
907,16.327632763276327,0.28249996959458434
908,16.345634563456347,0.2820695175822702
909,16.363636363636363,0.28158257359717104
910,16.381638163816383,0.28104304884281767
911,16.3996399639964,0.2804614053933999
912,16.41764176417642,0.27985378196209115
913,16.435643564356436,0.27924004761368654
914,16.453645364536452,0.2786411450911841
915,16.471647164716472,0.27807623069091886
916,16.48964896489649,0.2775601566108148
917,16.50765076507651,0.2771017666556046
918,16.525652565256525,0.27670330404552723
919,16.543654365436545,0.2763609985780498
920,16.56165616561656,0.27606665961051435
921,16.57965796579658,0.2758099025898105
922,16.597659765976598,0.2755805215151564
923,16.615661566156618,0.27537051036498855
924,16.633663366336634,0.2751753324322728
925,16.65166516651665,0.2749942143656952
926,16.66966696669667,0.27482946117903606
927,16.687668766876687,0.27468500140061286
928,16.705670567056707,0.2745645324861357
929,16.723672367236723,0.2744697126494007
930,16.741674167416743,0.2743988225434943
931,16.75967596759676,0.27434620640935936
932,16.77767776777678,0.2743026242416632
933,16.795679567956796,0.27425644392998466
934,16.813681368136812,0.27419541902813355
935,16.831683168316832,0.2741086723421516
936,16.84968496849685,0.2739884632983068
937,16.86768676867687,0.27383136537964575
938,16.885688568856885,0.2736386070542854
939,16.903690369036905,0.2734155076709316
940,16.92169216921692,0.2731701308657992
941,16.93969396939694,0.27291144216741503
942,16.957695769576958,0.27264736088330155
943,16.975697569756978,0.2723831180511002
944,16.993699369936994,0.27212026818065194
945,17.01170117011701,0.27185656615252973
946,17.02970297029703,0.27158674006627637
947,17.047704770477047,0.27130400305657243
948,17.065706570657067,0.2710019905952425
949,17.083708370837083,0.27067671679444544
950,17.101710171017103,0.27032813319598376
951,17.11971197119712,0.2699609491985363
952,17.13771377137714,0.26958451991372323
953,17.155715571557156,0.26921179546749446
954,17.173717371737172,0.26885751731334473
955,17.191719171917192,0.26853600255239424
956,17.20972097209721,0.26825894403047973
957,17.22772277227723,0.2680336533413509
958,17.245724572457245,0.2678620849897852
959,17.263726372637265,0.2677408205156838
960,17.28172817281728,0.267661994144431
961,17.2997299729973,0.26761494780666606
962,17.317731773177318,0.26758825433485756
963,17.335733573357338,0.2675716755143491
964,17.353735373537354,0.26755764257811004
965,17.37173717371737,0.2675419569210818
966,17.38973897389739,0.2675235850341578
967,17.407740774077407,0.26750362592432103
968,17.425742574257427,0.2674837169182509
969,17.443744374437443,0.267464273111583
970,17.461746174617463,0.2674429974969314
971,17.47974797479748,0.2674140426574387
972,17.4977497749775,0.2673680621135625
973,17.515751575157516,0.2672931906209102
974,17.533753375337533,0.26717678143466583
975,17.551755175517552,0.2670075515959557
976,17.56975697569757,0.2667776834108065
977,17.58775877587759,0.26648442526781413
978,17.605760576057605,0.2661308301753619
979,17.623762376237625,0.2657254462187879
980,17.64176417641764,0.26528099201975297
981,17.65976597659766,0.264812265052184
982,17.677767776777678,0.26433369485591257
983,17.695769576957698,0.2638570311936153
984,17.713771377137714,0.2633896320474801
985,17.73177317731773,0.26293369332921046
986,17.74977497749775,0.2624865675352853
987,17.767776777677767,0.2620420937193201
988,17.785778577857787,0.26159265357219114
989,17.803780378037803,0.2611315214523085
990,17.821782178217823,0.26065501992226453
991,17.83978397839784,0.26016403726715914
992,17.85778577857786,0.2596645987734619
993,17.875787578757876,0.2591673797510106
994,17.893789378937893,0.2586862638220198
995,17.911791179117913,0.25823624019849134
996,17.92979297929793,0.2578310601028229
997,17.94779477947795,0.25748111080323177
998,17.965796579657965,0.25719191031754074
999,17.983798379837985,0.25696349045009387
1000,18.001800180018,0.2567907502508843
1001,18.01980198019802,0.25666466547961836
1002,18.037803780378038,0.25657407265582416
1003,18.055805580558058,0.2565076421104553
1004,18.073807380738074,0.2564556327441867
1005,18.09180918091809,0.25641108420435077
1006,18.10981098109811,0.2563702347776886
1007,18.127812781278127,0.2563321263864953
1008,18.145814581458147,0.25629753486346496
1009,18.163816381638163,0.2562675072503951
1010,18.181818181818183,0.2562418687174893
1011,18.1998199819982,0.2562180636636846
1012,18.21782178217822,0.2561906189563555
1013,18.235823582358236,0.25615137872360777
1014,18.253825382538253,0.25609048905620935
1015,18.271827182718273,0.2559979435755369
1016,18.28982898289829,0.2558653725320539
1017,18.30783078307831,0.25568769632977106
1018,18.325832583258325,0.25546428278086863
1019,18.343834383438345,0.25519934293867397
1020,18.36183618361836,0.25490145377494366
1021,18.37983798379838,0.2545822756265829
1022,18.397839783978398,0.2542547007086005
1023,18.415841584158418,0.25393079045275696
1024,18.433843384338434,0.25361990779694976
1025,18.45184518451845,0.2533274147245282
1026,18.46984698469847,0.25305419189429457
1027,18.487848784878487,0.2527970691782796
1028,18.505850585058507,0.25255006822489356
1029,18.523852385238524,0.25230619021871187
1030,18.541854185418543,0.25205936940743806
1031,18.55985598559856,0.2518061798094378
1032,18.57785778577858,0.2515469361102696
1033,18.595859585958596,0.25128595891196936
1034,18.613861386138616,0.251030951789717
1035,18.631863186318633,0.25079162520678777
1036,18.64986498649865,0.2505778601382202
1037,18.66786678667867,0.25039779857036815
1038,18.685868586858685,0.25025625893670517
1039,18.703870387038705,0.2501538001754431
1040,18.72187218721872,0.250086615101617
1041,18.73987398739874,0.2500472536599319
1042,18.757875787578758,0.2500259987730426
1043,18.775877587758778,0.2500125806123479
1044,18.793879387938794,0.24999784870115183
1045,18.81188118811881,0.2499750392254917
1046,18.82988298829883,0.2499403726284908
1047,18.847884788478847,0.24989287192185833
1048,18.865886588658867,0.2498334705892971
1049,18.883888388838884,0.2497636410493379
1050,18.901890189018903,0.24968388473641848
1051,18.91989198919892,0.24959245881608727
1052,18.93789378937894,0.2494846649294638
1053,18.955895589558956,0.2493529029142674
1054,18.973897389738976,0.2491875236806142
1055,18.991899189918993,0.24897833678841402
1056,19.00990099009901,0.2487164783159197
1057,19.02790279027903,0.2483962557077611
1058,19.045904590459045,0.24801657783296602
1059,19.063906390639065,0.24758165284629732
1060,19.08190819081908,0.24710077859623655
1061,19.0999099909991,0.2465872310625896
1062,19.117911791179118,0.2460564384280157
1063,19.135913591359138,0.2455237744158779
1064,19.153915391539154,0.24500238443388428
1065,19.17191719171917,0.24450145537289655
1066,19.18991899189919,0.2440252549801321
1067,19.207920792079207,0.24357311657462674
1068,19.225922592259227,0.24314035964647815
1069,19.243924392439244,0.24271995369987506
1070,19.261926192619264,0.24230458815561756
1071,19.27992799279928,0.2418887339421106
1072,19.2979297929793,0.24147028770046797
1073,19.315931593159316,0.24105147586721956
1074,19.333933393339336,0.240638845616267
1075,19.351935193519353,0.2402423524523652
1076,19.36993699369937,0.2398737333492561
1077,19.38793879387939,0.2395444938132412
1078,19.405940594059405,0.23926390935778735
1079,19.423942394239425,0.23903743256762944
1080,19.44194419441944,0.23886580876385824
1081,19.45994599459946,0.2387450548740971
1082,19.477947794779478,0.23866727835629145
1083,19.495949594959498,0.23862214276050592
1084,19.513951395139514,0.23859865893404655
1085,19.53195319531953,0.23858692222707165
1086,19.54995499549955,0.23857943813432714
1087,19.567956795679567,0.23857177643188418
1088,19.585958595859587,0.23856244588933198
1089,19.603960396039604,0.2385520553381533
1090,19.621962196219624,0.23854198484684577
1091,19.63996399639964,0.23853289885094092
1092,19.65796579657966,0.23852346777094952
1093,19.675967596759676,0.23850961812846874
1094,19.693969396939696,0.2384845131953304
1095,19.711971197119713,0.23843930212740524
1096,19.72997299729973,0.2383645009196666
1097,19.74797479747975,0.23825172155074764
1098,19.765976597659765,0.23809537886953785
1099,19.783978397839785,0.23789399782802803
1100,19.801980198019802,0.23765081910648195
1101,19.81998199819982,0.23737354364474902
1102,19.837983798379838,0.23707323603532382
1103,19.855985598559858,0.2367625848260601
1104,19.873987398739875,0.23645385619163925
1105,19.89198919891989,0.23615694612559188
1106,19.90999099909991,0.23587792007403205
1107,19.927992799279927,0.2356183307414285
1108,19.945994599459947,0.2353754451807053
1109,19.963996399639964,0.23514332493357082
1110,19.981998199819984,0.23491452752814407
1111,20.0,0.23468207108986694
1112,20.01800180018002,0.2344412526757843
1113,20.036003600360036,0.23419094555159298
1114,20.054005400540056,0.23393411307394274
1115,20.072007200720073,0.23367744274339014
1116,20.09000900090009,0.23343018785567493
1117,20.10801080108011,0.23320246704696354
1118,20.126012601260125,0.23300337982565392
1119,20.144014401440145,0.2328393269212312
1120,20.162016201620162,0.23271287260945098
1121,20.180018001800182,0.2326223643313543
1122,20.198019801980198,0.23256235993087
1123,20.216021602160218,0.23252474056377267
1124,20.234023402340235,0.23250024475899242
1125,20.25202520252025,0.23248007642910243
1126,20.27002700270027,0.23245723384971032
1127,20.288028802880287,0.2324272780966108
1128,20.306030603060307,0.23238839185762974
1129,20.324032403240324,0.2323407436060362
1130,20.342034203420344,0.2322853318159936
1131,20.36003600360036,0.23222260423097535
1132,20.37803780378038,0.2321512016876072
1133,20.396039603960396,0.23206715235325642
1134,20.414041404140416,0.23196374499847977
1135,20.432043204320433,0.2318321595755545
1136,20.45004500450045,0.2316627620515518
1137,20.46804680468047,0.23144681518292606
1138,20.486048604860486,0.23117825179895307
1139,20.504050405040505,0.23085512602738015
1140,20.522052205220522,0.23048040915781054
1141,20.540054005400542,0.23006192147873122
1142,20.55805580558056,0.22961136465132354
1143,20.576057605760578,0.22914260542892814
1144,20.594059405940595,0.22866952178808303
1145,20.61206120612061,0.22820382252115104
1146,20.63006300630063,0.2277532687845407
1147,20.648064806480647,0.22732065562189455
1148,20.666066606660667,0.2269037659975965
1149,20.684068406840684,0.22649631815172766
1150,20.702070207020704,0.22608972795922966
1151,20.72007200720072,0.22567534235386447
1152,20.73807380738074,0.22524670221383253
1153,20.756075607560756,0.22480138411252157
1154,20.774077407740776,0.2243420525160657
1155,20.792079207920793,0.22387651096587097
1156,20.81008100810081,0.22341674052871247
1157,20.82808280828083,0.22297711535474535
1158,20.846084608460846,0.22257214715518298
1159,20.864086408640865,0.22221419966450262
1160,20.882088208820882,0.2219116127982716
1161,20.900090009000902,0.2216675853726587
1162,20.91809180918092,0.22148000475453927
1163,20.936093609360938,0.22134221596154985
1164,20.954095409540955,0.22124453294134092
1165,20.97209720972097,0.22117615070513716
1166,20.99009900990099,0.2211270481727544
1167,21.008100810081007,0.22108949110968412
1168,21.026102610261027,0.22105884646285123
1169,21.044104410441044,0.22103358021512629
1170,21.062106210621064,0.22101449474697255
1171,21.08010801080108,0.22100342834105344
1172,21.0981098109811,0.22100175294686272
1173,21.116111611161116,0.22100904276983413
1174,21.134113411341136,0.22102223892355868
1175,21.152115211521153,0.2210355159469954
1176,21.17011701170117,0.22104089175714603
1177,21.18811881188119,0.22102945042243
1178,21.206120612061206,0.22099290522488438
1179,21.224122412241226,0.22092514906955907
1180,21.242124212421242,0.22082343789687978
1181,21.260126012601262,0.22068893041758345
1182,21.27812781278128,0.22052644696987994
1183,21.2961296129613,0.220343480923459
1184,21.314131413141315,0.2201486604976432
1185,21.33213321332133,0.21994998127900522
1186,21.35013501350135,0.21975318350521306
1187,21.368136813681367,0.21956062162546172
1188,21.386138613861387,0.21937087238224431
1189,21.404140414041404,0.21917917331627343
1190,21.422142214221424,0.21897860906989938
1191,21.44014401440144,0.21876180520563326
1192,21.45814581458146,0.2185227817544137
1193,21.476147614761476,0.218258583849019
1194,21.494149414941496,0.2179703515904277
1195,21.512151215121513,0.21766360592742157
1196,21.53015301530153,0.2173476873987678
1197,21.54815481548155,0.2170344563881659
1198,21.566156615661566,0.21673651125991605
1199,21.584158415841586,0.21646527401014182
1200,21.602160216021602,0.21622931328314074
1201,21.620162016201622,0.2160332186976392
1202,21.63816381638164,0.2158772213182081
1203,21.65616561656166,0.21575759876395723
1204,21.674167416741675,0.21566774325132557
1205,21.69216921692169,0.21559964046627092
1206,21.71017101710171,0.21554543334485093
1207,21.728172817281727,0.21549874196015695
1208,21.746174617461747,0.21545547779197982
1209,21.764176417641764,0.21541401179540967
1210,21.782178217821784,0.21537470365259964
1211,21.8001800180018,0.21533894178990284
1212,21.81818181818182,0.21530794928342517
1213,21.836183618361837,0.21528165713398417
1214,21.854185418541856,0.2152579242068956
1215,21.872187218721873,0.21523229814257566
1216,21.89018901890189,0.21519838324293536
1217,21.90819081908191,0.21514873864778086
1218,21.926192619261926,0.21507610502381722
1219,21.944194419441946,0.21497467853372337
1220,21.962196219621962,0.21484113497044022
1221,21.980198019801982,0.2146751585226631
1222,21.998199819982,0.21447933764758226
1223,22.01620162016202,0.2142584313907962
1224,22.034203420342035,0.2140181522243577
1225,22.05220522052205,0.21376372443685226
1226,22.07020702070207,0.21349853494641308
1227,22.088208820882087,0.2132231826129682
1228,22.106210621062107,0.21293515405730806
1229,22.124212421242124,0.21262922465389225
1230,22.142214221422144,0.21229852999947166
1231,22.16021602160216,0.21193610841679086
1232,22.17821782178218,0.21153660995411727
1233,22.196219621962197,0.2110978246122882
1234,22.214221422142217,0.21062171171545843
1235,22.232223222322233,0.21011470776625815
1236,22.25022502250225,0.20958723212920682
1237,22.26822682268227,0.20905246904049962
1238,22.286228622862286,0.20852464783056512
1239,22.304230423042306,0.2080171414368227
1240,22.322232223222322,0.20754073649556862
1241,22.340234023402342,0.20710239044934042
1242,22.35823582358236,0.2067046908969298
1243,22.37623762376238,0.20634609129634368
1244,22.394239423942395,0.20602184459504408
1245,22.41224122412241,0.20572542362406634
1246,22.43024302430243,0.2054501305599624
1247,22.448244824482448,0.20519057364249912
1248,22.466246624662467,0.20494373054580767
1249,22.484248424842484,0.20470941370670168
1250,22.502250225022504,0.20449008196057986
1251,22.52025202520252,0.20429007736942656
1252,22.53825382538254,0.20411447835512034
1253,22.556255625562557,0.20396782803970645
1254,22.574257425742577,0.20385300798244574
1255,22.592259225922593,0.20377048245808543
1256,22.61026102610261,0.20371804894350187
1257,22.62826282628263,0.203691117268538
1258,22.646264626462646,0.2036834277550896
1259,22.664266426642666,0.20368803117155898
1260,22.682268226822682,0.2036983078564989
1261,22.700270027002702,0.2037088077104545
1262,22.71827182718272,0.20371574384181373
1263,22.73627362736274,0.20371705759576159
1264,22.754275427542755,0.2037120718933977
1265,22.77227722772277,0.20370084134254773
1266,22.79027902790279,0.20368337194909847
1267,22.808280828082808,0.20365890742549478
1268,22.826282628262828,0.2036254590524875
1269,22.844284428442844,0.20357969737701426
1270,22.862286228622864,0.2035172404039725
1271,22.88028802880288,0.2034332830047895
1272,22.8982898289829,0.20332343553204452
1273,22.916291629162917,0.20318459232165348
1274,22.934293429342937,0.20301564248052276
1275,22.952295229522953,0.20281786721472506
1276,22.97029702970297,0.2025949325672445
1277,22.98829882988299,0.20235246968352646
1278,23.006300630063006,0.20209731887637722
1279,23.024302430243026,0.20183658127935267
1280,23.042304230423042,0.20157665906909664
1281,23.060306030603062,0.2013224650194819
1282,23.07830783078308,0.20107694535245169
1283,23.0963096309631,0.20084099483339182
1284,23.114311431143115,0.20061376377652895
1285,23.132313231323135,0.20039327957962816
1286,23.15031503150315,0.20017724615664997
1287,23.168316831683168,0.19996385461522637
1288,23.186318631863188,0.1997524428110797
1289,23.204320432043204,0.1995438778941482
1290,23.222322232223224,0.19934059603340573
1291,23.24032403240324,0.19914630408001752
1292,23.25832583258326,0.19896541430755535
1293,23.276327632763277,0.19880233235198058
1294,23.294329432943297,0.19866074101794767
1295,23.312331233123313,0.1985430155147609
1296,23.33033303330333,0.19844987195819708
1297,23.34833483348335,0.19838029894499742
1298,23.366336633663366,0.1983317633024514
1299,23.384338433843386,0.1983006280819639
1300,23.402340234023402,0.19828268396363946
1301,23.420342034203422,0.19827368097776235
1302,23.43834383438344,0.19826975726394375
1303,23.45634563456346,0.1982676918506873
1304,23.474347434743475,0.19826495152610032
1305,23.492349234923495,0.19825954801560888
1306,23.51035103510351,0.19824976114130607
1307,23.528352835283528,0.19823380871444285
1308,23.546354635463548,0.19820955040971291
1309,23.564356435643564,0.19817430070239164
1310,23.582358235823584,0.19812479885348408
1311,23.6003600360036,0.198057348404266
1312,23.61836183618362,0.19796810240924853
1313,23.636363636363637,0.19785344097525687
1314,23.654365436543657,0.19771037000319808
1315,23.672367236723673,0.19753686699872064
1316,23.69036903690369,0.19733211104722875
1317,23.70837083708371,0.1970965564907623
1318,23.726372637263726,0.19683183863170467
1319,23.744374437443746,0.1965405293294314
1320,23.762376237623762,0.19622578542904914
1321,23.780378037803782,0.19589094959435446
1322,23.7983798379838,0.19553916911863078
1323,23.81638163816382,0.19517309338597025
1324,23.834383438343835,0.19479469630261614
1325,23.852385238523855,0.1944052489437813
1326,23.87038703870387,0.19400544333310446
1327,23.888388838883888,0.19359564434344192
1328,23.906390639063908,0.19317622655433309
1329,23.924392439243924,0.19274793926033346
1330,23.942394239423944,0.19231223754329155
1331,23.96039603960396,0.191871521194673
1332,23.97839783978398,0.19142923594890196
1333,23.996399639963997,0.19098981145111696
1334,24.014401440144017,0.19055843504048237
1335,24.032403240324033,0.19014068633271858
1336,24.05040504050405,0.18974208080384714
1337,24.06840684068407,0.18936758723849176
1338,24.086408640864086,0.18902119083046862
1339,24.104410441044106,0.1887055690607422
1340,24.122412241224122,0.18842193121505932
1341,24.140414041404142,0.18817004659861955
1342,24.15841584158416,0.18794845514899047
1343,24.17641764176418,0.1877548226146807
1344,24.194419441944195,0.18758637660572797
1345,24.212421242124215,0.18744034484579647
1346,24.23042304230423,0.18731431632693346
1347,24.248424842484248,0.18720646064789995
1348,24.266426642664268,0.18711556847016694
1349,24.284428442844284,0.18704091183123747
1350,24.302430243024304,0.18698196012813684
1351,24.32043204320432,0.18693801838106605
1352,24.33843384338434,0.18690787225189925
1353,24.356435643564357,0.18688952492187025
1354,24.374437443744377,0.18688009343667525
1355,24.392439243924393,0.18687589941935098
1356,24.41044104410441,0.18687274744450197
1357,24.42844284428443,0.1868663424085442
1358,24.446444644464446,0.18685276398093406
1359,24.464446444644466,0.1868288993289967
1360,24.482448244824482,0.18679273927650314
1361,24.500450045004502,0.18674346809701228
1362,24.51845184518452,0.18668131890442524
1363,24.53645364536454,0.1866072168677248
1364,24.554455445544555,0.18652228073697766
1365,24.572457245724575,0.1864272887840718
1366,24.59045904590459,0.18632222975960103
1367,24.608460846084608,0.18620604848742592
1368,24.626462646264628,0.18607666017437086
1369,24.644464446444644,0.18593125367098265
1370,24.662466246624664,0.1857668423252187
1371,24.68046804680468,0.18558096449894618
1372,24.6984698469847,0.18537239663815233
1373,24.716471647164717,0.18514172929573688
1374,24.734473447344737,0.1848916747765262
1375,24.752475247524753,0.18462702184336505
1376,24.77047704770477,0.18435421977297667
1377,24.78847884788479,0.1840806479238572
1378,24.806480648064806,0.1838136927545878
1379,24.824482448244826,0.18355979785295495
1380,24.842484248424842,0.18332366404377543
1381,24.860486048604862,0.18310775245006528
1382,24.87848784878488,0.18291218728150357
1383,24.8964896489649,0.18273507774961995
1384,24.914491449144915,0.1825731953140706
1385,24.932493249324935,0.1824228705933215
1386,24.95049504950495,0.18228092896680703
1387,24.968496849684968,0.18214547518501048
1388,24.986498649864988,0.18201636772118693
1389,25.004500450045004,0.18189528743379604
1390,25.022502250225024,0.18178538942220407
1391,25.04050405040504,0.18169061418358629
1392,25.05850585058506,0.1816148057978734
1393,25.076507650765077,0.18156082538757062
1394,25.094509450945097,0.18152984847262996
1395,25.112511251125113,0.18152099456510093
1396,25.13051305130513,0.18153136475043524
1397,25.14851485148515,0.18155647359643037
1398,25.166516651665166,0.1815909749640089
1399,25.184518451845186,0.1816295163517895
1400,25.202520252025202,0.18166752798159097
1401,25.220522052205222,0.18170176778717556
1402,25.23852385238524,0.18173049915265574
1403,25.25652565256526,0.1817532628773342
1404,25.274527452745275,0.18177029991731908
1405,25.292529252925295,0.1817817657068475
1406,25.31053105310531,0.1817869309311378
1407,25.328532853285328,0.18178357440282417
1408,25.346534653465348,0.18176773741325636
1409,25.364536453645364,0.18173393223376927
1410,25.382538253825384,0.18167579620120353
1411,25.4005400540054,0.18158707887214404
1412,25.41854185418542,0.18146276621210752
1413,25.436543654365437,0.18130010207927427
1414,25.454545454545457,0.18109927461776762
1415,25.472547254725473,0.18086359401482907
1416,25.49054905490549,0.18059908759255797
1417,25.50855085508551,0.18031355839723928
1418,25.526552655265526,0.18001526920494768
1419,25.544554455445546,0.17971150023959012
1420,25.562556255625562,0.17940726649681665
1421,25.580558055805582,0.17910445981401882
1422,25.5985598559856,0.17880160426032735
1423,25.61656165616562,0.17849429541725148
1424,25.634563456345635,0.1781762581011547
1425,25.652565256525655,0.1778408307417606
1426,25.67056705670567,0.17748259420533058
1427,25.688568856885688,0.17709882757313508
1428,25.706570657065708,0.1766905013771314
1429,25.724572457245724,0.1762626052296051
1430,25.742574257425744,0.17582373475461716
1431,25.76057605760576,0.1753850066529037
1432,25.77857785778578,0.17495850159338683
1433,25.796579657965797,0.17455552597067822
1434,25.814581458145817,0.17418501698943417
1435,25.832583258325833,0.1738523844864925
1436,25.85058505850585,0.17355899404438133
1437,25.86858685868587,0.17330236774924312
1438,25.886588658865886,0.17307703779613814
1439,25.904590459045906,0.17287586285057185
1440,25.922592259225922,0.1726915328534558
1441,25.940594059405942,0.1725179612196779
1442,25.95859585958596,0.1723512983974614
1443,25.97659765976598,0.17219038889494814
1444,25.994599459945995,0.17203661557480818
1445,26.012601260126015,0.17189320402526156
1446,26.03060306030603,0.17176416885703033
1447,26.048604860486048,0.17165315033703857
1448,26.066606660666068,0.17156240083633023
1449,26.084608460846084,0.17149213527879076
1450,26.102610261026104,0.17144036943604135
1451,26.12061206120612,0.17140325539570342
1452,26.13861386138614,0.17137581062294954
1453,26.156615661566157,0.17135285076172035
1454,26.174617461746177,0.17132989546720592
1455,26.192619261926193,0.17130382959706825
1456,26.21062106210621,0.17127316537914938
1457,26.22862286228623,0.17123784984603146
1458,26.246624662466246,0.17119867311810538
1459,26.264626462646266,0.17115643145198112
1460,26.282628262826282,0.1711110616678839
1461,26.300630063006302,0.17106097590837885
1462,26.31863186318632,0.17100278422864332
1463,26.33663366336634,0.17093150596518686
1464,26.354635463546355,0.1708412581462427
1465,26.372637263726375,0.17072629551343424
1466,26.39063906390639,0.17058218776924705
1467,26.408640864086408,0.1704068761179912
1468,26.426642664266428,0.1702013639780308
1469,26.444644464446444,0.16996986459033359
1470,26.462646264626464,0.16971933766246383
1471,26.48064806480648,0.16945847532513164
1472,26.4986498649865,0.16919631717970515
1473,26.516651665166517,0.16894075908568426
1474,26.534653465346537,0.1686972515979163
1475,26.552655265526553,0.1684679538294814
1476,26.57065706570657,0.16825152219830536
1477,26.58865886588659,0.16804358823747687
1478,26.606660666066606,0.1678378410810517
1479,26.624662466246626,0.16762750710063506
1480,26.642664266426642,0.16740693716508717
1481,26.660666066606662,0.1671729883605692
1482,26.67866786678668,0.1669259268477934
1483,26.6966696669667,0.16666967373811836
1484,26.714671467146715,0.16641134682529354
1485,26.732673267326735,0.16616019073512772
1486,26.75067506750675,0.16592610788887074
1487,26.768676867686768,0.16571807828181126
1488,26.786678667866788,0.1655427725076053
1489,26.804680468046804,0.1654036171912646
1490,26.822682268226824,0.16530047533491998
1491,26.84068406840684,0.1652299768492259
1492,26.85868586858686,0.1651864035699156
1493,26.876687668766877,0.16516292546907774
1494,26.894689468946897,0.1651529222839102
1495,26.912691269126913,0.16515111923589823
1496,26.93069306930693,0.1651543165288902
1497,26.94869486948695,0.1651615876197148
1498,26.966696669666966,0.16517393949267137
1499,26.984698469846986,0.16519354360896524
1500,27.002700270027002,0.16522273429885515
1501,27.020702070207022,0.16526301397388624
1502,27.03870387038704,0.16531429367469916
1503,27.05670567056706,0.16537453683675002
1504,27.074707470747075,0.1654398781294873
1505,27.092709270927095,0.1655051795778465
1506,27.11071107110711,0.16556488725437443
1507,27.128712871287128,0.1656139852491768
1508,27.146714671467148,0.16564882362029876
1509,27.164716471647164,0.16566762746906316
1510,27.182718271827184,0.165670567960672
1511,27.2007200720072,0.16565937640886974
1512,27.21872187218722,0.16563658715133062
1513,27.236723672367237,0.16560458073422119
1514,27.254725472547257,0.16556464698212614
1515,27.272727272727273,0.16551628721374592
1516,27.29072907290729,0.1654569260681269
1517,27.30873087308731,0.1653821165314993
1518,27.326732673267326,0.16528621542599947
1519,27.344734473447346,0.16516340365790683
1520,27.362736273627362,0.16500884803678836
1521,27.380738073807382,0.1648197661549901
1522,27.3987398739874,0.16459617038999735
1523,27.41674167416742,0.16434112873085263
1524,27.434743474347435,0.16406047609263016
1525,27.452745274527455,0.16376202015526853
1526,27.47074707470747,0.1634543876871247
1527,27.488748874887488,0.16314572979809114
1528,27.506750675067508,0.16284253285555006
1529,27.524752475247524,0.1625487603779012
1530,27.542754275427544,0.16226548486870213
1531,27.56075607560756,0.1619910712041102
1532,27.57875787578758,0.16172186491623167
1533,27.596759675967597,0.1614532415027902
1534,27.614761476147617,0.1611808060527609
1535,27.632763276327633,0.16090150873869316
1536,27.650765076507653,0.160614464767523
1537,27.66876687668767,0.1603213312949862
1538,27.686768676867686,0.16002618456690446
1539,27.704770477047706,0.1597349391177361
1540,27.722772277227723,0.15945443724955968
1541,27.740774077407742,0.1591913944375524
1542,27.75877587758776,0.15895140449465767
1543,27.77677767776778,0.15873818541385865
1544,27.794779477947795,0.15855318938545881
1545,27.812781278127815,0.15839562190604586
1546,27.83078307830783,0.15826283220249818
1547,27.848784878487848,0.1581509674339034
1548,27.866786678667868,0.1580557397999501
1549,27.884788478847884,0.1579731460681331
1550,27.902790279027904,0.1579000029982276
1551,27.92079207920792,0.1578342125291753
1552,27.93879387938794,0.15777473508575254
1553,27.956795679567957,0.15772131337635212
1554,27.974797479747977,0.15767403896596535
1555,27.992799279927993,0.15763287992885303
1556,28.010801080108013,0.15759728595894237
1557,28.02880288028803,0.15756595969936885
1558,28.046804680468046,0.15753683749054656
1559,28.064806480648066,0.15750727048421392
1560,28.082808280828083,0.15747435024615433
1561,28.100810081008103,0.1574352918386667
1562,28.11881188118812,0.157387778171348
1563,28.13681368136814,0.1573301831497394
1564,28.154815481548155,0.15726162364384583
1565,28.172817281728175,0.15718183330903227
1566,28.19081908190819,0.15709089455525183
1567,28.208820882088208,0.15698889855485396
1568,28.226822682268228,0.15687561972570396
1569,28.244824482448244,0.1567502873365728
1570,28.262826282628264,0.15661151413734978
1571,28.28082808280828,0.15645740579212034
1572,28.2988298829883,0.15628583377068128
1573,28.316831683168317,0.15609481747219697
1574,28.334833483348337,0.15588293674378295
1575,28.352835283528353,0.15564968871903057
1576,28.370837083708373,0.15539571420088513
1577,28.38883888388839,0.15512284576572222
1578,28.406840684068406,0.15483396621653114
1579,28.424842484248426,0.1545327039949667
1580,28.442844284428443,0.1542230236808002
1581,28.460846084608463,0.15390878845667436
1582,28.47884788478848,0.15359337404849663
1583,28.4968496849685,0.15327940034819654
1584,28.514851485148515,0.15296862117994986
1585,28.532853285328535,0.15266198037187886
1586,28.55085508550855,0.15235981034560386
1587,28.568856885688568,0.152062124234777
1588,28.586858685868588,0.15176893866881516
1589,28.604860486048604,0.15148056372604995
1590,28.622862286228624,0.15119780821521162
1591,28.64086408640864,0.15092206898094915
1592,28.65886588658866,0.15065529741606612
1593,28.676867686768677,0.15039985952338458
1594,28.694869486948697,0.1501583232385719
1595,28.712871287128714,0.14993321553012381
1596,28.730873087308733,0.1497267913774224
1597,28.74887488748875,0.14954084846360746
1598,28.766876687668766,0.14937660816503875
1599,28.784878487848786,0.14923466869629926
1600,28.802880288028803,0.14911502337607363
1601,28.820882088208823,0.14901712825128213
1602,28.83888388838884,0.14893999971028307
1603,28.85688568856886,0.14888232378011726
1604,28.874887488748875,0.14884256301467996
1605,28.892889288928895,0.1488190522231018
1606,28.91089108910891,0.14881007889533415
1607,28.928892889288928,0.14881394687367902
1608,28.946894689468948,0.14882902237773418
1609,28.964896489648964,0.14885376062234545
1610,28.982898289828984,0.14888671027368347
1611,29.000900090009,0.1489264932459658
1612,29.01890189018902,0.14897175976968208
1613,29.036903690369037,0.149021123324157
1614,29.054905490549057,0.14907308599985428
1615,29.072907290729074,0.14912597042089812
1616,29.090909090909093,0.1491778774709747
1617,29.10891089108911,0.14922668798131322
1618,29.126912691269126,0.14927012042142906
1619,29.144914491449146,0.1493058459658728
1620,29.162916291629163,0.14933164897425222
1621,29.180918091809183,0.14934560788370715
1622,29.1989198919892,0.14934626217041147
1623,29.21692169216922,0.14933272836802344
1624,29.234923492349235,0.14930473385505139
1625,29.252925292529255,0.14926255109108572
1626,29.27092709270927,0.1492068349839186
1627,29.288928892889288,0.14913838814054567
1628,29.306930693069308,0.14905789795309304
1629,29.324932493249324,0.14896570097111256
1630,29.342934293429344,0.14886163027901705
1631,29.36093609360936,0.1487449893516257
1632,29.37893789378938,0.14861467259124803
1633,29.396939693969397,0.1484694226162454
1634,29.414941494149417,0.1483081834704917
1635,29.432943294329434,0.1481304840495814
1636,29.450945094509454,0.1479367731900913
1637,29.46894689468947,0.14772863082716908
1638,29.486948694869486,0.14750879895803184
1639,29.504950495049506,0.14728100885711465
1640,29.522952295229523,0.14704962095218238
1641,29.540954095409543,0.14681913291158394
1642,29.55895589558956,0.14659364144043863
1643,29.57695769576958,0.14637635719405281
1644,29.594959495949595,0.14616926634270036
1645,29.612961296129615,0.1459730069737686
1646,29.63096309630963,0.14578698817597135
1647,29.648964896489648,0.14560973217018505
1648,29.666966696669668,0.14543937489521702
1649,29.684968496849685,0.1452742274797608
1650,29.702970297029704,0.1451132872417096
1651,29.72097209720972,0.14495659559732182
1652,29.73897389738974,0.14480537019090228
1653,29.756975697569757,0.14466188380621325
1654,29.774977497749777,0.1445291139623675
1655,29.792979297929794,0.14441023384174495
1656,29.810981098109814,0.1443080474701759
1657,29.82898289828983,0.14422448294664186
1658,29.846984698469846,0.14416024456918491
1659,29.864986498649866,0.14411469057764492
1660,29.882988298829883,0.14408595516398065
1661,29.900990099009903,0.14407128168939795
1662,29.91899189918992,0.14406748986259793
1663,29.93699369936994,0.14407147258490735
1664,29.954995499549955,0.14408061418497436
1665,29.972997299729975,0.1440930417539602
1666,29.990999099909992,0.1441076608734992
1667,30.009000900090008,0.1441239774415293
1668,30.027002700270028,0.14414175728211126
1669,30.045004500450045,0.14416061347346487
1670,30.063006300630065,0.14417962901984624
1671,30.08100810081008,0.14419711528994067
1672,30.0990099009901,0.14421057574817076
1673,30.117011701170117,0.14421689649679398
1674,30.135013501350137,0.1442127306322077
1675,30.153015301530154,0.14419499474865588
1676,30.171017101710174,0.14416136447185451
1677,30.18901890189019,0.14411064950321437
1678,30.207020702070206,0.1440429497384705
1679,30.225022502250226,0.1439595389306647
1680,30.243024302430243,0.1438624819627802
1681,30.261026102610263,0.14375405332257143
1682,30.27902790279028,0.14363607414960688
1683,30.2970297029703,0.1435093116278638
1684,30.315031503150315,0.1433730805775849
1685,30.333033303330335,0.14322515226344332
1686,30.351035103510352,0.1430620157901402
1687,30.36903690369037,0.14287946471875765
1688,30.387038703870388,0.14267341069950945
1689,30.405040504050405,0.14244077213955603
1690,30.423042304230425,0.14218026130713635
1691,30.44104410441044,0.14189290418545178
1692,30.45904590459046,0.14158217295326794
1693,30.477047704770477,0.1412536830313311
1694,30.495049504950497,0.1409144912780251
1695,30.513051305130514,0.14057211221990504
1696,30.531053105310534,0.14023342867894026
1697,30.54905490549055,0.13990369919091272
1698,30.567056705670566,0.13958585113449706
1699,30.585058505850586,0.1392801973679106
1700,30.603060306030603,0.13898463493636634
1701,30.621062106210623,0.13869529244157716
1702,30.63906390639064,0.13840750609844335
1703,30.65706570657066,0.13811694058969534
1704,30.675067506750676,0.13782064239800704
1705,30.693069306930695,0.13751782612847166
1706,30.711071107110712,0.1372102459600001
1707,30.72907290729073,0.13690208453934158
1708,30.747074707470748,0.13659938441535308
1709,30.765076507650765,0.1363091341056105
1710,30.783078307830785,0.1360381849704469
1711,30.8010801080108,0.1357922038575016
1712,30.81908190819082,0.13557485479900988
1713,30.837083708370837,0.13538735391091478
1714,30.855085508550857,0.1352284655564891
1715,30.873087308730874,0.13509492054515346
1716,30.891089108910894,0.13498215634758332
1717,30.90909090909091,0.13488522104177528
1718,30.927092709270926,0.1347996580439659
1719,30.945094509450946,0.1347222015869665
1720,30.963096309630963,0.13465115955853424
1721,30.981098109810983,0.13458643004006973
1722,30.999099909991,0.13452917555225055
1723,31.01710171017102,0.13448124825714552
1724,31.035103510351036,0.13444450604742073
1725,31.053105310531055,0.13442017457270733
1726,31.071107110711072,0.1344083917272428
1727,31.08910891089109,0.13440802406692748
1728,31.10711071107111,0.13441678010409697
1729,31.125112511251125,0.1344315779717512
1730,31.143114311431145,0.13444906935932163
1731,31.16111611161116,0.13446618978988015
1732,31.17911791179118,0.13448060369767048
1733,31.197119711971197,0.1344909411012114
1734,31.215121512151217,0.1344967740997455
1735,31.233123312331234,0.13449834409692027
1736,31.251125112511254,0.13449611036290302
1737,31.26912691269127,0.1344902338376733
1738,31.287128712871286,0.13448012720717847
1739,31.305130513051306,0.13446418931758636
1740,31.323132313231323,0.1344398016539772
1741,31.341134113411343,0.13440360567713025
1742,31.35913591359136,0.13435201520929216
1743,31.37713771377138,0.13428186205459577
1744,31.395139513951396,0.1341910381520108
1745,31.413141314131416,0.13407899184427255
1746,31.431143114311432,0.13394696113356044
1747,31.44914491449145,0.13379787825195033
1748,31.46714671467147,0.13363594699607664
1749,31.485148514851485,0.13346596307800707
1750,31.503150315031505,0.13329250370885853
1751,31.52115211521152,0.13311914376445924
1752,31.53915391539154,0.13294785525451952
1753,31.557155715571557,0.13277871404553418
1754,31.575157515751577,0.13260997915115372
1755,31.593159315931594,0.13243853706794576
1756,31.611161116111614,0.13226063125900386
1757,31.62916291629163,0.1320727396144978
1758,31.647164716471647,0.1318724321662779
1759,31.665166516651666,0.13165904372713638
1760,31.683168316831683,0.13143403103519985
1761,31.701170117011703,0.13120094444118677
1762,31.71917191719172,0.130965018118418
1763,31.73717371737174,0.13073245552104987
1764,31.755175517551756,0.13050954404895576
1765,31.773177317731776,0.1303017635240989
1766,31.791179117911792,0.1301130514973557
1767,31.80918091809181,0.12994535542371072
1768,31.82718271827183,0.1297985444160649
1769,31.845184518451845,0.12967068335064583
1770,31.863186318631865,0.12955860353367496
1771,31.88118811881188,0.12945865033268206
1772,31.8991899189919,0.12936745924418355
1773,31.917191719171917,0.12928261271903616
1774,31.935193519351937,0.12920305954771866
1775,31.953195319531954,0.1291292299130663
1776,31.971197119711974,0.12906284141598648
1777,31.98919891989199,0.12900645173885042
1778,32.00720072007201,0.12896286022148223
1779,32.02520252025202,0.12893448477263458
1780,32.04320432043205,0.1289228383615414
1781,32.06120612061206,0.1289282024268151
1782,32.07920792079208,0.1289495494423586
1783,32.097209720972096,0.1289847135597612
1784,32.11521152115212,0.12903075793981403
1785,32.133213321332136,0.12908445024922596
1786,32.15121512151215,0.12914274086773556
1787,32.16921692169217,0.12920314420892082
1788,32.187218721872185,0.12926394997188398
1789,32.20522052205221,0.1293242317007927
1790,32.223222322232225,0.12938366563145798
1791,32.24122412241224,0.12944221363862496
1792,32.25922592259226,0.12949975171354364
1793,32.27722772277228,0.12955573442005938
1794,32.2952295229523,0.12960897491000534
1795,32.313231323132314,0.1296575922606235
1796,32.33123312331233,0.12969913954002388
1797,32.349234923492354,0.12973088555505763
1798,32.36723672367237,0.1297501893418029
1799,32.38523852385239,0.12975488617545464
1800,32.4032403240324,0.12974360123392595
1801,32.42124212421242,0.12971592230081458
1802,32.43924392439244,0.12967239255968374
1803,32.45724572457246,0.1296143222177324
1804,32.475247524752476,0.12954345547923493
1805,32.49324932493249,0.1294615594801403
1806,32.511251125112516,0.12937001812909893
1807,32.52925292529253,0.12926951322528724
1808,32.54725472547255,0.12915985806686153
1809,32.565256525652565,0.12904001867887688
1810,32.58325832583258,0.12890832093671517
1811,32.601260126012605,0.12876280561388337
1812,32.61926192619262,0.12860166483151048
1813,32.63726372637264,0.1284236779460858
1814,32.655265526552654,0.12822856530894286
1815,32.67326732673268,0.12801719415516782
1816,32.691269126912694,0.12779159876415566
1817,32.70927092709271,0.1275548114076218
1818,32.72727272727273,0.12731053483633384
1819,32.74527452745274,0.12706271477918007
1820,32.76327632763277,0.12681508721611345
1821,32.78127812781278,0.12657077744431894
1822,32.7992799279928,0.12633201630166124
1823,32.817281728172816,0.12610001602640558
1824,32.83528352835284,0.12587501874410886
1825,32.853285328532856,0.1256565000947255
1826,32.87128712871287,0.125443484556327
1827,32.88928892889289,0.12523491198777162
1828,32.907290729072905,0.12502998934975276
1829,32.92529252925293,0.12482846781372729
1830,32.943294329432945,0.12463080174017367
1831,32.96129612961296,0.1244381688365532
1832,32.97929792979298,0.12425235578603723
1833,32.997299729973,0.12407553627645139
1834,33.01530153015302,0.12390998487890274
1835,33.033303330333034,0.12375777818545329
1836,33.05130513051305,0.1236205332403493
1837,33.069306930693074,0.12349922349234202
1838,33.08730873087309,0.12339409655025706
1839,33.10531053105311,0.12330469912034074
1840,33.12331233123312,0.12322999609004656
1841,33.14131413141314,0.12316855590417723
1842,33.15931593159316,0.123118765416306
1843,33.17731773177318,0.12307903539196169
1844,33.195319531953196,0.12304796263607841
1845,33.21332133213321,0.12302442502779226
1846,33.231323132313236,0.12300759944611533
1847,33.24932493249325,0.12299690710724384
1848,33.26732673267327,0.12299190367269126
1849,33.285328532853285,0.12299214051943956
1850,33.3033303330333,0.12299702742550521
1851,33.321332133213325,0.12300572517861057
1852,33.33933393339334,0.12301708977919441
1853,33.35733573357336,0.12302967933594403
1854,33.375337533753374,0.12304182239269479
1855,33.3933393339334,0.1230517344994226
1856,33.411341134113414,0.1230576604730967
1857,33.42934293429343,0.12305801467041641
1858,33.44734473447345,0.12305149167387015
1859,33.46534653465346,0.12303712513856656
1860,33.48334833483349,0.1230142822928012
1861,33.5013501350135,0.12298259405131028
1862,33.51935193519352,0.12294183365478104
1863,33.537353735373536,0.12289176777558594
1864,33.55535553555356,0.12283201094822735
1865,33.573357335733576,0.12276191545859402
1866,33.59135913591359,0.12268052388871802
1867,33.60936093609361,0.12258660092567783
1868,33.627362736273625,0.12247874647094602
1869,33.64536453645365,0.12235557606325503
1870,33.663366336633665,0.1222159401366712
1871,33.68136813681368,0.1220591435723332
1872,33.6993699369937,0.12188512361715456
1873,33.71737173717372,0.12169454866075764
1874,33.73537353735374,0.12148881228652762
1875,33.753375337533754,0.12126991468247965
1876,33.77137713771377,0.12104024392606264
1877,33.789378937893794,0.12080228912697918
1878,33.80738073807381,0.12055833214887057
1879,33.82538253825383,0.12031017153004803
1880,33.84338433843384,0.12005892949636612
1881,33.86138613861386,0.11980498055817013
1882,33.87938793879388,0.11954801991301564
1883,33.8973897389739,0.11928726514694382
1884,33.915391539153916,0.1190217599808337
1885,33.93339333933393,0.11875072870872494
1886,33.951395139513956,0.11847391851670545
1887,33.96939693969397,0.1181918665757293
1888,33.98739873987399,0.11790604016667433
1889,34.005400540054005,0.11761881941501297
1890,34.02340234023402,0.11733331982190721
1891,34.041404140414045,0.11705308069470974
1892,34.05940594059406,0.11678167041825396
1893,34.07740774077408,0.11652227551071548
1894,34.095409540954094,0.11627734437884095
1895,34.11341134113412,0.11604834765165319
1896,34.131413141314134,0.11583569641324011
1897,34.14941494149415,0.11563883128190655
1898,34.16741674167417,0.11545646434966853
1899,34.18541854185418,0.11528692831196974
1900,34.20342034203421,0.11512856792821112
1901,34.22142214221422,0.11498010191500048
1902,34.23942394239424,0.11484088982710176
1903,34.257425742574256,0.11471105717209998
1904,34.27542754275428,0.11459145931503155
1905,34.293429342934296,0.11448349537298379
1906,34.31143114311431,0.11438881135608629
1907,34.32943294329433,0.11430895188846232
1908,34.347434743474345,0.11424502813905255
1909,34.36543654365437,0.11419746464648646
1910,34.383438343834385,0.11416587069515975
1911,34.4014401440144,0.1141490563336194
1912,34.41944194419442,0.1141451842254667
1913,34.43744374437444,0.11415202210155755
1914,34.45544554455446,0.11416724189129096
1915,34.473447344734474,0.11418870428097691
1916,34.49144914491449,0.11421467276417224
1917,34.509450945094514,0.11424391790609324
1918,34.52745274527453,0.1142756969270435
1919,34.54545454545455,0.11430962064980857
1920,34.56345634563456,0.11434544370294691
1921,34.58145814581458,0.11438282966269123
1922,34.5994599459946,0.11442114730003632
1923,34.61746174617462,0.1144593464092467
1924,34.635463546354636,0.11449594352276243
1925,34.65346534653465,0.11452912306515267
1926,34.671467146714676,0.11455693345955506
1927,34.68946894689469,0.11457753595700279
1928,34.70747074707471,0.1145894512157588
1929,34.725472547254725,0.11459174774688037
1930,34.74347434743474,0.11458412761848881
1931,34.761476147614765,0.1145668860562281
1932,34.77947794779478,0.11454074843851576
1933,34.7974797479748,0.11450661506210841
1934,34.815481548154814,0.11446526525054741
1935,34.83348334833484,0.11441708328850539
1936,34.851485148514854,0.11436186674137716
1937,34.86948694869487,0.11429876302977614
1938,34.88748874887489,0.114226355381534
1939,34.9054905490549,0.11414288931098986
1940,34.92349234923493,0.11404660157595353
1941,34.94149414941494,0.11393609109742192
1942,34.95949594959496,0.11381066030859148
1943,34.977497749774976,0.11367055832243887
1944,34.995499549955,0.11351707391453493
1945,35.013501350135016,0.11335245361904078
1946,35.03150315031503,0.11317965306871587
1947,35.04950495049505,0.1130019617432763
1948,35.067506750675065,0.11282256626551054
1949,35.08550855085509,0.11264413034942336
1950,35.103510351035105,0.11246846779691684
1951,35.12151215121512,0.11229636872149075
1952,35.13951395139514,0.11212761141862872
1953,35.15751575157516,0.11196115821140921
1954,35.17551755175518,0.11179549961942133
1955,35.193519351935194,0.11162908376218089
1956,35.21152115211521,0.1114607521985628
1957,35.229522952295234,0.11129010236252566
1958,35.24752475247525,0.11111771052744025
1959,35.26552655265527,0.11094517515305842
1960,35.28352835283528,0.11077497359833254
1961,35.3015301530153,0.11061015926094696
1962,35.31953195319532,0.11045395486026971
1963,35.33753375337534,0.11030931554497456
1964,35.355535553555356,0.11017853959740657
1965,35.37353735373537,0.11006299420174893
1966,35.391539153915396,0.10996300123664292
1967,35.40954095409541,0.10987789779347998
1968,35.42754275427543,0.10980625392610904
1969,35.445544554455445,0.10974620206275987
1970,35.46354635463546,0.10969581369932771
1971,35.481548154815485,0.10965345271812413
1972,35.4995499549955,0.10961804176282104
1973,35.51755175517552,0.10958919682594224
1974,35.535553555355534,0.10956721168848745
1975,35.55355535553556,0.10955290284443528
1976,35.571557155715574,0.10954735146671618
1977,35.58955895589559,0.10955159698914335
1978,35.60756075607561,0.10956634380263014
1979,35.62556255625562,0.10959173742310259
1980,35.64356435643565,0.10962725065902851
1981,35.66156615661566,0.10967169718738697
1982,35.67956795679568,0.10972336425423815
1983,35.697569756975696,0.10978023303957186
1984,35.71557155715572,0.1098402390352717
1985,35.733573357335736,0.10990151857569806
1986,35.75157515751575,0.10996259240453907
1987,35.76957695769577,0.11002245165920334
1988,35.787578757875785,0.1100805328084659
1989,35.80558055805581,0.1101365915356062
1990,35.823582358235825,0.11019050657656512
1991,35.84158415841584,0.11024205890703795
1992,35.85958595859586,0.1102907365929556
1993,35.87758775877588,0.11033561014765518
1994,35.8955895589559,0.1103753085177354
1995,35.913591359135914,0.11040810482132023
1996,35.93159315931593,0.1104320979012818
1997,35.949594959495954,0.1104454552593616
1998,35.96759675967597,0.11044666914033459
1999,35.98559855985599,0.11043477327499637
2000,36.003600360036,0.11040947404736598
2001,36.02160216021602,0.11037116555127643
2002,36.03960396039604,0.11032082021081213
2003,36.05760576057606,0.11025977111734976
2004,36.075607560756076,0.11018942424115365
2005,36.09360936093609,0.110110953869791
2006,36.111611161116116,0.11002503991121788
2007,36.12961296129613,0.10993169982471737
2008,36.14761476147615,0.10983025176584009
2009,36.165616561656165,0.10971942188532768
2010,36.18361836183618,0.10959758190874772
2011,36.201620162016205,0.10946307812523273
2012,36.21962196219622,0.10931459446660209
2013,36.23762376237624,0.10915148406269895
2014,36.255625562556254,0.1089740072892766
2015,36.27362736273628,0.10878342947123794
2016,36.291629162916294,0.10858195551466106
2017,36.30963096309631,0.1083725075629783
2018,36.32763276327633,0.1081583801126601
2019,36.34563456345634,0.10794282969335321
2020,36.36363636363637,0.10772866898805969
2021,36.38163816381638,0.10751793566297169
2022,36.3996399639964,0.10731169394449538
2023,36.417641764176416,0.10711000417447346
2024,36.43564356435644,0.10691206619708948
2025,36.453645364536456,0.10671651172467368
2026,36.47164716471647,0.10652179432869084
2027,36.48964896489649,0.1063266082207942
2028,36.507650765076505,0.10613026173480569
2029,36.52565256525653,0.10593293939450925
2030,36.543654365436545,0.105735806251599
2031,36.56165616561656,0.10554093624029534
2032,36.57965796579658,0.10535107754280104
2033,36.5976597659766,0.10516929672984629
2034,36.61566156615662,0.10499856452579387
2035,36.633663366336634,0.10484135565853579
2036,36.65166516651665,0.10469933172029805
2037,36.669666966696674,0.10457316004260832
2038,36.68766876687669,0.10446249631600664
2039,36.70567056705671,0.10436612881054198
2040,36.72367236723672,0.10428225314057003
2041,36.74167416741674,0.10420882389859852
2042,36.75967596759676,0.10414391725557924
2043,36.77767776777678,0.10408603888629783
2044,36.795679567956796,0.10403432404130357
2045,36.81368136813681,0.10398859865372957
2046,36.831683168316836,0.10394929764860576
2047,36.84968496849685,0.10391726378894539
2048,36.86768676867687,0.10389347222569276
2049,36.885688568856885,0.10387873831371998
2050,36.9036903690369,0.10387346701680276
2051,36.921692169216925,0.10387749147458379
2052,36.93969396939694,0.10389002844205274
2053,36.95769576957696,0.10390975351284809
2054,36.975697569756974,0.10393497440781287
2055,36.993699369937,0.10396386115424787
2056,37.011701170117014,0.10399468159359303
2057,37.02970297029703,0.10402599133641123
2058,37.04770477047705,0.10405673874033204
2059,37.06570657065706,0.10408626519754752
2060,37.08370837083709,0.10411420475467062
2061,37.1017101710171,0.10414030978382342
2062,37.11971197119712,0.10416424622569827
2063,37.137713771377136,0.10418540920017229
2064,37.15571557155716,0.104202805882474
2065,37.173717371737176,0.10421503817729284
2066,37.19171917191719,0.10422039582338256
2067,37.20972097209721,0.10421704570660635
2068,37.22772277227723,0.10420328064198382
2069,37.24572457245725,0.1041777756144346
2070,37.263726372637265,0.10413979493564389
2071,37.28172817281728,0.10408930129721433
2072,37.2997299729973,0.1040269360946577
2073,37.31773177317732,0.1039538661673445
2074,37.33573357335734,0.10387152010589688
2075,37.353735373537354,0.10378126175675423
2076,37.37173717371737,0.10368406428770836
2077,37.389738973897394,0.10358025158581784
2078,37.40774077407741,0.10346936366870314
2079,37.42574257425743,0.10335018074404012
2080,37.44374437443744,0.1032209105656224
2081,37.46174617461746,0.103079511548664
2082,37.47974797479748,0.10292409607699075
2083,37.4977497749775,0.10275334026890597
2084,37.515751575157516,0.10256682207256919
2085,37.53375337533753,0.10236522021898727
2086,37.551755175517556,0.10215033061936836
2087,37.56975697569757,0.10192488993186997
2088,37.58775877587759,0.10169223204789847
2089,37.605760576057605,0.10145583527796372
2090,37.62376237623762,0.10121883981601446
2091,37.641764176417645,0.1009836222666608
2092,37.65976597659766,0.10075150501718845
2093,37.67776777677768,0.1005226545062056
2094,37.695769576957694,0.10029618830384426
2095,37.71377137713772,0.10007047272613077
2096,37.731773177317734,0.09984355763024888
2097,37.74977497749775,0.09961366969442637
2098,37.76777677767777,0.09937967466439876
2099,37.78577857785778,0.09914142478665126
2100,37.80378037803781,0.09889992884639971
2101,37.82178217821782,0.09865731486269631
2102,37.83978397839784,0.09841659339909582
2103,37.857785778577856,0.098181265508979
2104,37.87578757875788,0.09795484684570457
2105,37.893789378937896,0.0977403934136229
2106,37.91179117911791,0.09754011242652633
2107,37.92979297929793,0.09735512443184857
2108,37.94779477947795,0.09718541378407378
2109,37.96579657965797,0.09702996939424692
2110,37.983798379837985,0.09688708315650119
2111,38.001800180018,0.0967547459929011
2112,38.01980198019802,0.09663106599975414
2113,38.03780378037804,0.09651463224695302
2114,38.05580558055806,0.09640476107048453
2115,38.073807380738074,0.09630158620497595
2116,38.09180918091809,0.09620598478645657
2117,38.109810981098114,0.0961193620680821
2118,38.12781278127813,0.09604334278070563
2119,38.14581458145815,0.09597943190415266
2120,38.16381638163816,0.09592870981660881
2121,38.18181818181818,0.09589161652028298
2122,38.1998199819982,0.09586785947504933
2123,38.21782178217822,0.09585645389673075
2124,38.235823582358236,0.0958558784625794
2125,38.25382538253825,0.09586430828889365
2126,38.271827182718276,0.09587987469107348
2127,38.28982898289829,0.09590089957962171
2128,38.30783078307831,0.09592606113911296
2129,38.325832583258325,0.09595446435566915
2130,38.34383438343834,0.09598561115708318
2131,38.361836183618365,0.096019285884888
2132,38.37983798379838,0.09605538827320721
2133,38.3978397839784,0.09609375492899652
2134,38.415841584158414,0.09613401006805308
2135,38.43384338433844,0.09617547746651696
2136,38.451845184518454,0.09621717048905264
2137,38.46984698469847,0.0962578591115346
2138,38.48784878487849,0.09629619597208362
2139,38.505850585058504,0.09633087118224833
2140,38.52385238523853,0.09636076033497884
2141,38.54185418541854,0.09638503272221993
2142,38.55985598559856,0.09640319640397127
2143,38.577857785778576,0.09641507118144645
2144,38.5958595859586,0.09642069651972386
2145,38.613861386138616,0.09642019560872657
2146,38.63186318631863,0.09641362610509768
2147,38.64986498649865,0.09640085080617775
2148,38.66786678667867,0.09638145715172805
2149,38.68586858685869,0.0963547440871575
2150,38.703870387038705,0.09631978072442095
2151,38.72187218721872,0.09627552638127498
2152,38.73987398739874,0.09622098901800435
2153,38.75787578757876,0.09615539132310327
2154,38.77587758775878,0.09607831218344573
2155,38.793879387938794,0.09598977616592695
2156,38.81188118811881,0.09589027380524724
2157,38.829882988298834,0.09578070879340188
2158,38.84788478847885,0.09566228191396595
2159,38.86588658865887,0.09553633308535577
2160,38.88388838883888,0.09540417004145879
2161,38.9018901890189,0.09526691379243185
2162,38.91989198919892,0.09512538700522129
2163,38.93789378937894,0.09498006283389213
2164,38.955895589558956,0.09483108034680365
2165,38.97389738973897,0.09467832079095015
2166,38.991899189918996,0.0945215287094328
2167,39.00990099009901,0.09436045512817892
2168,39.02790279027903,0.09419499763205931
2169,39.045904590459045,0.09402531424961626
2170,39.06390639063906,0.09385189392134785
2171,39.081908190819085,0.09367557458665773
2172,39.0999099909991,0.09349750893833843
2173,39.11791179117912,0.093319086052346
2174,39.135913591359135,0.09314182313379041
2175,39.15391539153916,0.09296724478804577
2176,39.171917191719174,0.09279676738512821
2177,39.18991899189919,0.09263160362629586
2178,39.20792079207921,0.09247269810949706
2179,39.225922592259224,0.09232069945796449
2180,39.24392439243925,0.09217596932095368
2181,39.26192619261926,0.09203862398349441
2182,39.27992799279928,0.09190860086849463
2183,39.297929792979296,0.09178574004492993
2184,39.31593159315932,0.09166986992848149
2185,39.333933393339336,0.09156088652301364
2186,39.35193519351935,0.09145881662984515
2187,39.36993699369937,0.09136385731170209
2188,39.38793879387939,0.09127638645038179
2189,39.40594059405941,0.09119694239850525
2190,39.423942394239425,0.09112617435354384
2191,39.44194419441944,0.0910647689083309
2192,39.45994599459946,0.09101336183234819
2193,39.47794779477948,0.09097244695650722
2194,39.4959495949595,0.09094229547138938
2195,39.513951395139514,0.09092289849736464
2196,39.53195319531953,0.09091394318245918
2197,39.549954995499554,0.09091482794196665
2198,39.56795679567957,0.09092471632005995
2199,39.58595859585959,0.0909426222770426
2200,39.603960396039604,0.09096751369803172
2201,39.62196219621962,0.09099841682841792
2202,39.63996399639964,0.09103450318483616
2203,39.65796579657966,0.09107514279703115
2204,39.675967596759676,0.09111991327176128
2205,39.69396939693969,0.09116856228882515
2206,39.711971197119716,0.09122093028963142
2207,39.72997299729973,0.09127684849660617
2208,39.74797479747975,0.0913360332072936
2209,39.765976597659765,0.09139799913559579
2210,39.78397839783978,0.09146201175241668
2211,39.801980198019805,0.0915270913772567
2212,39.81998199819982,0.09159207141658414
2213,39.83798379837984,0.09165570162578084
2214,39.855985598559855,0.09171677697451928
2215,39.87398739873988,0.09177426591177508
2216,39.891989198919894,0.09182741025234797
2217,39.90999099909991,0.09187577323356827
2218,39.92799279927993,0.09191922198851768
2219,39.945994599459944,0.09195784402894108
2220,39.96399639963997,0.09199181170524395
2221,39.981998199819984,0.09202122099410757
2222,40.0,0.0920459385630194
2223,40.018001800180016,0.09206549191934316
2224,40.03600360036004,0.09207903092174381
2225,40.054005400540056,0.09208537589455418
2226,40.07200720072007,0.09208315035829867
2227,40.09000900090009,0.092070978323092
2228,40.10801080108011,0.09204771092603645
2229,40.12601260126013,0.09201263829450039
2230,40.144014401440145,0.09196564214748033
2231,40.16201620162016,0.09190725343216494
2232,40.18001800180018,0.09183859599682935
2233,40.1980198019802,0.0917612189819684
2234,40.21602160216022,0.09167684313682445
2235,40.234023402340235,0.09158706510394098
2236,40.25202520252025,0.09149307483480063
2237,40.270027002700274,0.09139544203680074
2238,40.28802880288029,0.09129401720439333
2239,40.30603060306031,0.09118797285494318
2240,40.324032403240324,0.09107598456951307
2241,40.34203420342034,0.0909565242054483
2242,40.360036003600364,0.09082821453165217
2243,40.37803780378038,0.09069018027352233
2244,40.396039603960396,0.09054232831154349
2245,40.41404140414041,0.09038550046877711
2246,40.432043204320436,0.09022146434438265
2247,40.45004500450045,0.09005273711649116
2248,40.46804680468047,0.08988226867600849
2249,40.486048604860486,0.08971303783859785
2250,40.5040504050405,0.08954763330988591
2251,40.522052205220525,0.08938789584242263
2252,40.54005400540054,0.08923468838412606
2253,40.55805580558056,0.08908783850588915
2254,40.576057605760575,0.08894626606566243
2255,40.5940594059406,0.08880827475444973
2256,40.612061206120615,0.08867195538630133
2257,40.63006300630063,0.08853562746436051
2258,40.64806480648065,0.08839823785515671
2259,40.666066606660664,0.08825964292889368
2260,40.68406840684069,0.08812072195077923
2261,40.702070207020704,0.08798330082762011
2262,40.72007200720072,0.08784990059003986
2263,40.73807380738074,0.08772335750761813
2264,40.75607560756076,0.08760638529786462
2265,40.774077407740776,0.08750116003366464
2266,40.79207920792079,0.08740900320828131
2267,40.81008100810081,0.08733021907054923
2268,40.82808280828083,0.08726411262118816
2269,40.84608460846085,0.0872091803691726
2270,40.864086408640865,0.08716343372388238
2271,40.88208820882088,0.08712479091329899
2272,40.9000900090009,0.08709146206515561
2273,40.91809180918092,0.08706225552088491
2274,40.93609360936094,0.08703675062881845
2275,40.954095409540955,0.08701530956443433
2276,40.97209720972097,0.08699893260592259
2277,40.990099009900995,0.08698899140509384
2278,41.00810081008101,0.08698689725885475
2279,41.02610261026103,0.08699377195940419
2280,41.044104410441044,0.08701018568991244
2281,41.06210621062106,0.08703601061565788
2282,41.080108010801084,0.08707041380452762
2283,41.0981098109811,0.08711198417775128
2284,41.11611161116112,0.08715896130115239
2285,41.13411341134113,0.08720951439403174
2286,41.152115211521156,0.0872620117347207
2287,41.17011701170117,0.08731522507505811
2288,41.18811881188119,0.08736842950874442
2289,41.206120612061206,0.0874213829066101
2290,41.22412241224122,0.08747419541012887
2291,41.242124212421245,0.08752712296077386
2292,41.26012601260126,0.08758033452748817
2293,41.27812781278128,0.08763370737478639
2294,41.296129612961295,0.08768669754385112
2295,41.31413141314132,0.0877383153635053
2296,41.332133213321335,0.08778721207430334
2297,41.35013501350135,0.08783185867268313
2298,41.36813681368137,0.0878707772414855
2299,41.386138613861384,0.08790277281720404
2300,41.40414041404141,0.08792711291054385
2301,41.422142214221424,0.08794361241265972
2302,41.44014401440144,0.08795260160388432
2303,41.45814581458146,0.08795478015670692
2304,41.47614761476148,0.08795098508385504
2305,41.494149414941496,0.08794192019540846
2306,41.51215121512151,0.08792790455474127
2307,41.53015301530153,0.08790869540059627
2308,41.54815481548155,0.0878834272349763
2309,41.56615661566157,0.08785068590993825
2310,41.584158415841586,0.08780870914456261
2311,41.6021602160216,0.0877556785268282
2312,41.62016201620162,0.08769004812988153
2313,41.63816381638164,0.087610845582028
2314,41.65616561656166,0.08751788485338982
2315,41.674167416741675,0.08741184569554808
2316,41.69216921692169,0.08729419965936266
2317,41.710171017101715,0.08716699208875972
2318,41.72817281728173,0.08703251766976265
2319,41.74617461746175,0.08689294843345563
2320,41.764176417641764,0.08674998330983581
2321,41.78217821782178,0.08660458530755272
2322,41.800180018001804,0.0864568566329327
2323,41.81818181818182,0.08630607652924767
2324,41.83618361836184,0.086150896189205
2325,41.85418541854185,0.0859896555965564
2326,41.872187218721876,0.08582076422684079
2327,41.89018901890189,0.08564307554219144
2328,41.90819081908191,0.08545618639321456
2329,41.926192619261926,0.08526060650020854
2330,41.94419441944194,0.08505776737935225
2331,41.962196219621966,0.08484986975950241
2332,41.98019801980198,0.08463959806882293
2333,41.998199819982,0.08442975443072996
2334,42.016201620162015,0.0842228784287402
2335,42.03420342034204,0.08402092028430201
2336,42.052205220522055,0.08382502403346948
2337,42.07020702070207,0.0836354561184147
2338,42.08820882088209,0.08345168770022662
2339,42.10621062106211,0.08327261112572769
2340,42.12421242124213,0.08309684751548413
2341,42.142214221422144,0.0829230875738094
2342,42.16021602160216,0.08275040390329363
2343,42.17821782178218,0.08257848063881602
2344,42.1962196219622,0.08240772327425248
2345,42.21422142214222,0.08223923461083424
2346,42.23222322232223,0.08207466731021298
2347,42.25022502250225,0.08191598500664506
2348,42.26822682268227,0.08176517852573717
2349,42.28622862286229,0.08162398914163177
2350,42.304230423042306,0.0814936864847545
2351,42.32223222322232,0.08137493602834052
2352,42.34023402340234,0.08126777286025944
2353,42.35823582358236,0.0811716783834747
2354,42.37623762376238,0.08108573850059349
2355,42.394239423942395,0.08100884893174667
2356,42.41224122412241,0.0809399276149586
2357,42.430243024302435,0.08087809617743535
2358,42.44824482448245,0.08082280128387946
2359,42.46624662466247,0.08077386009542861
2360,42.484248424842484,0.08073142923485521
2361,42.5022502250225,0.08069591057269952
2362,42.520252025202524,0.0806678173260345
2363,42.53825382538254,0.08064762882151665
2364,42.55625562556256,0.08063566139608085
2365,42.57425742574257,0.08063197701028789
2366,42.5922592259226,0.08063634184941895
2367,42.61026102610261,0.08064823660711862
2368,42.62826282628263,0.08066691044515753
2369,42.646264626462646,0.08069146356728896
2370,42.66426642664266,0.08072093999545399
2371,42.682268226822686,0.0807544127058111
2372,42.7002700270027,0.08079104718121022
2373,42.71827182718272,0.08083013548072723
2374,42.736273627362735,0.08087109964289789
2375,42.75427542754276,0.08091346920361848
2376,42.772277227722775,0.08095684173821548
2377,42.79027902790279,0.0810008370719387
2378,42.80828082808281,0.08104505516406506
2379,42.82628262826283,0.08108904517604089
2380,42.84428442844285,0.0811322897184376
2381,42.862286228622864,0.08117420465617955
2382,42.88028802880288,0.08121415192201738
2383,42.8982898289829,0.08125146103221924
2384,42.91629162916292,0.08128545453525213
2385,42.93429342934294,0.08131547323469657
2386,42.95229522952295,0.08134089826559164
2387,42.97029702970297,0.08136116845386064
2388,42.98829882988299,0.08137579242535103
2389,43.00630063006301,0.08138435543354565
2390,43.024302430243026,0.08138652087212335
2391,43.04230423042304,0.08138202617428532
2392,43.06030603060306,0.08137067263225772
2393,43.07830783078308,0.08135230893146124
2394,43.0963096309631,0.08132680906386024
2395,43.114311431143115,0.08129404670256571
2396,43.13231323132313,0.08125386976927333
2397,43.150315031503155,0.08120608030415355
2398,43.16831683168317,0.08115042529687982
2399,43.18631863186319,0.08108660341201808
2400,43.204320432043204,0.08101429036505889
2401,43.22232223222322,0.08093318226858254
2402,43.240324032403244,0.08084305214484079
2403,43.25832583258326,0.08074381085791034
2404,43.27632763276328,0.08063556093866182
2405,43.29432943294329,0.08051863102909551
2406,43.31233123312332,0.08039358048596448
2407,43.33033303330333,0.08026116806612775
2408,43.34833483348335,0.08012228498818826
2409,43.366336633663366,0.07997785991890592
2410,43.38433843384338,0.07982875012092376
2411,43.402340234023406,0.07967563762042472
2412,43.42034203420342,0.0795189505830533
2413,43.43834383438344,0.07935882746916093
2414,43.456345634563455,0.07919513509041869
2415,43.47434743474348,0.07902754234196527
2416,43.492349234923495,0.07885564076330943
2417,43.51035103510351,0.07867909322159007
2418,43.52835283528353,0.0784977849633264
2419,43.54635463546355,0.07831194868728165
2420,43.56435643564357,0.07812223801537288
2421,43.582358235823584,0.07792973163427282
2422,43.6003600360036,0.07773586225334696
2423,43.61836183618362,0.07754227830857875
2424,43.63636363636364,0.07735065946357081
2425,43.65436543654366,0.07716251682494873
2426,43.67236723672367,0.07697901330681618
2427,43.69036903690369,0.07680083759568265
2428,43.70837083708371,0.07662815674838934
2429,43.72637263726373,0.07646065892511983
2430,43.744374437443746,0.07629768149405886
2431,43.76237623762376,0.07613840374710988
2432,43.78037803780378,0.0759820708020922
2433,43.7983798379838,0.07582820846420538
2434,43.81638163816382,0.0756767893578265
2435,43.834383438343835,0.0755283186292592
2436,43.85238523852385,0.07538382164231258
2437,43.870387038703875,0.07524473381095727
2438,43.88838883888389,0.07511271075714596
2439,43.90639063906391,0.07498939193790956
2440,43.924392439243924,0.07487615987270602
2441,43.94239423942394,0.07477393833384066
2442,43.960396039603964,0.0746830660119168
2443,43.97839783978398,0.07460326844961232
2444,43.996399639964,0.07453373299216794
2445,44.01440144014401,0.07447327252294796
2446,44.03240324032404,0.0744205474297911
2447,44.05040504050405,0.07437430468333102
2448,44.06840684068407,0.07433359010797778
2449,44.086408640864086,0.07429789540797584
2450,44.1044104410441,0.07426721420079796
2451,44.122412241224126,0.07424199874772236
2452,44.14041404140414,0.07422302788797744
2453,44.15841584158416,0.07421121325736003
2454,44.176417641764175,0.07420738203751004
2455,44.1944194419442,0.07421207814151534
2456,44.212421242124215,0.07422541927454189
2457,44.23042304230423,0.07424703568464017
2458,44.24842484248425,0.07427609999968084
2459,44.26642664266427,0.07431143961033902
2460,44.28442844284429,0.0743517071501709
2461,44.302430243024304,0.07439557384868238
2462,44.32043204320432,0.07444190694884029
2463,44.33843384338434,0.0744898965929904
2464,44.35643564356436,0.07453910863657226
2465,44.37443744374438,0.0745894554348045
2466,44.39243924392439,0.07464109356516746
2467,44.41044104410441,0.07469427226132605
2468,44.42844284428443,0.07474916605990382
2469,44.44644464446445,0.07480572787071216
2470,44.464446444644466,0.0748635938816448
2471,44.48244824482448,0.07492206043994679
2472,44.5004500450045,0.07498013766585278
2473,44.51845184518452,0.07503666824042339
2474,44.53645364536454,0.07509048593986724
2475,44.554455445544555,0.07514057993523036
2476,44.57245724572457,0.07518622942433041
2477,44.590459045904595,0.07522707914494078
2478,44.60846084608461,0.07526313854271134
2479,44.62646264626463,0.07529470335367214
2480,44.644464446444644,0.07532221483851717
2481,44.66246624662466,0.07534608547306987
2482,44.680468046804684,0.07536652771517363
2483,44.6984698469847,0.07538342283306555
2484,44.71647164716472,0.07539625949086713
2485,44.73447344734473,0.0754041581933521
2486,44.75247524752476,0.07540598044276958
2487,44.77047704770477,0.07540050398365233
2488,44.78847884788479,0.07538663133730997
2489,44.806480648064806,0.075363590882429
2490,44.82448244824482,0.0753310897525921
2491,44.842484248424846,0.07528938597047044
2492,44.86048604860486,0.0752392620856075
2493,44.87848784878488,0.07518190134290281
2494,44.896489648964895,0.07511868647880196
2495,44.91449144914492,0.07505095689718977
2496,44.932493249324935,0.0749797690978338
2497,44.95049504950495,0.07490570591891019
2498,44.96849684968497,0.07482877211748788
2499,44.98649864986499,0.074748398432617
2500,45.00450045004501,0.07466355636905897
2501,45.022502250225024,0.07457296522224131
2502,45.04050405040504,0.07447535525171921
2503,45.05850585058506,0.07436973976863927
2504,45.07650765076508,0.07425564640727328
2505,45.0945094509451,0.07413326456378687
2506,45.11251125112511,0.07400348074176258
2507,45.13051305130513,0.07386779366361883
2508,45.14851485148515,0.07372812279459616
2509,45.16651665166517,0.0735865433620272
2510,45.184518451845186,0.07344499444532976
2511,45.2025202520252,0.07330501176761947
2512,45.22052205220522,0.073167532504134
2513,45.23852385238524,0.07303280653151689
2514,45.25652565256526,0.07290042944587345
2515,45.274527452745275,0.07276949087527863
2516,45.29252925292529,0.07263881107830403
2517,45.310531053105315,0.07250722326789921
2518,45.32853285328533,0.07237385130287873
2519,45.34653465346535,0.0722383336805284
2520,45.364536453645364,0.0721009548094057
2521,45.38253825382538,0.07196266142240293
2522,45.400540054005404,0.07182496257602808
2523,45.41854185418542,0.0716897322201587
2524,45.43654365436544,0.07155895013299754
2525,45.45454545454545,0.07143442715875212
2526,45.47254725472548,0.07131756248142211
2527,45.49054905490549,0.07120917397699474
2528,45.50855085508551,0.07110942889912013
2529,45.526552655265526,0.07101788390389716
2530,45.54455445544554,0.0709336240769536
2531,45.562556255625566,0.07085547366617322
2532,45.58055805580558,0.07078223959634493
2533,45.5985598559856,0.07071294445371731
2534,45.616561656165615,0.07064700902702828
2535,45.63456345634564,0.0705843548102474
2536,45.652565256525655,0.07052541203128156
2537,45.67056705670567,0.07047103589423694
2538,45.68856885688569,0.07042234968547138
2539,45.70657065706571,0.07038054539588237
2540,45.72457245724573,0.07034667857354134
2541,45.742574257425744,0.07032149340877122
2542,45.76057605760576,0.07030530698796973
2543,45.77857785778578,0.07029796977941384
2544,45.7965796579658,0.07029890508018687
2545,45.81458145814582,0.07030721604493731
2546,45.83258325832583,0.07032183755835354
2547,45.85058505850585,0.07034170351408547
2548,45.86858685868587,0.0703658989988604
2549,45.88658865886589,0.07039377135809359
2550,45.904590459045906,0.07042498304237851
2551,45.92259225922592,0.07045950065186896
2552,45.94059405940594,0.07049752647711421
2553,45.95859585958596,0.07053938889647128
2554,45.97659765976598,0.07058541449343675
2555,45.994599459945995,0.0706358067061064
2556,46.01260126012601,0.07069055310777045
2557,46.030603060306035,0.07074937679803135
2558,46.04860486048605,0.0708117382931449
2559,46.06660666066607,0.07087688455801384
2560,46.084608460846084,0.07094393326045992
2561,46.1026102610261,0.07101197447397108
2562,46.120612061206124,0.07108016984783037
2563,46.13861386138614,0.07114783091606003
2564,46.15661566156616,0.07121446321238831
2565,46.17461746174617,0.07127977008580962
2566,46.1926192619262,0.0713436181005142
2567,46.21062106210621,0.07140597311921024
2568,46.22862286228623,0.07146682129739436
2569,46.246624662466246,0.0715260914006983
2570,46.26462646264627,0.0715835938329616
2571,46.282628262826286,0.07163898787494709
2572,46.3006300630063,0.07169178274481253
2573,46.31863186318632,0.0717413713940561
2574,46.336633663366335,0.07178708973232552
2575,46.35463546354636,0.07182828936827101
2576,46.372637263726375,0.07186440974739315
2577,46.39063906390639,0.07189503606987671
2578,46.40864086408641,0.07191993237932205
2579,46.42664266426643,0.07193904407658089
2580,46.44464446444645,0.07195246987335115
2581,46.462646264626464,0.07196040878073354
2582,46.48064806480648,0.07196309213229438
2583,46.4986498649865,0.07196071312812911
2584,46.51665166516652,0.07195336658820717
2585,46.53465346534654,0.07194100957118468
2586,46.55265526552655,0.07192344968754028
2587,46.57065706570657,0.0719003630421726
2588,46.58865886588659,0.07187133865817079
2589,46.60666066606661,0.0718359418267836
2590,46.624662466246626,0.07179378580827757
2591,46.64266426642664,0.07174460011758542
2592,46.66066606660666,0.07168828438702304
2593,46.67866786678668,0.07162493930250925
2594,46.6966696669667,0.07155486988728423
2595,46.714671467146715,0.07147856080996283
2596,46.73267326732673,0.07139662771181852
2597,46.750675067506755,0.07130975212418061
2598,46.76867686768677,0.07121860987212314
2599,46.78667866786679,0.07112380364112429
2600,46.804680468046804,0.07102580956692128
2601,46.82268226822682,0.07092494547525753
2602,46.840684068406844,0.07082136511796469
2603,46.85868586858686,0.07071507892158245
2604,46.87668766876688,0.07060599793323653
2605,46.89468946894689,0.07049399434173412
2606,46.91269126912692,0.07037896960791949
2607,46.93069306930693,0.0702609201574572
2608,46.94869486948695,0.07013999090314482
2609,46.966696669666966,0.07001650852488812
2610,46.98469846984699,0.06989098922543541
2611,47.002700270027006,0.06976411923629622
2612,47.02070207020702,0.06963671020563963
2613,47.03870387038704,0.06950963524337561
2614,47.056705670567055,0.06938375432469449
2615,47.07470747074708,0.06925983953373992
2616,47.092709270927095,0.06913851097017751
2617,47.11071107110711,0.06902019293234082
2618,47.12871287128713,0.068905097331809
2619,47.14671467146715,0.06879323749997457
2620,47.16471647164717,0.0686844711178339
2621,47.182718271827184,0.06857856656369603
2622,47.2007200720072,0.0684752832013341
2623,47.21872187218722,0.06837445363825753
2624,47.23672367236724,0.06827605522790918
2625,47.25472547254726,0.06818025928479976
2626,47.27272727272727,0.06808744954480217
2627,47.29072907290729,0.0679982059441368
2628,47.30873087308731,0.06791325515461245
2629,47.32673267326733,0.0678333946690967
2630,47.344734473447346,0.0677594017018163
2631,47.36273627362736,0.06769194097321034
2632,47.38073807380738,0.06763148604665893
2633,47.3987398739874,0.06757826707821439
2634,47.41674167416742,0.06753225383415279
2635,47.434743474347435,0.06749317721557394
2636,47.45274527452745,0.06746058619970603
2637,47.470747074707475,0.06743393112232919
2638,47.48874887488749,0.06741265962712303
2639,47.50675067506751,0.0673963092368172
2640,47.524752475247524,0.0673845808386448
2641,47.54275427542754,0.0673773804426818
2642,47.560756075607564,0.06737482190243049
2643,47.57875787578758,0.06737719000034391
2644,47.5967596759676,0.0673848702399725
2645,47.61476147614761,0.06739825761962052
2646,47.63276327632764,0.0674176605053198
2647,47.65076507650765,0.06744321673869022
2648,47.66876687668767,0.06747483706778178
2649,47.686768676867686,0.06751218619009339
2650,47.70477047704771,0.06755470497162314
2651,47.722772277227726,0.06760166995213669
2652,47.74077407740774,0.0676522794232612
2653,47.75877587758776,0.06770575044258496
2654,47.776777677767775,0.06776140906629427
2655,47.7947794779478,0.06781875727546371
2656,47.812781278127815,0.06787750436269012
2657,47.83078307830783,0.06793755717599025
2658,47.84878487848785,0.0679989713698016
2659,47.86678667866787,0.06806187323718675
2660,47.88478847884789,0.06812636737650819
2661,47.902790279027904,0.06819244826914501
2662,47.92079207920792,0.06825993322600586
2663,47.93879387938794,0.06832843016181284
2664,47.95679567956796,0.06839734699057828
2665,47.97479747974798,0.06846594134521845
2666,47.99279927992799,0.06853340135227023
2667,48.01080108010801,0.0685989418931396
2668,48.02880288028803,0.06866189742073991
2669,48.04680468046805,0.06872179269761607
2670,48.064806480648066,0.0687783768066185
2671,48.08280828082808,0.06883161276763598
2672,48.1008100810081,0.06888162378087784
2673,48.11881188118812,0.0689286058485099
2674,48.13681368136814,0.06897272358734942
2675,48.154815481548155,0.06901400999856347
2676,48.17281728172817,0.06905229093330142
2677,48.190819081908195,0.06908715086393385
2678,48.20882088208821,0.06911794901314024
2679,48.22682268226823,0.06914388527046869
2680,48.244824482448244,0.06916410544629409
2681,48.26282628262826,0.06917782719301588
2682,48.280828082808284,0.06918446302044495
2683,48.2988298829883,0.06918371631718559
2684,48.31683168316832,0.06917563042134654
2685,48.33483348334833,0.06916057893435687
2686,48.35283528352836,0.06913919622007295
2687,48.37083708370837,0.06911225841145764
2688,48.38883888388839,0.06908053510699365
2689,48.406840684068406,0.06904463834637346
2690,48.42484248424843,0.06900489707202394
2691,48.442844284428446,0.06896128163816839
2692,48.46084608460846,0.06891339453194122
2693,48.47884788478848,0.06886053174391975
2694,48.496849684968495,0.06880180626042197
2695,48.51485148514852,0.0687363133331774
2696,48.532853285328535,0.06866330875286004
2697,48.55085508550855,0.06858236798025573
2698,48.56885688568857,0.06849349644369748
2699,48.58685868586859,0.06839716930159279
2700,48.60486048604861,0.06829429116774832
2701,48.622862286228624,0.06818608056713193
2702,48.64086408640864,0.0680738976608193
2703,48.65886588658866,0.06795904451637798
2704,48.67686768676868,0.06784257287319366
2705,48.6948694869487,0.06772513381941979
2706,48.71287128712871,0.06760689703132111
2707,48.73087308730873,0.06748755533875987
2708,48.74887488748875,0.06736641543722471
2709,48.76687668766877,0.06724256022040419
2710,48.784878487848786,0.0671150552226266
2711,48.8028802880288,0.0669831634096471
2712,48.82088208820882,0.06684653058215334
2713,48.83888388838884,0.06670530838274343
2714,48.85688568856886,0.06656019254163467
2715,48.874887488748875,0.06641236870282047
2716,48.89288928892889,0.06626337434059631
2717,48.910891089108915,0.06611490002865061
2718,48.92889288928893,0.06596856402513607
2719,48.94689468946895,0.06582569887138874
2720,48.964896489648964,0.06568718662005803
2721,48.98289828982898,0.06555337078160604
2722,49.000900090009004,0.06542405963024644
2723,49.01890189018902,0.06529861954126115
2724,49.03690369036904,0.06517614138207797
2725,49.054905490549054,0.06505565041867709
2726,49.07290729072908,0.0649363229267324
2727,49.09090909090909,0.06481767195292754
2728,49.10891089108911,0.06469967052077309
2729,49.126912691269126,0.06458279190630115
2730,49.14491449144915,0.06446796134840134
2731,49.162916291629166,0.06435642905315482
2732,49.18091809180918,0.06424958785239
2733,49.1989198919892,0.06414876803372499
2734,49.216921692169215,0.0640550451362364
2735,49.23492349234924,0.06396909344159295
2736,49.252925292529255,0.06389110916205759
2737,49.27092709270927,0.06382081460529647
2738,49.28892889288929,0.06375754022581509
2739,49.30693069306931,0.06370036803607772
2740,49.32493249324933,0.06364830969723717
2741,49.342934293429344,0.063600487442393
2742,49.36093609360936,0.06355628656996497
2743,49.37893789378938,0.06351545429778846
2744,49.3969396939694,0.06347813003888139
2745,49.41494149414942,0.06344480468269859
2746,49.432943294329434,0.0634162189388897
2747,49.45094509450945,0.06339322101048438
2748,49.46894689468947,0.06337661008152354
2749,49.48694869486949,0.06336699338244313
2750,49.504950495049506,0.06336468091079142
2751,49.52295229522952,0.06336963410471384
2752,49.54095409540954,0.06338147446342701
2753,49.55895589558956,0.06339954724259401
2754,49.57695769576958,0.06342302589958643
2755,49.594959495949595,0.06345103655624022
2756,49.61296129612961,0.06348277938994423
2757,49.630963096309635,0.06351762577956915
2758,49.64896489648965,0.06355517565397384
2759,49.66696669666967,0.0635952676025714
2760,49.684968496849685,0.06363794329977272
2761,49.7029702970297,0.06368337597891051
2762,49.720972097209724,0.06373177861334167
2763,49.73897389738974,0.06378331016259564
2764,49.75697569756976,0.06383799740551586
2765,49.774977497749774,0.06389568586726731
2766,49.7929792979298,0.06395602707997503
2767,49.810981098109814,0.06401850219194456
2768,49.82898289828983,0.06408247515859503
2769,49.846984698469846,0.06414726364843717
2770,49.86498649864987,0.06421221323395943
2771,49.882988298829886,0.06427676074022586
2772,49.9009900990099,0.06434047556644142
2773,49.91899189918992,0.0644030726674682
2774,49.936993699369935,0.06446439665110103
2775,49.95499549954996,0.0645243819715948
2776,49.972997299729975,0.06458299845222487
2777,49.99099909990999,0.064640193621901
2778,50.00900090009001,0.06469584329614002
2779,50.02700270027003,0.06474971961783965
2780,50.04500450045005,0.06480148194396079
2781,50.063006300630065,0.06485069133755592
2782,50.08100810081008,0.06489684491787155
2783,50.0990099009901,0.06493942277284775
2784,50.11701170117012,0.06497793815417693
2785,50.13501350135014,0.0650119815300267
2786,50.153015301530154,0.0650412506786439
2787,50.17101710171017,0.06506556196108224
2788,50.18901890189019,0.0650848415853738
2789,50.20702070207021,0.0650990993507244
2790,50.225022502250226,0.06510839037287096
2791,50.24302430243024,0.0651127721448436
2792,50.26102610261026,0.06511226473273755
2793,50.27902790279028,0.06510682096791696
2794,50.2970297029703,0.06509631144311252
2795,50.315031503150315,0.06508052639087401
2796,50.33303330333033,0.06505919363589732
2797,50.351035103510355,0.06503200926167127
2798,50.36903690369037,0.06499867580227296
2799,50.38703870387039,0.06495894188508414
2800,50.405040504050405,0.06491263735244404
2801,50.42304230423042,0.06485969886018463
2802,50.441044104410445,0.06480018255078988
2803,50.45904590459046,0.06473426233167863
2804,50.47704770477048,0.06466221425684802
2805,50.495049504950494,0.06458438926075206
2806,50.51305130513052,0.06450117784756522
2807,50.531053105310534,0.0644129711974212
2808,50.54905490549055,0.06432012348326503
2809,50.567056705670566,0.06422292001620056
2810,50.58505850585059,0.06412155520058045
2811,50.603060306030606,0.06401612324356634
2812,50.62106210621062,0.06390662319906083
2813,50.63906390639064,0.0637929783213298
2814,50.657065706570656,0.06367506797690846
2815,50.67506750675068,0.06355276867114708
2816,50.693069306930695,0.0634259992844205
2817,50.71107110711071,0.0632947646041302
2818,50.72907290729073,0.06315919089782741
2819,50.74707470747075,0.06301954776619915
2820,50.76507650765077,0.06287625191104151
2821,50.783078307830785,0.06272985068407357
2822,50.8010801080108,0.06258098612172822
2823,50.81908190819082,0.062430343245226595
2824,50.83708370837084,0.062278589235877216
2825,50.85508550855086,0.062126312172526524
2826,50.873087308730874,0.061973968891768594
2827,50.89108910891089,0.061821850907570024
2828,50.909090909090914,0.061670075143514386
2829,50.92709270927093,0.061518602700519995
2830,50.945094509450946,0.06136728448536444
2831,50.96309630963096,0.06121592794751917
2832,50.98109810981098,0.06106437520078151
2833,50.999099909991,0.06091258019225689
2834,51.01710171017102,0.06076067189472394
2835,51.035103510351036,0.06060899200824927
2836,51.05310531053105,0.06045809925618049
2837,51.071107110711075,0.06030873755771247
2838,51.08910891089109,0.06016177134038682
2839,51.10711071107111,0.060018097013718144
2840,51.125112511251125,0.05987854413075243
2841,51.14311431143115,0.05974378215518745
2842,51.161116111611165,0.059614248498572484
2843,51.17911791179118,0.059490110513867614
2844,51.1971197119712,0.05937126883211571
2845,51.215121512151214,0.05925740264622373
2846,51.23312331233124,0.059148050418279544
2847,51.251125112511254,0.05904271325879378
2848,51.26912691269127,0.058940964025627006
2849,51.28712871287129,0.05884254381994597
2850,51.30513051305131,0.0587474293374643
2851,51.323132313231326,0.05865585923219794
2852,51.34113411341134,0.058568314505706154
2853,51.35913591359136,0.05848545578232134
2854,51.377137713771376,0.058408027802673367
2855,51.3951395139514,0.05833674723690528
2856,51.413141314131416,0.058272192939888015
2857,51.43114311431143,0.05821471747344774
2858,51.44914491449145,0.05816439512139042
2859,51.46714671467147,0.05812101532963708
2860,51.48514851485149,0.05808412261249933
2861,51.503150315031505,0.05805309586908602
2862,51.52115211521152,0.05802725318915506
2863,51.53915391539154,0.058005963819796294
2864,51.55715571557156,0.05798874780049269
2865,51.57515751575158,0.0579753460603735
2866,51.593159315931594,0.05796574909319433
2867,51.61116111611161,0.05796017972190818
2868,51.629162916291634,0.05795903360280827
2869,51.64716471647165,0.05796278853696786
2870,51.66516651665167,0.057971899028609546
2871,51.68316831683168,0.05798669490831596
2872,51.7011701170117,0.05800730182437114
2873,51.71917191719172,0.05803359721699463
2874,51.73717371737174,0.058065208821277726
2875,51.755175517551756,0.05810155501355381
2876,51.77317731773177,0.05814191883980333
2877,51.791179117911796,0.058185541697521895
2878,51.80918091809181,0.058231719427718764
2879,51.82718271827183,0.058279883555687036
2880,51.845184518451845,0.05832965354855189
2881,51.86318631863187,0.058380851607374634
2882,51.881188118811885,0.05843347859980197
2883,51.8991899189919,0.05848765693449201
2884,51.91719171917192,0.0585435521495856
2885,51.935193519351934,0.058601288649814745
2886,51.95319531953196,0.05866087574072433
2887,51.971197119711974,0.05872215779188414
2888,51.98919891989199,0.05878479749744979
2889,52.00720072007201,0.058848294743663786
2890,52.02520252025203,0.05891203677497557
2891,52.04320432043205,0.05897536945977693
2892,52.06120612061206,0.05903767558873283
2893,52.07920792079208,0.05909844499550353
2894,52.097209720972096,0.05915732305340869
2895,52.11521152115212,0.05921412840607599
2896,52.133213321332136,0.05926883679546052
2897,52.15121512151215,0.059321534405281415
2898,52.16921692169217,0.05937234999753657
2899,52.18721872187219,0.05942137918068303
2900,52.20522052205221,0.0594686156529197
2901,52.223222322232225,0.059513902940187026
2902,52.24122412241224,0.05955691625570102
2903,52.25922592259226,0.059597178385737096
2904,52.27722772277228,0.059634107033998754
2905,52.2952295229523,0.0596670850495377
2906,52.313231323132314,0.059695540546454845
2907,52.33123312331233,0.05971902192467001
2908,52.349234923492354,0.0597372535974339
2909,52.36723672367237,0.05975016168249683
2910,52.38523852385239,0.059757864389475536
2911,52.4032403240324,0.05976062833264984
2912,52.42124212421242,0.05975879832491048
2913,52.43924392439244,0.0597527132036335
2914,52.45724572457246,0.05974262298305216
2915,52.475247524752476,0.059728622608156576
2916,52.49324932493249,0.059710614789851804
2917,52.511251125112516,0.0596883093183602
2918,52.52925292529253,0.059661259782217736
2919,52.54725472547255,0.059628931914246015
2920,52.565256525652565,0.059590792038644695
2921,52.58325832583259,0.059546400331666804
2922,52.601260126012605,0.05949549250957897
2923,52.61926192619262,0.059438035330740574
2924,52.63726372637264,0.05937424564886695
2925,52.655265526552654,0.059304568936036535
2926,52.67326732673268,0.059229620141364236
2927,52.691269126912694,0.05915009626560614
2928,52.70927092709271,0.059066674988728474
2929,52.72727272727273,0.058979916230120465
2930,52.74527452745275,0.05889018320723286
2931,52.76327632763277,0.05879759643341737
2932,52.78127812781278,0.05870202868320849
2933,52.7992799279928,0.058603142163552974
2934,52.817281728172816,0.05850046210355749
2935,52.83528352835284,0.058393474891325986
2936,52.853285328532856,0.058281734761307394
2937,52.87128712871287,0.05816496155568817
2938,52.88928892889289,0.058043113492117444
2939,52.90729072907291,0.05791642293024877
2940,52.92529252925293,0.057785389165885215
2941,52.943294329432945,0.05765072929549463
2942,52.96129612961296,0.05751329503078866
2943,52.97929792979298,0.05737396888305955
2944,52.997299729973,0.05723355647866254
2945,53.01530153015302,0.05709269237321182
2946,53.033303330333034,0.05695177451484814
2947,53.05130513051305,0.05681093783847001
2948,53.069306930693074,0.05667007112135934
2949,53.08730873087309,0.056528874232694565
2950,53.10531053105311,0.056386946399784754
2951,53.12331233123312,0.05624389114129984
2952,53.14131413141314,0.056099420876242895
2953,53.15931593159316,0.05595344431996616
2954,53.17731773177318,0.05580612259359646
2955,53.195319531953196,0.055657885033020695
2956,53.21332133213321,0.055509402162515896
2957,53.231323132313236,0.055361520148260956
2958,53.24932493249325,0.05521516716789183
2959,53.26732673267327,0.05507124654816756
2960,53.285328532853285,0.054930533538336754
2961,53.30333033303331,0.054793591896543314
2962,53.321332133213325,0.05466072320141483
2963,53.33933393339334,0.05453195650373844
2964,53.35733573357336,0.05440707946842809
2965,53.375337533753374,0.05428570556990477
2966,53.3933393339334,0.054167366250427285
2967,53.411341134113414,0.054051613127646995
2968,53.42934293429343,0.053938113939048585
2969,53.44734473447345,0.053826727135509726
2970,53.46534653465347,0.0537175436579282
2971,53.48334833483349,0.05361088983931915
2972,53.5013501350135,0.05350729167753276
2973,53.51935193519352,0.053407406893668845
2974,53.537353735373536,0.05331193623463595
2975,53.55535553555356,0.05322152859616432
2976,53.573357335733576,0.05313669525879672
2977,53.59135913591359,0.05305774676472882
2978,53.60936093609361,0.05298476204396088
2979,53.62736273627363,0.05291759399692786
2980,53.64536453645365,0.052855909762620126
2981,53.663366336633665,0.0527992583311536
2982,53.68136813681368,0.05274715389971873
2983,53.6993699369937,0.052699161091739055
2984,53.71737173717372,0.05265496819395802
2985,53.73537353735374,0.05261443686024433
2986,53.753375337533754,0.0525776208576259
2987,53.77137713771377,0.052544751668552964
2988,53.789378937893794,0.052516194224231254
2989,53.80738073807381,0.052492380820699736
2990,53.82538253825383,0.052473734590777255
2991,53.84338433843384,0.052460595260784976
2992,53.86138613861386,0.05245315914153249
2993,53.87938793879388,0.05245144257991663
2994,53.8973897389739,0.05245527394189782
2995,53.915391539153916,0.052464314346059436
2996,53.93339333933393,0.0524781026505132
2997,53.951395139513956,0.05249611639710008
2998,53.96939693969397,0.05251783813822575
2999,53.98739873987399,0.052542816139352605
3000,54.005400540054005,0.052570709866957305
3001,54.02340234023403,0.05260131362765533
3002,54.041404140414045,0.05263455565998152
3003,54.05940594059406,0.0526704741921409
3004,54.07740774077408,0.05270917574420635
3005,54.095409540954094,0.0527507836548747
3006,54.11341134113412,0.052795386041534234
3007,54.131413141314134,0.05284299201793836
3008,54.14941494149415,0.05289350313800887
3009,54.16741674167417,0.05294670409414253
3010,54.18541854185419,0.05300227322804792
3011,54.20342034203421,0.05305981002946161
3012,54.22142214221422,0.053118874074903163
3013,54.23942394239424,0.05317902822411624
3014,54.257425742574256,0.053239878565612166
3015,54.27542754275428,0.053301104568212514
3016,54.293429342934296,0.05336247491548818
3017,54.31143114311431,0.05342384717051772
3018,54.32943294329433,0.05348515224794539
3019,54.34743474347435,0.05354636717027036
3020,54.36543654365437,0.05360748135370892
3021,54.383438343834385,0.053668462454105566
3022,54.4014401440144,0.05372922753680878
3023,54.41944194419442,0.05378962412977308
3024,54.43744374437444,0.05384942383944048
3025,54.45544554455446,0.0539083290105513
3026,54.473447344734474,0.05396599077619127
3027,54.49144914491449,0.05402203511459157
3028,54.509450945094514,0.05407609245219518
3029,54.52745274527453,0.054127826049481007
3030,54.54545454545455,0.05417695486417066
3031,54.56345634563456,0.05422326767427659
3032,54.58145814581458,0.05426662674467129
3033,54.5994599459946,0.054306960977535894
3034,54.61746174617462,0.05434425004447556
3035,54.635463546354636,0.054378502242431556
3036,54.65346534653465,0.05440972959967798
3037,54.671467146714676,0.05443792401304377
3038,54.68946894689469,0.054463037929731284
3039,54.70747074707471,0.05448497236676571
3040,54.725472547254725,0.05450357400356048
3041,54.74347434743475,0.054518641829602435
3042,54.761476147614765,0.0545299425302372
3043,54.77947794779478,0.05453723259524086
3044,54.7974797479748,0.054540284170169304
3045,54.815481548154814,0.05453891105168421
3046,54.83348334833484,0.05453299103995067
3047,54.851485148514854,0.05452248115279932
3048,54.86948694869487,0.054507422981341105
3049,54.88748874887489,0.054487936673981864
3050,54.90549054905491,0.05446420356321968
3051,54.92349234923493,0.054436439125005294
3052,54.94149414941494,0.05440485956277958
3053,54.95949594959496,0.05436964659118118
3054,54.977497749774976,0.054330915720607456
3055,54.995499549955,0.054288693326893116
3056,55.013501350135016,0.054242906936150304
3057,55.03150315031503,0.05419339149464283
3058,55.04950495049505,0.05413991209949509
3059,55.06750675067507,0.054082201043250344
3060,55.08550855085509,0.054020004476732435
3061,55.103510351035105,0.05395313196263273
3062,55.12151215121512,0.053881501083140056
3063,55.13951395139514,0.05380516937058833
3064,55.15751575157516,0.05372434726024437
3065,55.17551755175518,0.053639388405016204
3066,55.193519351935194,0.05355075720085189
3067,55.21152115211521,0.0534589772166109
3068,55.229522952295234,0.05336456775854954
3069,55.24752475247525,0.053267978377257635
3070,55.26552655265527,0.053169532207110494
3071,55.28352835283528,0.053069388300053116
3072,55.30153015301531,0.052967530560892206
3073,55.31953195319532,0.05286378682134159
3074,55.33753375337534,0.05275787661289512
3075,55.355535553555356,0.05264948113113321
3076,55.37353735373537,0.05253832461884864
3077,55.391539153915396,0.05242425374325924
3078,55.40954095409541,0.05230730107926101
3079,55.42754275427543,0.05218772075616529
3080,55.445544554455445,0.05206598848104788
3081,55.46354635463547,0.05194276391033347
3082,55.481548154815485,0.051818819772426625
3083,55.4995499549955,0.05169494814505532
3084,55.51755175517552,0.05157185877600169
3085,55.535553555355534,0.05145008643435521
3086,55.55355535553556,0.05132992350403638
3087,55.571557155715574,0.051211390385004836
3088,55.58955895589559,0.05109425026614348
3089,55.60756075607561,0.05097806743633815
3090,55.62556255625563,0.05086230075528706
3091,55.64356435643565,0.05074641753848733
3092,55.66156615661566,0.05063000908839542
3093,55.67956795679568,0.05051288821816436
3094,55.697569756975696,0.05039515162744992
3095,55.71557155715572,0.050277195567456044
3096,55.733573357335736,0.05015968098511563
3097,55.75157515751575,0.05004345296111921
3098,55.76957695769577,0.04992942725850973
3099,55.78757875787579,0.04981846275332424
3100,55.80558055805581,0.04971124132947567
3101,55.823582358235825,0.049608175922075406
3102,55.84158415841584,0.049509362868007195
3103,55.85958595859586,0.049414587296547186
3104,55.87758775877588,0.04932338122196649
3105,55.8955895589559,0.04923512485445331
3106,55.913591359135914,0.049149174034699
3107,55.93159315931593,0.04906499198241603
3108,55.949594959495954,0.048982262596059235
3109,55.96759675967597,0.04890096555932422
3110,55.98559855985599,0.048821400006367616
3111,56.003600360036,0.0487441523566975
3112,56.02160216021603,0.04867001360808136
3113,56.03960396039604,0.048599860170932006
3114,56.05760576057606,0.0485345186864022
3115,56.075607560756076,0.048474638064250855
3116,56.09360936093609,0.048420590706147244
3117,56.111611161116116,0.04837241976732943
3118,56.12961296129613,0.04832984125911753
3119,56.14761476147615,0.048292300233429196
3120,56.165616561656165,0.04825907091109988
3121,56.18361836183619,0.04822938307419911
3122,56.201620162016205,0.048202552660409806
3123,56.21962196219622,0.0481780940269205
3124,56.23762376237624,0.04815579484212024
3125,56.255625562556254,0.04813574135888246
3126,56.27362736273628,0.04811829068254569
3127,56.291629162916294,0.04810399597300101
3128,56.30963096309631,0.04809349865111326
3129,56.32763276327633,0.048087407187003904
3130,56.34563456345635,0.04808618399265351
3131,56.36363636363637,0.04809006003726471
3132,56.38163816381638,0.04809899145967018
3133,56.3996399639964,0.04811266468789199
3134,56.417641764176416,0.04813054782918829
3135,56.43564356435644,0.048151977952049056
3136,56.453645364536456,0.04817626779165574
3137,56.47164716471647,0.04820281241882584
3138,56.48964896489649,0.0482311769828475
3139,56.50765076507651,0.04826115057885022
3140,56.52565256525653,0.04829275780179083
3141,56.543654365436545,0.048326227385748155
3142,56.56165616561656,0.04836192503371522
3143,56.57965796579658,0.0484002637262435
3144,56.5976597659766,0.04844160837990477
3145,56.61566156615662,0.04848619213713406
3146,56.633663366336634,0.048534058833421934
3147,56.65166516651665,0.048585040908267756
3148,56.669666966696674,0.04863877525384287
3149,56.68766876687669,0.048694752522601435
3150,56.70567056705671,0.04875238952960766
3151,56.72367236723672,0.048811110630735094
3152,56.74167416741675,0.048870422947257325
3153,56.75967596759676,0.04892997212296346
3154,56.77767776777678,0.048989569495156385
3155,56.795679567956796,0.049049187261482885
3156,56.81368136813681,0.04910892430733647
3157,56.831683168316836,0.04916895067127225
3158,56.84968496849685,0.049229442205420394
3159,56.86768676867687,0.04929051823560784
3160,56.885688568856885,0.04935219380757813
3161,56.90369036903691,0.049414354759926456
3162,56.921692169216925,0.04947675912001884
3163,56.93969396939694,0.04953906314147988
3164,56.95769576957696,0.04960086569817659
3165,56.975697569756974,0.0496617615744071
3166,56.993699369937,0.04972139298713214
3167,57.011701170117014,0.049779489582401956
3168,57.02970297029703,0.04983588988906862
3169,57.04770477047705,0.04989054116877938
3170,57.06570657065707,0.04994347894372922
3171,57.08370837083709,0.04999479134639836
3172,57.1017101710171,0.050044576086180244
3173,57.11971197119712,0.050092898806946375
3174,57.137713771377136,0.05013976080994659
3175,57.15571557155716,0.050185081789243906
3176,57.173717371737176,0.05022869991641201
3177,57.19171917191719,0.0502703880327473
3178,57.20972097209721,0.05030988159562517
3179,57.22772277227723,0.05034691198537482
3180,57.24572457245725,0.050381238166764354
3181,57.263726372637265,0.050412670560971734
3182,57.28172817281728,0.050441083058971777
3183,57.2997299729973,0.05046641189452878
3184,57.31773177317732,0.05048864296767033
3185,57.33573357335734,0.05050779155160347
3186,57.353735373537354,0.050523879652431124
3187,57.37173717371737,0.050536916383521126
3188,57.389738973897394,0.050546885606762695
3189,57.40774077407741,0.05055374308479287
3190,57.42574257425743,0.050557422973164935
3191,57.44374437443744,0.0505578512259716
3192,57.46174617461747,0.05055496190743737
3193,57.47974797479748,0.050548711844914704
3194,57.4977497749775,0.0505390896342081
3195,57.515751575157516,0.050526116562266646
3196,57.53375337533753,0.05050983916516404
3197,57.551755175517556,0.05049031537186598
3198,57.56975697569757,0.05046759795605639
3199,57.58775877587759,0.05044171989051609
3200,57.605760576057605,0.05041268593593226
3201,57.62376237623763,0.050380473423870795
3202,57.641764176417645,0.05034504299834825
3203,57.65976597659766,0.050306357550958955
3204,57.67776777677768,0.05026440530782355
3205,57.695769576957694,0.05021922155821032
3206,57.71377137713772,0.05017090325196656
3207,57.731773177317734,0.05011961177943963
3208,57.74977497749775,0.05006556152942114
3209,57.76777677767777,0.050008994866260585
3210,57.78577857785779,0.049950147348535735
3211,57.80378037803781,0.049889209631122845
3212,57.82178217821782,0.04982629393096002
3213,57.83978397839784,0.049761412791069014
3214,57.857785778577856,0.049694476058273075
3215,57.87578757875788,0.04962530875854913
3216,57.893789378937896,0.04955368848581179
3217,57.91179117911791,0.049479396802257
3218,57.92979297929793,0.0494022758281543
3219,57.94779477947795,0.04932227941106569
3220,57.96579657965797,0.04923950847558251
3221,57.983798379837985,0.04915422245363091
3222,58.001800180018,0.049066822755966924
3223,58.01980198019802,0.048977809370397765
3224,58.03780378037804,0.04888771691445819
3225,58.05580558055806,0.04879704080870113
3226,58.073807380738074,0.048706166775105524
3227,58.09180918091809,0.048615317013796656
3228,58.109810981098114,0.048524524016797396
3229,58.12781278127813,0.04843363837172854
3230,58.14581458145815,0.048342370864297754
3231,58.16381638163816,0.04825036278956828
3232,58.18181818181819,0.04815727282578882
3233,58.1998199819982,0.04806286519732475
3234,58.21782178217822,0.04796708291845844
3235,58.235823582358236,0.04787009195115213
3236,58.25382538253825,0.04777228686074577
3237,58.271827182718276,0.04767425522919341
3238,58.28982898289829,0.047576705514298545
3239,58.30783078307831,0.04748036987540953
3240,58.325832583258325,0.04738589844050696
3241,58.34383438343835,0.04729376359649446
3242,58.361836183618365,0.047204191673526075
3243,58.37983798379838,0.047117134995098654
3244,58.3978397839784,0.04703229039843493
3245,58.415841584158414,0.04694916218506954
3246,58.43384338433844,0.0468671594909409
3247,58.451845184518454,0.046785711718835776
3248,58.46984698469847,0.04670438213567692
3249,58.48784878487849,0.046622959695096694
3250,58.50585058505851,0.046541512669467676
3251,58.52385238523853,0.04646039418605044
3252,58.54185418541854,0.04638019813032509
3253,58.55985598559856,0.04630167262626117
3254,58.577857785778576,0.046225605862955696
3255,58.5958595859586,0.046152704042845605
3256,58.613861386138616,0.046083482759847284
3257,58.63186318631863,0.04601819087611029
3258,58.64986498649865,0.04595678033029751
3259,58.66786678667867,0.045898927267813756
3260,58.68586858685869,0.04584410085978234
3261,58.703870387038705,0.045791667778864245
3262,58.72187218721872,0.04574101402297513
3263,58.73987398739874,0.045691662740249196
3264,58.75787578757876,0.045643367447430694
3265,58.77587758775878,0.04559616440996018
3266,58.793879387938794,0.045550375176276685
3267,58.81188118811881,0.04550655903643588
3268,58.829882988298834,0.045465423940423716
3269,58.84788478847885,0.04542771161070573
3270,58.86588658865887,0.045394076953532855
3271,58.88388838883888,0.04536498266608269
3272,58.90189018901891,0.04534062704821888
3273,58.91989198919892,0.04532091701161475
3274,58.93789378937894,0.04530549023888059
3275,58.955895589558956,0.04529378183077347
3276,58.97389738973897,0.04528512312210756
3277,58.991899189918996,0.04527885498450642
3278,59.00990099009901,0.04527443577449143
3279,59.02790279027903,0.04527152545059541
3280,59.045904590459045,0.045270031962193084
3281,59.06390639063907,0.045270112928665306
3282,59.081908190819085,0.04527213360574765
3283,59.0999099909991,0.045276589740541356
3284,59.11791179117912,0.04528400981117865
3285,59.135913591359135,0.045294854331609076
3286,59.15391539153916,0.04530942988438819
3287,59.171917191719174,0.04532783241620789
3288,59.18991899189919,0.04534992873589059
3289,59.20792079207921,0.04537537815825253
3290,59.22592259225923,0.04540368912414106
3291,59.24392439243925,0.04543429966356535
3292,59.26192619261926,0.04546666677646847
3293,59.27992799279928,0.045500348784571716
3294,59.297929792979296,0.04553506654221525
3295,59.31593159315932,0.0455707336546462
3296,59.333933393339336,0.04560745168996083
3297,59.35193519351935,0.04564547268562255
3298,59.36993699369937,0.04568513689795915
3299,59.38793879387939,0.04572679774351721
3300,59.40594059405941,0.04577074759000101
3301,59.423942394239425,0.045817157265921
3302,59.44194419441944,0.04586603912436951
3303,59.45994599459946,0.04591723886344598
3304,59.47794779477948,0.04597045597907285
3305,59.4959495949595,0.0460252876940521
3306,59.513951395139514,0.04608128735871687
3307,59.53195319531953,0.04613802628414363
3308,59.549954995499554,0.04619514801872998
3309,59.56795679567957,0.04625240609037177
3310,59.58595859585959,0.04630967973632053
3311,59.603960396039604,0.046366966412011976
3312,59.62196219621963,0.04642435408900697
3313,59.63996399639964,0.04648197975693537
3314,59.65796579657966,0.04653998256536547
3315,59.675967596759676,0.0465984603980884
3316,59.69396939693969,0.04665743740817247
3317,59.711971197119716,0.04671684749838964
3318,59.72997299729973,0.04677653546496002
3319,59.74797479747975,0.04683627418759699
3320,59.765976597659765,0.0468957934685699
3321,59.78397839783979,0.04695481437346376
3322,59.801980198019805,0.047013082453859614
3323,59.81998199819982,0.047070394024568064
3324,59.83798379837984,0.04712661147267863
3325,59.855985598559855,0.04718166596552379
3326,59.87398739873988,0.04723554839365635
3327,59.891989198919894,0.04728829145257832
3328,59.90999099909991,0.04733994707115874
3329,59.92799279927993,0.04739056375464817
3330,59.94599459945995,0.04744016784898605
3331,59.96399639963997,0.04748875145727675
3332,59.981998199819984,0.04753626808248314
3333,60.0,0.04758263541447872
3334,60.018001800180016,0.04762774337093791
3335,60.03600360036004,0.047671464780289774
3336,60.054005400540056,0.04771366605115246
3337,60.07200720072007,0.047754215737676506
3338,60.09000900090009,0.04779298988304846
3339,60.10801080108011,0.04782987412481748
3340,60.12601260126013,0.047864763487213226
3341,60.144014401440145,0.04789756133725542
3342,60.16201620162016,0.047928179023598715
3343,60.180018001800185,0.04795653726512875
3344,60.1980198019802,0.04798256955318407
3345,60.21602160216022,0.04800622691020877
3346,60.234023402340235,0.04802748257400158
3347,60.25202520252025,0.04804633478257199
3348,60.270027002700274,0.04806280596036537
3349,60.28802880288029,0.048076937264075734
3350,60.30603060306031,0.04808877851081207
3351,60.324032403240324,0.048098374746324155
3352,60.34203420342035,0.04810575181871758
3353,60.360036003600364,0.04811090401246362
3354,60.37803780378038,0.04811378685266907
3355,60.396039603960396,0.048114317524848675
3356,60.41404140414041,0.04811238404374862
3357,60.432043204320436,0.048107862572076825
3358,60.45004500450045,0.04810064047571112
3359,60.46804680468047,0.048090641192382266
3360,60.486048604860486,0.048077846138778225
3361,60.50405040504051,0.04806230892796549
3362,60.522052205220525,0.0480441581866445
3363,60.54005400540054,0.04802358712566736
3364,60.55805580558056,0.048000830420205295
3365,60.576057605760575,0.04797613145921145
3366,60.5940594059406,0.04794970513833195
3367,60.612061206120615,0.047921702652086666
3368,60.63006300630063,0.047892184882104186
3369,60.64806480648065,0.047861109875266546
3370,60.66606660666067,0.04782833769133033
3371,60.68406840684069,0.04779365292859862
3372,60.702070207020704,0.04775680202719363
3373,60.72007200720072,0.04771753959321108
3374,60.73807380738074,0.047675676036266254
3375,60.75607560756076,0.047631118175617916
3376,60.774077407740776,0.04758389532592554
3377,60.79207920792079,0.04753416563145744
3378,60.81008100810081,0.04748220072176638
3379,60.82808280828083,0.04742835054985794
3380,60.84608460846085,0.04737299387353932
3381,60.864086408640865,0.047316482591260756
3382,60.88208820882088,0.04725908951850034
3383,60.900090009000905,0.04720096889731957
3384,60.91809180918092,0.04714213697240179
3385,60.93609360936094,0.04708247664566529
3386,60.954095409540955,0.047021766095951205
3387,60.97209720972097,0.04695972703591986
3388,60.990099009900995,0.046896084722716475
3389,61.00810081008101,0.04683062958729111
3390,61.02610261026103,0.046763269824460975
3391,61.044104410441044,0.04669406561675949
3392,61.06210621062107,0.04662323864785742
3393,61.080108010801084,0.04655115469881533
3394,61.0981098109811,0.04647828170523505
3395,61.11611161116112,0.04640512989142382
3396,61.13411341134113,0.04633218374772449
3397,61.152115211521156,0.04625983712228334
3398,61.17011701170117,0.046188342285262335
3399,61.18811881188119,0.046117781551237705
3400,61.206120612061206,0.046048066297014176
3401,61.22412241224123,0.04597896362707137
3402,61.242124212421245,0.04591014630231584
3403,61.26012601260126,0.045841257653082675
3404,61.27812781278128,0.04577198070810156
3405,61.296129612961295,0.04570210010694303
3406,61.31413141314132,0.045631546628368234
3407,61.332133213321335,0.04556041713400234
3408,61.35013501350135,0.04548896687968039
3409,61.36813681368137,0.04541757577220735
3410,61.38613861386139,0.045346694461143894
3411,61.40414041404141,0.04527677943074012
3412,61.422142214221424,0.04520822795947879
3413,61.44014401440144,0.04514132368157508
3414,61.45814581458146,0.045076201568583676
3415,61.47614761476148,0.045012837801995914
3416,61.494149414941496,0.044951065815186333
3417,61.51215121512151,0.0448906154606438
3418,61.53015301530153,0.04483116852687583
3419,61.54815481548155,0.044772421293325135
3420,61.56615661566157,0.04471414386079133
3421,61.584158415841586,0.04465622674462596
3422,61.6021602160216,0.04459870749824555
3423,61.620162016201625,0.044541773527118245
3424,61.63816381638164,0.04448574116984827
3425,61.65616561656166,0.04443101490846056
3426,61.674167416741675,0.04437803361414525
3427,61.69216921692169,0.04432721257110624
3428,61.710171017101715,0.0442788903983206
3429,61.72817281728173,0.04423328890288649
3430,61.74617461746175,0.04419049158246956
3431,61.764176417641764,0.04415044336961176
3432,61.78217821782179,0.04411297080970308
3433,61.800180018001804,0.04407781873828275
3434,61.81818181818182,0.044044697152051136
3435,61.83618361836184,0.04401333068672559
3436,61.85418541854185,0.04398350306864567
3437,61.872187218721876,0.043955090038224155
3438,61.89018901890189,0.0439280763132997
3439,61.90819081908191,0.043902554798321884
3440,61.926192619261926,0.04387870901496422
3441,61.94419441944195,0.04385678220215968
3442,61.962196219621966,0.0438370383529051
3443,61.98019801980198,0.04381972138832925
3444,61.998199819982,0.04380501863259289
3445,62.016201620162015,0.04379303381182419
3446,62.03420342034204,0.0437837731517842
3447,62.052205220522055,0.043777146076852215
3448,62.07020702070207,0.04377297984194192
3449,62.08820882088209,0.043771045473489346
3450,62.10621062106211,0.043771090915965725
3451,62.12421242124213,0.04377287645085375
3452,62.142214221422144,0.043776207347942006
3453,62.16021602160216,0.04378095929386271
3454,62.17821782178218,0.043787093300509713
3455,62.1962196219622,0.04379465834111685
3456,62.21422142214222,0.04380378167262567
3457,62.23222322232223,0.04381464845155778
3458,62.25022502250225,0.04382747363041638
3459,62.26822682268227,0.04384247007003876
3460,62.28622862286229,0.04385981721690489
3461,62.304230423042306,0.04387963453721705
3462,62.32223222322232,0.043901963203827374
3463,62.340234023402346,0.04392675839275918
3464,62.35823582358236,0.04395389310933028
3465,62.37623762376238,0.043983172911266494
3466,62.394239423942395,0.04401435942476276
3467,62.41224122412241,0.044047199349772984
3468,62.430243024302435,0.04408145488436192
3469,62.44824482448245,0.04411693127604915
3470,62.46624662466247,0.0441534975750976
3471,62.484248424842484,0.04419109758810803
3472,62.50225022502251,0.04422974939992135
3473,62.520252025202524,0.04426953346962859
3474,62.53825382538254,0.04431057098704951
3475,62.55625562556256,0.044352995655740864
3476,62.57425742574257,0.04439692312063018
3477,62.5922592259226,0.044442422707842925
3478,62.61026102610261,0.04448949589878184
3479,62.62826282628263,0.04453806502961875
3480,62.646264626462646,0.044587974207886016
3481,62.66426642664267,0.04463900258154401
3482,62.682268226822686,0.04469088816125769
3483,62.7002700270027,0.04474335868732197
3484,62.71827182718272,0.04479616482960895
3485,62.736273627362735,0.04484911052273924
3486,62.75427542754276,0.044902075571846736
3487,62.772277227722775,0.044955026788976
3488,62.79027902790279,0.045008015677258054
3489,62.80828082808281,0.045061162800574435
3490,62.82628262826283,0.045114631122356634
3491,62.84428442844285,0.045168592415880844
3492,62.862286228622864,0.045223192031778756
3493,62.88028802880288,0.04527851764642186
3494,62.8982898289829,0.04533457703397559
3495,62.91629162916292,0.04539128848466891
3496,62.93429342934294,0.045448485454832474
3497,62.95229522952295,0.045505934711663844
3498,62.97029702970297,0.04556336501279203
3499,62.98829882988299,0.04562050161211186
3500,63.00630063006301,0.045677100908378176
3501,63.024302430243026,0.0457329795232157
3502,63.04230423042304,0.045788033022931295
3503,63.060306030603066,0.04584224123295588
3504,63.07830783078308,0.04589565934510856
3505,63.0963096309631,0.04594839640610615
3506,63.114311431143115,0.046000584895463006
3507,63.13231323132313,0.04605234659141234
3508,63.150315031503155,0.046103760531114854
3509,63.16831683168317,0.046154838493944146
3510,63.18631863186319,0.04620551214100848
3511,63.204320432043204,0.046255633954788544
3512,63.22232223222323,0.04630499178266723
3513,63.240324032403244,0.04635333449854219
3514,63.25832583258326,0.0464004044475992
3515,63.27632763276328,0.04644597124163006
3516,63.29432943294329,0.046489861304730776
3517,63.31233123312332,0.04653197834851207
3518,63.33033303330333,0.0465723115358139
3519,63.34833483348335,0.04661093019051995
3520,63.366336633663366,0.046647966162178756
3521,63.38433843384339,0.0466835869719702
3522,63.402340234023406,0.04671796431331575
3523,63.42034203420342,0.04675124312396955
3524,63.43834383438344,0.046783516198419486
3525,63.456345634563455,0.04681480823706724
3526,63.47434743474348,0.04684507153919251
3527,63.492349234923495,0.04687419354713167
3528,63.51035103510351,0.046902014489874466
3529,63.52835283528353,0.04692835178658079
3530,63.54635463546355,0.046953026909184854
3531,63.56435643564357,0.04697589020497832
3532,63.582358235823584,0.04699683974405812
3533,63.6003600360036,0.04701583145037783
3534,63.61836183618362,0.047032879363830576
3535,63.63636363636364,0.04704804657282779
3536,63.65436543654366,0.047061428858377774
3537,63.67236723672367,0.047073134157639876
3538,63.69036903690369,0.04708326143343905
3539,63.70837083708371,0.047091882384716545
3540,63.72637263726373,0.047099028722633204
3541,63.744374437443746,0.04710468663196322
3542,63.76237623762376,0.047108798758383245
3543,63.780378037803786,0.04711127284282877
3544,63.7983798379838,0.047111995167159894
3545,63.81638163816382,0.047110846418350075
3546,63.834383438343835,0.04710771747346908
3547,63.85238523852385,0.04710252291971048
3548,63.870387038703875,0.047095210745119416
3549,63.88838883888389,0.04708576741467884
3550,63.90639063906391,0.047074218321084965
3551,63.924392439243924,0.047060624231487616
3552,63.94239423942395,0.047045074751321164
3553,63.960396039603964,0.047027679966799796
3554,63.97839783978398,0.04700856134183935
3555,63.996399639964,0.04698784271166849
3556,64.01440144014401,0.04696564193402404
3557,64.03240324032403,0.04694206352324846
3558,64.05040504050405,0.04691719246610952
3559,64.06840684068408,0.04689108941846071
3560,64.0864086408641,0.046863787578133545
3561,64.10441044104411,0.04683529165236603
3562,64.12241224122413,0.04680557940024579
3563,64.14041404140414,0.04677460615267687
3564,64.15841584158416,0.04674231244796204
3565,64.17641764176417,0.046708634475281285
3566,64.19441944194419,0.046673516453509194
3567,64.21242124212421,0.04663692350058766
3568,64.23042304230424,0.04659885310851329
3569,64.24842484248425,0.046559343167334226
3570,64.26642664266427,0.04651847467821671
3571,64.28442844284429,0.04647636789490675
3572,64.3024302430243,0.04643317158605125
3573,64.32043204320432,0.04638904628545457
3574,64.33843384338434,0.046344143594734426
3575,64.35643564356435,0.04629858459166306
3576,64.37443744374437,0.046252440957803204
3577,64.3924392439244,0.04620572240847844
3578,64.41044104410442,0.04615837332075929
3579,64.42844284428443,0.04611028016466464
3580,64.44644464446445,0.0460612896237596
3581,64.46444644464447,0.046011235416834294
3582,64.48244824482448,0.045959970130397314
3583,64.5004500450045,0.04590739716754992
3584,64.51845184518452,0.0458534974733222
3585,64.53645364536453,0.04579834615234844
3586,64.55445544554456,0.045742115440713146
3587,64.57245724572458,0.045685062556329106
3588,64.5904590459046,0.04562750341582929
3589,64.60846084608461,0.045569775662185605
3590,64.62646264626463,0.045512196462858805
3591,64.64446444644464,0.045455021732666426
3592,64.66246624662466,0.045398413552305644
3593,64.68046804680468,0.04534242151340886
3594,64.69846984698471,0.04528698164535374
3595,64.71647164716472,0.0452319337778663
3596,64.73447344734474,0.045177055119071316
3597,64.75247524752476,0.04512210500185271
3598,64.77047704770477,0.045066873671939865
3599,64.78847884788479,0.04501122704853905
3600,64.8064806480648,0.044955139788886656
3601,64.82448244824482,0.04489871071171127
3602,64.84248424842484,0.04484215743035797
3603,64.86048604860487,0.04478579046881613
3604,64.87848784878489,0.04472997061484376
3605,64.8964896489649,0.044675056208361395
3606,64.91449144914492,0.04462134895072525
3607,64.93249324932493,0.04456904730022647
3608,64.95049504950495,0.04451821547380196
3609,64.96849684968497,0.04446877364682333
3610,64.98649864986498,0.04442051151524309
3611,65.004500450045,0.04437312352017072
3612,65.02250225022503,0.044326260382870936
3613,65.04050405040505,0.04427958878223103
3614,65.05850585058506,0.04423284951827438
3615,65.07650765076508,0.04418590461620289
3616,65.0945094509451,0.04413876553829141
3617,65.11251125112511,0.04409159771511812
3618,65.13051305130513,0.04404470048266287
3619,65.14851485148515,0.04399846557099261
3620,65.16651665166516,0.04395332085025455
3621,65.1845184518452,0.043909668497287724
3622,65.20252025202521,0.043867827682105474
3623,65.22052205220523,0.04382799112511523
3624,65.23852385238524,0.043790202565962125
3625,65.25652565256526,0.04375435870108959
3626,65.27452745274528,0.043720235076544656
3627,65.29252925292529,0.04368753145119079
3628,65.31053105310531,0.043655928941146054
3629,65.32853285328532,0.04362514935461493
3630,65.34653465346535,0.0435950068400778
3631,65.36453645364537,0.04356544333744893
3632,65.38253825382539,0.04353654209873132
3633,65.4005400540054,0.0435085172524847
3634,65.41854185418542,0.04348168139253593
3635,65.43654365436544,0.04345639679924928
3636,65.45454545454545,0.043433018546443075
3637,65.47254725472547,0.043411838977710115
3638,65.49054905490549,0.0433930426664931
3639,65.50855085508552,0.04337667909220656
3640,65.52655265526553,0.04336265721167311
3641,65.54455445544555,0.04335076241498793
3642,65.56255625562557,0.043340692659187274
3643,65.58055805580558,0.043332107491818886
3644,65.5985598559856,0.0433246817126952
3645,65.61656165616562,0.04331815487854945
3646,65.63456345634563,0.043312368787342063
3647,65.65256525652565,0.04330728729081532
3648,65.67056705670568,0.04330299586834273
3649,65.6885688568857,0.0432996818083401
3650,65.70657065706571,0.04329759900180357
3651,65.72457245724573,0.0432970237331751
3652,65.74257425742574,0.04329820908259192
3653,65.76057605760576,0.04330134546465263
3654,65.77857785778578,0.0433065334859636
3655,65.7965796579658,0.04331377298201901
3656,65.81458145814581,0.04332296922509077
3657,65.83258325832584,0.043333954387167806
3658,65.85058505850586,0.0433465198901667
3659,65.86858685868587,0.04336045367564728
3660,65.88658865886589,0.043375575910867506
3661,65.9045904590459,0.04339176725332326
3662,65.92259225922592,0.04340898536331089
3663,65.94059405940594,0.0434272675665247
3664,65.95859585958596,0.04344672001318298
3665,65.97659765976597,0.043467495924358134
3666,65.994599459946,0.043489767185165853
3667,66.01260126012602,0.04351369438395416
3668,66.03060306030603,0.04353940031153124
3669,66.04860486048605,0.04356695099761863
3670,66.06660666066607,0.04359634679165301
3671,66.08460846084608,0.04362752410923447
3672,66.1026102610261,0.04366036661752781
3673,66.12061206120612,0.04369472314677724
3674,66.13861386138615,0.04373042872811524
3675,66.15661566156616,0.04376732498256146
3676,66.17461746174618,0.043805276597209605
3677,66.1926192619262,0.04384418167216961
3678,66.21062106210621,0.04388397506711535
3679,66.22862286228623,0.04392462524227899
3680,66.24662466246625,0.04396612621514412
3681,66.26462646264626,0.044008486946283065
3682,66.28262826282628,0.04405172063027451
3683,66.30063006300631,0.04409583601665835
3684,66.31863186318633,0.04414083213940589
3685,66.33663366336634,0.04418669688137496
3686,66.35463546354636,0.04423340886216712
3687,66.37263726372638,0.044280941415977104
3688,66.39063906390639,0.04432926706435845
3689,66.40864086408641,0.04437836094531108
3690,66.42664266426642,0.04442820209783179
3691,66.44464446444644,0.04447877219950467
3692,66.46264626462647,0.044530052137888396
3693,66.48064806480649,0.044582017472722654
3694,66.4986498649865,0.044634634249957214
3695,66.51665166516652,0.04468785665765716
3696,66.53465346534654,0.044741627650604056
3697,66.55265526552655,0.044795882987411086
3698,66.57065706570657,0.044850558269069474
3699,66.58865886588659,0.04490559773331537
3700,66.6066606660666,0.04496096294122217
3701,66.62466246624663,0.04501663924845093
3702,66.64266426642665,0.04507263816732688
3703,66.66066606660667,0.04512899438625084
3704,66.67866786678668,0.045185757212406974
3705,66.6966696669667,0.045242977356303726
3706,66.71467146714672,0.04530069105284119
3707,66.73267326732673,0.045358904285022796
3708,66.75067506750675,0.04541758016270053
3709,66.76867686768676,0.045476632215705436
3710,66.7866786678668,0.045535925503880886
3711,66.80468046804681,0.04559528615320544
3712,66.82268226822683,0.045654518417217266
3713,66.84068406840684,0.045713426910478895
3714,66.85868586858686,0.04577184054418428
3715,66.87668766876688,0.04582963414271494
3716,66.8946894689469,0.045886743869048854
3717,66.91269126912691,0.04594317344739599
3718,66.93069306930693,0.045998989622880085
3719,66.94869486948696,0.04605430710566445
3720,66.96669666966697,0.04610926510029672
3721,66.98469846984699,0.04616399908831424
3722,67.002700270027,0.04621861252001182
3723,67.02070207020702,0.04627315327943359
3724,67.03870387038704,0.04632759914762502
3725,67.05670567056706,0.04638185508445535
3726,67.07470747074707,0.04643576319972915
3727,67.09270927092709,0.04648912411441303
3728,67.11071107110712,0.046541726396294385
3729,67.12871287128714,0.046593379248821225
3730,67.14671467146715,0.046643942915135204
3731,67.16471647164717,0.046693351478499526
3732,67.18271827182718,0.046741623882772115
3733,67.2007200720072,0.046788860888525886
3734,67.21872187218722,0.046835228013871744
3735,67.23672367236723,0.046880926892856924
3736,67.25472547254725,0.046926159510531536
3737,67.27272727272728,0.046971091088235446
3738,67.2907290729073,0.047015817756974526
3739,67.30873087308731,0.04706034449152339
3740,67.32673267326733,0.04710457717843219
3741,67.34473447344735,0.04714833041364446
3742,67.36273627362736,0.047191350045022666
3743,67.38073807380738,0.04723334702284648
3744,67.3987398739874,0.047274037211538195
3745,67.41674167416741,0.047313180774975615
3746,67.43474347434744,0.04735061475848145
3747,67.45274527452746,0.047386273559698454
3748,67.47074707470748,0.04742019393682764
3749,67.48874887488749,0.04745250372486488
3750,67.50675067506751,0.04748339610097844
3751,67.52475247524752,0.04751309361522625
3752,67.54275427542754,0.04754180788702715
3753,67.56075607560756,0.04756970158065092
3754,67.57875787578759,0.04759685889581532
3755,67.5967596759676,0.04762326940525261
3756,67.61476147614762,0.047648827873433997
3757,67.63276327632764,0.04767335006430221
3758,67.65076507650765,0.04769660192541946
3759,67.66876687668767,0.04771833735300487
3760,67.68676867686769,0.04773833835387311
3761,67.7047704770477,0.04775645104971736
3762,67.72277227722772,0.0477726116705183
3763,67.74077407740775,0.04778685833408716
3764,67.75877587758777,0.04779932672996487
3765,67.77677767776778,0.04781023043286044
3766,67.7947794779478,0.04781982903567702
3767,67.81278127812782,0.047828389215620395
3768,67.83078307830783,0.04783614492329747
3769,67.84878487848785,0.047843262951248126
3770,67.86678667866786,0.04784981919919326
3771,67.88478847884788,0.047855789176445444
3772,67.90279027902791,0.04786105396869555
3773,67.92079207920793,0.04786542042963205
3774,67.93879387938794,0.047868652137845864
3775,67.95679567956796,0.0478705060382587
3776,67.97479747974798,0.047870768912230716
3777,67.992799279928,0.047869287996443105
3778,68.01080108010801,0.04786599114623884
3779,68.02880288028803,0.0478608937190546
3780,68.04680468046804,0.04785409153404044
3781,68.06480648064807,0.04784574148492336
3782,68.08280828082809,0.04783603328821424
3783,68.1008100810081,0.04782515714299719
3784,68.11881188118812,0.04781327257396419
3785,68.13681368136814,0.047800483372537964
3786,68.15481548154816,0.04778682242681249
3787,68.17281728172817,0.0477722485447611
3788,68.19081908190819,0.04775665541463292
3789,68.2088208820882,0.04773989093306182
3790,68.22682268226824,0.04772178356686509
3791,68.24482448244825,0.047702171433142614
3792,68.26282628262827,0.04768092951593384
3793,68.28082808280828,0.047657990898782185
3794,68.2988298829883,0.04763335897713567
3795,68.31683168316832,0.047607109124158414
3796,68.33483348334833,0.047579379961321874
3797,68.35283528352835,0.047550355959856745
3798,68.37083708370837,0.04752024432921381
3799,68.3888388838884,0.04748924985960992
3800,68.40684068406841,0.0474575514944965
3801,68.42484248424843,0.04742528393227179
3802,68.44284428442845,0.04739252660327957
3803,68.46084608460846,0.047359301115667794
3804,68.47884788478848,0.04732557692594844
3805,68.4968496849685,0.04729128378095089
3806,68.51485148514851,0.04725632857662291
3807,68.53285328532853,0.04722061380406696
3808,68.55085508550856,0.04718405474663566
3809,68.56885688568858,0.047146593018641825
3810,68.58685868586859,0.047108204795006034
3811,68.60486048604861,0.047068903025821354
3812,68.62286228622862,0.04702873389672037
3813,68.64086408640864,0.04698776863194695
3814,68.65886588658866,0.04694609232366325
3815,68.67686768676867,0.0469037917409352
3816,68.69486948694869,0.04686094401540375
3817,68.71287128712872,0.0468176077620211
3818,68.73087308730874,0.046773817658074604
3819,68.74887488748875,0.04672958288023728
3820,68.76687668766877,0.04668488919794557
3821,68.78487848784879,0.04663970403508874
3822,68.8028802880288,0.046593983502402306
3823,68.82088208820882,0.046547680293063116
3824,68.83888388838884,0.046500751408489235
3825,68.85688568856885,0.04645316489443337
3826,68.87488748874888,0.04640490505511881
3827,68.8928892889289,0.04635597590818308
3828,68.91089108910892,0.04630640288883159
3829,68.92889288928893,0.04625623297212509
3830,68.94689468946895,0.04620553344807996
3831,68.96489648964896,0.04615438957056641
3832,68.98289828982898,0.04610290124195511
3833,69.000900090009,0.046051178833596176
3834,69.01890189018903,0.04599933821691856
3835,69.03690369036904,0.0459474951169196
3836,69.05490549054906,0.045895759004055604
3837,69.07290729072908,0.045844226894099636
3838,69.0909090909091,0.0457929775909158
3839,69.10891089108911,0.04574206703539556
3840,69.12691269126913,0.045691525465845734
3841,69.14491449144914,0.04564135701374961
3842,69.16291629162916,0.045591542139078414
3843,69.18091809180919,0.045542042964781565
3844,69.1989198919892,0.045492811143553157
3845,69.21692169216922,0.04544379744815861
3846,69.23492349234924,0.04539496189926947
3847,69.25292529252926,0.045346283010371066
3848,69.27092709270927,0.04529776469970481
3849,69.28892889288929,0.045249439625952674
3850,69.3069306930693,0.04520136813986204
3851,69.32493249324932,0.045153632659107684
3852,69.34293429342935,0.04510632798270877
3853,69.36093609360937,0.04505954875414904
3854,69.37893789378938,0.045013375841735245
3855,69.3969396939694,0.04496786372619989
3856,69.41494149414942,0.044923030996283114
3857,69.43294329432943,0.04487885572671882
3858,69.45094509450945,0.04483527687753604
3859,69.46894689468947,0.044792201989795805
3860,69.48694869486948,0.044749520484744426
3861,69.50495049504951,0.04470712094976029
3862,69.52295229522953,0.04466491006622725
3863,69.54095409540955,0.04462283042954702
3864,69.55895589558956,0.04458087451296378
3865,69.57695769576958,0.044539092456852655
3866,69.5949594959496,0.04449759217833987
3867,69.61296129612961,0.044456531383825264
3868,69.63096309630963,0.04441610227159818
3869,69.64896489648964,0.0443765108499789
3870,69.66696669666968,0.04433795368752781
3871,69.68496849684969,0.044300595406545226
3872,69.70297029702971,0.04426455023660316
3873,69.72097209720972,0.044229870441845655
3874,69.73897389738974,0.04419654348410566
3875,69.75697569756976,0.044164498515823464
3876,69.77497749774977,0.0441336213986597
3877,69.79297929792979,0.04410377612830409
3878,69.8109810981098,0.04407482951966892
3879,69.82898289828984,0.04404667543682473
3880,69.84698469846985,0.0440192548395625
3881,69.86498649864987,0.04399256848006502
3882,69.88298829882989,0.04396668014647706
3883,69.9009900990099,0.04394170976271293
3884,69.91899189918992,0.04391781720512114
3885,69.93699369936994,0.04389517914943946
3886,69.95499549954995,0.04387396238870238
3887,69.97299729972997,0.043854297682891466
3888,69.99099909991,0.04383625820779474
3889,70.00900090009002,0.04381984605055451
3890,70.02700270027003,0.043804989036710686
3891,70.04500450045005,0.0437915486379243
3892,70.06300630063006,0.04377933803162724
3893,70.08100810081008,0.04376814782009775
3894,70.0990099009901,0.04375777570977851
3895,70.11701170117011,0.04374805579310853
3896,70.13501350135013,0.04373888307357839
3897,70.15301530153016,0.04373022953861842
3898,70.17101710171018,0.04372214931980874
3899,70.1890189018902,0.04371477210190078
3900,70.20702070207021,0.04370828570553502
3901,70.22502250225023,0.04370291040352409
3902,70.24302430243024,0.04369886878492743
3903,70.26102610261026,0.04369635565974423
3904,70.27902790279028,0.04369551249254791
3905,70.2970297029703,0.04369641016367295
3906,70.31503150315032,0.04369904258545926
3907,70.33303330333034,0.04370333204289734
3908,70.35103510351036,0.043709145337546086
3909,70.36903690369037,0.043716318166563
3910,70.38703870387039,0.043724683918928677
3911,70.4050405040504,0.04373410241075997
3912,70.42304230423042,0.04374448411176869
3913,70.44104410441044,0.043755806129040335
3914,70.45904590459047,0.043768117499870654
3915,70.47704770477048,0.04378153300167177
3916,70.4950495049505,0.04379621645642759
3917,70.51305130513052,0.04381235611604396
3918,70.53105310531053,0.04383013591590348
3919,70.54905490549055,0.04384970699460039
3920,70.56705670567057,0.04387116380880672
3921,70.58505850585058,0.043894528440359376
3922,70.6030603060306,0.0439197454174558
3923,70.62106210621063,0.04394668775591708
3924,70.63906390639065,0.04397517322287978
3925,70.65706570657066,0.044004988297541514
3926,70.67506750675068,0.0440359161842334
3927,70.6930693069307,0.04406776468787407
3928,70.71107110711071,0.04410038986469133
3929,70.72907290729073,0.04413371208405755
3930,70.74707470747074,0.04416772235667771
3931,70.76507650765076,0.044202478301867944
3932,70.78307830783079,0.04423809070182427
3933,70.80108010801081,0.044274702979560106
3934,70.81908190819082,0.0443124669303832
3935,70.83708370837084,0.04435151849189044
3936,70.85508550855086,0.04439195719957937
3937,70.87308730873087,0.04443383228331401
3938,70.89108910891089,0.04447713723821058
3939,70.9090909090909,0.04452181333959607
3940,70.92709270927092,0.044567761184841403
3941,70.94509450945095,0.04461485815078975
3942,70.96309630963097,0.04466297883219922
3943,70.98109810981099,0.044712015187662
3944,70.999099909991,0.044761893298314266
3945,71.01710171017102,0.044812584292184064
3946,71.03510351035104,0.0448641079827102
3947,71.05310531053105,0.04491652894362206
3948,71.07110711071107,0.04496994590347758
3949,71.08910891089108,0.045024476311934854
3950,71.10711071107112,0.04508023856546069
3951,71.12511251125113,0.045137334601488194
3952,71.14311431143115,0.04519583536544685
3953,71.16111611161116,0.0452557710810603
3954,71.17911791179118,0.04531712742254118
3955,71.1971197119712,0.0453798477436792
3956,71.21512151215121,0.045443840617919375
3957,71.23312331233123,0.045508991222957346
3958,71.25112511251125,0.04557517466249972
3959,71.26912691269128,0.04564226920397773
3960,71.2871287128713,0.04571016761524476
3961,71.30513051305131,0.04577878524584558
3962,71.32313231323133,0.04584806412243256
3963,71.34113411341134,0.04591797299825825
3964,71.35913591359136,0.0459885039010482
3965,71.37713771377138,0.04605966617121963
3966,71.39513951395139,0.04613147921789245
3967,71.41314131413141,0.046203965229887886
3968,71.43114311431144,0.04627714288968878
3969,71.44914491449146,0.04635102280886984
3970,71.46714671467147,0.04642560501052772
3971,71.48514851485149,0.04650087840677873
3972,71.5031503150315,0.04657682192348553
3973,71.52115211521152,0.04665340675177699
3974,71.53915391539154,0.04673059916827245
3975,71.55715571557155,0.046808363445398585
3976,71.57515751575157,0.046886664529059506
3977,71.5931593159316,0.04696547034050397
3978,71.61116111611162,0.04704475371049107
3979,71.62916291629163,0.047124494037494795
3980,71.64716471647165,0.04720467875958411
3981,71.66516651665167,0.047285304648566374
3982,71.68316831683168,0.047366378804435186
3983,71.7011701170117,0.047447919093025814
3984,71.71917191719172,0.047529953679426126
3985,71.73717371737175,0.04761251930583816
3986,71.75517551755176,0.04769565806843808
3987,71.77317731773178,0.047779412660974074
3988,71.7911791179118,0.047863820343661524
3989,71.80918091809181,0.047948906211595456
3990,71.82718271827183,0.04803467661106008
3991,71.84518451845184,0.04812111371805802
3992,71.86318631863186,0.04820817229817394
3993,71.88118811881188,0.048295779483945964
3994,71.89918991899191,0.048383838042891376
3995,71.91719171917192,0.04847223311013715
3996,71.93519351935194,0.04856084179900507
3997,71.95319531953196,0.048649544575201785
3998,71.97119711971197,0.048738236882916695
3999,71.98919891989199,0.04882683932710392
4000,72.007200720072,0.0489153047973566
4001,72.02520252025202,0.04900362127425207
4002,72.04320432043204,0.04909180965045374
4003,72.06120612061207,0.04917991664394293
4004,72.07920792079209,0.049268003665008504
4005,72.0972097209721,0.04935613319326611
4006,72.11521152115212,0.049444354704564424
4007,72.13321332133214,0.04953269236736277
4008,72.15121512151215,0.04962113655720611
4009,72.16921692169217,0.04970964072589624
4010,72.18721872187218,0.04979812437574473
4011,72.2052205220522,0.04988648194454884
4012,72.22322232223223,0.049974596450611114
4013,72.24122412241225,0.05006235593430067
4014,72.25922592259226,0.050149670200934394
4015,72.27722772277228,0.05023648521595785
4016,72.2952295229523,0.0503227927660309
4017,72.31323132313231,0.050408633650905525
4018,72.33123312331233,0.0504940936191388
4019,72.34923492349235,0.0505792923634294
4020,72.36723672367236,0.050664366977564615
4021,72.3852385238524,0.050749452173808135
4022,72.40324032403241,0.050834660120505554
4023,72.42124212421243,0.0509200628886736
4024,72.43924392439244,0.0510056801642181
4025,72.45724572457246,0.051091474132784274
4026,72.47524752475248,0.05117735238759426
4027,72.49324932493249,0.05126317850763811
4028,72.51125112511251,0.05134878879007085
4029,72.52925292529252,0.05143401267831373
4030,72.54725472547256,0.0515186938547707
4031,72.56525652565257,0.05160270885601405
4032,72.58325832583259,0.05168598043878165
4033,72.6012601260126,0.051768483722000616
4034,72.61926192619262,0.05185024423130941
4035,72.63726372637264,0.05193132820859146
4036,72.65526552655265,0.052011826729102414
4037,72.67326732673267,0.05209183611102891
4038,72.69126912691269,0.05217143766212085
4039,72.70927092709272,0.052250679900554854
4040,72.72727272727273,0.0523295660001117
4041,72.74527452745275,0.052408048404956144
4042,72.76327632763277,0.05248603146247991
4043,72.78127812781278,0.052563381703383386
4044,72.7992799279928,0.05263994424311374
4045,72.81728172817282,0.05271556286281145
4046,72.83528352835283,0.05279010078722746
4047,72.85328532853285,0.05286345908887299
4048,72.87128712871288,0.052935590019260986
4049,72.8892889288929,0.053006503336920224
4050,72.90729072907291,0.05307626474646462
4051,72.92529252925293,0.053144986722524955
4052,72.94329432943294,0.05321281309200087
4053,72.96129612961296,0.053279899625825786
4054,72.97929792979298,0.0533463934221654
4055,72.997299729973,0.053412413976512495
4056,73.01530153015301,0.05347803852420662
4057,73.03330333033304,0.05354329356425159
4058,73.05130513051306,0.053608153539309394
4059,73.06930693069307,0.053672546599391795
4060,73.08730873087309,0.05373636637214053
4061,73.1053105310531,0.053799487845202026
4062,73.12331233123312,0.053861784948129626
4063,73.14131413141314,0.053923147266847965
4064,73.15931593159316,0.053983493541941284
4065,73.17731773177319,0.05404278014756329
4066,73.1953195319532,0.05410100352982494
4067,73.21332133213322,0.054158196481048984
4068,73.23132313231324,0.05421441900699868
4069,73.24932493249325,0.05426974528397572
4070,73.26732673267327,0.05432424870321054
4071,73.28532853285328,0.05437798720126795
4072,73.3033303330333,0.054430990962314574
4073,73.32133213321332,0.05448325418078986
4074,73.33933393339335,0.05453473195907181
4075,73.35733573357336,0.054585342678422084
4076,73.37533753375338,0.05463497542898693
4077,73.3933393339334,0.05468350141854067
4078,73.41134113411341,0.054730787785456377
4079,73.42934293429343,0.05477671197653509
4080,73.44734473447345,0.054821174838639894
4081,73.46534653465346,0.05486411080342371
4082,73.48334833483348,0.054905493974626435
4083,73.50135013501351,0.05494533949170259
4084,73.51935193519353,0.05498370016269772
4085,73.53735373537354,0.05502065895172081
4086,73.55535553555356,0.05505631839850403
4087,73.57335733573358,0.05509078838266947
4088,73.59135913591359,0.055124173789433364
4089,73.60936093609361,0.055156563577904376
4090,73.62736273627362,0.05518802251418112
4091,73.64536453645364,0.05521858644669976
4092,73.66336633663367,0.055248261524059025
4093,73.68136813681369,0.055277027247707035
4094,73.6993699369937,0.055304842776175346
4095,73.71737173717372,0.0553316555104266
4096,73.73537353735374,0.05535741073520539
4097,73.75337533753375,0.0553820609958403
4098,73.77137713771377,0.05540557396100878
4099,73.78937893789379,0.05542793774695178
4100,73.8073807380738,0.055449163026966924
4101,73.82538253825383,0.055469281677094785
4102,73.84338433843385,0.05548834216119255
4103,73.86138613861387,0.0555064022801526
4104,73.87938793879388,0.0555235202489108
4105,73.8973897389739,0.055539745279534015
4106,73.91539153915392,0.05555510891276749
4107,73.93339333933393,0.05556961824638746
4108,73.95139513951395,0.05558325196867642
4109,73.96939693969397,0.05559595974996503
4110,73.987398739874,0.055607665119872265
4111,74.00540054005401,0.055618271517189344
4112,74.02340234023403,0.055627670800039324
4113,74.04140414041404,0.05563575319749387
4114,74.05940594059406,0.055642417509684995
4115,74.07740774077408,0.05564758034357718
4116,74.0954095409541,0.05565118330741266
4117,74.11341134113411,0.055653197359138255
4118,74.13141314131413,0.05565362387532413
4119,74.14941494149416,0.055652492426750015
4120,74.16741674167417,0.05564985565851849
4121,74.18541854185419,0.05564578202175449
4122,74.2034203420342,0.05564034734570044
4123,74.22142214221422,0.05563362634404918
4124,74.23942394239424,0.055625685107898795
4125,74.25742574257426,0.05561657546045468
4126,74.27542754275427,0.05560633176458385
4127,74.29342934293429,0.05559497042621562
4128,74.31143114311432,0.05558249197402493
4129,74.32943294329434,0.05556888526820734
4130,74.34743474347435,0.05555413314018106
4131,74.36543654365437,0.05553821861959383
4132,74.38343834383438,0.05552113087735586
4133,74.4014401440144,0.0555028700988231
4134,74.41944194419442,0.05548345067985371
4135,74.43744374437443,0.05546290237942709
4136,74.45544554455446,0.05544126932951793
4137,74.47344734473448,0.05541860706014794
4138,74.4914491449145,0.055394977914610566
4139,74.50945094509451,0.055370445385852805
4140,74.52745274527453,0.0553450679899214
4141,74.54545454545455,0.055318893306925514
4142,74.56345634563456,0.05529195277339411
4143,74.58145814581458,0.0552642577166514
4144,74.5994599459946,0.05523579699792532
4145,74.61746174617463,0.055206536490873495
4146,74.63546354635464,0.055176420476824015
4147,74.65346534653466,0.05514537489411298
4148,74.67146714671468,0.05511331223980471
4149,74.68946894689469,0.05508013779014233
4150,74.70747074707471,0.05504575668456422
4151,74.72547254725472,0.05501008131375438
4152,74.74347434743474,0.054973038375664286
4153,74.76147614761476,0.05493457492920897
4154,74.77947794779479,0.0548946627989931
4155,74.7974797479748,0.05485330077931654
4156,74.81548154815482,0.054810514258418194
4157,74.83348334833484,0.05476635213027964
4158,74.85148514851485,0.0547208811639058
4159,74.86948694869487,0.05467417832748757
4160,74.88748874887489,0.054626321874767264
4161,74.9054905490549,0.054577382244611436
4162,74.92349234923492,0.05452741395514992
4163,74.94149414941495,0.05447644965376354
4164,74.95949594959497,0.054424497294955854
4165,74.97749774977498,0.05437154106538623
4166,74.995499549955,0.05431754619196612
4167,75.01350135013502,0.05426246721322318
4168,75.03150315031503,0.054206258743380725
4169,75.04950495049505,0.05414888729850918
4170,75.06750675067507,0.05409034246551296
4171,75.08550855085508,0.05403064563978137
4172,75.10351035103511,0.05396985476715061
4173,75.12151215121513,0.05390806399242465
4174,75.13951395139514,0.05384539779038484
4175,75.15751575157516,0.05378199994906464
4176,75.17551755175518,0.05371801857566022
4177,75.1935193519352,0.05365358897917223
4178,75.21152115211521,0.05358881673603976
4179,75.22952295229523,0.05352376337898032
4180,75.24752475247524,0.05345843692253183
4181,75.26552655265527,0.05339278886271913
4182,75.28352835283529,0.05332671843008254
4183,75.3015301530153,0.053260083850495216
4184,75.31953195319532,0.053192719325447925
4185,75.33753375337534,0.053124455542524776
4186,75.35553555355536,0.05305514091373926
4187,75.37353735373537,0.052984660522799265
4188,75.39153915391539,0.05291294999392731
4189,75.4095409540954,0.052840002158610594
4190,75.42754275427544,0.05276586540822325
4191,75.44554455445545,0.052690633837606235
4192,75.46354635463547,0.05261443052710032
4193,75.48154815481548,0.05253738638719056
4194,75.4995499549955,0.05245961772860139
4195,75.51755175517552,0.05238120599603513
4196,75.53555355535553,0.05230218285875184
4197,75.55355535553555,0.052222523108291716
4198,75.57155715571557,0.05214214667389605
4199,75.5895589558956,0.052060929695484794
4200,75.60756075607561,0.05197872319892672
4201,75.62556255625563,0.05189537671432805
4202,75.64356435643565,0.05181076335612076
4203,75.66156615661566,0.051724802579328925
4204,75.67956795679568,0.05163747709714421
4205,75.6975697569757,0.05154884125972046
4206,75.71557155715571,0.05145901943633094
4207,75.73357335733573,0.05136819442747852
4208,75.75157515751576,0.05127658743428003
4209,75.76957695769578,0.05118443239790411
4210,75.78757875787579,0.05109194839116493
4211,75.80558055805581,0.050999314059355295
4212,75.82358235823583,0.0509066478150853
4213,75.84158415841584,0.05081399663364806
4214,75.85958595859586,0.05072133500118161
4215,75.87758775877587,0.050628574036472744
4216,75.8955895589559,0.05053557927516555
4217,75.91359135913592,0.050442194309697146
4218,75.93159315931594,0.05034826661995362
4219,75.94959495949595,0.05025367164044634
4220,75.96759675967597,0.05015833143227935
4221,75.98559855985599,0.050062225208846706
4222,76.003600360036,0.04996539026199505
4223,76.02160216021602,0.049867913344489694
4224,76.03960396039604,0.04976991404711531
4225,76.05760576057607,0.049671522932818325
4226,76.07560756075608,0.04957285796679167
4227,76.0936093609361,0.049474002993873285
4228,76.11161116111612,0.049374991637074074
4229,76.12961296129613,0.04927579909136256
4230,76.14761476147615,0.049176343014870304
4231,76.16561656165617,0.04907649328238811
4232,76.18361836183618,0.04897608899352449
4233,76.2016201620162,0.04887496003618676
4234,76.21962196219623,0.048772949862537156
4235,76.23762376237624,0.04866993603172955
4236,76.25562556255626,0.04856584551552053
4237,76.27362736273628,0.048460662665503196
4238,76.2916291629163,0.04835442894803571
4239,76.30963096309631,0.048247234863071295
4240,76.32763276327633,0.04813920566236767
4241,76.34563456345634,0.04803048338064984
4242,76.36363636363636,0.04792120815410289
4243,76.38163816381639,0.04781150176317074
4244,76.3996399639964,0.0477014558239041
4245,76.41764176417642,0.047591126164689274
4246,76.43564356435644,0.047480533823155355
4247,76.45364536453646,0.04736967197246069
4248,76.47164716471647,0.04725851712645817
4249,76.48964896489649,0.04714704233520617
4250,76.5076507650765,0.047035229862644926
4251,76.52565256525652,0.046923081059537776
4252,76.54365436543655,0.04681062175340344
4253,76.56165616561657,0.04669790235427912
4254,76.57965796579659,0.04658499285885536
4255,76.5976597659766,0.04647197384961066
4256,76.61566156615662,0.04635892527072696
4257,76.63366336633663,0.04624591510373152
4258,76.65166516651665,0.04613299001155515
4259,76.66966696669667,0.04602016959011405
4260,76.68766876687668,0.04590744514850587
4261,76.70567056705671,0.045794783069603606
4262,76.72367236723673,0.045682131944525
4263,76.74167416741675,0.04556943198521322
4264,76.75967596759676,0.04545662482458743
4265,76.77767776777678,0.04534366178386547
4266,76.7956795679568,0.04523050902472045
4267,76.81368136813681,0.04511714864516431
4268,76.83168316831683,0.04500357560176469
4269,76.84968496849685,0.04488979119215347
4270,76.86768676867688,0.044775794549956775
4271,76.88568856885689,0.04466157405151601
4272,76.90369036903691,0.04454710062082284
4273,76.92169216921693,0.04443232462189134
4274,76.93969396939694,0.044317177392671346
4275,76.95769576957696,0.04420157761107331
4276,76.97569756975697,0.04408544174555716
4277,76.99369936993699,0.04396869700144554
4278,77.01170117011701,0.043851294587985666
4279,77.02970297029704,0.04373322091701303
4280,77.04770477047705,0.04361450455509602
4281,77.06570657065707,0.043495217366092874
4282,77.08370837083709,0.04337546920631505
4283,77.1017101710171,0.04325539661816942
4284,77.11971197119712,0.04313514702569953
4285,77.13771377137714,0.043014860780779186
4286,77.15571557155715,0.042894653886719335
4287,77.17371737173717,0.0427746042402058
4288,77.1917191719172,0.04265474376313643
4289,77.20972097209722,0.04253505790569885
4290,77.22772277227723,0.04241549282736625
4291,77.24572457245725,0.042295969292272764
4292,77.26372637263727,0.042176401160383
4293,77.28172817281728,0.042056715513416824
4294,77.2997299729973,0.04193687107527814
4295,77.31773177317731,0.04181687174816839
4296,77.33573357335734,0.041696772777167615
4297,77.35373537353736,0.041576678179220714
4298,77.37173717371738,0.04145672945479619
4299,77.3897389738974,0.04133708702274633
4300,77.40774077407741,0.041217907050212825
4301,77.42574257425743,0.041099317184885416
4302,77.44374437443744,0.040981394991713896
4303,77.46174617461746,0.040864152590251376
4304,77.47974797479748,0.04074753011818213
4305,77.4977497749775,0.040631399338947057
4306,77.51575157515752,0.0405155771669699
4307,77.53375337533754,0.04039984734411109
4308,77.55175517551756,0.040283987209915134
4309,77.56975697569757,0.040167795673770455
4310,77.58775877587759,0.040051118257103585
4311,77.6057605760576,0.03993386547310745
4312,77.62376237623762,0.03981602179437577
4313,77.64176417641764,0.03969764387655725
4314,77.65976597659767,0.039578848340319245
4315,77.67776777677769,0.039459791010642266
4316,77.6957695769577,0.03934064082238272
4317,77.71377137713772,0.03922155241881179
4318,77.73177317731773,0.039102641666755436
4319,77.74977497749775,0.03898396785628133
4320,77.76777677767777,0.03886552531505864
4321,77.78577857785778,0.038747245708883896
4322,77.8037803780378,0.03862901064737549
4323,77.82178217821783,0.038510672624034334
4324,77.83978397839785,0.03839208103881256
4325,77.85778577857786,0.03827310927579827
4326,77.87578757875788,0.038153678655891234
4327,77.8937893789379,0.038033775573999666
4328,77.91179117911791,0.03791345918220862
4329,77.92979297929793,0.03779285842783711
4330,77.94779477947795,0.037672158871928485
4331,77.96579657965796,0.03755158124936921
4332,77.98379837983799,0.03743135495181145
4333,78.00180018001801,0.03731169033606736
4334,78.01980198019803,0.037192753880385475
4335,78.03780378037804,0.037074649720280003
4336,78.05580558055806,0.036957410079985285
4337,78.07380738073807,0.03684099574029019
4338,78.09180918091809,0.036725306165965206
4339,78.10981098109811,0.036610197491347904
4340,78.12781278127812,0.03649550544666543
4341,78.14581458145815,0.03638106966362088
4342,78.16381638163817,0.03626675571320176
4343,78.18181818181819,0.03615247169966172
4344,78.1998199819982,0.036038177174262144
4345,78.21782178217822,0.035923883382514364
4346,78.23582358235824,0.035809645217589996
4347,78.25382538253825,0.03569554650745622
4348,78.27182718271827,0.035581681223964365
4349,78.28982898289829,0.035468133729967766
4350,78.30783078307832,0.03535496120888145
4351,78.32583258325833,0.03524218096317557
4352,78.34383438343835,0.0351297644129706
4353,78.36183618361837,0.035017638520891105
4354,78.37983798379838,0.03490569419627411
4355,78.3978397839784,0.03479380017621853
4356,78.41584158415841,0.034681820102879415
4357,78.43384338433843,0.034569630125952315
4358,78.45184518451845,0.034457134400988944
4359,78.46984698469848,0.03434427630240624
4360,78.4878487848785,0.03423104393561212
4361,78.50585058505851,0.03411746947985223
4362,78.52385238523853,0.03400362286321034
4363,78.54185418541854,0.033889601108216934
4364,78.55985598559856,0.03377551526363289
4365,78.57785778577858,0.03366147707587997
4366,78.59585958595859,0.0335475874317388
4367,78.61386138613862,0.03343392816141992
4368,78.63186318631864,0.033320558117806334
4369,78.64986498649866,0.033207513667235095
4370,78.66786678667867,0.03309481297533418
4371,78.68586858685869,0.0329824628726992
4372,78.7038703870387,0.03287046673275592
4373,78.72187218721872,0.0327588317352686
4374,78.73987398739874,0.032647574118908444
4375,78.75787578757875,0.03253672149107635
4376,78.77587758775879,0.03242631187054043
4377,78.7938793879388,0.03231638977501418
4378,78.81188118811882,0.032207000217277154
4379,78.82988298829883,0.03209818184440139
4380,78.84788478847885,0.03198996058446168
4381,78.86588658865887,0.031882345037642944
4382,78.88388838883888,0.03177532449384781
4383,78.9018901890189,0.031668869946579234
4384,78.91989198919892,0.03156293789958753
4385,78.93789378937895,0.03145747623446326
4386,78.95589558955896,0.0313524310204332
4387,78.97389738973898,0.031247752972218407
4388,78.991899189919,0.03114340232953064
4389,79.00990099009901,0.031039351230568873
4390,79.02790279027903,0.030935583128136917
4391,79.04590459045905,0.030832089365307805
4392,79.06390639063906,0.030728863585460658
4393,79.08190819081908,0.030625895097557063
4394,79.09990999099911,0.030523162568876654
4395,79.11791179117913,0.030420629424513887
4396,79.13591359135914,0.030318242088242887
4397,79.15391539153916,0.030215931739248223
4398,79.17191719171917,0.030113619658162796
4399,79.18991899189919,0.030011225594254426
4400,79.20792079207921,0.02990867801301653
4401,79.22592259225922,0.029805924680211433
4402,79.24392439243924,0.029702941878695675
4403,79.26192619261927,0.029599740673114695
4404,79.27992799279929,0.029496369024195047
4405,79.2979297929793,0.029392909153641344
4406,79.31593159315932,0.02928947028106686
4407,79.33393339333934,0.029186177582436367
4408,79.35193519351935,0.029083158837917764
4409,79.36993699369937,0.02898053064363371
4410,79.38793879387939,0.028878386186214213
4411,79.4059405940594,0.028776786394577102
4412,79.42394239423943,0.02867575581179217
4413,79.44194419441945,0.028575283838850038
4414,79.45994599459947,0.028475331194991016
4415,79.47794779477948,0.02837584063921891
4416,79.4959495949595,0.028276750328849274
4417,79.51395139513951,0.02817800775899431
4418,79.53195319531953,0.02807958210215152
4419,79.54995499549955,0.027981472973502317
4420,79.56795679567956,0.02788371415847211
4421,79.5859585958596,0.02778637158096437
4422,79.60396039603961,0.027689535653849875
4423,79.62196219621963,0.027593309008618148
4424,79.63996399639964,0.02749779131950297
4425,79.65796579657966,0.027403063409410018
4426,79.67596759675968,0.027309172977501312
4427,79.69396939693969,0.027216124095714802
4428,79.71197119711971,0.027123872109717423
4429,79.72997299729973,0.027032324822465786
4430,79.74797479747976,0.0269413499460936
4431,79.76597659765977,0.026850787910976618
4432,79.78397839783979,0.026760468351101376
4433,79.8019801980198,0.026670228055077665
4434,79.81998199819982,0.02657992795969524
4435,79.83798379837984,0.02648946689846348
4436,79.85598559855985,0.026398790280677296
4437,79.87398739873987,0.02630789259893308
4438,79.89198919891989,0.02621681353894738
4439,79.90999099909992,0.02612562836752685
4440,79.92799279927993,0.026034434072243817
4441,79.94599459945995,0.02594333330567802
4442,79.96399639963997,0.02585241846659478
4443,79.98199819981998,0.025761758193033554
4444,80.0,0.025671388160047603
4445,80.01800180018002,0.02558130742667258
4446,80.03600360036003,0.02549148075916595
4447,80.05400540054006,0.02540184649036149
4448,80.07200720072008,0.02531232868325276
4449,80.0900090009001,0.025222851762994894
4450,80.10801080108011,0.025133355448942112
4451,80.12601260126013,0.025043807800184885
4452,80.14401440144015,0.02495421448152094
4453,80.16201620162016,0.024864622914384942
4454,80.18001800180018,0.024775120714573717
4455,80.1980198019802,0.024685828627205853
4456,80.21602160216023,0.024596888932948664
4457,80.23402340234024,0.024508450910862033
4458,80.25202520252026,0.02442065531925173
4459,80.27002700270027,0.02433361994930771
4460,80.28802880288029,0.024247428111154434
4461,80.30603060306031,0.024162121463704223
4462,80.32403240324032,0.024077697968870927
4463,80.34203420342034,0.023994115031722444
4464,80.36003600360036,0.023911297185141032
4465,80.37803780378039,0.02382914708905314
4466,80.3960396039604,0.023747558219220533
4467,80.41404140414042,0.02366642746756582
4468,80.43204320432044,0.02358566597737846
4469,80.45004500450045,0.023505206868025305
4470,80.46804680468047,0.023425009008534756
4471,80.48604860486049,0.02334505659859642
4472,80.5040504050405,0.023265354919756755
4473,80.52205220522052,0.023185923142574828
4474,80.54005400540055,0.023106785446365484
4475,80.55805580558057,0.02302796188112203
4476,80.57605760576058,0.02294946036122548
4477,80.5940594059406,0.02287127094406579
4478,80.61206120612061,0.022793363157905044
4479,80.63006300630063,0.02271568666630705
4480,80.64806480648065,0.02263817506488797
4481,80.66606660666066,0.022560752171873883
4482,80.68406840684068,0.022483339856513265
4483,80.70207020702071,0.022405866287775657
4484,80.72007200720073,0.022328273493727634
4485,80.73807380738074,0.022250523287299404
4486,80.75607560756076,0.022172600902044412
4487,80.77407740774078,0.02209451604102032
4488,80.79207920792079,0.022016301414821603
4489,80.81008100810081,0.021938009174743
4490,80.82808280828083,0.02185970588829224
4491,80.84608460846084,0.021781466827968735
4492,80.86408640864087,0.021703370341971197
4493,80.88208820882089,0.021625492959238074
4494,80.9000900090009,0.02154790568006382
4495,80.91809180918092,0.021470671657846177
4496,80.93609360936094,0.02139384523166258
4497,80.95409540954095,0.02131747206407195
4498,80.97209720972097,0.021241590004317797
4499,80.99009900990099,0.021166230249801708
4500,81.008100810081,0.02109141841763665
4501,81.02610261026103,0.021017175247238604
4502,81.04410441044105,0.02094351680659168
4503,81.06210621062107,0.02087045423529891
4504,81.08010801080108,0.020797993193471708
4505,81.0981098109811,0.02072613327010817
4506,81.11611161116112,0.020654867622345786
4507,81.13411341134113,0.020584183066230794
4508,81.15211521152115,0.02051406073266436
4509,81.17011701170117,0.0204444772625747
4510,81.1881188118812,0.0203754063734418
4511,81.20612061206121,0.020306820516276854
4512,81.22412241224123,0.020238692284144252
4513,81.24212421242125,0.020170995246168753
4514,81.26012601260126,0.020103703967078435
4515,81.27812781278128,0.020036793119688177
4516,81.2961296129613,0.01997023578172717
4517,81.31413141314131,0.01990400119590858
4518,81.33213321332133,0.019838052427223384
4519,81.35013501350136,0.019772344441843757
4520,81.36813681368137,0.01970682313512851
4521,81.38613861386139,0.01964142574361687
4522,81.40414041404141,0.019576082895498854
4523,81.42214221422142,0.01951072230970069
4524,81.44014401440144,0.01944527388176211
4525,81.45814581458146,0.01937967563854758
4526,81.47614761476147,0.019313879846987545
4527,81.4941494149415,0.019247858460845375
4528,81.51215121512152,0.01918160710679445
4529,81.53015301530154,0.019115146951923238
4530,81.54815481548155,0.0190485240447544
4531,81.56615661566157,0.018981806048637966
4532,81.58415841584159,0.018915076644069388
4533,81.6021602160216,0.0188484282123982
4534,81.62016201620162,0.018781953675982004
4535,81.63816381638163,0.018715738516811693
4536,81.65616561656167,0.01864985400069563
4537,81.67416741674168,0.018584352491572552
4538,81.6921692169217,0.018519265466675594
4539,81.71017101710171,0.01845460447450858
4540,81.72817281728173,0.01839036486534078
4541,81.74617461746175,0.01832653172727802
4542,81.76417641764176,0.018263087137972672
4543,81.78217821782178,0.018200017641022814
4544,81.8001800180018,0.018137320808367545
4545,81.81818181818183,0.018075009864895766
4546,81.83618361836184,0.018013115614913935
4547,81.85418541854186,0.017951685286203906
4548,81.87218721872188,0.01789077834370511
4549,81.89018901890189,0.017830459759811214
4550,81.90819081908191,0.01777079160016707
4551,81.92619261926193,0.017711824039666216
4552,81.94419441944194,0.01765358702649515
4553,81.96219621962196,0.017596083747501254
4554,81.98019801980199,0.017539286824580183
4555,81.998199819982,0.01748313782017124
4556,82.01620162016202,0.017427550199081016
4557,82.03420342034204,0.01737241544321197
4558,82.05220522052205,0.017317611607028646
4559,82.07020702070207,0.01726301328996403
4560,82.08820882088209,0.017208501828570186
4561,82.1062106210621,0.01715397449757066
4562,82.12421242124212,0.01709935165442967
4563,82.14221422142215,0.017044581044304466
4564,82.16021602160217,0.01698963886095981
4565,82.17821782178218,0.016934527581956866
4566,82.1962196219622,0.016879271006194088
4567,82.21422142214222,0.016823907264959834
4568,82.23222322232223,0.0167684808108091
4569,82.25022502250225,0.016713034484489703
4570,82.26822682268227,0.016657602710506852
4571,82.28622862286228,0.01660220668786229
4572,82.30423042304231,0.01654685215230052
4573,82.32223222322233,0.016491529931069778
4574,82.34023402340235,0.016436219138567482
4575,82.35823582358236,0.016380892519406304
4576,82.37623762376238,0.016325523176584058
4577,82.3942394239424,0.016270091757697787
4578,82.41224122412241,0.01621459312824897
4579,82.43024302430243,0.016159041638973477
4580,82.44824482448244,0.016103474279734634
4581,82.46624662466247,0.016047951279292955
4582,82.48424842484249,0.015992554023129987
4583,82.50225022502251,0.015937380481561646
4584,82.52025202520252,0.01588253862971459
4585,82.53825382538254,0.015828138567019732
4586,82.55625562556256,0.015774284182947015
4587,82.57425742574257,0.01572106525497043
4588,82.59225922592259,0.015668550803166217
4589,82.6102610261026,0.01561678437356777
4590,82.62826282628264,0.015565781699099243
4591,82.64626462646265,0.015515530919192224
4592,82.66426642664267,0.015465995257515443
4593,82.68226822682269,0.015417117792636359
4594,82.7002700270027,0.015368827737270876
4595,82.71827182718272,0.015321047491091644
4596,82.73627362736273,0.01527369966526753
4597,82.75427542754275,0.015226713300434484
4598,82.77227722772277,0.015180028610478452
4599,82.7902790279028,0.01513359976989287
4600,82.80828082808281,0.015087395501994996
4601,82.82628262826283,0.015041397492275305
4602,82.84428442844285,0.014995596915493707
4603,82.86228622862286,0.014949989596377104
4604,82.88028802880288,0.014904570494489578
4605,82.8982898289829,0.014859328292812944
4606,82.91629162916291,0.014814240864456787
4607,82.93429342934294,0.014769272291155969
4608,82.95229522952296,0.014724371920672826
4609,82.97029702970298,0.014679475698625608
4610,82.98829882988299,0.014634509723100608
4611,83.00630063006301,0.014589395682734256
4612,83.02430243024303,0.014544057587152088
4613,83.04230423042304,0.014498429015854235
4614,83.06030603060306,0.014452460023189248
4615,83.07830783078307,0.014406122856869456
4616,83.0963096309631,0.014359415775652926
4617,83.11431143114312,0.014312364474062835
4618,83.13231323132314,0.014265020911051456
4619,83.15031503150315,0.01421745965832458
4620,83.16831683168317,0.0141697721906479
4621,83.18631863186319,0.014122059793627594
4622,83.2043204320432,0.014074425929491858
4623,83.22232223222322,0.014026968955205823
4624,83.24032403240324,0.01397977602191791
4625,83.25832583258327,0.013932918808969895
4626,83.27632763276328,0.013886451483919142
4627,83.2943294329433,0.013840410969058786
4628,83.31233123312332,0.013794819278856884
4629,83.33033303330333,0.013749687416502836
4630,83.34833483348335,0.013705020120531671
4631,83.36633663366337,0.013660820661853697
4632,83.38433843384338,0.013617094919196613
4633,83.4023402340234,0.013573854101094462
4634,83.42034203420343,0.013531115712475863
4635,83.43834383438345,0.013488902647628047
4636,83.45634563456346,0.013447240585072054
4637,83.47434743474348,0.01340615411889977
4638,83.4923492349235,0.013365662246575507
4639,83.51035103510351,0.013325773918287785
4640,83.52835283528353,0.013286484326977774
4641,83.54635463546354,0.013247772488238468
4642,83.56435643564356,0.013209600448834916
4643,83.58235823582359,0.013171914207592346
4644,83.60036003600361,0.013134646175273136
4645,83.61836183618362,0.01309771878267614
4646,83.63636363636364,0.013061048702928603
4647,83.65436543654366,0.013024551105989591
4648,83.67236723672367,0.012988143415311505
4649,83.69036903690369,0.012951748175694314
4650,83.7083708370837,0.012915294839954244
4651,83.72637263726372,0.012878720502375431
4652,83.74437443744375,0.012841969807890458
4653,83.76237623762377,0.012804994410316798
4654,83.78037803780379,0.012767752414098558
4655,83.7983798379838,0.01273020820068865
4656,83.81638163816382,0.012692332919432852
4657,83.83438343834383,0.012654105736825393
4658,83.85238523852385,0.01261551572336872
4659,83.87038703870387,0.01257656405653673
4660,83.88838883888388,0.012537266072893889
4661,83.90639063906391,0.012497652644742209
4662,83.92439243924393,0.01245777040404114
4663,83.94239423942395,0.012417680486949037
4664,83.96039603960396,0.012377455704787856
4665,83.97839783978398,0.01233717632344657
4666,83.996399639964,0.012296924904565167
4667,84.01440144014401,0.012256780877267826
4668,84.03240324032403,0.012216815624458349
4669,84.05040504050405,0.012177088853494547
4670,84.06840684068408,0.01213764686933106
4671,84.0864086408641,0.0120985230946947
4672,84.10441044104411,0.012059740824851197
4673,84.12241224122413,0.012021317819586786
4674,84.14041404140414,0.01198327198643323
4675,84.15841584158416,0.011945627159373202
4676,84.17641764176417,0.011908417876149357
4677,84.19441944194419,0.011871692132948279
4678,84.21242124212422,0.01183551134788777
4679,84.23042304230424,0.011799947165146962
4680,84.24842484248425,0.01176507522415204
4681,84.26642664266427,0.011730966528726985
4682,84.28442844284429,0.011697677497897383
4683,84.3024302430243,0.011665240086908281
4684,84.32043204320432,0.011633653476096765
4685,84.33843384338434,0.011602878707127747
4686,84.35643564356435,0.011572837306122186
4687,84.37443744374438,0.011543414412255223
4688,84.3924392439244,0.011514466300070142
4689,84.41044104410442,0.011485831536318884
4690,84.42844284428443,0.011457344446832158
4691,84.44644464446445,0.011428849176561473
4692,84.46444644464447,0.011400212474226939
4693,84.48244824482448,0.011371333455042073
4694,84.5004500450045,0.011342148982726424
4695,84.51845184518452,0.011312633916064518
4696,84.53645364536455,0.011282796201145116
4697,84.55445544554456,0.011252667550530612
4698,84.57245724572458,0.011222291120249304
4699,84.5904590459046,0.011191708070384663
4700,84.60846084608461,0.011160945097733377
4701,84.62646264626463,0.011130004921664792
4702,84.64446444644464,0.011098861295494178
4703,84.66246624662466,0.0110674594602064
4704,84.68046804680468,0.011035722148926346
4705,84.69846984698471,0.011003560408181874
4706,84.71647164716472,0.010970887752354344
4707,84.73447344734474,0.010937635625690478
4708,84.75247524752476,0.010903767897255463
4709,84.77047704770477,0.010869292200511057
4710,84.78847884788479,0.010834266342859547
4711,84.8064806480648,0.010798798693769025
4712,84.82448244824482,0.010763042313696613
4713,84.84248424842484,0.01072718348377747
4714,84.86048604860487,0.010691426104069113
4715,84.87848784878489,0.010655974024513376
4716,84.8964896489649,0.01062101366736654
4717,84.91449144914492,0.010586699247577441
4718,84.93249324932493,0.010553142505766807
4719,84.95049504950495,0.010520408195899852
4720,84.96849684968497,0.010488515717977353
4721,84.98649864986498,0.010457446383838005
4722,85.004500450045,0.010427154987771541
4723,85.02250225022503,0.01039758374597772
4724,85.04050405040505,0.010368676360613541
4725,85.05850585058506,0.010340389999715162
4726,85.07650765076508,0.010312703355237133
4727,85.0945094509451,0.010285619587947535
4728,85.11251125112511,0.010259163788139264
4729,85.13051305130513,0.010233375447218087
4730,85.14851485148515,0.010208297213358674
4731,85.16651665166516,0.010183961775503129
4732,85.1845184518452,0.010160378998180973
4733,85.20252025202521,0.010137525375491367
4734,85.22052205220523,0.010115337498805102
4735,85.23852385238524,0.010093710601767968
4736,85.25652565256526,0.0100725024599647
4737,85.27452745274528,0.010051542106192444
4738,85.29252925292529,0.010030642103923132
4739,85.31053105310531,0.010009612612321682
4740,85.32853285328532,0.009988275252694143
4741,85.34653465346535,0.009966474878707558
4742,85.36453645364537,0.009944087740694269
4743,85.38253825382539,0.009921025150518471
4744,85.4005400540054,0.009897232494912686
4745,85.41854185418542,0.009872684190232366
4746,85.43654365436544,0.009847375799654775
4747,85.45454545454545,0.009821314944877393
4748,85.47254725472547,0.009794512774825466
4749,85.49054905490549,0.009766977586752096
4750,85.50855085508552,0.009738711762325242
4751,85.52655265526553,0.009709712558130936
4752,85.54455445544555,0.0096799765825036
4753,85.56255625562557,0.009649507117962544
4754,85.58055805580558,0.009618322923543232
4755,85.5985598559856,0.009586466861734732
4756,85.61656165616562,0.00955401268892561
4757,85.63456345634563,0.009521068627242241
4758,85.65256525652566,0.009487776852990846
4759,85.67056705670568,0.009454308706295145
4760,85.6885688568857,0.009420856136076013
4761,85.70657065706571,0.009387620525179748
4762,85.72457245724573,0.009354800485708234
4763,85.74257425742574,0.00932258039812833
4764,85.76057605760576,0.00929112135627487
4765,85.77857785778578,0.009260555789468312
4766,85.7965796579658,0.00923098642485247
4767,85.81458145814582,0.009202489526686002
4768,85.83258325832584,0.009175121624455275
4769,85.85058505850586,0.00914892833934555
4770,85.86858685868587,0.009123953541207548
4771,85.88658865886589,0.009100246982416533
4772,85.9045904590459,0.009077868780605517
4773,85.92259225922592,0.00905688962796189
4774,85.94059405940594,0.009037386312922903
4775,85.95859585958596,0.009019432938562052
4776,85.97659765976599,0.009003088981881777
4777,85.994599459946,0.008988385934696235
4778,86.01260126012602,0.008975314599078266
4779,86.03060306030603,0.008963815118499793
4780,86.04860486048605,0.008953771500881103
4781,86.06660666066607,0.008945011776018837
4782,86.08460846084608,0.008937314118397155
4783,86.1026102610261,0.00893041838129487
4784,86.12061206120612,0.008924041667202108
4785,86.13861386138615,0.008917895932706728
4786,86.15661566156616,0.008911705294482198
4787,86.17461746174618,0.008905220723182313
4788,86.1926192619262,0.008898230186027417
4789,86.21062106210621,0.008890562973570453
4790,86.22862286228623,0.008882087821038975
4791,86.24662466246625,0.008872705377075223
4792,86.26462646264626,0.008862336438174656
4793,86.28262826282628,0.008850908021808572
4794,86.30063006300631,0.008838339692712447
4795,86.31863186318633,0.008824532530267546
4796,86.33663366336634,0.00880936273169803
4797,86.35463546354636,0.008792681143660193
4798,86.37263726372638,0.00877431910904466
4799,86.39063906390639,0.008754100043334495
4800,86.40864086408641,0.00873185526311475
4801,86.42664266426642,0.008707441913741199
4802,86.44464446444644,0.008680760486386739
4803,86.46264626462647,0.00865176943086342
4804,86.48064806480649,0.008620494757298537
4805,86.4986498649865,0.00858703321833008
4806,86.51665166516652,0.008551548568438436
4807,86.53465346534654,0.008514261372155085
4808,86.55265526552655,0.008475433732258448
4809,86.57065706570657,0.008435350999308054
4810,86.58865886588659,0.008394302904303786
4811,86.6066606660666,0.008352566573946752
4812,86.62466246624663,0.008310393545227397
4813,86.64266426642665,0.008268002249479017
4814,86.66066606660667,0.00822557658720954
4815,86.67866786678668,0.008183270294504769
4816,86.6966696669667,0.008141215948814113
4817,86.71467146714672,0.008099536803054657
4818,86.73267326732673,0.008058359267082219
4819,86.75067506750675,0.00801782382395084
4820,86.76867686768676,0.00797809247200139
4821,86.7866786678668,0.007939351368882198
4822,86.80468046804681,0.00790180812473273
4823,86.82268226822683,0.00786568402750039
4824,86.84068406840684,0.007831202255335097
4825,86.85868586858686,0.007798573723772196
4826,86.87668766876688,0.007767982543899084
4827,86.8946894689469,0.007739573089532887
4828,86.91269126912691,0.007713440392426342
4829,86.93069306930693,0.007689625056499756
4830,86.94869486948696,0.0076681131937044456
4831,86.96669666966697,0.0076488411460277255
4832,86.98469846984699,0.0076317040852713425
4833,87.002700270027,0.007616567075696928
4834,87.02070207020702,0.0076032769163687204
4835,87.03870387038704,0.00759167308237619
4836,87.05670567056706,0.007581596345903606
4837,87.07470747074707,0.007572894127724239
4838,87.0927092709271,0.007565422224440311
4839,87.11071107110712,0.007559043176977673
4840,87.12871287128714,0.007553622091171576
4841,87.14671467146715,0.0075490211068419116
4842,87.16471647164717,0.0075450938812587015
4843,87.18271827182718,0.007541681386823115
4844,87.2007200720072,0.007538610040529148
4845,87.21872187218722,0.007535692738378897
4846,87.23672367236723,0.007532732840378321
4847,87.25472547254726,0.007529530631416312
4848,87.27272727272728,0.007525891356921779
4849,87.2907290729073,0.007521633668592711
4850,87.30873087308731,0.007516597254875377
4851,87.32673267326733,0.00751064857872521
4852,87.34473447344735,0.007503683972108195
4853,87.36273627362736,0.007495629783989378
4854,87.38073807380738,0.007486439768426071
4855,87.3987398739874,0.007476090348228893
4856,87.41674167416743,0.0074645747220045125
4857,87.43474347434744,0.007451896943347732
4858,87.45274527452746,0.007438067065022324
4859,87.47074707470748,0.007423098216007709
4860,87.48874887488749,0.007407006104811099
4861,87.50675067506751,0.007389810982817082
4862,87.52475247524752,0.007371541635005698
4863,87.54275427542754,0.007352240571360443
4864,87.56075607560756,0.0073319693377464
4865,87.57875787578759,0.007310812793788829
4866,87.5967596759676,0.007288881330770833
4867,87.61476147614762,0.0072663103057589665
4868,87.63276327632764,0.007243256400672098
4869,87.65076507650765,0.007219891107072986
4870,87.66876687668767,0.007196392009275275
4871,87.68676867686769,0.00717293291305013
4872,87.7047704770477,0.0071496740832299585
4873,87.72277227722772,0.0071267538745370205
4874,87.74077407740775,0.007104282860740162
4875,87.75877587758777,0.007082341214339085
4876,87.77677767776778,0.0070609796165648055
4877,87.7947794779478,0.007040223458649193
4878,87.81278127812782,0.007020079610503503
4879,87.83078307830783,0.0070005446572368405
4880,87.84878487848785,0.006981613295325529
4881,87.86678667866786,0.006963285570623709
4882,87.88478847884788,0.0069455718307952
4883,87.90279027902791,0.006928494625357483
4884,87.92079207920793,0.006912087261609622
4885,87.93879387938794,0.006896389241465855
4886,87.95679567956796,0.00688143928413502
4887,87.97479747974798,0.006867267010648122
4888,87.992799279928,0.006853884573806751
4889,88.01080108010801,0.006841279532069293
4890,88.02880288028803,0.006829410088573792
4891,88.04680468046804,0.00681820347619507
4892,88.06480648064807,0.006807557819411963
4893,88.08280828082809,0.006797347312287865
4894,88.1008100810081,0.006787430092095208
4895,88.11881188118812,0.006777657826532662
4896,88.13681368136814,0.006767885819152683
4897,88.15481548154816,0.006757982399114928
4898,88.17281728172817,0.0067478364975467435
4899,88.19081908190819,0.006737362597634288
4900,88.2088208820882,0.006726502632117791
4901,88.22682268226824,0.006715224830042469
4902,88.24482448244825,0.006703519920793979
4903,88.26282628262827,0.006691395430198558
4904,88.28082808280828,0.0066788690079258185
4905,88.2988298829883,0.006665961785074249
4906,88.31683168316832,0.00665269267581874
4907,88.33483348334833,0.006639074329007425
4908,88.35283528352835,0.0066251111432122185
4909,88.37083708370838,0.0066107994306449395
4910,88.3888388838884,0.006596129502208295
4911,88.40684068406841,0.006581089192478498
4912,88.42484248424843,0.006565668181885112
4913,88.44284428442845,0.0065498624194182
4914,88.46084608460846,0.006533678000710629
4915,88.47884788478848,0.0065171339950454606
4916,88.4968496849685,0.006500263910583614
4917,88.51485148514851,0.0064831157037194215
4918,88.53285328532854,0.006465750440185268
4919,88.55085508550856,0.006448239872888715
4920,88.56885688568858,0.006430663295699541
4921,88.58685868586859,0.0064131040576537
4922,88.60486048604861,0.0063956460851343905
4923,88.62286228622862,0.006378370677603551
4924,88.64086408640864,0.006361353738587708
4925,88.65886588658866,0.0063446635022173575
4926,88.67686768676867,0.006328358737338272
4927,88.6948694869487,0.006312487369187577
4928,88.71287128712872,0.006297085456301561
4929,88.73087308730874,0.006282176491353663
4930,88.74887488748875,0.00626777104471872
4931,88.76687668766877,0.0062538668199544544
4932,88.78487848784879,0.006240449222131854
4933,88.8028802880288,0.006227492538232081
4934,88.82088208820882,0.006214961786502307
4935,88.83888388838884,0.006202815211172099
4936,88.85688568856887,0.006191007292330823
4937,88.87488748874888,0.006179492027779534
4938,88.8928892889289,0.006168226148069063
4939,88.91089108910892,0.006157171870942525
4940,88.92889288928893,0.006146298804929719
4941,88.94689468946895,0.0061355846825009415
4942,88.96489648964896,0.006125014737794868
4943,88.98289828982898,0.006114579727115993
4944,89.000900090009,0.006104272796400132
4945,89.01890189018903,0.006094085596363386
4946,89.03690369036904,0.006084004199457393
4947,89.05490549054906,0.006074005453880052
4948,89.07290729072908,0.006064054399357614
4949,89.0909090909091,0.006054103261560813
4950,89.10891089108911,0.006044092346714771
4951,89.12691269126913,0.00603395289986454
4952,89.14491449144914,0.006023611705565715
4953,89.16291629162916,0.006012996940914676
4954,89.18091809180919,0.006002044579913109
4955,89.1989198919892,0.005990704530162061
4956,89.21692169216922,0.005978945679809836
4957,89.23492349234924,0.0059667591495712515
4958,89.25292529252926,0.005954159268196067
4959,89.27092709270927,0.005941182089856232
4960,89.28892889288929,0.0059278816058337845
4961,89.3069306930693,0.005914324121664725
4962,89.32493249324932,0.005900581526823685
4963,89.34293429342935,0.005886724338090561
4964,89.36093609360937,0.005872815425787937
4965,89.37893789378938,0.00585890522883246
4966,89.3969396939694,0.005845029044625574
4967,89.41494149414942,0.0058312066756891255
4968,89.43294329432943,0.005817444372067129
4969,89.45094509450945,0.0058037386783010405
4970,89.46894689468947,0.0057900815257489946
4971,89.48694869486948,0.005776465745026692
4972,89.50495049504951,0.005762890133453038
4973,89.52295229522953,0.005749363303091698
4974,89.54095409540955,0.00573590574061623
4975,89.55895589558956,0.005722549797466852
4976,89.57695769576958,0.005709337651985422
4977,89.5949594959496,0.005696317593737105
4978,89.61296129612961,0.005683539226376829
4979,89.63096309630963,0.0056710483320558435
4980,89.64896489648964,0.005658882166678257
4981,89.66696669666968,0.005647065859998825
4982,89.68496849684969,0.005635610395790459
4983,89.70297029702971,0.005624512379639003
4984,89.72097209720972,0.005613755510466861
4985,89.73897389738974,0.005603313404878366
4986,89.75697569756976,0.005593153224290778
4987,89.77497749774977,0.005583239455081763
4988,89.79297929792979,0.005573537206151005
4989,89.81098109810982,0.005564014511559725
4990,89.82898289828984,0.005554643335097968
4991,89.84698469846985,0.005545399231140598
4992,89.86498649864987,0.005536259876360809
4993,89.88298829882989,0.0055272029038243445
4994,89.9009900990099,0.005518203606230145
4995,89.91899189918992,0.0055092331041920115
4996,89.93699369936994,0.005500257492393467
4997,89.95499549954995,0.005491238294640507
4998,89.97299729972998,0.005482134309184885
4999,89.99099909991,0.005472904651512039
5000,90.00900090009002,0.005463512551611996
5001,90.02700270027003,0.005453929282131803
5002,90.04500450045005,0.0054441375174808584
5003,90.06300630063006,0.005434133469681761
5004,90.08100810081008,0.00542392731184858
5005,90.0990099009901,0.005413541661405145
5006,90.11701170117011,0.005403008212070936
5007,90.13501350135014,0.0053923629247960075
5008,90.15301530153016,0.00538164045904453
5009,90.17101710171018,0.005370868699074116
5010,90.1890189018902,0.005360064271417221
5011,90.20702070207021,0.005349229846223155
5012,90.22502250225023,0.005338353776255478
5013,90.24302430243024,0.0053274122853438
5014,90.26102610261026,0.005316374023107732
5015,90.27902790279028,0.0053052064154619155
5016,90.2970297029703,0.005293882922595851
5017,90.31503150315032,0.0052823901210070365
5018,90.33303330333034,0.0052707334896388
5019,90.35103510351036,0.0052589409146257616
5020,90.36903690369037,0.005247063218799013
5021,90.38703870387039,0.005235171432372478
5022,90.4050405040504,0.005223350992012594
5023,90.42304230423042,0.005211693517557491
5024,90.44104410441044,0.005200287199017714
5025,90.45904590459047,0.005189207071078597
5026,90.47704770477048,0.0051785065173847195
5027,90.4950495049505,0.005168211217600327
5028,90.51305130513052,0.005158316440545386
5029,90.53105310531053,0.005148788137764736
5030,90.54905490549055,0.005139567766433541
5031,90.56705670567057,0.005130580243812257
5032,90.58505850585058,0.005121743984339089
5033,90.6030603060306,0.005112981661783751
5034,90.62106210621063,0.0051042302196202365
5035,90.63906390639065,0.005095448742684151
5036,90.65706570657066,0.00508662309167543
5037,90.67506750675068,0.005077766649481318
5038,90.6930693069307,0.0050689170714882945
5039,90.71107110711071,0.005060129493566265
5040,90.72907290729073,0.005051467150736356
5041,90.74707470747074,0.005042990724926244
5042,90.76507650765076,0.005034747919194114
5043,90.78307830783079,0.005026764722828924
5044,90.80108010801081,0.005019039591945245
5045,90.81908190819082,0.005011541358561254
5046,90.83708370837084,0.005004211157298346
5047,90.85508550855086,0.0049969680982289025
5048,90.87308730873087,0.004989717897229181
5049,90.89108910891089,0.004982363274705191
5050,90.9090909090909,0.004974814705419131
5051,90.92709270927092,0.004967000076530202
5052,90.94509450945095,0.004958871988452936
5053,90.96309630963097,0.004950411785006237
5054,90.98109810981099,0.004941629872150942
5055,90.999099909991,0.004932562408428043
5056,91.01710171017102,0.00492326494900494
5057,91.03510351035104,0.004913804028166902
5058,91.05310531053105,0.004904247916742245
5059,91.07110711071107,0.004894657859154911
5060,91.08910891089108,0.004885080974864948
5061,91.10711071107112,0.004875545723752553
5062,91.12511251125113,0.004866060430955023
5063,91.14311431143115,0.00485661490634662
5064,91.16111611161116,0.004847184746323873
5065,91.17911791179118,0.0048377375359648705
5066,91.1971197119712,0.004828239929622952
5067,91.21512151215121,0.004818664508407581
5068,91.23312331233123,0.004808995399747072
5069,91.25112511251126,0.004799231878207499
5070,91.26912691269128,0.004789389507360261
5071,91.2871287128713,0.00477949877441148
5072,91.30513051305131,0.004769601551250306
5073,91.32313231323133,0.0047597460297962475
5074,91.34113411341134,0.004749980980524221
5075,91.35913591359136,0.004740350244158791
5076,91.37713771377138,0.00473088828350476
5077,91.39513951395139,0.004721617413400351
5078,91.41314131413142,0.00471254702904216
5079,91.43114311431144,0.004703674816374876
5080,91.44914491449146,0.004694989607448876
5081,91.46714671467147,0.004686475289225312
5082,91.48514851485149,0.004678115025042133
5083,91.5031503150315,0.004669895025018808
5084,91.52115211521152,0.004661807205664657
5085,91.53915391539154,0.0046538502902150995
5086,91.55715571557155,0.004646029183309696
5087,91.57515751575158,0.004638352759392032
5088,91.5931593159316,0.00463083048337525
5089,91.61116111611162,0.0046234684893022
5090,91.62916291629163,0.004616265844557366
5091,91.64716471647165,0.004609211707431487
5092,91.66516651665167,0.004602283947821187
5093,91.68316831683168,0.0045954495667518
5094,91.7011701170117,0.004588666957670317
5095,91.71917191719172,0.004581889747786215
5096,91.73717371737175,0.004575071689769319
5097,91.75517551755176,0.004568171885812655
5098,91.77317731773178,0.004561159548038796
5099,91.7911791179118,0.004554017545010143
5100,91.80918091809181,0.004546744148091505
5101,91.82718271827183,0.004539352649731247
5102,91.84518451845184,0.004531868839900852
5103,91.86318631863186,0.004524326649745098
5104,91.88118811881188,0.004516762554159023
5105,91.89918991899191,0.004509209524526198
5106,91.91719171917192,0.0045016914084739556
5107,91.93519351935194,0.004494218571299553
5108,91.95319531953196,0.004486785468652386
5109,91.97119711971197,0.004479370555172259
5110,91.98919891989199,0.004471938606797586
5111,92.007200720072,0.004464445192172335
5112,92.02520252025202,0.004456842720014685
5113,92.04320432043204,0.004449087258602242
5114,92.06120612061207,0.004441145203577319
5115,92.07920792079209,0.004432998878127749
5116,92.0972097209721,0.004424650284144325
5117,92.11521152115212,0.004416122465275494
5118,92.13321332133214,0.004407458259050213
5119,92.15121512151215,0.004398716561606779
5120,92.16921692169217,0.004389966557551296
5121,92.18721872187218,0.004381280634562313
5122,92.2052205220522,0.004372726872167399
5123,92.22322232223223,0.00436436204506311
5124,92.24122412241225,0.0043562260083526115
5125,92.25922592259226,0.004348338146857507
5126,92.27722772277228,0.004340696299742363
5127,92.2952295229523,0.004333278252398646
5128,92.31323132313231,0.004326045562661255
5129,92.33123312331233,0.004318949200323371
5130,92.34923492349235,0.0043119362638366215
5131,92.36723672367236,0.004304956921606132
5132,92.3852385238524,0.0042979707192976144
5133,92.40324032403241,0.004290951496244803
5134,92.42124212421243,0.004283890346809863
5135,92.43924392439244,0.004276796318853853
5136,92.45724572457246,0.004269694826840881
5137,92.47524752475248,0.004262624034904376
5138,92.49324932493249,0.004255629701465476
5139,92.51125112511251,0.004248759144562966
5140,92.52925292529254,0.00424205506867143
5141,92.54725472547256,0.004235549983672559
5142,92.56525652565257,0.004229261850551471
5143,92.58325832583259,0.004223191422152467
5144,92.6012601260126,0.004217321534280106
5145,92.61926192619262,0.004211618370054113
5146,92.63726372637264,0.004206034496757455
5147,92.65526552655265,0.004200513284655115
5148,92.67326732673267,0.004194994181011214
5149,92.6912691269127,0.004189418241944705
5150,92.70927092709272,0.004183733323728863
5151,92.72727272727273,0.0041778983995096
5152,92.74527452745275,0.00417188658614525
5153,92.76327632763277,0.004165686622797932
5154,92.78127812781278,0.004159302718959228
5155,92.7992799279928,0.0041527528650494305
5156,92.81728172817282,0.004146065855330401
5157,92.83528352835283,0.0041392773955553274
5158,92.85328532853286,0.004132425745915895
5159,92.87128712871288,0.004125547377912077
5160,92.8892889288929,0.004118673101483914
5161,92.90729072907291,0.004111825050714123
5162,92.92529252925293,0.00410501481140057
5163,92.94329432943294,0.004098242843694593
5164,92.96129612961296,0.004091499211613482
5165,92.97929792979298,0.004084765492999932
5166,92.997299729973,0.004078017622178964
5167,93.01530153015302,0.0040712293250430905
5168,93.03330333033304,0.004064375751505819
5169,93.05130513051306,0.004057436898361481
5170,93.06930693069307,0.004050400447403375
5171,93.08730873087309,0.004043263715535831
5172,93.1053105310531,0.004036034517685829
5173,93.12331233123312,0.004028730868141972
5174,93.14131413141314,0.0040213795776532545
5175,93.15931593159316,0.004014013927319241
5176,93.17731773177319,0.004006670701764004
5177,93.1953195319532,0.00399938693139231
5178,93.21332133213322,0.003992196718614103
5179,93.23132313231324,0.003985128502698406
5180,93.24932493249325,0.003978203054844568
5181,93.26732673267327,0.003971432397045334
5182,93.28532853285328,0.0039648197178816
5183,93.3033303330333,0.00395836023117063
5184,93.32133213321332,0.003952042806144285
5185,93.33933393339335,0.003945852106190446
5186,93.35733573357336,0.003939770919461198
5187,93.37533753375338,0.003933782355997716
5188,93.3933393339334,0.003927871623328253
5189,93.41134113411341,0.0039220271700407755
5190,93.42934293429343,0.003916241092995762
5191,93.44734473447345,0.003910508822645329
5192,93.46534653465346,0.003904828214317623
5193,93.48334833483348,0.0038991982638640907
5194,93.50135013501351,0.0038936177195913104
5195,93.51935193519353,0.0038880838702958715
5196,93.53735373537354,0.003882591749929263
5197,93.55535553555356,0.003877133918872263
5198,93.57335733573358,0.0038717008727257923
5199,93.59135913591359,0.003866282009640357
5200,93.60936093609361,0.003860866976551827
5201,93.62736273627362,0.00385544713248739
5202,93.64536453645364,0.0038500168286100377
5203,93.66336633663367,0.0038445742185337912
5204,93.68136813681369,0.0038391213789995917
5205,93.6993699369937,0.003833663631827483
5206,93.71737173717372,0.003828208096900924
5207,93.73537353735374,0.003822761650958113
5208,93.75337533753375,0.003817328593987414
5209,93.77137713771377,0.003811908411329613
5210,93.78937893789379,0.003806494047673809
5211,93.8073807380738,0.0038010710698160675
5212,93.82538253825383,0.0037956179894674236
5213,93.84338433843385,0.003790107857416242
5214,93.86138613861387,0.003784511047356039
5215,93.87938793879388,0.0037787989497742873
5216,93.8973897389739,0.003772948124262151
5217,93.91539153915392,0.003766944341310338
5218,93.93339333933393,0.0037607859044181575
5219,93.95139513951395,0.0037544856921019245
5220,93.96939693969398,0.0037480714962541987
5221,93.987398739874,0.0037415844439467956
5222,94.00540054005401,0.003735075547829121
5223,94.02340234023403,0.0037286007006622547
5224,94.04140414041404,0.0037222146732320193
5225,94.05940594059406,0.003715964854577148
5226,94.07740774077408,0.0037098855591592107
5227,94.0954095409541,0.0037039936994430534
5228,94.11341134113411,0.0036982864818744647
5229,94.13141314131414,0.003692741543427055
5230,94.14941494149416,0.0036873196339093817
5231,94.16741674167417,0.003681969606844572
5232,94.18541854185419,0.003676635155907847
5233,94.2034203420342,0.003671262471229605
5234,94.22142214221422,0.0036658078298576666
5235,94.23942394239424,0.0036602441038133867
5236,94.25742574257426,0.0036545652766764736
5237,94.27542754275427,0.003648788295503697
5238,94.2934293429343,0.003642951920741657
5239,94.31143114311432,0.0036371126293232837
5240,94.32943294329434,0.00363133802280911
5241,94.34743474347435,0.003625698538677402
5242,94.36543654365437,0.003620258509737808
5243,94.38343834383438,0.0036150677278513244
5244,94.4014401440144,0.003610154625465825
5245,94.41944194419442,0.0036055219946942254
5246,94.43744374437443,0.003601145842575943
5247,94.45544554455446,0.003596977574620786
5248,94.47344734473448,0.0035929492610761566
5249,94.4914491449145,0.0035889813309616563
5250,94.50945094509451,0.0035849917139646023
5251,94.52745274527453,0.003580905254864496
5252,94.54545454545455,0.0035766621868068326
5253,94.56345634563456,0.0035722245745055795
5254,94.58145814581458,0.003567579909805807
5255,94.5994599459946,0.0035627414231336426
5256,94.61746174617463,0.0035577451130590202
5257,94.63546354635464,0.003552643932345563
5258,94.65346534653466,0.003547499942699063
5259,94.67146714671468,0.003542375510977445
5260,94.68946894689469,0.0035373247318458406
5261,94.70747074707471,0.003532386211528276
5262,94.72547254725472,0.0035275781429623056
5263,94.74347434743474,0.0035228962742859574
5264,94.76147614761476,0.0035183149672587516
5265,94.77947794779479,0.0035137911173372836
5266,94.7974797479748,0.003509270322195683
5267,94.81548154815482,0.0035046943936408387
5268,94.83348334833484,0.0035000091483986494
5269,94.85148514851485,0.003495171406091046
5270,94.86948694869487,0.0034901542658799505
5271,94.88748874887489,0.0034849500033060964
5272,94.9054905490549,0.0034795702846141764
5273,94.92349234923492,0.0034740437845436484
5274,94.94149414941495,0.003468411658587342
5275,94.95949594959497,0.003462721609946325
5276,94.97749774977498,0.0034570214646876896
5277,94.995499549955,0.003451353203467741
5278,95.01350135013502,0.0034457482928440457
5279,95.03150315031503,0.0034402249325643504
5280,95.04950495049505,0.003434787523765299
5281,95.06750675067507,0.0034294283151460616
5282,95.08550855085508,0.0034241308528910313
5283,95.10351035103511,0.003418874595008162
5284,95.12151215121513,0.0034136398906864634
5285,95.13951395139514,0.0034084124926729263
5286,95.15751575157516,0.00340318686831467
5287,95.17551755175518,0.003397967785753231
5288,95.1935193519352,0.003392769941665531
5289,95.21152115211521,0.0033876157200320696
5290,95.22952295229523,0.0033825314770803056
5291,95.24752475247524,0.0033775429882142347
5292,95.26552655265527,0.0033726708310600696
5293,95.28352835283529,0.003367926493285558
5294,95.3015301530153,0.0033633098822640362
5295,95.31953195319532,0.0033588086930905654
5296,95.33753375337534,0.003354399795888274
5297,95.35553555355536,0.003350052478422525
5298,95.37353735373537,0.0033457330761704307
5299,95.39153915391539,0.003341410286668322
5300,95.40954095409542,0.0033370603355366317
5301,95.42754275427544,0.0033326711595554614
5302,95.44554455445545,0.0033282448998185796
5303,95.46354635463547,0.003323798237921089
5304,95.48154815481548,0.0033193604257183373
5305,95.4995499549955,0.0033149692076606253
5306,95.51755175517552,0.0033106651620536196
5307,95.53555355535553,0.003306485244288643
5308,95.55355535553555,0.0033024564614840147
5309,95.57155715571558,0.003298590620282207
5310,95.5895589558956,0.0032948809634712525
5311,95.60756075607561,0.003291301262665743
5312,95.62556255625563,0.0032878075976460986
5313,95.64356435643565,0.0032843426755340016
5314,95.66156615661566,0.0032808421786553396
5315,95.67956795679568,0.0032772423312554103
5316,95.6975697569757,0.003273487685775409
5317,95.71557155715571,0.003269538077476276
5318,95.73357335733574,0.003265373790667373
5319,95.75157515751576,0.0032609982087445978
5320,95.76957695769578,0.003256437552615384
5321,95.78757875787579,0.003251737702096332
5322,95.80558055805581,0.003246958488481012
5323,95.82358235823583,0.0032421661890923996
5324,95.84158415841584,0.0032374251987962823
5325,95.85958595859586,0.0032327899655280323
5326,95.87758775877587,0.0032282982417321366
5327,95.8955895589559,0.003223966526607993
5328,95.91359135913592,0.003219788280189343
5329,95.93159315931594,0.0032157351205040208
5330,95.94959495949595,0.0032117608203923106
5331,95.96759675967597,0.0032078075548750587
5332,95.98559855985599,0.0032038135624373456
5333,96.003600360036,0.0031997212119394404
5334,96.02160216021602,0.003195484432273197
5335,96.03960396039604,0.003191074566359294
5336,96.05760576057607,0.0031864839375553154
5337,96.07560756075608,0.0031817267316248572
5338,96.0936093609361,0.003176837156392065
5339,96.11161116111612,0.0031718651945253557
5340,96.12961296129613,0.0031668705651685435
5341,96.14761476147615,0.003161915718663771
5342,96.16561656165617,0.003157058780491233
5343,96.18361836183618,0.0031523473277344696
5344,96.2016201620162,0.0031478137332285098
5345,96.21962196219623,0.003143472573932644
5346,96.23762376237624,0.0031393203073272905
5347,96.25562556255626,0.003135337115047146
5348,96.27362736273628,0.003131490538573543
5349,96.2916291629163,0.0031277403235136737
5350,96.30963096309631,0.003124043771723479
5351,96.32763276327633,0.0031203608852055226
5352,96.34563456345634,0.003116658668331821
5353,96.36363636363636,0.003112914117866011
5354,96.38163816381639,0.0031091156454238064
5355,96.3996399639964,0.003105262910509659
5356,96.41764176417642,0.003101365259591894
5357,96.43564356435644,0.003097439137808831
5358,96.45364536453646,0.0030935049434857105
5359,96.47164716471647,0.0030895838217171218
5360,96.48964896489649,0.0030856948440967503
5361,96.5076507650765,0.0030818529107464313
5362,96.52565256525652,0.003078067560126672
5363,96.54365436543655,0.0030743427084033736
5364,96.56165616561657,0.0030706771903633657
5365,96.57965796579659,0.0030670658610062462
5366,96.5976597659766,0.0030635009565678213
5367,96.61566156615662,0.0030599734118971875
5368,96.63366336633663,0.003056473883813701
5369,96.65166516651665,0.0030529933243714827
5370,96.66966696669667,0.0030495230644934333
5371,96.68766876687668,0.003046054484874819
5372,96.70567056705671,0.0030425784459478054
5373,96.72367236723673,0.003039084705052168
5374,96.74167416741675,0.003035561557004919
5375,96.75967596759676,0.003031995892965285
5376,96.77767776777678,0.0030283737895767915
5377,96.7956795679568,0.003024681630913941
5378,96.81368136813681,0.003020907649577209
5379,96.83168316831683,0.0030170436715353977
5380,96.84968496849686,0.003013086780955178
5381,96.86768676867688,0.00300904059980221
5382,96.88568856885689,0.003004915908235364
5383,96.90369036903691,0.003000730412754733
5384,96.92169216921693,0.002996507588321247
5385,96.93969396939694,0.0029922746602142588
5386,96.95769576957696,0.0029880599293917814
5387,96.97569756975697,0.002983889759374819
5388,96.99369936993699,0.0029797856141997414
5389,97.01170117011702,0.002975761553034671
5390,97.02970297029704,0.0029718225432677796
5391,97.04770477047705,0.0029679638550331082
5392,97.06570657065707,0.0029641716595714775
5393,97.08370837083709,0.002960424791437063
5394,97.1017101710171,0.0029566974738543866
5395,97.11971197119712,0.002952962671049911
5396,97.13771377137714,0.002949195641137077
5397,97.15571557155715,0.0029453772315712174
5398,97.17371737173718,0.0029414964911441046
5399,97.1917191719172,0.0029375522634703436
5400,97.20972097209722,0.0029335535637850466
5401,97.22772277227723,0.0029295187038550037
5402,97.24572457245725,0.002925473295468427
5403,97.26372637263727,0.002921447407761655
5404,97.28172817281728,0.0029174722573911773
5405,97.2997299729973,0.0029135768594441046
5406,97.31773177317731,0.0029097850554862786
5407,97.33573357335734,0.0029061132667552556
5408,97.35373537353736,0.0029025692069786775
5409,97.37173717371738,0.0028991516487438056
5410,97.3897389738974,0.0028958511913087033
5411,97.40774077407741,0.0028926518478588595
5412,97.42574257425743,0.0028895331748719872
5413,97.44374437443744,0.0028864726178672896
5414,97.46174617461746,0.002883447751060933
5415,97.47974797479748,0.0028804381397473486
5416,97.4977497749775,0.0028774266425663927
5417,97.51575157515752,0.002874400079714432
5418,97.53375337533754,0.0028713493034917587
5419,97.55175517551756,0.00286826880076194
5420,97.56975697569757,0.0028651560179561706
5421,97.58775877587759,0.002862010619233508
5422,97.6057605760576,0.0028588338657799246
5423,97.62376237623762,0.0028556282450554423
5424,97.64176417641764,0.0028523973955986207
5425,97.65976597659767,0.0028491462825580055
5426,97.67776777677769,0.002845881499554343
5427,97.6957695769577,0.0028426115200508384
5428,97.71377137713772,0.0028393467076399475
5429,97.73177317731773,0.002836098924172908
5430,97.74977497749775,0.0028328806442015028
5431,97.76777677767777,0.00282970358292835
5432,97.78577857785778,0.0028265769559611058
5433,97.8037803780378,0.0028235055925299847
5434,97.82178217821783,0.002820488199378799
5435,97.83978397839785,0.002817516103677013
5436,97.85778577857786,0.0028145727799198787
5437,97.87578757875788,0.002811634386346255
5438,97.8937893789379,0.0028086714087062255
5439,97.91179117911791,0.0028056513496569724
5440,97.92979297929793,0.0028025422335337578
5441,97.94779477947795,0.002799316544793193
5442,97.96579657965796,0.0027959551093527098
5443,97.98379837983799,0.0027924503818592254
5444,98.00180018001801,0.0027888086308470164
5445,98.01980198019803,0.002785050619400331
5446,98.03780378037804,0.002781210551448852
5447,98.05580558055806,0.002777333272713083
5448,98.07380738073807,0.0027734699519913622
5449,98.09180918091809,0.002769672690080139
5450,98.10981098109811,0.0027659886776515543
5451,98.12781278127814,0.002762454622531234
5452,98.14581458145815,0.002759092173042239
5453,98.16381638163817,0.0027559049717958153
5454,98.18181818181819,0.0027528777915953534
5455,98.1998199819982,0.0027499779531297464
5456,98.21782178217822,0.002747158934570226
5457,98.23582358235824,0.0027443657941846997
5458,98.25382538253825,0.002741541778040411
5459,98.27182718271827,0.0027386353109393976
5460,98.2898289828983,0.0027356064957893608
5461,98.30783078307832,0.00273243228737131
5462,98.32583258325833,0.0027291096583758234
5463,98.34383438343835,0.002725656320824216
5464,98.36183618361837,0.0027221088736202868
5465,98.37983798379838,0.0027185185769286182
5466,98.3978397839784,0.0027149452625348856
5467,98.41584158415841,0.002711450134734164
5468,98.43384338433843,0.0027080883650239017
5469,98.45184518451846,0.0027049024150833934
5470,98.46984698469848,0.0027019169310637716
5471,98.4878487848785,0.0026991358495610037
5472,98.50585058505851,0.0026965420684291665
5473,98.52385238523853,0.0026940997020623823
5474,98.54185418541854,0.0026917586056033464
5475,98.55985598559856,0.0026894605607124494
5476,98.57785778577858,0.002687146306165142
5477,98.59585958595859,0.002684762497480038
5478,98.61386138613862,0.0026822677037435984
5479,98.63186318631864,0.002679636692654208
5480,98.64986498649866,0.0026768624961525165
5481,98.66786678667867,0.0026739560550266737
5482,98.68586858685869,0.0026709435690888393
5483,98.7038703870387,0.0026678619846890565
5484,98.72187218721872,0.002664753291797142
5485,98.73987398739874,0.002661658446341792
5486,98.75787578757875,0.002658611761458572
5487,98.77587758775879,0.0026556365216003665
5488,98.7938793879388,0.0026527423804521555
5489,98.81188118811882,0.00264992483599743
5490,98.82988298829883,0.002647166772855845
5491,98.84788478847885,0.0026444417667371924
5492,98.86588658865887,0.0026417186005350244
5493,98.88388838883888,0.0026389662806611787
5494,98.9018901890189,0.0026361587877242816
5495,98.91989198919892,0.0026332788541107623
5496,98.93789378937895,0.002630320222615864
5497,98.95589558955896,0.0026272880803216714
5498,98.97389738973898,0.0026241976445202314
5499,98.991899189919,0.002621071160709764
5500,99.00990099009901,0.0026179338146972257
5501,99.02790279027903,0.002614809225897115
5502,99.04590459045905,0.002611715252609646
5503,99.06390639063906,0.002608660792837045
5504,99.08190819081908,0.0026056441127699356
5505,99.09990999099911,0.0026026530014989836
5506,99.11791179117913,0.002599666769019369
5507,99.13591359135914,0.002596659816706049
5508,99.15391539153916,0.0025936062579353077
5509,99.17191719171917,0.0025904848892794818
5510,99.18991899189919,0.0025872837371230697
5511,99.20792079207921,0.0025840034435394687
5512,99.22592259225922,0.0025806589052054514
5513,99.24392439243924,0.00257727882021667
5514,99.26192619261927,0.00257390309658967
5515,99.27992799279929,0.0025705783907894724
5516,99.2979297929793,0.002567352329634824
5517,99.31593159315932,0.002564267182678275
5518,99.33393339333934,0.0025613538623328724
5519,99.35193519351935,0.0025586271174515814
5520,99.36993699369937,0.002556082651494851
5521,99.38793879387939,0.0025536966548844547
5522,99.4059405940594,0.002551427923985873
5523,99.42394239423943,0.0025492223888551745
5524,99.44194419441945,0.0025470195362595214
5525,99.45994599459947,0.0025447599401501393
5526,99.47794779477948,0.0025423929376693316
5527,99.4959495949595,0.0025398834407059537
5528,99.51395139513951,0.0025372169599276115
5529,99.53195319531953,0.0025344021308085665
5530,99.54995499549955,0.002531470342953705
5531,99.56795679567958,0.0025284724447579496
5532,99.5859585958596,0.0025254728764906925
5533,99.60396039603961,0.002522541925699951
5534,99.62196219621963,0.002519747053732091
5535,99.63996399639964,0.0025171443765625227
5536,99.65796579657966,0.002514771378199383
5537,99.67596759675968,0.0025126417901776953
5538,99.69396939693969,0.002510743304113168
5539,99.71197119711971,0.002509038430074368
5540,99.72997299729974,0.002507468417427234
5541,99.74797479747976,0.0025059597681393545
5542,99.76597659765977,0.002504432545405938
5543,99.78397839783979,0.002502809455133346
5544,99.8019801980198,0.0025010245831553124
5545,99.81998199819982,0.0024990307187809048
5546,99.83798379837984,0.002496804378507959
5547,99.85598559855985,0.0024943479380211595
5548,99.87398739873987,0.002491688647229148
5549,99.8919891989199,0.002488874694325764
5550,99.90999099909992,0.00248596885022434
5551,99.92799279927993,0.002483040517678707
5552,99.94599459945995,0.0024801571934136117
5553,99.96399639963997,0.0024773764047197537
5554,99.98199819981998,0.002474739099610471
5555,100.0,0.0024722652648268444
5556,100.01800180018002,0.002469952247426704
5557,100.03600360036003,0.0024677759037557414
5558,100.05400540054006,0.002465694340782696
5559,100.07200720072008,0.002463653695524096
5560,100.0900090009001,0.002461595158860002
5561,100.10801080108011,0.0024594623193882974
5562,100.12601260126013,0.0024572078951065335
5563,100.14401440144015,0.0024547990332415576
5564,100.16201620162016,0.002452220573312092
5565,100.18001800180018,0.002449475954370946
5566,100.1980198019802,0.0024465857646449297
5567,100.21602160216023,0.002443584237713997
5568,100.23402340234024,0.0024405142538849833
5569,100.25202520252026,0.0024374215764265965
5570,100.27002700270027,0.002434349119815484
5571,100.28802880288029,0.002431332005506902
5572,100.30603060306031,0.002428394019224445
5573,100.32403240324032,0.002425545864796581
5574,100.34203420342034,0.0024227853454225753
5575,100.36003600360036,0.002420099331415828
5576,100.37803780378039,0.002417467131429067
5577,100.3960396039604,0.00241486470429403
5578,100.41404140414042,0.002412269053881489
5579,100.43204320432044,0.002409662150462654
5580,100.45004500450045,0.002407033816081188
5581,100.46804680468047,0.0024043831827670584
5582,100.48604860486049,0.002401718554999923
5583,100.5040504050405,0.0023990557490353136
5584,100.52205220522052,0.002396415206977508
5585,100.54005400540055,0.002393818361120191
5586,100.55805580558057,0.002391283829595522
5587,100.57605760576058,0.0023888240437783407
5588,100.5940594059406,0.0023864428394638933
5589,100.61206120612061,0.0023841343981998186
5590,100.63006300630063,0.0023818837236540217
5591,100.64806480648065,0.0023796686095318613
5592,100.66606660666066,0.002377462832865984
5593,100.68406840684068,0.002375240121066472
5594,100.70207020702071,0.002372978319185168
5595,100.72007200720073,0.0023706631427633804
5596,100.73807380738074,0.0023682909475045287
5597,100.75607560756076,0.002365870073928956
5598,100.77407740774078,0.0023634205160518677
5599,100.79207920792079,0.002360971892099599
5600,100.81008100810081,0.0023585599312070248
5601,100.82808280828083,0.0023562219007489693
5602,100.84608460846084,0.0023539915555843916
5603,100.86408640864087,0.0023518942713532513
5604,100.88208820882089,0.0023499430174485384
5605,100.9000900090009,0.0023481357313912604
5606,100.91809180918092,0.0023464544866586322
5607,100.93609360936094,0.002344866622193331
5608,100.95409540954095,0.002343327752679526
5609,100.97209720972097,0.0023417863364157796
5610,100.99009900990099,0.0023401892736328272
5611,101.00810081008102,0.0023384878688692047
5612,101.02610261026103,0.0023366434346905173
5613,101.04410441044105,0.002334631848141886
5614,101.06210621062107,0.0023324464918348074
5615,101.08010801080108,0.0023300992034914598
5616,101.0981098109811,0.0023276190971084068
5617,101.11611161116112,0.0023250493757851994
5618,101.13411341134113,0.0023224424987663833
5619,101.15211521152115,0.0023198542634390714
5620,101.17011701170118,0.002317337492727016
5621,101.1881188118812,0.0023149360640522866
5622,101.20612061206121,0.0023126799728699025
5623,101.22412241224123,0.002310581997808667
5624,101.24212421242125,0.0023086363418704362
5625,101.26012601260126,0.0023068193890872562
5626,101.27812781278128,0.0023050924674684085
5627,101.2961296129613,0.002303406277107525
5628,101.31413141314131,0.0023017064545065454
5629,101.33213321332134,0.002299939622148085
5630,101.35013501350136,0.002298059229313457
5631,101.36813681368137,0.0022960305294433964
5632,101.38613861386139,0.0022938341542914605
5633,101.40414041404141,0.0022914679200890502
5634,101.42214221422142,0.0022889467134894
5635,101.44014401440144,0.00228630052887848
5636,101.45814581458146,0.00228357093687559
5637,101.47614761476147,0.002280806432380907
5638,101.4941494149415,0.0022780572208308137
5639,101.51215121512152,0.002275370042523331
5640,101.53015301530154,0.0022727836048050103
5641,101.54815481548155,0.00227032509705416
5642,101.56615661566157,0.002268008117762185
5643,101.58415841584159,0.0022658321661386573
5644,101.6021602160216,0.0022637836649852753
5645,101.62016201620162,0.002261838309576459
5646,101.63816381638163,0.002259964398712337
5647,101.65616561656167,0.0022581267137133736
5648,101.67416741674168,0.0022562904770473957
5649,101.6921692169217,0.0022544249453723716
5650,101.71017101710171,0.0022525062658601733
5651,101.72817281728173,0.002250519337643384
5652,101.74617461746175,0.0022484585559004403
5653,101.76417641764176,0.0022463274564079607
5654,101.78217821782178,0.0022441374057922845
5655,101.8001800180018,0.0022419055823496258
5656,101.81818181818183,0.00223965255374964
5657,101.83618361836184,0.0022373997762730716
5658,101.85418541854186,0.002235167316371261
5659,101.87218721872188,0.0022329720355593135
5660,101.89018901890189,0.002230826394501509
5661,101.90819081908191,0.0022287379347797286
5662,101.92619261926193,0.0022267094011570033
5663,101.94419441944194,0.0022247393859150338
5664,101.96219621962196,0.0022228233200243188
5665,101.98019801980199,0.002220954609487627
5666,101.998199819982,0.0022191257205935702
5667,102.01620162016202,0.0022173290519084355
5668,102.03420342034204,0.0022155574866317223
5669,102.05220522052205,0.0022138045867402764
5670,102.07020702070207,0.0022120644592123154
5671,102.08820882088209,0.002210331383977273
5672,102.1062106210621,0.002208599334344473
5673,102.12421242124212,0.002206861537798396
5674,102.14221422142215,0.002205110216222114
5675,102.16021602160217,0.002203336611737469
5676,102.17821782178218,0.0022015313528856812
5677,102.1962196219622,0.0021996851539459535
5678,102.21422142214222,0.002197789777405966
5679,102.23222322232223,0.0021958391356418742
5680,102.25022502250225,0.0021938303711287127
5681,102.26822682268227,0.002191764740908897
5682,102.2862286228623,0.0021896481432362403
5683,102.30423042304231,0.0021874911612818097
5684,102.32223222322233,0.002185308556033484
5685,102.34023402340235,0.0021831182106614214
5686,102.35823582358236,0.0021809396023942684
5687,102.37623762376238,0.0021787919454628758
5688,102.3942394239424,0.00217669220071398
5689,102.41224122412241,0.002174653176781334
5690,102.43024302430243,0.0021726819498027
5691,102.44824482448246,0.0021707788026164524
5692,102.46624662466247,0.002168936832766324
5693,102.48424842484249,0.0021671423073383466
5694,102.50225022502251,0.0021653757599983067
5695,102.52025202520252,0.002163613741383941
5696,102.53825382538254,0.002161831058245476
5697,102.55625562556256,0.002160003278422506
5698,102.57425742574257,0.0021581092447881096
5699,102.59225922592259,0.002156133335669973
5700,102.61026102610262,0.00215406723260557
5701,102.62826282628264,0.0021519110058727995
5702,102.64626462646265,0.002149673398344232
5703,102.66426642664267,0.002147371270888828
5704,102.68226822682269,0.0021450282585730594
5705,102.7002700270027,0.0021426727669202556
5706,102.71827182718272,0.00214033550301582
5707,102.73627362736273,0.002138046780687982
5708,102.75427542754275,0.0021358338582582194
5709,102.77227722772278,0.002133718560218692
5710,102.7902790279028,0.0021317154022971667
5711,102.80828082808281,0.00212983038689229
5712,102.82628262826283,0.0021280605689174554
5713,102.84428442844285,0.002126394417954566
5714,102.86228622862286,0.002124812928866743
5715,102.88028802880288,0.0021232913667081554
5716,102.8982898289829,0.0021218014787423452
5717,102.91629162916291,0.002120313970762008
5718,102.93429342934294,0.0021188010288386177
5719,102.95229522952296,0.0021172386712655167
5720,102.97029702970298,0.002115608737133879
5721,102.98829882988299,0.002113900354601189
5722,103.00630063006301,0.0021121107794046206
5723,103.02430243024303,0.0021102455479864377
5724,103.04230423042304,0.002108317945170843
5725,103.06030603060306,0.0021063478394549376
5726,103.07830783078307,0.002104359986072963
5727,103.0963096309631,0.0021023819362550205
5728,103.11431143114312,0.002100441718528742
5729,103.13231323132314,0.0020985654732753978
5730,103.15031503150315,0.0020967752245083025
5731,103.16831683168317,0.002095086963052464
5732,103.18631863186319,0.0020935091935746462
5733,103.2043204320432,0.0020920420653688585
5734,103.22232223222322,0.002090677165104106
5735,103.24032403240324,0.0020893980011212386
5736,103.25832583258327,0.002088181156148982
5737,103.27632763276328,0.0020869980318878926
5738,103.2943294329433,0.0020858170586482145
5739,103.31233123312332,0.0020846062002475192
5740,103.33033303330333,0.0020833355527607386
5741,103.34833483348335,0.002081979819111146
5742,103.36633663366337,0.002080520442657667
5743,103.38433843384338,0.0020789472033085777
5744,103.4023402340234,0.0020772591190282345
5745,103.42034203420343,0.0020754645517460104
5746,103.43834383438345,0.0020735804855402974
5747,103.45634563456346,0.0020716310207499135
5748,103.47434743474348,0.002069645203287163
5749,103.4923492349235,0.0020676543762168467
5750,103.51035103510351,0.0020656892931607378
5751,103.52835283528353,0.0020637772639165853
5752,103.54635463546354,0.002061939607391696
5753,103.56435643564356,0.0020601896636818955
5754,103.58235823582359,0.002058531567012594
5755,103.60036003600361,0.0020569599085061914
5756,103.61836183618362,0.002055460329328917
5757,103.63636363636364,0.002054010989789725
5758,103.65436543654366,0.002052584768657401
5759,103.67236723672367,0.002051151969562145
5760,103.69036903690369,0.0020496832568619506
5761,103.7083708370837,0.002048152518429785
5762,103.72637263726374,0.0020465393608567893
5763,103.74437443744375,0.0020448309831984945
5764,103.76237623762377,0.00204302324439502
5765,103.78037803780379,0.002041120829207474
5766,103.7983798379838,0.0020391365176592293
5767,103.81638163816382,0.002037089661885095
5768,103.83438343834383,0.002035004060306542
5769,103.85238523852385,0.002032905481959296
5770,103.87038703870387,0.002030819126141149
5771,103.8883888388839,0.0020287673005902895
5772,103.90639063906391,0.0020267675656615767
5773,103.92439243924393,0.002024831527180614
5774,103.94239423942395,0.002022964375230438
5775,103.96039603960396,0.0020211651710853973
5776,103.97839783978398,0.002019427792085465
5777,103.996399639964,0.0020177423662998957
5778,104.01440144014401,0.0020160969752887805
5779,104.03240324032403,0.0020144793808029742
5780,104.05040504050406,0.0020128785423726655
5781,104.06840684068408,0.002011285735401093
5782,104.0864086408641,0.0020096951472946666
5783,104.10441044104411,0.002008103912555906
5784,104.12241224122413,0.002006511634716917
5785,104.14041404140414,0.0020049195210405106
5786,104.15841584158416,0.002003329313788853
5787,104.17641764176417,0.002001742231053461
5788,104.19441944194419,0.002000158126156641
5789,104.21242124212422,0.001998575037680697
5790,104.23042304230424,0.0019969892372348826
5791,104.24842484248425,0.0019953957982803035
5792,104.26642664266427,0.0019937896188231435
5793,104.28442844284429,0.0019921667470152223
5794,104.3024302430243,0.0019905257945861212
5795,104.32043204320432,0.001988869189100591
5796,104.33843384338434,0.001987204018850633
5797,104.35643564356435,0.001985542265278029
5798,104.37443744374438,0.0019839002932614627
5799,104.3924392439244,0.001982297570371465
5800,104.41044104410442,0.0019807546992216284
5801,104.42844284428443,0.0019792909568633783
5802,104.44644464446445,0.0019779216259709783
5803,104.46444644464447,0.001976655460358864
5804,104.48244824482448,0.0019754926420096543
5805,104.5004500450045,0.001974423553506464
5806,104.51845184518452,0.0019734286100773065
5807,104.53645364536455,0.001972479277251413
5808,104.55445544554456,0.0019715402568568504
5809,104.57245724572458,0.001970572673243148
5810,104.5904590459046,0.001969537952556162
5811,104.60846084608461,0.0019684019793829405
5812,104.62646264626463,0.001967139052783688
5813,104.64446444644464,0.0019657351580211354
5814,104.66246624662466,0.0019641901247338146
5815,104.68046804680468,0.0019625183528648583
5816,104.69846984698471,0.001960747943011376
5817,104.71647164716472,0.0019589182505241496
5818,104.73447344734474,0.001957076071071028
5819,104.75247524752476,0.0019552708363873576
5820,104.77047704770477,0.00195354933085914
5821,104.78847884788479,0.0019519505148742544
5822,104.8064806480648,0.0019505010484908076
5823,104.82448244824482,0.0019492120459288793
5824,104.84248424842484,0.0019480774633652952
5825,104.86048604860487,0.001947074343320573
5826,104.87848784878489,0.001946164929008251
5827,104.8964896489649,0.001945300446016912
5828,104.91449144914492,0.001944426152495843
5829,104.93249324932493,0.001943487106547171
5830,104.95049504950495,0.0019424340097751564
5831,104.96849684968497,0.0019412284705237826
5832,104.98649864986498,0.001939847091961443
5833,105.004500450045,0.0019382839222136239
5834,105.02250225022503,0.0019365509909435139
5835,105.04050405040505,0.001934676877048687
5836,105.05850585058506,0.0019327034792373647
5837,105.07650765076508,0.0019306813679757162
5838,105.0945094509451,0.001928664258859308
5839,105.11251125112511,0.0019267032445230959
5840,105.13051305130513,0.001924841443289072
5841,105.14851485148515,0.001923109665671903
5842,105.16651665166518,0.001921523571986775
5843,105.1845184518452,0.0019200826116323266
5844,105.20252025202521,0.0019187708197843866
5845,105.22052205220523,0.0019175593266644445
5846,105.23852385238524,0.00191641023517079
5847,105.25652565256526,0.0019152813685525195
5848,105.27452745274528,0.00191413129920208
5849,105.29252925292529,0.0019129240526948432
5850,105.31053105310531,0.0019116329387854607
5851,105.32853285328534,0.0019102430847343726
5852,105.34653465346535,0.0019087524194713562
5853,105.36453645364537,0.001907171057107372
5854,105.38253825382539,0.0019055192295088005
5855,105.4005400540054,0.001903824094604927
5856,105.41854185418542,0.001902115877821863
5857,105.43654365436544,0.0019004238727650927
5858,105.45454545454545,0.0018987728264288463
5859,105.47254725472547,0.001897180165273931
5860,105.4905490549055,0.0018956543917417346
5861,105.50855085508552,0.0018941948137702962
5862,105.52655265526553,0.0018927925852576008
5863,105.54455445544555,0.001891432857801375
5864,105.56255625562557,0.0018900976968440537
5865,105.58055805580558,0.0018887693177232511
5866,105.5985598559856,0.0018874331614997949
5867,105.61656165616562,0.0018860803609276938
5868,105.63456345634563,0.0018847092388689294
5869,105.65256525652566,0.0018833256220330428
5870,105.67056705670568,0.0018819419229205152
5871,105.6885688568857,0.0018805751191979475
5872,105.70657065706571,0.0018792439185561255
5873,105.72457245724573,0.001877965516866503
5874,105.74257425742574,0.0018767524218065883
5875,105.76057605760576,0.0018756098140530744
5876,105.77857785778578,0.0018745338531573267
5877,105.7965796579658,0.0018735112134488313
5878,105.81458145814582,0.0018725199724525163
5879,105.83258325832584,0.0018715317915954219
5880,105.85058505850586,0.0018705151504413969
5881,105.86858685868587,0.0018694392450237334
5882,105.88658865886589,0.001868278058323841
5883,105.9045904590459,0.0018670140707802356
5884,105.92259225922592,0.0018656411071786706
5885,105.94059405940594,0.0018641659108422236
5886,105.95859585958596,0.001862608185650886
5887,105.97659765976599,0.0018609990328436576
5888,105.994599459946,0.001859377909675027
5889,106.01260126012602,0.0018577884257089624
5890,106.03060306030603,0.0018562734459245669
5891,106.04860486048605,0.0018548700681692903
5892,106.06660666066607,0.001853605072828489
5893,106.08460846084608,0.0018524914002469675
5894,106.1026102610261,0.0018515261007745877
5895,106.12061206120612,0.001850690036112827
5896,106.13861386138615,0.0018499494086071213
5897,106.15661566156616,0.0018492589814317394
5898,106.17461746174618,0.0018485666529263806
5899,106.1926192619262,0.0018478188867029903
5900,106.21062106210621,0.0018469663950072676
5901,106.22862286228623,0.0018459694387202978
5902,106.24662466246625,0.0018448021474208722
5903,106.26462646264626,0.0018434553723151762
5904,106.28262826282628,0.0018419377505419787
5905,106.30063006300631,0.0018402748617197728
5906,106.31863186318633,0.0018385065727557636
5907,106.33663366336634,0.0018366828697163478
5908,106.35463546354636,0.0018348586425174633
5909,106.37263726372638,0.0018330880003745835
5910,106.39063906390639,0.0018314187410909577
5911,106.40864086408641,0.001829887571135943
5912,106.42664266426642,0.0018285165802619536
5913,106.44464446444645,0.0018273113260796829
5914,106.46264626462647,0.0018262606987047068
5915,106.48064806480649,0.0018253385353750103
5916,106.4986498649865,0.001824506763115762
5917,106.51665166516652,0.0018237196858430919
5918,106.53465346534654,0.001822928918422499
5919,106.55265526552655,0.0018220884157511999
5920,106.57065706570657,0.0018211590542835225
5921,106.58865886588659,0.0018201122933807793
5922,106.60666066606662,0.0018189325643103266
5923,106.62466246624663,0.0018176181899851383
5924,106.64266426642665,0.0018161808094704988
5925,106.66066606660667,0.0018146434476220496
5926,106.67866786678668,0.001813037513014727
5927,106.6966696669667,0.0018113991111434378
5928,106.71467146714672,0.0018097651144999651
5929,106.73267326732673,0.001808169432544216
5930,106.75067506750675,0.0018066398752154909
5931,106.76867686768678,0.0018051959117765769
5932,106.7866786678668,0.001803847505389107
5933,106.80468046804681,0.0018025950687149735
5934,106.82268226822683,0.0018014304537183339
5935,106.84068406840684,0.0018003387752186318
5936,106.85868586858686,0.0017993007851383014
5937,106.87668766876688,0.00179829547094889
5938,106.8946894689469,0.0017973025505487062
5939,106.91269126912691,0.0017963045744317737
5940,106.93069306930694,0.0017952884175108231
5941,106.94869486948696,0.001794246036648774
5942,106.96669666966697,0.0017931744729608057
5943,106.98469846984699,0.0017920751768936002
5944,107.002700270027,0.0017909528167623977
5945,107.02070207020702,0.0017898137882381812
5946,107.03870387038704,0.001788664667328802
5947,107.05670567056706,0.001787510841045024
5948,107.07470747074707,0.0017863555108224166
5949,107.0927092709271,0.0017851992002899466
5950,107.11071107110712,0.0017840398203667223
5951,107.12871287128714,0.001782873261724083
5952,107.14671467146715,0.0017816944083301096
5953,107.16471647164717,0.0017804984058541005
5954,107.18271827182718,0.0017792819825369855
5955,107.2007200720072,0.0017780446119135705
5956,107.21872187218722,0.0017767893270660099
5957,107.23672367236723,0.0017755230418770812
5958,107.25472547254726,0.001774256299905804
5959,107.27272727272728,0.0017730024476100097
5960,107.2907290729073,0.001771776306065458
5961,107.30873087308731,0.0017705924844259808
5962,107.32673267326733,0.001769463530606705
5963,107.34473447344735,0.0017683981436376248
5964,107.36273627362736,0.0017673996742323089
5965,107.38073807380738,0.0017664651149409453
5966,107.3987398739874,0.001765584731577405
5967,107.41674167416743,0.0017647424190050727
5968,107.43474347434744,0.0017639167845436134
5969,107.45274527452746,0.0017630828801604276
5970,107.47074707470748,0.0017622144294045727
5971,107.48874887488749,0.0017612863351090188
5972,107.50675067506751,0.001760277215928595
5973,107.52475247524752,0.0017591717081128857
5974,107.54275427542754,0.0017579622850397015
5975,107.56075607560756,0.0017566503895246454
5976,107.57875787578759,0.0017552467385872892
5977,107.5967596759676,0.001753770740712145
5978,107.61476147614762,0.0017522490535989159
5979,107.63276327632764,0.0017507133970804654
5980,107.65076507650765,0.0017491978125436837
5981,107.66876687668767,0.0017477356190519861
5982,107.68676867686769,0.0017463563514208502
5983,107.7047704770477,0.0017450829730503248
5984,107.72277227722772,0.0017439296353643633
5985,107.74077407740775,0.0017429002080132747
5986,107.75877587758777,0.001741987733931813
5987,107.77677767776778,0.001741174877469138
5988,107.7947794779478,0.0017404353402422775
5989,107.81278127812782,0.0017397361270344966
5990,107.83078307830783,0.0017390404618460263
5991,107.84878487848785,0.0017383110900965702
5992,107.86678667866786,0.0017375136633170157
5993,107.8847884788479,0.0017366198915132617
5994,107.90279027902791,0.00173561016711805
5995,107.92079207920793,0.0017344754115923456
5996,107.93879387938794,0.0017332179670742386
5997,107.95679567956796,0.0017318514443965432
5998,107.97479747974798,0.0017303995369153976
5999,107.992799279928,0.001728893907528281
6000,108.01080108010801,0.0017273713445247643
6001,108.02880288028803,0.0017258704518496358
6002,108.04680468046806,0.0017244281840002567
6003,108.06480648064807,0.001723076550574189
6004,108.08280828082809,0.001721839798779513
6005,108.1008100810081,0.0017207323354870572
6006,108.11881188118812,0.001719757578127649
6007,108.13681368136814,0.0017189078330156348
6008,108.15481548154816,0.001718165199533746
6009,108.17281728172817,0.001717503399087105
6010,108.19081908190819,0.001716890338871294
6011,108.20882088208822,0.001716291151295564
6012,108.22682268226824,0.0017156714073560803
6013,108.24482448244825,0.0017150001906057763
6014,108.26282628262827,0.0017142527386269266
6015,108.28082808280828,0.001713412408729346
6016,108.2988298829883,0.0017124717984888912
6017,108.31683168316832,0.0017114329416751189
6018,108.33483348334833,0.0017103065963706414
6019,108.35283528352835,0.001709110734311499
6020,108.37083708370838,0.0017078684188426437
6021,108.3888388838884,0.0017066053151582722
6022,108.40684068406841,0.0017053471049777204
6023,108.42484248424843,0.0017041170759494633
6024,108.44284428442845,0.0017029341247692183
6025,108.46084608460846,0.0017018113564553868
6026,108.47884788478848,0.001700755387473688
6027,108.4968496849685,0.001699766376457505
6028,108.51485148514851,0.0016988387230665108
6029,108.53285328532854,0.0016979623027423311
6030,108.55085508550856,0.0016971240510390718
6031,108.56885688568858,0.0016963096817340577
6032,108.58685868586859,0.0016955053208999272
6033,108.60486048604861,0.001694698863999651
6034,108.62286228622862,0.001693880911015828
6035,108.64086408640864,0.0016930451990138146
6036,108.65886588658866,0.0016921885237814636
6037,108.67686768676867,0.0016913102128256186
6038,108.6948694869487,0.0016904112718966902
6039,108.71287128712872,0.0016894933686827643
6040,108.73087308730874,0.0016885578351280755
6041,108.74887488748875,0.001687604861852204
6042,108.76687668766877,0.0016866330256177023
6043,108.78487848784879,0.0016856392381796404
6044,108.8028802880288,0.0016846191392751123
6045,108.82088208820882,0.001683567886852193
6046,108.83888388838884,0.0016824812333917267
6047,108.85688568856887,0.001681356727229996
6048,108.87488748874888,0.0016801948492666259
6049,108.8928892889289,0.0016789998927510083
6050,108.91089108910892,0.001677780418071852
6051,108.92889288928893,0.0016765491632032255
6052,108.94689468946895,0.0016753223580056305
6053,108.96489648964896,0.0016741184686671793
6054,108.98289828982898,0.001672956477348168
6055,109.000900090009,0.0016718538713560323
6056,109.01890189018903,0.0016708245666547201
6057,109.03690369036904,0.001669877015054119
6058,109.05490549054906,0.0016690127389461101
6059,109.07290729072908,0.0016682255015070372
6060,109.0909090909091,0.00166750125718768
6061,109.10891089108911,0.001666818943806152
6062,109.12691269126913,0.001666152083053907
6063,109.14491449144914,0.001665471061688509
6064,109.16291629162916,0.001664745882341362
6065,109.18091809180919,0.0016639491108403047
6066,109.1989198919892,0.001663058714030423
6067,109.21692169216922,0.0016620604827764357
6068,109.23492349234924,0.0016609497697865792
6069,109.25292529252926,0.0016597323377747458
6070,109.27092709270927,0.0016584242033228045
6071,109.28892889288929,0.001657050465844397
6072,109.3069306930693,0.0016556432178160114
6073,109.32493249324934,0.0016542387300950707
6074,109.34293429342935,0.0016528741838533316
6075,109.36093609360937,0.0016515842698289966
6076,109.37893789378938,0.0016503979908735447
6077,109.3969396939694,0.0016493359835834853
6078,109.41494149414942,0.0016484086215596732
6079,109.43294329432943,0.0016476150825596215
6080,109.45094509450945,0.0016469434634345272
6081,109.46894689468947,0.0016463719210505344
6082,109.4869486948695,0.001645870715756445
6083,109.50495049504951,0.0016454049470574698
6084,109.52295229522953,0.0016449377077940675
6085,109.54095409540955,0.001644433349307454
6086,109.55895589558956,0.001643860548412945
6087,109.57695769576958,0.001643194896544328
6088,109.5949594959496,0.0016424207878965723
6089,109.61296129612961,0.001641532459777475
6090,109.63096309630963,0.0016405341258545966
6091,109.64896489648966,0.0016394392319663254
6092,109.66696669666968,0.0016382689454093105
6093,109.68496849684969,0.0016370500542258434
6094,109.70297029702971,0.0016358124972486402
6095,109.72097209720972,0.0016345867654294578
6096,109.73897389738974,0.001633401410021309
6097,109.75697569756976,0.0016322808659026047
6098,109.77497749774977,0.001631243753319665
6099,109.79297929792979,0.0016303017646896322
6100,109.81098109810982,0.0016294591816496168
6101,109.82898289828984,0.001628713007932839
6102,109.84698469846985,0.0016280536516930662
6103,109.86498649864987,0.0016274660509293147
6104,109.88298829882989,0.0016269311102315395
6105,109.9009900990099,0.0016264273068300828
6106,109.91899189918992,0.0016259323277986644
6107,109.93699369936994,0.0016254246157484712
6108,109.95499549954995,0.0016248847240634449
6109,109.97299729972998,0.001624296410904022
6110,109.99099909991,0.001623647430243819
6111,110.00900090009002,0.001622930005091953
6112,110.02700270027003,0.0016221409906685008
6113,110.04500450045005,0.0016212817525317544
6114,110.06300630063006,0.0016203577963634845
6115,110.08100810081008,0.0016193781929496787
6116,110.0990099009901,0.0016183548449988897
6117,110.11701170117011,0.0016173016431496022
6118,110.13501350135014,0.0016162335580299368
6119,110.15301530153016,0.0016151657143788055
6120,110.17101710171018,0.0016141124923408105
6121,110.1890189018902,0.0016130866999124408
6122,110.20702070207021,0.0016120988585355018
6123,110.22502250225023,0.001611156640174094
6124,110.24302430243024,0.0016102644880737337
6125,110.26102610261026,0.0016094234442626508
6126,110.27902790279028,0.0016086311946745069
6127,110.2970297029703,0.0016078823281065156
6128,110.31503150315032,0.0016071687892350458
6129,110.33303330333034,0.0016064804902333255
6130,110.35103510351036,0.0016058060320748612
6131,110.36903690369037,0.001605133477233824
6132,110.38703870387039,0.0016044511117288796
6133,110.4050405040504,0.0016037481371843645
6134,110.42304230423042,0.0016030152428400113
6135,110.44104410441044,0.0016022450223352191
6136,110.45904590459047,0.0016014322188611639
6137,110.47704770477048,0.0016005738024799428
6138,110.4950495049505,0.0015996689022747756
6139,110.51305130513052,0.0015987186307998037
6140,110.53105310531053,0.0015977258468011964
6141,110.54905490549055,0.0015966949030033367
6142,110.56705670567057,0.0015956314186389427
6143,110.58505850585058,0.0015945421023376585
6144,110.60306030603061,0.0015934346321278268
6145,110.62106210621063,0.001592317578718189
6146,110.63906390639065,0.0015912003394712932
6147,110.65706570657066,0.0015900930370946864
6148,110.67506750675068,0.001589006332009259
6149,110.6930693069307,0.0015879511024664017
6150,110.71107110711071,0.0015869379621546488
6151,110.72907290729073,0.0015859766099787925
6152,110.74707470747074,0.0015850750379988818
6153,110.76507650765078,0.0015842386569417965
6154,110.78307830783079,0.0015834694291816127
6155,110.80108010801081,0.0015827651214131075
6156,110.81908190819082,0.0015821187988109026
6157,110.83708370837084,0.0015815186759973905
6158,110.85508550855086,0.001580948416295917
6159,110.87308730873087,0.0015803879304869715
6160,110.89108910891089,0.001579814672978791
6161,110.9090909090909,0.0015792053724693305
6162,110.92709270927094,0.0015785380729386156
6163,110.94509450945095,0.0015777943070833967
6164,110.96309630963097,0.0015769611858080265
6165,110.98109810981099,0.001576033170606613
6166,110.999099909991,0.0015750133049234367
6167,111.01710171017102,0.0015739137172619468
6168,111.03510351035104,0.0015727552710111169
6169,111.05310531053105,0.0015715663184296018
6170,111.07110711071107,0.0015703806108234065
6171,111.0891089108911,0.001569234513429627
6172,111.10711071107112,0.00156816376066998
6173,111.12511251125113,0.0015672000544084677
6174,111.14311431143115,0.001566367845489286
6175,111.16111611161116,0.0015656816409112505
6176,111.17911791179118,0.0015651441431222227
6177,111.1971197119712,0.0015647454560324566
6178,111.21512151215121,0.0015644634907167854
6179,111.23312331233123,0.001564265582457597
6180,111.25112511251126,0.0015641112025961605
6181,111.26912691269128,0.0015639555278012438
6182,111.2871287128713,0.0015637535297683787
6183,111.30513051305131,0.0015634641820610078
6184,111.32313231323133,0.0015630543564294618
6185,111.34113411341134,0.0015625020026000381
6186,111.35913591359136,0.0015617982721575065
6187,111.37713771377138,0.0015609483524985823
6188,111.39513951395139,0.001559970910043767
6189,111.41314131413142,0.0015588961886263888
6190,111.43114311431144,0.001557762953015777
6191,111.44914491449146,0.0015566145926345389
6192,111.46714671467147,0.001555494792322237
6193,111.48514851485149,0.001554443224690317
6194,111.5031503150315,0.0015534917163263211
6195,111.52115211521152,0.0015526612876382397
6196,111.53915391539154,0.001551960369069495
6197,111.55715571557155,0.001551384365558403
6198,111.57515751575158,0.001550916591266272
6199,111.5931593159316,0.0015505304448705677
6200,111.61116111611162,0.001550192559544895
6201,111.62916291629163,0.0015498665568235836
6202,111.64716471647165,0.0015495169719688966
6203,111.66516651665167,0.00154911290725794
6204,111.68316831683168,0.0015486310098956797
6205,111.7011701170117,0.001548057458066522
6206,111.71917191719172,0.0015473887614665886
6207,111.73717371737175,0.001546631326734404
6208,111.75517551755176,0.0015457998862121664
6209,111.77317731773178,0.0015449150226605987
6210,111.7911791179118,0.0015440001268360365
6211,111.80918091809181,0.001543078186769367
6212,111.82718271827183,0.0015421688198583978
6213,111.84518451845184,0.0015412859202426107
6214,111.86318631863186,0.0015404362093350457
6215,111.88118811881188,0.0015396188574333023
6216,111.89918991899191,0.0015388262039717315
6217,111.91719171917192,0.001538045460701979
6218,111.93519351935194,0.0015372611537995792
6219,111.95319531953196,0.0015364579637012553
6220,111.97119711971197,0.0015356235677117269
6221,111.98919891989199,0.0015347510870909302
6222,112.007200720072,0.0015338407882321747
6223,112.02520252025202,0.0015329007810997454
6224,112.04320432043205,0.0015319465860115637
6225,112.06120612061207,0.0015309995864498322
6226,112.07920792079209,0.001530084532686791
6227,112.0972097209721,0.0015292263901691648
6228,112.11521152115212,0.0015284469213440771
6229,112.13321332133214,0.0015277614374876556
6230,112.15121512151215,0.0015271761512698292
6231,112.16921692169217,0.0015266865009091195
6232,112.18721872187218,0.0015262767091153789
6233,112.20522052205222,0.001525920696798926
6234,112.22322232223223,0.0015255843094827254
6235,112.24122412241225,0.0015252286527890192
6236,112.25922592259226,0.0015248141918369257
6237,112.27722772277228,0.0015243051653456624
6238,112.2952295229523,0.0015236738119302371
6239,112.31323132313231,0.0015229039108923328
6240,112.33123312331233,0.0015219932033338965
6241,112.34923492349235,0.0015209543752890747
6242,112.36723672367238,0.0015198144401475573
6243,112.3852385238524,0.001518612535457072
6244,112.40324032403241,0.0015173963289465988
6245,112.42124212421243,0.0015162173895467825
6246,112.43924392439244,0.0015151260025060846
6247,112.45724572457246,0.0015141659787975869
6248,112.47524752475248,0.0015133700191758733
6249,112.49324932493249,0.0015127561407233287
6250,112.51125112511251,0.0015123255639570181
6251,112.52925292529254,0.0015120623035672855
6252,112.54725472547256,0.0015119345228612165
6253,112.56525652565257,0.0015118975214498207
6254,112.58325832583259,0.0015118980489954724
6255,112.6012601260126,0.0015118794947006414
6256,112.61926192619262,0.001511787408613212
6257,112.63726372637264,0.0015115747770436938
6258,112.65526552655265,0.0015112065039307044
6259,112.67326732673267,0.001510662639187845
6260,112.6912691269127,0.0015099400335519644
6261,112.70927092709272,0.0015090522714010781
6262,112.72727272727273,0.001508027918977354
6263,112.74527452745275,0.0015069073046292706
6264,112.76327632763277,0.0015057382002928033
6265,112.78127812781278,0.0015045708829392944
6266,112.7992799279928,0.0015034531097016515
6267,112.81728172817282,0.00150242553575514
6268,112.83528352835283,0.0015015180414869108
6269,112.85328532853286,0.0015007473232614703
6270,112.87128712871288,0.001500115953850313
6271,112.8892889288929,0.0014996129518129579
6272,112.90729072907291,0.0014992157329828425
6273,112.92529252925293,0.00149889317040961
6274,112.94329432943294,0.0014986093776801037
6275,112.96129612961296,0.0014983277661002703
6276,112.97929792979298,0.0014980149147192053
6277,112.997299729973,0.0014976438333411757
6278,113.01530153015302,0.0014971962861810423
6279,113.03330333033304,0.001496663966176216
6280,113.05130513051306,0.0014960484519592001
6281,113.06930693069307,0.0014953600240412708
6282,113.08730873087309,0.0014946155469510232
6283,113.1053105310531,0.0014938357251411557
6284,113.12331233123312,0.0014930421014577914
6285,113.14131413141314,0.0014922541818970033
6286,113.15931593159316,0.0014914870388614704
6287,113.17731773177319,0.0014907496722734058
6288,113.1953195319532,0.001490044303549211
6289,113.21332133213322,0.0014893666549292293
6290,113.23132313231324,0.0014887071411464085
6291,113.24932493249325,0.0014880527870723165
6292,113.26732673267327,0.0014873895971704075
6293,113.28532853285328,0.0014867050503566076
6294,113.3033303330333,0.0014859903828147911
6295,113.32133213321332,0.0014852423520244499
6296,113.33933393339335,0.0014844642433383016
6297,113.35733573357336,0.0014836659771413072
6298,113.37533753375338,0.0014828632879295778
6299,113.3933393339334,0.0014820760627906383
6300,113.41134113411341,0.0014813260318463437
6301,113.42934293429343,0.0014806340848436978
6302,113.44734473447345,0.0014800175367815271
6303,113.46534653465346,0.0014794876757593114
6304,113.4833483348335,0.0014790478971925332
6305,113.50135013501351,0.0014786926638012253
6306,113.51935193519353,0.0014784074380677088
6307,113.53735373537354,0.0014781696240188985
6308,113.55535553555356,0.00147795044088383
6309,113.57335733573358,0.0014777175454174876
6310,113.59135913591359,0.0014774381343345738
6311,113.60936093609361,0.001477082202764649
6312,113.62736273627362,0.0014766256148475013
6313,113.64536453645366,0.001476052660385948
6314,113.66336633663367,0.0014753578245164324
6315,113.68136813681369,0.0014745465794559077
6316,113.6993699369937,0.001473635109272499
6317,113.71737173717372,0.001472648989068142
6318,113.73537353735374,0.0014716209470183694
6319,113.75337533753375,0.001470587930085182
6320,113.77137713771377,0.0014695877624437863
6321,113.78937893789379,0.0014686557231031613
6322,113.80738073807382,0.001467821372665998
6323,113.82538253825383,0.0014671059291620713
6324,113.84338433843385,0.0014665204334105085
6325,113.86138613861387,0.0014660648623871849
6326,113.87938793879388,0.0014657282536727197
6327,113.8973897389739,0.0014654898053779648
6328,113.91539153915392,0.0014653208240797304
6329,113.93339333933393,0.0014651873172322621
6330,113.95139513951395,0.0014650529732215178
6331,113.96939693969398,0.0014648822460259154
6332,113.987398739874,0.0014646432636936442
6333,114.00540054005401,0.001464310308931671
6334,114.02340234023403,0.0014638656717739422
6335,114.04140414041404,0.0014633007422471774
6336,114.05940594059406,0.0014626162875900457
6337,114.07740774077408,0.001461821935887943
6338,114.0954095409541,0.0014609349583785446
6339,114.11341134113411,0.0014599784997654378
6340,114.13141314131414,0.0014589794450219347
6341,114.14941494149416,0.0014579661298730821
6342,114.16741674167417,0.0014569661001398195
6343,114.18541854185419,0.0014560041042398046
6344,114.2034203420342,0.0014551004669357693
6345,114.22142214221422,0.0014542699457127457
6346,114.23942394239424,0.0014535211194041042
6347,114.25742574257426,0.0014528563073442679
6348,114.27542754275427,0.0014522719713334648
6349,114.2934293429343,0.0014517595159737687
6350,114.31143114311432,0.001451306378071513
6351,114.32943294329434,0.0014508972839260195
6352,114.34743474347435,0.0014505155541238
6353,114.36543654365437,0.0014501443473541823
6354,114.38343834383438,0.0014497677552165894
6355,114.4014401440144,0.0014493716858698586
6356,114.41944194419442,0.0014489445023586726
6357,114.43744374437443,0.0014484774084073122
6358,114.45544554455446,0.0014479645977694606
6359,114.47344734473448,0.0014474032009725165
6360,114.4914491449145,0.0014467930744563996
6361,114.50945094509451,0.00144613648151139
6362,114.52745274527453,0.0014454377126735139
6363,114.54545454545455,0.0014447026865628658
6364,114.56345634563456,0.0014439385621688203
6365,114.58145814581458,0.0014431533820763584
6366,114.5994599459946,0.0014423557548028946
6367,114.61746174617463,0.001441554574728983
6368,114.63546354635464,0.001440758771113748
6369,114.65346534653466,0.0014399770739668052
6370,114.67146714671468,0.0014392177841950223
6371,114.68946894689469,0.001438488538105868
6372,114.70747074707471,0.0014377960613324082
6373,114.72547254725472,0.001437145913623126
6374,114.74347434743474,0.0014365422326924027
6375,114.76147614761476,0.0014359874914688286
6376,114.77947794779479,0.001435482287762275
6377,114.7974797479748,0.0014350251879713919
6378,114.81548154815482,0.001434612646611931
6379,114.83348334833484,0.001434239021080057
6380,114.85148514851485,0.0014338966963507401
6381,114.86948694869487,0.0014335763276432877
6382,114.88748874887489,0.0014332672010197386
6383,114.9054905490549,0.001432957703073497
6384,114.92349234923493,0.001432635882009942
6385,114.94149414941495,0.001432290074199549
6386,114.95949594959497,0.0014319095633232536
6387,114.97749774977498,0.0014314852340651296
6388,114.995499549955,0.0014310101793659766
6389,115.01350135013502,0.0014304802198342496
6390,115.03150315031503,0.0014298942961852848
6391,115.04950495049505,0.0014292547005712091
6392,115.06750675067507,0.0014285671202496847
6393,115.0855085508551,0.0014278404769454535
6394,115.10351035103511,0.0014270865570525733
6395,115.12151215121513,0.0014263194409261369
6396,115.13951395139514,0.001425554753194751
6397,115.15751575157516,0.0014248087694483272
6398,115.17551755175518,0.0014240974268970275
6399,115.1935193519352,0.001423435296705348
6400,115.21152115211521,0.0014228345827659858
6401,115.22952295229523,0.0014223042148882056
6402,115.24752475247526,0.001421849103122711
6403,115.26552655265527,0.0014214696138832282
6404,115.28352835283529,0.0014211613176363805
6405,115.3015301530153,0.0014209150425710086
6406,115.31953195319532,0.001420717249567708
6407,115.33753375337534,0.0014205507220788041
6408,115.35553555355536,0.001420395541625957
6409,115.37353735373537,0.0014202302971810196
6410,115.39153915391539,0.0014200334564819894
6411,115.40954095409542,0.0014197848110882863
6412,115.42754275427544,0.001419466896261366
6413,115.44554455445545,0.0014190662828060087
6414,115.46354635463547,0.001418574641612644
6415,115.48154815481548,0.0014179894930307106
6416,115.4995499549955,0.001417314571994023
6417,115.51755175517552,0.001416559764996886
6418,115.53555355535553,0.0014157406049837334
6419,115.55355535553555,0.0014148773428707825
6420,115.57155715571558,0.001413993647321288
6421,115.5895589558956,0.0014131150149335606
6422,115.60756075607561,0.0014122669986003872
6423,115.62556255625563,0.0014114733801457717
6424,115.64356435643565,0.0014107544225931083
6425,115.66156615661566,0.0014101253363720592
6426,115.67956795679568,0.0014095950820215404
6427,115.6975697569757,0.0014091656099533213
6428,115.71557155715571,0.001408831606941043
6429,115.73357335733574,0.0014085807813412037
6430,115.75157515751576,0.0014083946774557164
6431,115.76957695769578,0.0014082499671959634
6432,115.78757875787579,0.0014081201277995287
6433,115.80558055805581,0.0014079773811927342
6434,115.82358235823583,0.0014077947467086185
6435,115.84158415841584,0.0014075480466165336
6436,115.85958595859586,0.001407217704739907
6437,115.87758775877587,0.0014067901926957075
6438,115.8955895589559,0.0014062590051773462
6439,115.91359135913592,0.0014056250832684422
6440,115.93159315931594,0.0014048966500385183
6441,115.94959495949595,0.0014040884718549836
6442,115.96759675967597,0.0014032206076809418
6443,115.98559855985599,0.0014023167527364554
6444,116.003600360036,0.0014014023181903466
6445,116.02160216021602,0.0014005024116179837
6446,116.03960396039604,0.0013996398914401754
6447,116.05760576057607,0.0013988336613863618
6448,116.07560756075608,0.0013980973485925223
6449,116.0936093609361,0.0013974384731147472
6450,116.11161116111612,0.001396858170616598
6451,116.12961296129613,0.0013963514780517597
6452,116.14761476147615,0.0013959081392756747
6453,116.16561656165617,0.0013955138388542726
6454,116.18361836183618,0.0013951517327638594
6455,116.20162016201621,0.0013948041182505492
6456,116.21962196219623,0.0013944540746462556
6457,116.23762376237624,0.001394086913642978
6458,116.25562556255626,0.0013936913008740564
6459,116.27362736273628,0.001393259948348602
6460,116.2916291629163,0.001392789825478175
6461,116.30963096309631,0.0013922818900643633
6462,116.32763276327633,0.0013917403939301598
6463,116.34563456345634,0.001391171865031784
6464,116.36363636363637,0.001390583903576116
6465,116.38163816381639,0.0013899839497287629
6466,116.3996399639964,0.0013893781823997658
6467,116.41764176417642,0.0013887706917796185
6468,116.43564356435644,0.0013881630343047999
6469,116.45364536453646,0.001387554231093824
6470,116.47164716471647,0.0013869412148110106
6471,116.48964896489649,0.0013863196717255348
6472,116.5076507650765,0.001385685172234269
6473,116.52565256525654,0.0013850344408107903
6474,116.54365436543655,0.0013843665906785438
6475,116.56165616561657,0.001383684143216882
6476,116.57965796579659,0.001382993668713863
6477,116.5976597659766,0.0013823059226167709
6478,116.61566156615662,0.0013816354064639094
6479,116.63366336633663,0.0013809993495836695
6480,116.65166516651665,0.0013804161791557208
6481,116.66966696669667,0.0013799036142013582
6482,116.6876687668767,0.001379476575377557
6483,116.70567056705671,0.0013791451399065586
6484,116.72367236723673,0.00137891278420135
6485,116.74167416741675,0.0013787751428715159
6486,116.75967596759676,0.0013787194718774317
6487,116.77767776777678,0.0013787249387801743
6488,116.7956795679568,0.0013787637802978219
6489,116.81368136813681,0.001378803275022418
6490,116.83168316831683,0.0013788083869505415
6491,116.84968496849686,0.001378744853655595
6492,116.86768676867688,0.0013785824310282332
6493,116.88568856885689,0.0013782979723125294
6494,116.90369036903691,0.0013778780177421516
6495,116.92169216921693,0.001377320604128778
6496,116.93969396939694,0.0013766360692685992
6497,116.95769576957696,0.001375846718383714
6498,116.97569756975697,0.0013749853302343113
6499,116.99369936993699,0.0013740925979610595
6500,117.01170117011702,0.0013732137119176595
6501,117.02970297029704,0.0013723943866348024
6502,117.04770477047705,0.0013716767009779407
6503,117.06570657065707,0.001371095151541005
6504,117.08370837083709,0.001370673309982637
6505,117.1017101710171,0.001370421425175379
6506,117.11971197119712,0.0013703352248402518
6507,117.13771377137714,0.0013703960569081822
6508,117.15571557155715,0.0013705723795267234
6509,117.17371737173718,0.00137082247381648
6510,117.1917191719172,0.0013710981292365898
6511,117.20972097209722,0.0013713489509542297
6512,117.22772277227723,0.0013715268728498255
6513,117.24572457245725,0.001371590436128698
6514,117.26372637263727,0.0013715084149774758
6515,117.28172817281728,0.0013712624355453255
6516,117.2997299729973,0.0013708483363335088
6517,117.31773177317731,0.0013702761463982305
6518,117.33573357335734,0.001369568699217918
6519,117.35373537353736,0.0013687590397230387
6520,117.37173717371738,0.001367886904985382
6521,117.3897389738974,0.0013669946522601002
6522,117.40774077407741,0.001366123061452777
6523,117.42574257425743,0.0013653074468976318
6524,117.44374437443744,0.0013645744747515928
6525,117.46174617461746,0.001363940001553772
6526,117.47974797479748,0.0013634081354028348
6527,117.4977497749775,0.0013629715862659326
6528,117.51575157515752,0.0013626132309584552
6529,117.53375337533754,0.0013623086868104354
6530,117.55175517551756,0.001362029580418147
6531,117.56975697569757,0.0013617471259844834
6532,117.58775877587759,0.0013614355994335785
6533,117.6057605760576,0.0013610753127489303
6534,117.62376237623762,0.0013606547556362352
6535,117.64176417641765,0.001360171671487889
6536,117.65976597659767,0.0013596329603814438
6537,117.67776777677769,0.0013590534392127175
6538,117.6957695769577,0.0013584536224541981
6539,117.71377137713772,0.0013578568012723826
6540,117.73177317731773,0.0013572857808008582
6541,117.74977497749775,0.0013567596758280631
6542,117.76777677767777,0.0013562911592874519
6543,117.78577857785778,0.0013558845062435242
6544,117.80378037803781,0.0013555346842658031
6545,117.82178217821783,0.0013552276194730261
6546,117.83978397839785,0.0013549416298504766
6547,117.85778577857786,0.001354649879335709
6548,117.87578757875788,0.0013543235834186113
6549,117.8937893789379,0.001353935603760631
6550,117.91179117911791,0.0013534640165095604
6551,117.92979297929793,0.0013528952329865107
6552,117.94779477947795,0.0013522262934239685
6553,117.96579657965798,0.0013514660402127465
6554,117.98379837983799,0.0013506349974873088
6555,118.00180018001801,0.0013497639257057808
6556,118.01980198019803,0.001348891167521065
6557,118.03780378037804,0.0013480590382830239
6558,118.05580558055806,0.0013473096256090215
6559,118.07380738073807,0.0013466804350380774
6560,118.09180918091809,0.0013462003444551902
6561,118.10981098109811,0.0013458863054865635
6562,118.12781278127814,0.001345741157684187
6563,118.14581458145815,0.0013457528085824744
6564,118.16381638163817,0.0013458948916205934
6565,118.18181818181819,0.001346128859628052
6566,118.1998199819982,0.0013464073206942116
6567,118.21782178217822,0.001346678292065078
6568,118.23582358235824,0.0013468899503808799
6569,118.25382538253825,0.0013469954035528655
6570,118.27182718271827,0.0013469570065256663
6571,118.2898289828983,0.0013467497903077708
6572,118.30783078307832,0.0013463636657754577
6573,118.32583258325833,0.0013458041908292469
6574,118.34383438343835,0.0013450918377588875
6575,118.36183618361837,0.0013442598512173908
6576,118.37983798379838,0.0013433509296459486
6577,118.3978397839784,0.0013424130793140046
6578,118.41584158415841,0.0013414950683042685
6579,118.43384338433843,0.0013406419400053494
6580,118.45184518451846,0.0013398910292595186
6581,118.46984698469848,0.001339268861831329
6582,118.4878487848785,0.0013387892168407437
6583,118.50585058505851,0.001338452503817144
6584,118.52385238523853,0.0013382464653782697
6585,118.54185418541854,0.001338148078627147
6586,118.55985598559856,0.0013381264079960066
6587,118.57785778577858,0.0013381460720283394
6588,118.59585958595859,0.0013381709354866559
6589,118.61386138613862,0.0013381676307077097
6590,118.63186318631864,0.0013381085478861288
6591,118.64986498649866,0.0013379740077659723
6592,118.66786678667867,0.0013377534327726666
6593,118.68586858685869,0.0013374454516646608
6594,118.7038703870387,0.0013370569945261263
6595,118.72187218721872,0.0013366015456058023
6596,118.73987398739874,0.0013360968089775654
6597,118.75787578757875,0.0013355620970367593
6598,118.77587758775879,0.0013350157691566335
6599,118.7938793879388,0.0013344730265543471
6600,118.81188118811882,0.0013339443131420601
6601,118.82988298829883,0.0013334344883905189
6602,118.84788478847885,0.001332942837526652
6603,118.86588658865887,0.0013324638789605123
6604,118.88388838883888,0.00133198883120104
6605,118.9018901890189,0.0013315075230066929
6606,118.91989198919892,0.001331010479990056
6607,118.93789378937895,0.001330490903768326
6608,118.95589558955896,0.0013299462774208142
6609,118.97389738973898,0.0013293793807708381
6610,118.991899189919,0.0013287985744226437
6611,119.00990099009901,0.0013282173032186971
6612,119.02790279027903,0.0013276528667325708
6613,119.04590459045905,0.0013271245950268172
6614,119.06390639063906,0.0013266516415416049
6615,119.08190819081909,0.0013262506531326165
6616,119.09990999099911,0.0013259335945345252
6617,119.11791179117913,0.0013257059891551536
6618,119.13591359135914,0.0013255657921947062
6619,119.15391539153916,0.001325503041243045
6620,119.17191719171917,0.0013255003421596373
6621,119.18991899189919,0.0013255341544006895
6622,119.20792079207921,0.0013255767508183864
6623,119.22592259225922,0.0013255986524295046
6624,119.24392439243925,0.0013255712870065392
6625,119.26192619261927,0.0013254695970927634
6626,119.27992799279929,0.0013252743303465992
6627,119.2979297929793,0.0013249737816127185
6628,119.31593159315932,0.0013245648171319618
6629,119.33393339333934,0.0013240530894844938
6630,119.35193519351935,0.0013234524380771817
6631,119.36993699369937,0.0013227835544224783
6632,119.38793879387939,0.0013220720647666587
6633,119.40594059405942,0.0013213462370032943
6634,119.42394239423943,0.0013206345488477338
6635,119.44194419441945,0.0013199633575018813
6636,119.45994599459947,0.0013193548882144642
6637,119.47794779477948,0.0013188257139197274
6638,119.4959495949595,0.001318385836645426
6639,119.51395139513951,0.0013180384113859178
6640,119.53195319531953,0.0013177800830767238
6641,119.54995499549955,0.001317601845258751
6642,119.56795679567958,0.001317490281750636
6643,119.5859585958596,0.0013174290248442976
6644,119.60396039603961,0.0013174002573228224
6645,119.62196219621963,0.0013173861003601135
6646,119.63996399639964,0.001317369761932264
6647,119.65796579657966,0.0013173363655161802
6648,119.67596759675968,0.001317273429996536
6649,119.69396939693969,0.001317171021806412
6650,119.71197119711971,0.0013170216427963158
6651,119.72997299729974,0.0013168199468446603
6652,119.74797479747976,0.001316562391401538
6653,119.76597659765977,0.0013162469259299396
6654,119.78397839783979,0.0013158727989108358
6655,119.8019801980198,0.0013154405322299445
6656,119.81998199819982,0.0013149520715611198
6657,119.83798379837984,0.0013144110799643608
6658,119.85598559855985,0.0013138233056158527
6659,119.87398739873987,0.0013131969289602507
6660,119.8919891989199,0.0013125427837324764
6661,119.90999099909992,0.0013118743523290125
6662,119.92799279927993,0.0013112074586863359
6663,119.94599459945995,0.0013105596186025275
6664,119.96399639963997,0.0013099490537565866
6665,119.98199819981998,0.0013093934255331617
6666,120.0,0.0013089083914515163
6667,120.01800180018002,0.0013085061240006993
6668,120.03600360036003,0.001308193953490359
6669,120.05400540054006,0.0013079732993845
6670,120.07200720072008,0.0013078390370212989
6671,120.0900090009001,0.0013077794096957656
6672,120.10801080108011,0.0013077765433253234
6673,120.12601260126013,0.0013078075579678466
6674,120.14401440144015,0.0013078462044216865
6675,120.16201620162016,0.0013078648927509217
6676,120.18001800180018,0.0013078369303022087
6677,120.1980198019802,0.0013077387558710423
6678,120.21602160216023,0.0013075519484096044
6679,120.23402340234024,0.0013072648047770341
6680,120.25202520252026,0.0013068733204312023
6681,120.27002700270027,0.001306381465813172
6682,120.28802880288029,0.0013058007232843788
6683,120.30603060306031,0.0013051489269619355
6684,120.32403240324032,0.0013044485219873311
6685,120.34203420342034,0.001303724422194211
6686,120.36003600360037,0.0013030016885473192
6687,120.37803780378039,0.0013023032699137338
6688,120.3960396039604,0.0013016480402124892
6689,120.41404140414042,0.0013010493323268807
6690,120.43204320432044,0.0013005141129337023
6691,120.45004500450045,0.0013000428698354408
6692,120.46804680468047,0.0012996302026672373
6693,120.48604860486049,0.0012992660282194382
6694,120.5040504050405,0.0012989372422707232
6695,120.52205220522053,0.0012986296288729268
6696,120.54005400540055,0.0012983297815143983
6697,120.55805580558057,0.0012980268017760144
6698,120.57605760576058,0.001297713570037797
6699,120.5940594059406,0.0012973874363026144
6700,120.61206120612061,0.0012970502511615235
6701,120.63006300630063,0.001296707738981031
6702,120.64806480648065,0.0012963682978985108
6703,120.66606660666066,0.0012960413843415286
6704,120.6840684068407,0.001295735694682236
6705,120.70207020702071,0.0012954573864600888
6706,120.72007200720073,0.0012952085823673392
6707,120.73807380738074,0.0012949863712634765
6708,120.75607560756076,0.0012947824647249785
6709,120.77407740774078,0.0012945835911093312
6710,120.79207920792079,0.001294372620433894
6711,120.81008100810081,0.0012941303227466197
6712,120.82808280828083,0.0012938375807335979
6713,120.84608460846086,0.001293477813908114
6714,120.86408640864087,0.001293039334748655
6715,120.88208820882089,0.0012925173515988793
6716,120.9000900090009,0.0012919153604926785
6717,120.91809180918092,0.0012912457260591155
6718,120.93609360936094,0.0012905293344835811
6719,120.95409540954095,0.0012897943003991254
6720,120.97209720972097,0.0012890738138080983
6721,120.99009900990099,0.0012884033111369472
6722,121.00810081008102,0.0012878172352408306
6723,121.02610261026103,0.001287345703274082
6724,121.04410441044105,0.0012870114223094144
6725,121.06210621062107,0.0012868271774747835
6726,121.08010801080108,0.0012867941671707767
6727,121.0981098109811,0.0012869013794887753
6728,121.11611161116112,0.0012871261014881835
6729,121.13411341134113,0.0012874355392100136
6730,121.15211521152115,0.0012877894132216918
6731,121.17011701170118,0.0012881432941317381
6732,121.1881188118812,0.0012884523655995225
6733,121.20612061206121,0.0012886752571324093
6734,121.22412241224123,0.0012887775802643043
6735,121.24212421242125,0.0012887348304958847
6736,121.26012601260126,0.0012885343805939652
6737,121.27812781278128,0.0012881763817851534
6738,121.2961296129613,0.0012876734984125567
6739,121.31413141314131,0.0012870495172717985
6740,121.33213321332134,0.0012863369830183602
6741,121.35013501350136,0.0012855741043582033
6742,121.36813681368137,0.0012848012427346385
6743,121.38613861386139,0.0012840573293555375
6744,121.40414041404141,0.0012833765546947126
6745,121.42214221422142,0.0012827856379201634
6746,121.44014401440144,0.0012823019166072335
6747,121.45814581458146,0.0012819324072758946
6748,121.47614761476147,0.0012816738846829889
6749,121.4941494149415,0.001281513923469036
6750,121.51215121512152,0.0012814327506909529
6751,121.53015301530154,0.001281405681687564
6752,121.54815481548155,0.0012814058620678268
6753,121.56615661566157,0.0012814070197967886
6754,121.58415841584159,0.0012813859443730215
6755,121.6021602160216,0.0012813244524915166
6756,121.62016201620162,0.0012812106658341097
6757,121.63816381638163,0.0012810395087932047
6758,121.65616561656167,0.0012808124226140584
6759,121.67416741674168,0.0012805363778302166
6760,121.6921692169217,0.001280222339833438
6761,121.71017101710171,0.001279883395476111
6762,121.72817281728173,0.001279532776675723
6763,121.74617461746175,0.0012791820178921266
6764,121.76417641764176,0.001278839458931136
6765,121.78217821782178,0.0012785092564958583
6766,121.80018001800181,0.001278191003315862
6767,121.81818181818183,0.001277879980207803
6768,121.83618361836184,0.001277567992458038
6769,121.85418541854186,0.0012772446756501433
6770,121.87218721872188,0.0012768991045644265
6771,121.89018901890189,0.001276521507284608
6772,121.90819081908191,0.001276104878035486
6773,121.92619261926193,0.0012756462968271103
6774,121.94419441944194,0.001275147799440475
6775,121.96219621962197,0.0012746166931939756
6776,121.98019801980199,0.0012740652761694645
6777,121.998199819982,0.00127350998311838
6778,122.01620162016202,0.0012729700429512923
6779,122.03420342034204,0.001272465784034002
6780,122.05220522052205,0.0012720167593029972
6781,122.07020702070207,0.00127163988015471
6782,122.08820882088209,0.0012713477449751806
6783,122.1062106210621,0.0012711473260586924
6784,122.12421242124213,0.0012710391404994975
6785,122.14221422142215,0.0012710169809902086
6786,122.16021602160217,0.001271068226901884
6787,122.17821782178218,0.0012711747004993796
6788,122.1962196219622,0.0012713139833150143
6789,122.21422142214222,0.0012714610683306937
6790,122.23222322232223,0.0012715901981127842
6791,122.25022502250225,0.0012716767291637322
6792,122.26822682268227,0.001271698868510848
6793,122.2862286228623,0.0012716391483149718
6794,122.30423042304231,0.0012714855350613587
6795,122.32223222322233,0.0012712321077658203
6796,122.34023402340235,0.0012708792802299783
6797,122.35823582358236,0.0012704335814347726
6798,122.37623762376238,0.0012699070419576546
6799,122.3942394239424,0.0012693162600612127
6800,122.41224122412241,0.001268681237234911
6801,122.43024302430243,0.0012680240791394328
6802,122.44824482448246,0.0012673676549448335
6803,122.46624662466247,0.0012667342977627082
6804,122.48424842484249,0.0012661446136679705
6805,122.50225022502251,0.0012656164493472827
6806,122.52025202520252,0.001265164051210664
6807,122.53825382538254,0.0012647974338854103
6808,122.55625562556256,0.0012645219646697725
6809,122.57425742574257,0.0012643381631947037
6810,122.59225922592259,0.001264241711820202
6811,122.61026102610262,0.0012642236710736542
6812,122.62826282628264,0.001264270894165821
6813,122.64626462646265,0.001264366633603661
6814,122.66426642664267,0.001264491329665417
6815,122.68226822682269,0.0012646235640185553
6816,122.7002700270027,0.0012647411517791296
6817,122.71827182718272,0.001264822332399893
6818,122.73627362736273,0.0012648470053192309
6819,122.75427542754275,0.001264797942344924
6820,122.77227722772278,0.0012646618977132887
6821,122.7902790279028,0.001264430531110925
6822,122.80828082808281,0.0012641010607704467
6823,122.82628262826283,0.0012636765744217884
6824,122.84428442844285,0.0012631659457447673
6825,122.86228622862286,0.001262583332180393
6826,122.88028802880288,0.0012619472644579248
6827,122.8982898289829,0.0012612793758529262
6828,122.91629162916291,0.0012606028561140132
6829,122.93429342934294,0.0012599407469475058
6830,122.95229522952296,0.0012593142188638666
6831,122.97029702970298,0.0012587409796888235
6832,122.98829882988299,0.0012582339609119452
6833,123.00630063006301,0.0012578004085927034
6834,123.02430243024303,0.0012574414717962622
6835,123.04230423042304,0.001257152336229083
6836,123.06030603060306,0.0012569228981332507
6837,123.07830783078307,0.001256738918918946
6838,123.0963096309631,0.0012565835503442143
6839,123.11431143114312,0.0012564390790492138
6840,123.13231323132314,0.0012562887128820862
6841,123.15031503150315,0.0012561182232744272
6842,123.16831683168317,0.0012559172696066034
6843,123.18631863186319,0.0012556802625528943
6844,123.2043204320432,0.0012554066711147863
6845,123.22232223222322,0.0012551007377466705
6846,123.24032403240325,0.001254770631424092
6847,123.25832583258327,0.0012544271325824084
6848,123.27632763276328,0.0012540819993304962
6849,123.2943294329433,0.001253746204689618
6850,123.31233123312332,0.001253428254757667
6851,123.33033303330333,0.0012531327946839986
6852,123.34833483348335,0.0012528596826882038
6853,123.36633663366337,0.0012526036642385848
6854,123.38433843384338,0.0012523547135741848
6855,123.40234023402341,0.0012520990347064203
6856,123.42034203420343,0.0012518206369296668
6857,123.43834383438345,0.001251503329267339
6858,123.45634563456346,0.0012511329223090781
6859,123.47434743474348,0.0012506993913355335
6860,123.4923492349235,0.0012501987461152146
6861,123.51035103510351,0.0012496343722113812
6862,123.52835283528353,0.0012490176549603718
6863,123.54635463546354,0.0012483677664026347
6864,123.56435643564357,0.0012477105806681377
6865,123.58235823582359,0.0012470767759798717
6866,123.60036003600361,0.0012464992718034292
6867,123.61836183618362,0.0012460102279471322
6868,123.63636363636364,0.0012456378898155003
6869,123.65436543654366,0.0012454035937266286
6870,123.67236723672367,0.0012453192441603243
6871,123.69036903690369,0.0012453855402095176
6872,123.7083708370837,0.0012455911639807158
6873,123.72637263726374,0.00124591305507387
6874,123.74437443744375,0.0012463177910853392
6875,123.76237623762377,0.001246763984673862
6876,123.78037803780379,0.0012472055042421814
6877,123.7983798379838,0.001247595238481025
6878,123.81638163816382,0.0012478890641523235
6879,123.83438343834383,0.0012480496483107152
6880,123.85238523852385,0.001248049724180899
6881,123.87038703870387,0.0012478745239617737
6882,123.8883888388839,0.0012475231280491075
6883,123.90639063906391,0.0012470085913321328
6884,123.92439243924393,0.00124635682344936
6885,123.94239423942395,0.0012456043196466045
6886,123.96039603960396,0.0012447949501409798
6887,123.97839783978398,0.0012439761073858946
6888,123.996399639964,0.00124319457300595
6889,124.01440144014401,0.0012424924929859227
6890,124.03240324032403,0.0012419038381074614
6891,124.05040504050406,0.0012414516776952699
6892,124.06840684068408,0.0012411465133493431
6893,124.0864086408641,0.0012409858137243288
6894,124.10441044104411,0.0012409547722931809
6895,124.12241224122413,0.0012410281895144188
6896,124.14041404140414,0.0012411732711669695
6897,124.15841584158416,0.0012413530469496637
6898,124.17641764176417,0.0012415300566007603
6899,124.19441944194419,0.0012416699304070979
6900,124.21242124212422,0.0012417445088803256
6901,124.23042304230424,0.0012417342004388842
6902,124.24842484248425,0.001241629360260112
6903,124.26642664266427,0.00124143057904745
6904,124.28442844284429,0.0012411478861131028
6905,124.3024302430243,0.001240798984741273
6906,124.32043204320432,0.0012404067373988172
6907,124.33843384338434,0.001239996193672731
6908,124.35643564356435,0.0012395914971356026
6909,124.37443744374438,0.0012392130143965112
6910,124.3924392439244,0.0012388749999712593
6911,124.41044104410442,0.0012385840477723102
6912,124.42844284428443,0.0012383384909385633
6913,124.44644464446445,0.0012381288060975082
6914,124.46444644464447,0.00123793896736742
6915,124.48244824482448,0.0012377485913249275
6916,124.5004500450045,0.0012375356278519465
6917,124.51845184518453,0.0012372792923424848
6918,124.53645364536455,0.0012369629083835158
6919,124.55445544554456,0.0012365763393615617
6920,124.57245724572458,0.0012361177313149993
6921,124.5904590459046,0.0012355943629221685
6922,124.60846084608461,0.0012350224938402008
6923,124.62646264626463,0.0012344262094903956
6924,124.64446444644464,0.0012338353674701177
6925,124.66246624662466,0.0012332828467612137
6926,124.68046804680469,0.0012328013757509327
6927,124.69846984698471,0.001232420261030853
6928,124.71647164716472,0.0012321623513297149
6929,124.73447344734474,0.0012320415486580007
6930,124.75247524752476,0.0012320611243149516
6931,124.77047704770477,0.0012322130166829452
6932,124.78847884788479,0.0012324781892350952
6933,124.8064806480648,0.0012328280211931829
6934,124.82448244824482,0.0012332266007369398
6935,124.84248424842485,0.0012336337020379415
6936,124.86048604860487,0.0012340081615577311
6937,124.87848784878489,0.001234311332427723
6938,124.8964896489649,0.0012345102916360067
6939,124.91449144914492,0.0012345805031096719
6940,124.93249324932493,0.0012345076971960226
6941,124.95049504950495,0.0012342888071887092
6942,124.96849684968497,0.0012339318978772365
6943,124.98649864986498,0.0012334551197938138
6944,125.00450045004501,0.0012328848158141932
6945,125.02250225022503,0.001232252984762934
6946,125.04050405040505,0.001231594362144025
6947,125.05850585058506,0.0012309434060186473
6948,125.07650765076508,0.001230331474292074
6949,125.0945094509451,0.001229784449271328
6950,125.11251125112511,0.0012293210102663603
6951,125.13051305130513,0.0012289516816409345
6952,125.14851485148515,0.0012286787002149854
6953,125.16651665166518,0.0012284966612586886
6954,125.1845184518452,0.0012283938253587173
6955,125.20252025202521,0.0012283539069858121
6956,125.22052205220523,0.0012283581256069568
6957,125.23852385238524,0.0012283872851811817
6958,125.25652565256526,0.001228423658612953
6959,125.27452745274528,0.0012284524881916933
6960,125.29252925292529,0.0012284629666948657
6961,125.31053105310531,0.0012284486301908201
6962,125.32853285328534,0.001228407164934508
6963,125.34653465346535,0.0012283396990294888
6964,125.36453645364537,0.0012282497071819853
6965,125.38253825382539,0.0012281416976800974
6966,125.4005400540054,0.0012280198704779006
6967,125.41854185418542,0.0012278869321644718
6968,125.43654365436544,0.0012277432284629108
6969,125.45454545454545,0.0012275863110183414
6970,125.47254725472547,0.0012274109979608205
6971,125.4905490549055,0.0012272099238935393
6972,125.50855085508552,0.0012269745120682984
6973,125.52655265526553,0.0012266962469142419
6974,125.54455445544555,0.0012263680851390649
6975,125.56255625562557,0.0012259858229814943
6976,125.58055805580558,0.0012255492382930316
6977,125.5985598559856,0.0012250628489091345
6978,125.61656165616562,0.0012245361706918856
6979,125.63456345634563,0.0012239834149479411
6980,125.65256525652566,0.001223422629241954
6981,125.67056705670568,0.0012228743505912777
6982,125.6885688568857,0.0012223598981820933
6983,125.70657065706571,0.0012218994773643813
6984,125.72457245724573,0.0012215102925332542
6985,125.74257425742574,0.0012212048704557765
6986,125.76057605760576,0.0012209897769842732
6987,125.77857785778578,0.0012208648707925011
6988,125.7965796579658,0.0012208231820121866
6989,125.81458145814582,0.0012208514375563737
6990,125.83258325832584,0.0012209311858175458
6991,125.85058505850586,0.0012210404090331757
6992,125.86858685868587,0.0012211554591422332
6993,125.88658865886589,0.0012212531183329479
6994,125.9045904590459,0.0012213125726441803
6995,125.92259225922592,0.0012213170974332774
6996,125.94059405940594,0.0012212552861499745
6997,125.95859585958597,0.0012211217050421917
6998,125.97659765976599,0.0012209169204453589
6999,125.994599459946,0.0012206469149832688
7000,126.01260126012602,0.0012203219764891134
7001,126.03060306030603,0.0012199552011186688
7002,126.04860486048605,0.0012195607934427856
7003,126.06660666066607,0.0012191523665768854
7004,126.08460846084608,0.001218741442308875
7005,126.1026102610261,0.001218336325048208
7006,126.12061206120613,0.0012179414771848244
7007,126.13861386138615,0.0012175574623647554
7008,126.15661566156616,0.0012171814542223927
7009,126.17461746174618,0.0012168082391603538
7010,126.1926192619262,0.0012164315807859636
7011,126.21062106210621,0.0012160457676997495
7012,126.22862286228623,0.0012156471409307925
7013,126.24662466246625,0.0012152353955904626
7014,126.26462646264626,0.0012148144737808035
7015,126.2826282628263,0.0012143929102285834
7016,126.30063006300631,0.0012139835537979212
7017,126.31863186318633,0.001213602660244289
7018,126.33663366336634,0.001213268426323989
7019,126.35463546354636,0.001212999104286659
7020,126.37263726372638,0.0012128108910033815
7021,126.39063906390639,0.001212715821066946
7022,126.40864086408641,0.0012127199038086116
7023,126.42664266426642,0.001212821728584544
7024,126.44464446444645,0.0012130117219942664
7025,126.46264626462647,0.0012132721787371703
7026,126.48064806480649,0.0012135781107701215
7027,126.4986498649865,0.0012138988751876935
7028,126.51665166516652,0.0012142004585777048
7029,126.53465346534654,0.0012144482232432933
7030,126.55265526552655,0.0012146098664047524
7031,126.57065706570657,0.0012146583132935378
7032,126.58865886588659,0.0012145742624991099
7033,126.60666066606662,0.0012143481277855854
7034,126.62466246624663,0.0012139811727075065
7035,126.64266426642665,0.001213485707859123
7036,126.66066606660667,0.0012128843083978275
7037,126.67866786678668,0.0012122081029774087
7038,126.6966696669667,0.001211494275146105
7039,126.71467146714672,0.0012107829956260288
7040,126.73267326732673,0.0012101140609011493
7041,126.75067506750675,0.0012095235443870236
7042,126.76867686768678,0.001209040767890854
7043,126.7866786678668,0.0012086858727538418
7044,126.80468046804681,0.0012084682146014096
7045,126.82268226822683,0.0012083857283099585
7046,126.84068406840684,0.00120842531810506
7047,126.85868586858686,0.0012085642305499703
7048,126.87668766876688,0.0012087722750392074
7049,126.8946894689469,0.0012090146763793933
7050,126.91269126912691,0.0012092552849447958
7051,126.93069306930694,0.0012094598375145015
7052,126.94869486948696,0.0012095989593913007
7053,126.96669666966697,0.001209650625990258
7054,126.98469846984699,0.001209601857032561
7055,127.002700270027,0.0012094494933564729
7056,127.02070207020702,0.001209199997572534
7057,127.03870387038704,0.0012088683163388636
7058,127.05670567056706,0.0012084759343837497
7059,127.07470747074707,0.001208048329436821
7060,127.0927092709271,0.0012076120951453903
7061,127.11071107110712,0.0012071920301328666
7062,127.12871287128714,0.0012068084925451836
7063,127.14671467146715,0.001206475290635121
7064,127.16471647164717,0.0012061983240388152
7065,127.18271827182718,0.001205975112984721
7066,127.2007200720072,0.0012057952614735862
7067,127.21872187218722,0.0012056418045898183
7068,127.23672367236723,0.0012054932991438679
7069,127.25472547254726,0.0012053264399189796
7070,127.27272727272728,0.0012051189286405826
7071,127.2907290729073,0.0012048522949823603
7072,127.30873087308731,0.0012045143713341764
7073,127.32673267326733,0.0012041011555422479
7074,127.34473447344735,0.001203617855253783
7075,127.36273627362736,0.001203078988030286
7076,127.38073807380738,0.0012025075050983982
7077,127.39873987398741,0.0012019330042235068
7078,127.41674167416743,0.001201389189054393
7079,127.43474347434744,0.0012009108092892044
7080,127.45274527452746,0.0012005303705070593
7081,127.47074707470748,0.0012002749290651847
7082,127.48874887488749,0.001200163283402283
7083,127.50675067506751,0.0012002038387474248
7084,127.52475247524752,0.0012003933609148483
7085,127.54275427542754,0.0012007167525051453
7086,127.56075607560757,0.001201147889407935
7087,127.57875787578759,0.0012016514562278354
7088,127.5967596759676,0.0012021856256844577
7089,127.61476147614762,0.0012027053481108486
7090,127.63276327632764,0.0012031659603614442
7091,127.65076507650765,0.0012035267940177096
7092,127.66876687668767,0.0012037544633426592
7093,127.68676867686769,0.0012038255436775552
7094,127.7047704770477,0.0012037284077501171
7095,127.72277227722773,0.0012034640650362798
7096,127.74077407740775,0.0012030459403363355
7097,127.75877587758777,0.0012024986233892454
7098,127.77677767776778,0.0012018557126573983
7099,127.7947794779478,0.0012011569549439073
7100,127.81278127812782,0.001200444941202408
7101,127.83078307830783,0.0011997616527260205
7102,127.84878487848785,0.0011991451582723895
7103,127.86678667866786,0.0011986267416486816
7104,127.8847884788479,0.0011982286934675082
7105,127.90279027902791,0.0011979629350685932
7106,127.92079207920793,0.0011978305635865574
7107,127.93879387938794,0.0011978223224933335
7108,127.95679567956796,0.0011979199196135407
7109,127.97479747974798,0.00119809804210199
7110,127.992799279928,0.001198326861530054
7111,128.01080108010802,0.001198574786686235
7112,128.02880288028803,0.0011988112095002276
7113,128.04680468046806,0.001199009000937446
7114,128.06480648064806,0.001199146546867717
7115,128.0828082808281,0.001199209164928279
7116,128.1008100810081,0.0011991898069071145
7117,128.11881188118812,0.00119908902084092
7118,128.13681368136815,0.0011989142161992498
7119,128.15481548154816,0.001198678337857971
7120,128.1728172817282,0.0011983981045776341
7121,128.1908190819082,0.0011980920012726738
7122,128.20882088208822,0.0011977782290390655
7123,128.22682268226822,0.0011974728120922676
7124,128.24482448244825,0.0011971880376596552
7125,128.26282628262825,0.0011969313663103493
7126,128.28082808280828,0.0011967049003323612
7127,128.29882988298831,0.0011965054415958402
7128,128.31683168316832,0.0011963251132630097
7129,128.33483348334835,0.0011961524669835632
7130,128.35283528352835,0.0011959739535110081
7131,128.37083708370838,0.0011957756036557233
7132,128.38883888388838,0.0011955447505310227
7133,128.4068406840684,0.0011952716240795594
7134,128.42484248424842,0.0011949506643460165
7135,128.44284428442845,0.0011945814289841608
7136,128.46084608460848,0.001194169010010504
7137,128.47884788478848,0.0011937239209820066
7138,128.4968496849685,0.001193261464275631
7139,128.5148514851485,0.0011928006346305139
7140,128.53285328532854,0.0011923626555636235
7141,128.55085508550854,0.0011919692763450998
7142,128.56885688568858,0.0011916409765165758
7143,128.58685868586858,0.0011913952311563883
7144,128.6048604860486,0.0011912449831142232
7145,128.62286228622864,0.00119119744926285
7146,128.64086408640864,0.0011912533584517151
7147,128.65886588658867,0.001191406682088218
7148,128.67686768676867,0.0011916448774214189
7149,128.6948694869487,0.001191949622176066
7150,128.7128712871287,0.0011922979806039142
7151,128.73087308730874,0.0011926639083314921
7152,128.74887488748874,0.0011930199790219208
7153,128.76687668766877,0.0011933392014821494
7154,128.7848784878488,0.0011935967922011915
7155,128.8028802880288,0.001193771775261595
7156,128.82088208820883,0.001193848298141914
7157,128.83888388838884,0.0011938165764151481
7158,128.85688568856887,0.0011936734104947156
7159,128.87488748874887,0.0011934222507964413
7160,128.8928892889289,0.0011930728212754002
7161,128.9108910891089,0.0011926403426733517
7162,128.92889288928893,0.001192144423702977
7163,128.94689468946896,0.0011916077089949711
7164,128.96489648964896,0.0011910543857280482
7165,128.982898289829,0.00119050865587693
7166,129.000900090009,0.0011899932780263178
7167,129.01890189018903,0.0011895282723881696
7168,129.03690369036903,0.0011891298662128154
7169,129.05490549054906,0.0011888097357757683
7170,129.07290729072906,0.001188574577365568
7171,129.0909090909091,0.0011884260150941187
7172,129.10891089108912,0.0011883608297387888
7173,129.12691269126913,0.0011883714718496218
7174,129.14491449144916,0.0011884468053562848
7175,129.16291629162916,0.0011885730158493093
7176,129.1809180918092,0.001188734611126064
7177,129.1989198919892,0.0011889154405880808
7178,129.21692169216922,0.0011890996643480723
7179,129.23492349234922,0.0011892726117872193
7180,129.25292529252926,0.0011894214818459752
7181,129.2709270927093,0.001189535852383858
7182,129.2889288928893,0.0011896079822509345
7183,129.30693069306932,0.0011896329060126485
7184,129.32493249324932,0.0011896083363761272
7185,129.34293429342935,0.0011895344022556167
7186,129.36093609360935,0.0011894132602822299
7187,129.37893789378938,0.0011892486238682662
7188,129.39693969396941,0.0011890452564260919
7189,129.41494149414942,0.0011888084740530893
7190,129.43294329432945,0.0011885436982382348
7191,129.45094509450945,0.0011882560914730676
7192,129.46894689468948,0.0011879502987995102
7193,129.48694869486948,0.0011876303071708934
7194,129.5049504950495,0.001187299422972995
7195,129.52295229522952,0.0011869603570775324
7196,129.54095409540955,0.001186615397235152
7197,129.55895589558958,0.0011862666401790812
7198,129.57695769576958,0.0011859162510410109
7199,129.5949594959496,0.0011855667158940286
7200,129.6129612961296,0.0011852210545105042
7201,129.63096309630964,0.0011848829645912358
7202,129.64896489648964,0.0011845568753949857
7203,129.66696669666968,0.0011842478972919157
7204,129.68496849684968,0.0011839616635505258
7205,129.7029702970297,0.0011837040708287162
7206,129.72097209720974,0.0011834809345358688
7207,129.73897389738974,0.001183297583667105
7208,129.75697569756977,0.0011831584261935973
7209,129.77497749774977,0.0011830665200926386
7210,129.7929792979298,0.001183023186289932
7211,129.8109810981098,0.001183027698060524
7212,129.82898289828984,0.0011830770769239278
7213,129.84698469846984,0.0011831660181215468
7214,129.86498649864987,0.0011832869599199942
7215,129.8829882988299,0.0011834303009240546
7216,129.9009900990099,0.001183584759077343
7217,129.91899189918993,0.0011837378558710288
7218,129.93699369936994,0.0011838765002246362
7219,129.95499549954997,0.0011839876392027394
7220,129.97299729972997,0.0011840589376940084
7221,129.99099909991,0.0011840794467266273
7222,130.00900090009,0.0011840402203474104
7223,130.02700270027003,0.0011839348438662872
7224,130.04500450045006,0.0011837598414923172
7225,130.06300630063006,0.0011835149385334962
7226,130.0810081008101,0.0011832031618583421
7227,130.0990099009901,0.001182830771616029
7228,130.11701170117013,0.0011824070266646422
7229,130.13501350135013,0.0011819437951799741
7230,130.15301530153016,0.0011814550300035822
7231,130.17101710171016,0.001180956135037559
7232,130.1890189018902,0.0011804632541277474
7233,130.20702070207022,0.0011799925172466229
7234,130.22502250225023,0.0011795592803589103
7235,130.24302430243026,0.0011791773951938312
7236,130.26102610261026,0.001178858543398485
7237,130.2790279027903,0.0011786116663920763
7238,130.2970297029703,0.0011784425178898435
7239,130.31503150315032,0.001178353360723849
7240,130.33303330333032,0.001178342823452132
7241,130.35103510351036,0.001178405925498726
7242,130.3690369036904,0.0011785342723756313
7243,130.3870387038704,0.0011787164150802788
7244,130.40504050405042,0.0011789383602340937
7245,130.42304230423042,0.0011791842101613174
7246,130.44104410441045,0.001179436905185667
7247,130.45904590459045,0.0011796790342781804
7248,130.47704770477048,0.0011798936752032687
7249,130.4950495049505,0.0011800652218849244
7250,130.51305130513052,0.0011801801552471292
7251,130.53105310531055,0.0011802277146170394
7252,130.54905490549055,0.00118020043016307
7253,130.56705670567058,0.0011800944828714815
7254,130.58505850585058,0.0011799098671568902
7255,130.6030603060306,0.0011796503420471401
7256,130.62106210621062,0.0011793231694512615
7257,130.63906390639065,0.00117893865156633
7258,130.65706570657065,0.0011785094930881626
7259,130.67506750675068,0.0011780500265332367
7260,130.6930693069307,0.0011775753495984612
7261,130.7110711071107,0.0011771004310891034
7262,130.72907290729074,0.0011766392457095865
7263,130.74707470747074,0.0011762039973697484
7264,130.76507650765078,0.0011758044853813748
7265,130.78307830783078,0.0011754476581633665
7266,130.8010801080108,0.0011751373853990223
7267,130.8190819081908,0.0011748744629399325
7268,130.83708370837084,0.0011746568463929235
7269,130.85508550855087,0.0011744800907517593
7270,130.87308730873087,0.0011743379562380609
7271,130.8910891089109,0.0011742231262496271
7272,130.9090909090909,0.0011741279733462737
7273,130.92709270927094,0.0011740453045758206
7274,130.94509450945094,0.0011739690187615361
7275,130.96309630963097,0.0011738946157278528
7276,130.98109810981097,0.0011738195103778463
7277,130.999099909991,0.0011737431220709986
7278,131.01710171017103,0.0011736667304412982
7279,131.03510351035104,0.0011735931108610175
7280,131.05310531053107,0.0011735259842198685
7281,131.07110711071107,0.0011734693345655215
7282,131.0891089108911,0.0011734266626195668
7283,131.1071107110711,0.001173400251765872
7284,131.12511251125113,0.0011733905248182135
7285,131.14311431143113,0.001173395564316985
7286,131.16111611161116,0.0011734108565391145
7287,131.1791179117912,0.001173429300731944
7288,131.1971197119712,0.0011734415017882205
7289,131.21512151215123,0.0011734363386150376
7290,131.23312331233123,0.001173401774069938
7291,131.25112511251126,0.001173325847905228
7292,131.26912691269126,0.0011731977739413266
7293,131.2871287128713,0.001173009048643413
7294,131.3051305130513,0.001172754471879609
7295,131.32313231323133,0.0011724329827421192
7296,131.34113411341136,0.0011720482240461683
7297,131.35913591359136,0.0011716087678657631
7298,131.3771377137714,0.0011711279598869643
7299,131.3951395139514,0.0011706233705067982
7300,131.41314131413142,0.001170115873060633
7301,131.43114311431142,0.0011696284016352754
7302,131.44914491449146,0.0011691844698815128
7303,131.46714671467146,0.001168806555527021
7304,131.4851485148515,0.0011685144707600942
7305,131.50315031503152,0.0011683238447588397
7306,131.52115211521152,0.0011682448405725512
7307,131.53915391539155,0.0011682812143502688
7308,131.55715571557155,0.0011684298014319762
7309,131.57515751575158,0.0011686804827480894
7310,131.5931593159316,0.0011690166486695319
7311,131.61116111611162,0.0011694161387681944
7312,131.62916291629162,0.0011698525980153535
7313,131.64716471647165,0.001170297155907408
7314,131.66516651665168,0.0011707203077623667
7315,131.68316831683168,0.001171093859376443
7316,131.7011701170117,0.0011713927890556921
7317,131.71917191719172,0.0011715968855575886
7318,131.73717371737175,0.0011716920365429178
7319,131.75517551755175,0.0011716710686267792
7320,131.77317731773178,0.001171534075004439
7321,131.79117911791178,0.0011712882071389895
7322,131.8091809180918,0.0011709469498296272
7323,131.82718271827184,0.0011705289405719358
7324,131.84518451845184,0.001170056430958265
7325,131.86318631863188,0.0011695535167808439
7326,131.88118811881188,0.0011690442819582846
7327,131.8991899189919,0.0011685510077359953
7328,131.9171917191719,0.0011680925921693688
7329,131.93519351935194,0.001167683306141512
7330,131.95319531953194,0.0011673319826293537
7331,131.97119711971197,0.001167041698108323
7332,131.989198919892,0.0011668099621233888
7333,132.007200720072,0.0011666293868744253
7334,132.02520252025204,0.0011664887670356932
7335,132.04320432043204,0.0011663744646263545
7336,132.06120612061207,0.0011662719677153893
7337,132.07920792079207,0.0011661674774102481
7338,132.0972097209721,0.0011660493762401393
7339,132.1152115211521,0.001165909442840263
7340,132.13321332133214,0.0011657437017340846
7341,132.15121512151217,0.001165552830866257
7342,132.16921692169217,0.001165342090327704
7343,132.1872187218722,0.0011651207797736419
7344,132.2052205220522,0.0011649012754042308
7345,132.22322232223223,0.001164697736153966
7346,132.24122412241223,0.0011645245994340604
7347,132.25922592259226,0.0011643950066354649
7348,132.2772277227723,0.0011643193058533468
7349,132.2952295229523,0.0011643037732982611
7350,132.31323132313233,0.0011643496761675283
7351,132.33123312331233,0.0011644527700502714
7352,132.34923492349236,0.001164603285893369
7353,132.36723672367236,0.0011647864185559428
7354,132.3852385238524,0.0011649832848345774
7355,132.4032403240324,0.0011651722774341062
7356,132.42124212421243,0.001165330706296909
7357,132.43924392439246,0.0011654365930045814
7358,132.45724572457246,0.0011654704697974861
7359,132.4752475247525,0.0011654170332587293
7360,132.4932493249325,0.0011652665139083142
7361,132.51125112511252,0.0011650156457847713
7362,132.52925292529252,0.0011646681525093064
7363,132.54725472547256,0.0011642347055019152
7364,132.56525652565256,0.0011637323525971106
7365,132.5832583258326,0.0011631834577104242
7366,132.60126012601262,0.0011626142309433835
7367,132.61926192619262,0.001162052960468065
7368,132.63726372637265,0.0011615280802161323
7369,132.65526552655265,0.001161066219143536
7370,132.67326732673268,0.0011606903779154607
7371,132.6912691269127,0.0011604183674873078
7372,132.70927092709272,0.0011602616223923754
7373,132.72727272727272,0.0011602244715265486
7374,132.74527452745275,0.0011603039133949028
7375,132.76327632763278,0.0011604899040939779
7376,132.78127812781278,0.0011607661278219634
7377,132.7992799279928,0.001161111184407977
7378,132.81728172817282,0.0011615000988614097
7379,132.83528352835285,0.0011619060363663503
7380,132.85328532853285,0.0011623020939117911
7381,132.87128712871288,0.0011626630375260896
7382,132.88928892889288,0.0011629668617590121
7383,132.9072907290729,0.0011631960647669316
7384,132.92529252925294,0.0011633385565879444
7385,132.94329432943294,0.001163388147907887
7386,132.96129612961298,0.001163344599427153
7387,132.97929792979298,0.001163213245293102
7388,132.997299729973,0.0011630042354466104
7389,133.015301530153,0.0011627314688439363
7390,133.03330333033304,0.0011624113104370978
7391,133.05130513051304,0.0011620611981175662
7392,133.06930693069307,0.0011616982507409689
7393,133.0873087308731,0.0011613379846904255
7394,133.1053105310531,0.001160993234681552
7395,133.12331233123314,0.0011606733557333823
7396,133.14131413141314,0.001160383758999855
7397,133.15931593159317,0.0011601258064262681
7398,133.17731773177317,0.0011598970601414185
7399,133.1953195319532,0.0011596918543589172
7400,133.2133213321332,0.0011595021324768936
7401,133.23132313231324,0.0011593184719085286
7402,133.24932493249327,0.0011591312054249308
7403,133.26732673267327,0.0011589315414199197
7404,133.2853285328533,0.0011587125869172044
7405,133.3033303330333,0.001158470186138582
7406,133.32133213321333,0.00115820350326707
7407,133.33933393339333,0.0011579152993832441
7408,133.35733573357336,0.0011576118787269627
7409,133.37533753375337,0.001157302706456132
7410,133.3933393339334,0.0011569997268263965
7411,133.41134113411343,0.001156716435119497
7412,133.42934293429343,0.001156466776813982
7413,133.44734473447346,0.0011562639618648977
7414,133.46534653465346,0.0011561192894381962
7415,133.4833483348335,0.0011560410784644923
7416,133.5013501350135,0.001156033791948403
7417,133.51935193519353,0.0011560974286787546
7418,133.53735373537353,0.0011562272359449944
7419,133.55535553555356,0.0011564137726264936
7420,133.5733573357336,0.001156643325453202
7421,133.5913591359136,0.0011568986543772316
7422,133.60936093609362,0.001157160017900034
7423,133.62736273627362,0.0011574064077766258
7424,133.64536453645366,0.001157616906386266
7425,133.66336633663366,0.0011577720704218743
7426,133.6813681368137,0.0011578552421115484
7427,133.6993699369937,0.0011578536940930687
7428,133.71737173717372,0.0011577595259064587
7429,133.73537353735375,0.0011575702479170627
7430,133.75337533753375,0.0011572890109525177
7431,133.77137713771378,0.0011569244653170548
7432,133.7893789378938,0.001156490259220011
7433,133.80738073807382,0.0011560042120561478
7434,133.82538253825382,0.0011554872205362218
7435,133.84338433843385,0.001154961973761438
7436,133.86138613861385,0.0011544515656989878
7437,133.87938793879388,0.0011539780993342049
7438,133.8973897389739,0.001153561375738441
7439,133.91539153915392,0.0011532177536090881
7440,133.93339333933395,0.0011529592512117307
7441,133.95139513951395,0.001152792944211734
7442,133.96939693969398,0.0011527206910866203
7443,133.98739873987398,0.0011527391943358038
7444,134.005400540054,0.001152840382307228
7445,134.02340234023401,0.0011530120748447794
7446,134.04140414041404,0.0011532388776473244
7447,134.05940594059408,0.0011535032364531066
7448,134.07740774077408,0.0011537865737786513
7449,134.0954095409541,0.0011540704283814396
7450,134.1134113411341,0.0011543375208646883
7451,134.13141314131414,0.0011545726774576828
7452,134.14941494149414,0.0011547635571592296
7453,134.16741674167417,0.0011549011439942075
7454,134.18541854185418,0.0011549799847589632
7455,134.2034203420342,0.0011549981718742925
7456,134.22142214221424,0.0011549570893854512
7457,134.23942394239424,0.0011548609564212928
7458,134.25742574257427,0.0011547162154328528
7459,134.27542754275427,0.0011545308214404657
7460,134.2934293429343,0.001154313492827814
7461,134.3114311431143,0.0011540729837898785
7462,134.32943294329434,0.0011538174335845193
7463,134.34743474347434,0.001153553838797212
7464,134.36543654365437,0.0011532876827268978
7465,134.3834383438344,0.001153022741764982
7466,134.4014401440144,0.00115276107342494
7467,134.41944194419443,0.0011525031756773733
7468,134.43744374437443,0.0011522482935956784
7469,134.45544554455446,0.0011519948380265487
7470,134.47344734473447,0.0011517408728697746
7471,134.4914491449145,0.001151484623124667
7472,134.5094509450945,0.0011512249553857585
7473,134.52745274527453,0.0011509617858898424
7474,134.54545454545456,0.001150696378177408
7475,134.56345634563456,0.0011504315023155136
7476,134.5814581458146,0.0011501714396061154
7477,134.5994599459946,0.001149921829795173
7478,134.61746174617463,0.0011496893709570927
7479,134.63546354635463,0.0011494813944193025
7480,134.65346534653466,0.0011493053473701955
7481,134.67146714671466,0.0011491682233805316
7482,134.6894689468947,0.0011490759854078003
7483,134.70747074707472,0.0011490330266549884
7484,134.72547254725472,0.0011490417119127472
7485,134.74347434743476,0.0011491020360022996
7486,134.76147614761476,0.0011492114271847971
7487,134.7794779477948,0.0011493647126487197
7488,134.7974797479748,0.0011495542513105211
7489,134.81548154815482,0.0011497702271138683
7490,134.83348334833482,0.0011500010847267969
7491,134.85148514851485,0.0011502340798609564
7492,134.86948694869488,0.001150455909062349
7493,134.8874887488749,0.0011506533792260618
7494,134.90549054905492,0.0011508140755014668
7495,134.92349234923492,0.001150926987656871
7496,134.94149414941495,0.0011509830590978733
7497,134.95949594959495,0.0011509756291086463
7498,134.97749774977498,0.001150900746879872
7499,134.995499549955,0.0011507573447806817
7500,135.01350135013502,0.0011505472673821176
7501,135.03150315031505,0.0011502751612536668
7502,135.04950495049505,0.0011499482379465967
7503,135.06750675067508,0.0011495759284194528
7504,135.08550855085508,0.001149169451205864
7505,135.1035103510351,0.001148741318817651
7506,135.12151215121511,0.0011483048073389931
7507,135.13951395139514,0.0011478734131687637
7508,135.15751575157518,0.0011474603187752654
7509,135.17551755175518,0.0011470778865561
7510,135.1935193519352,0.0011467371968509664
7511,135.2115211521152,0.0011464476431825308
7512,135.22952295229524,0.0011462165951482846
7513,135.24752475247524,0.0011460491371771738
7514,135.26552655265527,0.0011459478895944116
7515,135.28352835283528,0.0011459129169831238
7516,135.3015301530153,0.0011459417274824071
7517,135.31953195319534,0.0011460293651603206
7518,135.33753375337534,0.001146168595693807
7519,135.35553555355537,0.001146350183071389
7520,135.37353735373537,0.0011465632518039563
7521,135.3915391539154,0.001146795725204709
7522,135.4095409540954,0.0011470348258481925
7523,135.42754275427544,0.0011472676196474384
7524,135.44554455445544,0.0011474815805224805
7525,135.46354635463547,0.001147665148875143
7526,135.4815481548155,0.0011478082545582726
7527,135.4995499549955,0.0011479027742152658
7528,135.51755175517553,0.0011479428941467502
7529,135.53555355535553,0.0011479253534510858
7530,135.55355535553556,0.0011478495480932575
7531,135.57155715571557,0.0011477174845609696
7532,135.5895589558956,0.0011475335814127511
7533,135.6075607560756,0.0011473043276472438
7534,135.62556255625563,0.0011470378176013628
7535,135.64356435643566,0.001146743192100783
7536,135.66156615661566,0.0011464300239114717
7537,135.6795679567957,0.0011461076913283441
7538,135.6975697569757,0.0011457847863052119
7539,135.71557155715573,0.0011454686024411176
7540,135.73357335733573,0.0011451647432554747
7541,135.75157515751576,0.0011448768827027596
7542,135.76957695769576,0.001144606698327746
7543,135.7875787578758,0.0011443539836772368
7544,135.80558055805582,0.0011441169316430114
7545,135.82358235823583,0.0011438925655495348
7546,135.84158415841586,0.0011436772813101354
7547,135.85958595859586,0.001143467453088424
7548,135.8775877587759,0.00114326004767658
7549,135.8955895589559,0.001143053190023714
7550,135.91359135913592,0.0011428466244444598
7551,135.93159315931592,0.0011426420230328618
7552,135.94959495949595,0.001142443104295861
7553,135.96759675967598,0.0011422555401971249
7554,135.985598559856,0.0011420866475084731
7555,136.00360036003602,0.0011419448781869246
7556,136.02160216021602,0.00114183914186645
7557,136.03960396039605,0.001141778009896995
7558,136.05760576057605,0.0011417688632175814
7559,136.07560756075608,0.0011418170545012538
7560,136.09360936093609,0.001141925157599924
7561,136.11161116111612,0.0011420923739266788
7562,136.12961296129615,0.0011423141561094931
7563,136.14761476147615,0.0011425820945918052
7564,136.16561656165618,0.0011428840938598455
7565,136.18361836183618,0.0011432048430471157
7566,136.2016201620162,0.0011435265624835224
7567,136.21962196219621,0.0011438299851505348
7568,136.23762376237624,0.0011440955118026351
7569,136.25562556255625,0.0011443044624044807
7570,136.27362736273628,0.0011444403359073035
7571,136.2916291629163,0.0011444899862427338
7572,136.3096309630963,0.0011444446252478222
7573,136.32763276327634,0.0011443005730150516
7574,136.34563456345634,0.0011440596923006831
7575,136.36363636363637,0.0011437294650296363
7576,136.38163816381638,0.001143322694078112
7577,136.3996399639964,0.0011428568405501959
7578,136.4176417641764,0.0011423530336633256
7579,136.43564356435644,0.0011418348150672838
7580,136.45364536453647,0.0011413267000215477
7581,136.47164716471647,0.0011408526527102664
7582,136.4896489648965,0.0011404345808604616
7583,136.5076507650765,0.0011400909550389096
7584,136.52565256525654,0.001139835650403765
7585,136.54365436543654,0.0011396770937389872
7586,136.56165616561657,0.0011396177773293611
7587,136.57965796579657,0.0011396541751625502
7588,136.5976597659766,0.0011397770679767564
7589,136.61566156615663,0.0011399722539577818
7590,136.63366336633663,0.0011402215936567226
7591,136.65166516651666,0.0011405043130927085
7592,136.66966696669667,0.0011407984699135032
7593,136.6876687668767,0.0011410824754000742
7594,136.7056705670567,0.0011413365609903175
7595,136.72367236723673,0.001141544082233826
7596,136.74167416741673,0.0011416925654118841
7597,136.75967596759676,0.0011417744215826329
7598,136.7776777677768,0.0011417872780993344
7599,136.7956795679568,0.0011417339068054695
7600,136.81368136813683,0.0011416217589271512
7601,136.83168316831683,0.0011414621468105392
7602,136.84968496849686,0.0011412691397728071
7603,136.86768676867686,0.0011410582633496868
7604,136.8856885688569,0.0011408451064073178
7605,136.9036903690369,0.0011406439477344018
7606,136.92169216921693,0.001140466512247102
7607,136.93969396939696,0.0011403209568923948
7608,136.95769576957696,0.0011402111684551896
7609,136.975697569757,0.0011401364311015383
7610,136.993699369937,0.0011400914924747795
7611,137.01170117011702,0.00114006702572339
7612,137.02970297029702,0.0011400504533986713
7613,137.04770477047705,0.00114002707015087
7614,137.06570657065706,0.0011399813768328453
7615,137.0837083708371,0.0011398985209008382
7616,137.10171017101712,0.001139765728293854
7617,137.11971197119712,0.0011395736110788941
7618,137.13771377137715,0.0011393172431994262
7619,137.15571557155715,0.0011389969131042382
7620,137.17371737173718,0.0011386184856647561
7621,137.19171917191719,0.0011381933348576447
7622,137.20972097209722,0.0011377378410223318
7623,137.22772277227722,0.0011372724796662945
7624,137.24572457245725,0.0011368205602805075
7625,137.26372637263728,0.0011364067010522162
7626,137.28172817281728,0.0011360551466300076
7627,137.2997299729973,0.0011357880495673925
7628,137.31773177317731,0.0011356238406852424
7629,137.33573357335734,0.0011355758089470424
7630,137.35373537353735,0.0011356509978204868
7631,137.37173717371738,0.00113584950345878
7632,137.38973897389738,0.0011361642319279175
7633,137.4077407740774,0.001136581140169889
7634,137.42574257425744,0.0011370799507974135
7635,137.44374437443744,0.0011376352966949383
7636,137.46174617461747,0.0011382182202585996
7637,137.47974797479748,0.0011387979262388148
7638,137.4977497749775,0.0011393436684681152
7639,137.5157515751575,0.0011398266406576747
7640,137.53375337533754,0.0011402217406975919
7641,137.55175517551754,0.001140509086584429
7642,137.56975697569757,0.0011406751796198312
7643,137.5877587758776,0.001140713635620666
7644,137.6057605760576,0.0011406254357398007
7645,137.62376237623764,0.0011404186828727083
7646,137.64176417641764,0.001140107885008921
7647,137.65976597659767,0.0011397128206860245
7648,137.67776777677767,0.001139257071432749
7649,137.6957695769577,0.0011387663295551209
7650,137.7137713771377,0.0011382666050887584
7651,137.73177317731773,0.001137782462063184
7652,137.74977497749776,0.00113733541092828
7653,137.76777677767777,0.0011369425713217017
7654,137.7857785778578,0.0011366156982549217
7655,137.8037803780378,0.0011363606368434503
7656,137.82178217821783,0.0011361772380044735
7657,137.83978397839783,0.0011360597325556624
7658,137.85778577857786,0.0011359975265163545
7659,137.8757875787579,0.0011359763487608751
7660,137.8937893789379,0.001135979655906206
7661,137.91179117911793,0.0011359901804317786
7662,137.92979297929793,0.001135991497965763
7663,137.94779477947796,0.0011359694891939123
7664,137.96579657965796,0.0011359135809828826
7665,137.983798379838,0.001135817669346595
7666,138.001800180018,0.001135680652421157
7667,138.01980198019803,0.0011355065326662686
7668,138.03780378037806,0.0011353040816662802
7669,138.05580558055806,0.0011350860955055674
7670,138.0738073807381,0.0011348683010483608
7671,138.0918091809181,0.0011346680010466965
7672,138.10981098109812,0.0011345025666848268
7673,138.12781278127812,0.0011343878983412577
7674,138.14581458145815,0.0011343369780703796
7675,138.16381638163816,0.0011343586303761632
7676,138.1818181818182,0.0011344565918244285
7677,138.19981998199822,0.001134628966182122
7678,138.21782178217822,0.0011348681119529933
7679,138.23582358235825,0.0011351609757311546
7680,138.25382538253825,0.0011354898503221462
7681,138.27182718271828,0.0011358335037625952
7682,138.28982898289829,0.0011361685967382852
7683,138.30783078307832,0.0011364712836560522
7684,138.32583258325832,0.001136718878457423
7685,138.34383438343835,0.0011368914612269888
7686,138.36183618361838,0.0011369733060885916
7687,138.37983798379838,0.001136954024405052
7688,138.3978397839784,0.0011368293388125995
7689,138.41584158415841,0.001136601431430919
7690,138.43384338433845,0.0011362788415257685
7691,138.45184518451845,0.001135875921494196
7692,138.46984698469848,0.0011354118927196235
7693,138.48784878487848,0.0011349095721226794
7694,138.5058505850585,0.0011343938639167643
7695,138.52385238523854,0.0011338901274149874
7696,138.54185418541854,0.0011334225395572709
7697,138.55985598559857,0.0011330125696258006
7698,138.57785778577858,0.001132677673582141
7699,138.5958595859586,0.0011324302974524319
7700,138.6138613861386,0.001132277254674309
7701,138.63186318631864,0.0011322195132491548
7702,138.64986498649864,0.0011322523971973924
7703,138.66786678667867,0.0011323661756260167
7704,138.6858685868587,0.0011325469840847988
7705,138.7038703870387,0.001132777998989244
7706,138.72187218721874,0.0011330407685160397
7707,138.73987398739874,0.0011333165937994494
7708,138.75787578757877,0.0011335878531253966
7709,138.77587758775877,0.0011338391691173451
7710,138.7938793879388,0.0011340583339574106
7711,138.8118811881188,0.0011342369292017258
7712,138.82988298829883,0.0011343706029436414
7713,138.84788478847886,0.0011344589958018187
7714,138.86588658865887,0.0011345053361243626
7715,138.8838883888389,0.0011345157515621465
7716,138.9018901890189,0.0011344983666185706
7717,138.91989198919893,0.0011344622721294205
7718,138.93789378937893,0.0011344164615732968
7719,138.95589558955896,0.001134368829975628
7720,138.97389738973897,0.0011343253239337586
7721,138.991899189919,0.0011342893166114718
7722,139.00990099009903,0.0011342612607040895
7723,139.02790279027903,0.001134238647149874
7724,139.04590459045906,0.0011342162699190467
7725,139.06390639063906,0.001134186769897788
7726,139.0819081908191,0.0011341414060437056
7727,139.0999099909991,0.0011340709817596808
7728,139.11791179117913,0.0011339668405664978
7729,139.13591359135913,0.001133821838862576
7730,139.15391539153916,0.0011336312054075588
7731,139.1719171917192,0.00113339320701799
7732,139.1899189918992,0.0011331095569870162
7733,139.20792079207922,0.00113278552547178
7734,139.22592259225922,0.0011324297375592542
7735,139.24392439243925,0.0011320536726050995
7736,139.26192619261926,0.0011316709052777679
7737,139.2799279927993,0.001131296152135151
7738,139.2979297929793,0.0011309442053992781
7739,139.31593159315932,0.0011306288462303755
7740,139.33393339333935,0.00113036183221367
7741,139.35193519351935,0.0011301520476622404
7742,139.36993699369938,0.0011300048911696882
7743,139.38793879387939,0.0011299219538132518
7744,139.40594059405942,0.0011299010153438896
7745,139.42394239423942,0.0011299363569228496
7746,139.44194419441945,0.0011300193600746005
7747,139.45994599459945,0.001130139335178221
7748,139.47794779477948,0.0011302845014801958
7749,139.4959495949595,0.0011304430263301643
7750,139.51395139513951,0.0011306040255549237
7751,139.53195319531955,0.0011307584302700313
7752,139.54995499549955,0.001130899637821293
7753,139.56795679567958,0.0011310238849424892
7754,139.58595859585958,0.0011311303078336262
7755,139.6039603960396,0.0011312206843039911
7756,139.6219621962196,0.0011312988845692802
7757,139.63996399639964,0.0011313700867635627
7758,139.65796579657967,0.0011314398378602256
7759,139.67596759675968,0.001131513058015121
7760,139.6939693969397,0.0011315930945039417
7761,139.7119711971197,0.0011316809294040586
7762,139.72997299729974,0.0011317746328893504
7763,139.74797479747974,0.001131869132363111
7764,139.76597659765977,0.0011319563384634204
7765,139.78397839783977,0.0011320256348212809
7766,139.8019801980198,0.0011320647024630369
7767,139.81998199819984,0.0011320606153125724
7768,139.83798379837984,0.0011320011136991207
7769,139.85598559855987,0.0011318759410725706
7770,139.87398739873987,0.0011316781175636477
7771,139.8919891989199,0.0011314050239981663
7772,139.9099909990999,0.0011310591818269313
7773,139.92799279927993,0.0011306486374021542
7774,139.94599459945994,0.001130186891296324
7775,139.96399639963997,0.0011296923521883777
7776,139.98199819982,0.0011291873368362555
7777,140.0,0.0011286966790511922
7778,140.01800180018003,0.0011282460476083238
7779,140.03600360036003,0.0011278601022239644
7780,140.05400540054006,0.0011275606353114067
7781,140.07200720072007,0.0011273648533251612
7782,140.0900090009001,0.001127283944345977
7783,140.1080108010801,0.0011273220585541412
7784,140.12601260126013,0.0011274757969386867
7785,140.14401440144016,0.001127734263560549
7786,140.16201620162016,0.0011280796912756217
7787,140.1800180018002,0.0011284886038615313
7788,140.1980198019802,0.0011289334329597695
7789,140.21602160216023,0.0011293844699199192
7790,140.23402340234023,0.0011298120037644191
7791,140.25202520252026,0.0011301884795304465
7792,140.27002700270026,0.0011304905076331916
7793,140.2880288028803,0.0011307005649686458
7794,140.30603060306032,0.001130808251441504
7795,140.32403240324032,0.0011308109996316046
7796,140.34203420342035,0.0011307141776881215
7797,140.36003600360036,0.0011305305729071694
7798,140.3780378037804,0.001130279292078423
7799,140.3960396039604,0.0011299841607806907
7800,140.41404140414042,0.0011296717437882246
7801,140.43204320432042,0.001129369139527487
7802,140.45004500450045,0.0011291017207204716
7803,140.46804680468048,0.001128890999458505
7804,140.48604860486049,0.0011287527874391334
7805,140.50405040504052,0.0011286958014344042
7806,140.52205220522052,0.001128720831670553
7807,140.54005400540055,0.0011288205489719514
7808,140.55805580558055,0.0011289799782421106
7809,140.57605760576058,0.0011291776146062512
7810,140.5940594059406,0.0011293871080740325
7811,140.61206120612061,0.0011295793966626538
7812,140.63006300630065,0.0011297251300696367
7813,140.64806480648065,0.0011297971992302604
7814,140.66606660666068,0.0011297731737458627
7815,140.68406840684068,0.0011296374506302178
7816,140.7020702070207,0.0011293829344511917
7817,140.7200720072007,0.0011290120999892734
7818,140.73807380738074,0.001128537332122845
7819,140.75607560756077,0.0011279804908824634
7820,140.77407740774078,0.0011273717087244505
7821,140.7920792079208,0.001126747487666497
7822,140.8100810081008,0.0011261482212971843
7823,140.82808280828084,0.0011256153161479001
7824,140.84608460846084,0.0011251881242496885
7825,140.86408640864087,0.001124900920422252
7826,140.88208820882087,0.0011247801616103316
7827,140.9000900090009,0.0011248422504144828
7828,140.91809180918094,0.0011250919914085656
7829,140.93609360936094,0.0011255218789989494
7830,140.95409540954097,0.001126112293018793
7831,140.97209720972097,0.0011268326077344963
7832,140.990099009901,0.0011276431470941162
7833,141.008100810081,0.0011284978498874673
7834,141.02610261026103,0.0011293474489175173
7835,141.04410441044104,0.0011301429235612815
7836,141.06210621062107,0.001130838959353137
7837,141.0801080108011,0.001131397144046528
7838,141.0981098109811,0.0011317886477811945
7839,141.11611161116113,0.0011319961743526963
7840,141.13411341134113,0.0011320150281243456
7841,141.15211521152116,0.0011318532121736703
7842,141.17011701170117,0.0011315305519059762
7843,141.1881188118812,0.0011310769179372537
7844,141.2061206120612,0.0011305296957369083
7845,141.22412241224123,0.0011299307109791192
7846,141.24212421242126,0.0011293228634702034
7847,141.26012601260126,0.0011287467451086724
7848,141.2781278127813,0.0011282375166770994
7849,141.2961296129613,0.0011278222944832337
7850,141.31413141314133,0.0011275182531146671
7851,141.33213321332133,0.00112733158882707
7852,141.35013501350136,0.001127257414789152
7853,141.36813681368136,0.0011272805809563107
7854,141.3861386138614,0.0011273773345169737
7855,141.40414041404142,0.0011275176681949768
7856,141.42214221422142,0.0011276681489353624
7857,141.44014401440145,0.0011277949830829782
7858,141.45814581458146,0.0011278670588453063
7859,141.4761476147615,0.001127858713500107
7860,141.4941494149415,0.0011277520004382346
7861,141.51215121512152,0.0011275382769234997
7862,141.53015301530152,0.0011272189931232294
7863,141.54815481548155,0.0011268056311655764
7864,141.56615661566158,0.001126318813789085
7865,141.58415841584159,0.0011257866695956222
7866,141.60216021602162,0.0011252426004947117
7867,141.62016201620162,0.0011247226420473672
7868,141.63816381638165,0.001124262635766458
7869,141.65616561656165,0.0011238954421976975
7870,141.67416741674168,0.0011236484145798384
7871,141.69216921692168,0.0011235413264073853
7872,141.71017101710171,0.001123584905017984
7873,141.72817281728175,0.001123780071225039
7874,141.74617461746175,0.0011241179265822413
7875,141.76417641764178,0.0011245804700091059
7876,141.78217821782178,0.001125141969063787
7877,141.8001800180018,0.0011257708625022121
7878,141.8181818181818,0.0011264320335024841
7879,141.83618361836184,0.0011270892696100758
7880,141.85418541854185,0.0011277077174180108
7881,141.87218721872188,0.0011282561473230327
7882,141.8901890189019,0.001128708865259936
7883,141.9081908190819,0.0011290471418968623
7884,141.92619261926194,0.0011292600722906912
7885,141.94419441944194,0.0011293448267731413
7886,141.96219621962197,0.0011293063028986606
7887,141.98019801980197,0.0011291562346986003
7888,141.998199819982,0.0011289118556562592
7889,142.016201620162,0.0011285942427577884
7890,142.03420342034204,0.0011282264885234298
7891,142.05220522052207,0.0011278318548960692
7892,142.07020702070207,0.0011274320571129956
7893,142.0882088208821,0.0011270458080948845
7894,142.1062106210621,0.0011266877262679816
7895,142.12421242124213,0.001126367674673444
7896,142.14221422142214,0.001126090559838934
7897,142.16021602160217,0.0011258565785957023
7898,142.17821782178217,0.001125661863223079
7899,142.1962196219622,0.0011254994431091037
7900,142.21422142214223,0.0011253604171119931
7901,142.23222322232223,0.0011252352168291933
7902,142.25022502250226,0.0011251148379743782
7903,142.26822682268227,0.0011249919250163054
7904,142.2862286228623,0.0011248616121879954
7905,142.3042304230423,0.0011247220501161602
7906,142.32223222322233,0.0011245745791473739
7907,142.34023402340233,0.001124423544990712
7908,142.35823582358236,0.0011242757863891156
7909,142.3762376237624,0.0011241398550845421
7910,142.3942394239424,0.0011240250526240263
7911,142.41224122412243,0.0011239403844281758
7912,142.43024302430243,0.001123893537662431
7913,142.44824482448246,0.0011238899853710724
7914,142.46624662466246,0.0011239323055542707
7915,142.4842484248425,0.001124019781781543
7916,142.5022502250225,0.0011241483237006706
7917,142.52025202520252,0.001124310714138694
7918,142.53825382538255,0.0011244971574339787
7919,142.55625562556256,0.0011246960742459973
7920,142.5742574257426,0.0011248950641634347
7921,142.5922592259226,0.0011250819412529178
7922,142.61026102610262,0.0011252457408035884
7923,142.62826282628262,0.0011253775985850098
7924,142.64626462646265,0.001125471416657998
7925,142.66426642664266,0.0011255242509424042
7926,142.68226822682269,0.001125536383324131
7927,142.70027002700272,0.0011255110724215625
7928,142.71827182718272,0.0011254540092025583
7929,142.73627362736275,0.0011253725333335114
7930,142.75427542754275,0.0011252746905486795
7931,142.77227722772278,0.0011251682280381022
7932,142.79027902790278,0.0011250596321756114
7933,142.80828082808281,0.0011249533100447277
7934,142.82628262826282,0.0011248510033416961
7935,142.84428442844285,0.001124751501474581
7936,142.86228622862288,0.0011246506920303489
7937,142.88028802880288,0.0011245419539164755
7938,142.8982898289829,0.0011244168644972067
7939,142.9162916291629,0.0011242661601677316
7940,142.93429342934294,0.0011240808631039383
7941,142.95229522952295,0.001123853467993348
7942,142.97029702970298,0.0011235790732902985
7943,142.98829882988298,0.0011232563429532847
7944,143.006300630063,0.0011228881967386363
7945,143.02430243024304,0.001122482148974753
7946,143.04230423042304,0.0011220502454539298
7947,143.06030603060307,0.0011216085830493014
7948,143.07830783078307,0.001121176433791852
7949,143.0963096309631,0.0011207750311117042
7950,143.1143114311431,0.001120426107530318
7951,143.13231323132314,0.0011201502974336915
7952,143.15031503150314,0.0011199655334412405
7953,143.16831683168317,0.0011198855689157508
7954,143.1863186318632,0.0011199187518918425
7955,143.2043204320432,0.0011200671576672766
7956,143.22232223222323,0.001120326159971102
7957,143.24032403240324,0.0011206844862573923
7958,143.25832583258327,0.0011211247641369298
7959,143.27632763276327,0.0011216245264628506
7960,143.2943294329433,0.0011221576054172466
7961,143.31233123312333,0.0011226958141882142
7962,143.33033303330333,0.0011232107911066309
7963,143.34833483348336,0.0011236758673805532
7964,143.36633663366337,0.00112406781694706
7965,143.3843384338434,0.0011243683556660096
7966,143.4023402340234,0.0011245652763941238
7967,143.42034203420343,0.0011246531348304482
7968,143.43834383438343,0.0011246334361199096
7969,143.45634563456346,0.0011245143112127507
7970,143.4743474347435,0.0011243097117716546
7971,143.4923492349235,0.0011240381898148118
7972,143.51035103510353,0.001123721360304893
7973,143.52835283528353,0.0011233821690053141
7974,143.54635463546356,0.0011230431022336848
7975,143.56435643564356,0.0011227244785447068
7976,143.5823582358236,0.001122442954646974
7977,143.6003600360036,0.0011222103596674024
7978,143.61836183618362,0.0011220329447303383
7979,143.63636363636365,0.0011219111009384377
7980,143.65436543654366,0.0011218395609876397
7981,143.6723672367237,0.0011218080608907611
7982,143.6903690369037,0.0011218024017560593
7983,143.70837083708372,0.0011218058202084017
7984,143.72637263726372,0.001121800552355342
7985,143.74437443744375,0.0011217694620516846
7986,143.76237623762376,0.0011216976006722622
7987,143.78037803780379,0.0011215735728511136
7988,143.79837983798382,0.0011213905999795002
7989,143.81638163816382,0.001121147199136895
7990,143.83438343834385,0.0011208474273262132
7991,143.85238523852385,0.0011205006766594864
7992,143.87038703870388,0.0011201210424930516
7993,143.88838883888388,0.0011197263204320834
7994,143.90639063906391,0.001119336716854985
7995,143.92439243924392,0.0011189733788721208
7996,143.94239423942395,0.0011186568618252576
7997,143.96039603960398,0.0011184056547447578
7998,143.97839783978398,0.0011182348766532134
7999,143.996399639964,0.0011181552401079676
8000,144.014401440144,0.0011181723545157832
8001,144.03240324032404,0.001118286412715132
8002,144.05040504050405,0.0011184922726615095
8003,144.06840684068408,0.0011187799144707212
8004,144.08640864086408,0.0011191352241823134
8005,144.1044104410441,0.001119541031696943
8006,144.12241224122414,0.0011199783132166755
8007,144.14041404140414,0.0011204274593432347
8008,144.15841584158417,0.0011208695092268268
8009,144.17641764176417,0.0011212872585489593
8010,144.1944194419442,0.0011216661637406928
8011,144.2124212421242,0.0011219949851920257
8012,144.23042304230424,0.0011222661363892588
8013,144.24842484248424,0.0011224757317726077
8014,144.26642664266427,0.0011226233514233992
8015,144.2844284428443,0.0011227115633829319
8016,144.3024302430243,0.001122745262672608
8017,144.32043204320433,0.0011227308985530388
8018,144.33843384338434,0.0011226756673708479
8019,144.35643564356437,0.0011225867472130578
8020,144.37443744374437,0.001122470642816204
8021,144.3924392439244,0.0011223326956014857
8022,144.4104410441044,0.0011221767956347644
8023,144.42844284428443,0.0011220053114049913
8024,144.44644464446446,0.0011218192314589666
8025,144.46444644464447,0.0011216184910738376
8026,144.4824482448245,0.0011214024391488515
8027,144.5004500450045,0.001121170386965818
8028,144.51845184518453,0.0011209221726331952
8029,144.53645364536453,0.0011206586736285642
8030,144.55445544554456,0.0011203822050612953
8031,144.57245724572456,0.001120096752671459
8032,144.5904590459046,0.0011198080061711646
8033,144.60846084608463,0.0011195231788301463
8034,144.62646264626463,0.0011192506213372835
8035,144.64446444644466,0.001118999259842151
8036,144.66246624662466,0.00111877790756948
8037,144.6804680468047,0.0011185945145422663
8038,144.6984698469847,0.0011184554291420615
8039,144.71647164716472,0.0011183647473981659
8040,144.73447344734473,0.0011183238205986355
8041,144.75247524752476,0.0011183309793384708
8042,144.7704770477048,0.0011183815134576665
8043,144.7884788478848,0.0011184679241046447
8044,144.80648064806482,0.001118580438516582
8045,144.82448244824482,0.001118707752463412
8046,144.84248424842485,0.0011188379421497685
8047,144.86048604860486,0.0011189594690199376
8048,144.87848784878489,0.0011190621892602183
8049,144.8964896489649,0.0011191382761218662
8050,144.91449144914492,0.0011191829680239887
8051,144.93249324932495,0.001119195068452954
8052,144.95049504950495,0.001119177143868872
8053,144.96849684968498,0.00111913539138459
8054,144.98649864986498,0.0011190791765999146
8055,145.00450045004501,0.0011190202710598
8056,145.02250225022502,0.0011189718457262575
8057,145.04050405040505,0.0011189472991871335
8058,145.05850585058505,0.0011189590150926534
8059,145.07650765076508,0.001119017151152305
8060,145.0945094509451,0.0011191285613137707
8061,145.1125112511251,0.0011192959436200555
8062,145.13051305130514,0.0011195172895641895
8063,145.14851485148515,0.0011197856880092918
8064,145.16651665166518,0.0011200895098463267
8065,145.18451845184518,0.0011204129707093472
8066,145.2025202520252,0.0011207370405068335
8067,145.2205220522052,0.00112104064237108
8068,145.23852385238524,0.0011213020617040648
8069,145.25652565256527,0.0011215004697335616
8070,145.27452745274528,0.001121617456346865
8071,145.2925292529253,0.0011216384644196797
8072,145.3105310531053,0.0011215540224192916
8073,145.32853285328534,0.0011213606833422314
8074,145.34653465346534,0.0011210615953084048
8075,145.36453645364537,0.0011206666513643346
8076,145.38253825382537,0.0011201921920206356
8077,145.4005400540054,0.001119660262375067
8078,145.41854185418543,0.0011190974548402478
8079,145.43654365436544,0.0011185333969039306
8080,145.45454545454547,0.0011179989693460555
8081,145.47254725472547,0.0011175243622609703
8082,145.4905490549055,0.0011171370924878553
8083,145.5085508550855,0.0011168601151940875
8084,145.52655265526553,0.0011167101632074288
8085,145.54455445544554,0.001116696439476894
8086,145.56255625562557,0.0011168197705111156
8087,145.5805580558056,0.0011170723021968582
8088,145.5985598559856,0.0011174377851653513
8089,145.61656165616563,0.0011178924567240005
8090,145.63456345634563,0.0011184064828763907
8091,145.65256525652566,0.0011189458802485864
8092,145.67056705670566,0.0011194747973087462
8093,145.6885688568857,0.0011199580006630086
8094,145.7065706570657,0.0011203633887280654
8095,145.72457245724573,0.0011206643444158176
8096,145.74257425742576,0.0011208417423993608
8097,145.76057605760576,0.001120885445673976
8098,145.7785778577858,0.0011207951597684547
8099,145.7965796579658,0.001120580559027608
8100,145.81458145814582,0.001120260654548098
8101,145.83258325832583,0.0011198624332637843
8102,145.85058505850586,0.0011194188573451366
8103,145.86858685868586,0.0011189663672938864
8104,145.8865886588659,0.0011185420759552997
8105,145.90459045904592,0.0011181808699816255
8106,145.92259225922592,0.001117912647098558
8107,145.94059405940595,0.0011177599104054254
8108,145.95859585958596,0.00111773591512262
8109,145.97659765976599,0.0011178435206344475
8110,145.994599459946,0.0011180748448567394
8111,146.01260126012602,0.0011184117536152463
8112,146.03060306030602,0.001118827150378045
8113,146.04860486048605,0.0011192869671489655
8114,146.06660666066608,0.001119752701140437
8115,146.08460846084608,0.0011201842987650654
8116,146.10261026102611,0.0011205431620663932
8117,146.12061206120612,0.0011207950449777307
8118,146.13861386138615,0.0011209126181030793
8119,146.15661566156615,0.0011208775097335364
8120,146.17461746174618,0.0011206816747193812
8121,146.1926192619262,0.0011203279975838848
8122,146.2106210621062,0.0011198300970657086
8123,146.22862286228624,0.0011192113609526388
8124,146.24662466246625,0.0011185032975962147
8125,146.26462646264628,0.001117743339419708
8126,146.28262826282628,0.0011169722705184214
8127,146.3006300630063,0.0011162314727462385
8128,146.3186318631863,0.00111556019142892
8129,146.33663366336634,0.0011149930132939223
8130,146.35463546354637,0.0011145577267997475
8131,146.37263726372638,0.0011142737012145105
8132,146.3906390639064,0.0011141508786782495
8133,146.4086408640864,0.0011141894266393803
8134,146.42664266426644,0.0011143800501367818
8135,146.44464446444644,0.0011147049178725351
8136,146.46264626462647,0.0011151391159305636
8137,146.48064806480647,0.0011156525107822986
8138,146.4986498649865,0.0011162118806050038
8139,146.51665166516653,0.0011167831618773643
8140,146.53465346534654,0.001117333656910813
8141,146.55265526552657,0.0011178340569253647
8142,146.57065706570657,0.0011182601533788238
8143,146.5886588658866,0.001118594135912038
8144,146.6066606660666,0.0011188254065186431
8145,146.62466246624663,0.0011189508741922957
8146,146.64266426642664,0.0011189747300505285
8147,146.66066606660667,0.0011189077375078648
8148,146.6786678667867,0.0011187661033336261
8149,146.6966696669667,0.0011185700214918874
8150,146.71467146714673,0.0011183420009759305
8151,146.73267326732673,0.00111810510029788
8152,146.75067506750676,0.0011178811942534513
8153,146.76867686768676,0.0011176893929672042
8154,146.7866786678668,0.0011175447195073665
8155,146.8046804680468,0.0011174571315528902
8156,146.82268226822683,0.0011174309461967253
8157,146.84068406840686,0.001117464696875046
8158,146.85868586858686,0.0011175514197917578
8159,146.8766876687669,0.0011176793363541862
8160,146.8946894689469,0.0011178328702963203
8161,146.91269126912692,0.001117993915369496
8162,146.93069306930693,0.0011181432533747162
8163,146.94869486948696,0.0011182620140292
8164,146.96669666966696,0.0011183330682191604
8165,146.984698469847,0.0011183422544514972
8166,147.00270027002702,0.0011182793539849696
8167,147.02070207020702,0.0011181387518194052
8168,147.03870387038705,0.001117919746602407
8169,147.05670567056706,0.0011176265004212368
8170,147.0747074707471,0.0011172676471040155
8171,147.0927092709271,0.001116855602850528
8172,147.11071107110712,0.0011164056438014486
8173,147.12871287128712,0.001115934830007656
8174,147.14671467146715,0.0011154608631920274
8175,147.16471647164718,0.0011150009663307122
8176,147.18271827182718,0.0011145708666693353
8177,147.20072007200721,0.0011141839511654048
8178,147.21872187218722,0.0011138506458337621
8179,147.23672367236725,0.0011135780497455883
8180,147.25472547254725,0.0011133698323693676
8181,147.27272727272728,0.0011132263814429089
8182,147.29072907290728,0.0011131451693911507
8183,147.3087308730873,0.0011131212909283783
8184,147.32673267326734,0.0011131481139820833
8185,147.34473447344735,0.0011132179810528448
8186,147.36273627362738,0.0011133228986856714
8187,147.38073807380738,0.001113455158497123
8188,147.3987398739874,0.0011136078433809002
8189,147.4167416741674,0.001113775185973239
8190,147.43474347434744,0.0011139527618556078
8191,147.45274527452744,0.001114137515873322
8192,147.47074707470748,0.0011143276349652794
8193,147.4887488748875,0.001114522293796469
8194,147.5067506750675,0.001114721309279227
8195,147.52475247524754,0.0011149247461019515
8196,147.54275427542754,0.0011151325173519434
8197,147.56075607560757,0.0011153440222865928
8198,147.57875787578757,0.0011155578576717165
8199,147.5967596759676,0.0011157716305529677
8200,147.6147614761476,0.0011159818897488818
8201,147.63276327632764,0.001116184181768271
8202,147.65076507650767,0.001116373225307162
8203,147.66876687668767,0.0011165431879556688
8204,147.6867686768677,0.0011166880400891523
8205,147.7047704770477,0.001116801954771026
8206,147.72277227722773,0.0011168797192518689
8207,147.74077407740774,0.0011169171234379168
8208,147.75877587758777,0.0011169112933878433
8209,147.77677767776777,0.0011168609431083424
8210,147.7947794779478,0.0011167665250946624
8211,147.81278127812783,0.0011166302685072847
8212,147.83078307830783,0.0011164561028301511
8213,147.84878487848786,0.0011162494735634813
8214,147.86678667866786,0.0011160170642770168
8215,147.8847884788479,0.0011157664456232699
8216,147.9027902790279,0.0011155056762849405
8217,147.92079207920793,0.001115242883092915
8218,147.93879387938793,0.0011149858476821092
8219,147.95679567956796,0.0011147416252112578
8220,147.974797479748,0.0011145162171708027
8221,147.992799279928,0.0011143143155620996
8222,148.01080108010802,0.0011141391302334203
8223,148.02880288028803,0.0011139923053981257
8224,148.04680468046806,0.0011138739257940844
8225,148.06480648064806,0.0011137826079501176
8226,148.0828082808281,0.0011137156678776839
8227,148.1008100810081,0.0011136693533558043
8228,148.11881188118812,0.0011136391268544068
8229,148.13681368136815,0.0011136199839694328
8230,148.15481548154816,0.0011136067918630613
8231,148.1728172817282,0.001113594632408892
8232,148.1908190819082,0.0011135791353188852
8233,148.20882088208822,0.0011135567872866453
8234,148.22682268226822,0.001113525203988875
8235,148.24482448244825,0.001113483352589131
8236,148.26282628262825,0.0011134317132184728
8237,148.28082808280828,0.0011133723688794826
8238,148.29882988298831,0.0011133090145096034
8239,148.31683168316832,0.0011132468777531868
8240,148.33483348334835,0.0011131925465300238
8241,148.35283528352835,0.0011131537019032798
8242,148.37083708370838,0.0011131387591063163
8243,148.38883888388838,0.0011131564248304574
8244,148.4068406840684,0.001113215184811075
8245,148.42484248424842,0.0011133227420384532
8246,148.44284428442845,0.001113485432096707
8247,148.46084608460848,0.0011137076476320376
8248,148.47884788478848,0.0011139913081550266
8249,148.4968496849685,0.0011143354136805134
8250,148.5148514851485,0.0011147357205696562
8251,148.53285328532854,0.0011151845749642487
8252,148.55085508550854,0.0011156709331968662
8253,148.56885688568858,0.0011161805895660945
8254,148.58685868586858,0.001116696620197872
8255,148.6048604860486,0.001117200037956941
8256,148.62286228622864,0.0011176706383580301
8257,148.64086408640864,0.0011180880011888365
8258,148.65886588658867,0.0011184325982555195
8259,148.67686768676867,0.0011186869455007654
8260,148.6948694869487,0.0011188367288689953
8261,148.7128712871287,0.0011188718286904752
8262,148.73087308730874,0.0011187871677616913
8263,148.74887488748874,0.001118583314114979
8264,148.76687668766877,0.001118266780710005
8265,148.7848784878488,0.0011178499805379269
8266,148.8028802880288,0.0011173508160856017
8267,148.82088208820883,0.0011167919055633053
8268,148.83888388838884,0.0011161994732481932
8269,148.85688568856887,0.0011156019560155132
8270,148.87488748874887,0.0011150284008082814
8271,148.8928892889289,0.0011145067466576469
8272,148.91089108910893,0.0011140620983117586
8273,148.92889288928893,0.0011137151052644841
8274,148.94689468946896,0.0011134805591207623
8275,148.96489648964896,0.0011133663134211766
8276,148.982898289829,0.0011133726134633058
8277,149.000900090009,0.001113491900065368
8278,149.01890189018903,0.001113709121930243
8279,149.03690369036903,0.0011140025580762963
8280,149.05490549054906,0.0011143451168686438
8281,149.0729072907291,0.0011147060439052232
8282,149.0909090909091,0.0011150529398490636
8283,149.10891089108912,0.0011153539636059515
8284,149.12691269126913,0.001115580078095318
8285,149.14491449144916,0.001115707186871397
8286,149.16291629162916,0.0011157180110583803
8287,149.1809180918092,0.0011156035678138907
8288,149.1989198919892,0.0011153641334383972
8289,149.21692169216922,0.001115009605169099
8290,149.23492349234925,0.0011145592138113497
8291,149.25292529252926,0.00111404058226132
8292,149.2709270927093,0.001113488169822286
8293,149.2889288928893,0.0011129411859341467
8294,149.30693069306932,0.0011124410964146766
8295,149.32493249324932,0.001112028877640072
8296,149.34293429342935,0.0011117421967697131
8297,149.36093609360935,0.0011116127072453305
8298,149.37893789378938,0.0011116636472219088
8299,149.39693969396941,0.0011119079140276954
8300,149.41494149414942,0.0011123467608148074
8301,149.43294329432945,0.001112969223744025
8302,149.45094509450945,0.001113752341639628
8303,149.46894689468948,0.0011146621780063917
8304,149.48694869486948,0.001115655601045566
8305,149.5049504950495,0.0011166827245116414
8306,149.52295229522952,0.001117689864589176
8307,149.54095409540955,0.0011186228288600473
8308,149.55895589558958,0.0011194303258051702
8309,149.57695769576958,0.0011200672693674704
8310,149.5949594959496,0.0011204977542435045
8311,149.6129612961296,0.001120697494128842
8312,149.63096309630964,0.0011206555464271062
8313,149.64896489648964,0.0011203751912223356
8314,149.66696669666968,0.0011198738869345173
8315,149.68496849684968,0.00111918228655411
8316,149.7029702970297,0.0011183423626130596
8317,149.72097209720974,0.001117404751695279
8318,149.73897389738974,0.0011164254858724906
8319,149.75697569756977,0.0011154623247955078
8320,149.77497749774977,0.0011145709346727073
8321,149.7929792979298,0.0011138011762824196
8322,149.8109810981098,0.0011131937618402042
8323,149.82898289828984,0.0011127775195857404
8324,149.84698469846984,0.0011125674663248028
8325,149.86498649864987,0.0011125638341540531
8326,149.8829882988299,0.0011127521317315973
8327,149.9009900990099,0.0011131042472659579
8328,149.91899189918993,0.0011135805251220818
8329,149.93699369936994,0.0011141326761605454
8330,149.95499549954997,0.0011147073191202573
8331,149.97299729972997,0.001115249901490446
8332,149.99099909991,0.0011157087174194064
8333,150.00900090009,0.0011160387300104431
8334,150.02700270027003,0.0011162049170390662
8335,150.04500450045006,0.0011161848921718738
8336,150.06300630063006,0.001115970605953363
8337,150.0810081008101,0.0011155689983653747
8338,150.0990099009901,0.0011150015525764648
8339,150.11701170117013,0.0011143027816117364
8340,150.13501350135013,0.0011135177596976581
8341,150.15301530153016,0.0011126988816907097
8342,150.17101710171016,0.0011119020916368714
8343,150.1890189018902,0.001111182860595363
8344,150.20702070207022,0.0011105922113544603
8345,150.22502250225023,0.0011101730822793822
8346,150.24302430243026,0.0011099572948298335
8347,150.26102610261026,0.001109963341631334
8348,150.2790279027903,0.001110195148329799
8349,150.2970297029703,0.00111064188798806
8350,150.31503150315032,0.0011112788474654512
8351,150.33303330333032,0.0011120692673015054
8352,150.35103510351036,0.0011129670060982077
8353,150.3690369036904,0.0011139198225220961
8354,150.3870387038704,0.0011148730269473072
8355,150.40504050405042,0.0011157732331089053
8356,150.42304230423042,0.0011165719390105644
8357,150.44104410441045,0.001117228685181897
8358,150.45904590459045,0.0011177135751540355
8359,150.47704770477048,0.0011180089943857014
8360,150.4950495049505,0.0011181104255435935
8361,150.51305130513052,0.0011180263251644215
8362,150.53105310531055,0.0011177770942717832
8363,150.54905490549055,0.0011173932386677507
8364,150.56705670567058,0.0011169128690914647
8365,150.58505850585058,0.0011163787337753845
8366,150.6030603060306,0.0011158350036779452
8367,150.62106210621062,0.0011153240424752768
8368,150.63906390639065,0.001114883389020591
8369,150.65706570657065,0.0011145431602566347
8370,150.67506750675068,0.0011143240492647573
8371,150.6930693069307,0.0011142360488074013
8372,150.7110711071107,0.0011142779785102202
8373,150.72907290729074,0.0011144378372587647
8374,150.74707470747074,0.0011146939451500005
8375,150.76507650765078,0.0011150167851018277
8376,150.78307830783078,0.0011153714064190353
8377,150.8010801080108,0.0011157202142677988
8378,150.8190819081908,0.0011160259425789878
8379,150.83708370837084,0.0011162545951342022
8380,150.85508550855087,0.0011163781414180326
8381,150.87308730873087,0.0011163767702858083
8382,150.8910891089109,0.0011162405347107237
8383,150.9090909090909,0.001115970263038811
8384,150.92709270927094,0.0011155776636588204
8385,150.94509450945094,0.001115084607439014
8386,150.96309630963097,0.001114521631826719
8387,150.98109810981097,0.001113925767997029
8388,150.999099909991,0.0011133378437173111
8389,151.01710171017103,0.001112799455800153
8390,151.03510351035104,0.0011123498338756594
8391,151.05310531053107,0.001112022829315615
8392,151.07110711071107,0.001111844258162316
8393,151.0891089108911,0.0011118298047651395
8394,151.1071107110711,0.0011119836547120285
8395,151.12511251125113,0.001112297974015548
8396,151.14311431143113,0.0011127532899345054
8397,151.16111611161116,0.001113319761707557
8398,151.1791179117912,0.0011139592618144968
8399,151.1971197119712,0.0011146281253062143
8400,151.21512151215123,0.00111528037116795
8401,151.23312331233123,0.0011158711598975846
8402,151.25112511251126,0.00111636022881511
8403,151.26912691269126,0.001116715043146605
8404,151.2871287128713,0.0011169134172869632
8405,151.3051305130513,0.0011169453959697863
8406,151.32313231323133,0.0011168142370260449
8407,151.34113411341136,0.0011165364023489096
8408,151.35913591359136,0.001116140536910532
8409,151.3771377137714,0.0011156654918010982
8410,151.3951395139514,0.0011151575205863868
8411,151.41314131413142,0.0011146668432358946
8412,151.43114311431142,0.0011142438234374682
8413,151.44914491449146,0.001113935039194147
8414,151.46714671467146,0.0011137795403516624
8415,151.4851485148515,0.001113805578762923
8416,151.50315031503152,0.0011140280673869684
8417,151.52115211521152,0.0011144469755715169
8418,151.53915391539155,0.00111504680239206
8419,151.55715571557155,0.0011157971927889814
8420,151.57515751575158,0.0011166546778703997
8421,151.5931593159316,0.0011175654371917416
8422,151.61116111611162,0.0011184689032524566
8423,151.62916291629162,0.0011193019626899174
8424,151.64716471647165,0.001120003459744576
8425,151.66516651665168,0.0011205186794021672
8426,151.68316831683168,0.001120803482602297
8427,151.7011701170117,0.0011208277847883862
8428,151.71917191719172,0.0011205781108639499
8429,151.73717371737175,0.0011200590216199364
8430,151.75517551755175,0.001119293284692315
8431,151.77317731773178,0.0011183207516503742
8432,151.7911791179118,0.0011171959956130743
8433,151.8091809180918,0.001115984854159048
8434,151.82718271827184,0.0011147601036445014
8435,151.84518451845184,0.0011135965573602765
8436,151.86318631863188,0.001112565926251951
8437,151.88118811881188,0.0011117318035969476
8438,151.8991899189919,0.0011111451321457356
8439,151.9171917191719,0.0011108404836719407
8440,151.93519351935194,0.0011108334283561848
8441,151.95319531953197,0.0011111191983928376
8442,151.97119711971197,0.0011116727615902502
8443,151.989198919892,0.0011124503226164865
8444,152.007200720072,0.0011133921687374042
8445,152.02520252025204,0.0011144266804746434
8446,152.04320432043204,0.001115475242419995
8447,152.06120612061207,0.001116457721618085
8448,152.07920792079207,0.0011172981354761308
8449,152.0972097209721,0.0011179301115960354
8450,152.11521152115213,0.0011183017500259484
8451,152.13321332133214,0.0011183795340793583
8452,152.15121512151217,0.0011181509970500387
8453,152.16921692169217,0.0011176259350316102
8454,152.1872187218722,0.0011168360552297385
8455,152.2052205220522,0.0011158330579860382
8456,152.22322232223223,0.001114685261758154
8457,152.24122412241223,0.0011134729857388505
8458,152.25922592259226,0.0011122829970791257
8459,152.2772277227723,0.0011112024019805293
8460,152.2952295229523,0.0011103124066573961
8461,152.31323132313233,0.0011096823914385815
8462,152.33123312331233,0.001109364727182577
8463,152.34923492349236,0.0011093907180308572
8464,152.36723672367236,0.001109767980883843
8465,152.3852385238524,0.001110479474548686
8466,152.4032403240324,0.0011114842768287522
8467,152.42124212421243,0.0011127200838731692
8468,152.43924392439246,0.0011141072817195652
8469,152.45724572457246,0.0011155543242136335
8470,152.4752475247525,0.0011169640529903459
8471,152.4932493249325,0.0011182405214622381
8472,152.51125112511252,0.0011192958415807684
8473,152.52925292529252,0.001120056563142701
8474,152.54725472547256,0.0011204691217420906
8475,152.56525652565256,0.0011205039516472867
8476,152.5832583258326,0.0011201579499134635
8477,152.60126012601262,0.0011194550916822819
8478,152.61926192619262,0.001118445125844242
8479,152.63726372637265,0.0011172004158333919
8480,152.65526552655265,0.001115811122581159
8481,152.67326732673268,0.0011143790460959792
8482,152.6912691269127,0.00111301054020819
8483,152.70927092709272,0.0011118089847220142
8484,152.72727272727272,0.0011108673355848977
8485,152.74527452745275,0.001110261274129035
8486,152.76327632763278,0.0011100434408906506
8487,152.78127812781278,0.0011102391703878595
8488,152.7992799279928,0.0011108440452338574
8489,152.81728172817282,0.0011118234676915609
8490,152.83528352835285,0.0011131143122932168
8491,152.85328532853285,0.0011146285833904394
8492,152.87128712871288,0.0011162588656938313
8493,152.88928892889288,0.001117885232929951
8494,152.9072907290729,0.0011193831777531658
8495,152.92529252925294,0.0011206320517190198
8496,152.94329432943294,0.0011215234624300568
8497,152.96129612961298,0.001121969068842605
8498,152.97929792979298,0.0011219072459043437
8499,152.997299729973,0.001121308154646853
8500,153.015301530153,0.0011201768498675627
8501,153.03330333033304,0.001118554178895054
8502,153.05130513051304,0.0011165153642509352
8503,153.06930693069307,0.0011141663116479158
8504,153.0873087308731,0.0011116378332784052
8505,153.1053105310531,0.001109078115138026
8506,153.12331233123314,0.0011066438769880384
8507,153.14131413141314,0.0011044907663031055
8508,153.15931593159317,0.0011027635865727056
8509,153.17731773177317,0.0011015869811094412
8510,153.1953195319532,0.0011010571739976402
8511,153.2133213321332,0.001101235310605344
8512,153.23132313231324,0.001102142844503641
8513,153.24932493249327,0.001103759291569811
8514,153.26732673267327,0.0011060225235724318
8515,153.2853285328533,0.0011088316123960568
8516,153.3033303330333,0.0011120520730023152
8517,153.32133213321333,0.0011155231992169051
8518,153.33933393339333,0.0011190670518825844
8519,153.35733573357336,0.0011224985529011409
8520,153.37533753375337,0.0011256360682807217
8521,153.3933393339334,0.001128311833079588
8522,153.41134113411343,0.001130381582844537
8523,153.42934293429343,0.0011317328086207768
8524,153.44734473447346,0.0011322911419211377
8525,153.46534653465346,0.0011320244958129525
8526,153.4833483348335,0.0011309447302181386
8527,153.5013501350135,0.0011291067640564767
8528,153.51935193519353,0.0011266052138507836
8529,153.53735373537353,0.0011235687878517954
8530,153.55535553555356,0.0011201527974253733
8531,153.5733573357336,0.0011165302555314813
8532,153.5913591359136,0.0011128821095633982
8533,153.60936093609362,0.0011093871986347452
8534,153.62736273627362,0.0011062125318363602
8535,153.64536453645366,0.001103504454471619
8536,153.66336633663366,0.0011013812063183127
8537,153.6813681368137,0.0010999272838972426
8538,153.6993699369937,0.0010991899034244117
8539,153.71737173717372,0.0010991777296398362
8540,153.73537353735375,0.0010998618958955356
8541,153.75337533753375,0.0011011792010001996
8542,153.77137713771378,0.0011030372366029567
8543,153.7893789378938,0.0011053210831733153
8544,153.80738073807382,0.0011079011198936873
8545,153.82538253825382,0.0011106414297971615
8546,153.84338433843385,0.001113408250445711
8547,153.86138613861385,0.0011160779246450962
8548,153.87938793879388,0.0011185438452950244
8549,153.8973897389739,0.0011207219613765006
8550,153.91539153915392,0.0011225545139302746
8551,153.93339333933395,0.0011240117952337762
8552,153.95139513951395,0.0011250918630308683
8553,153.96939693969398,0.001125818285129675
8554,153.98739873987398,0.0011262361278470134
8555,154.005400540054,0.0011264065246310597
8556,154.02340234023401,0.0011264002596095934
8557,154.04140414041404,0.0011262908672996542
8558,154.05940594059408,0.0011261477790890685
8559,154.07740774077408,0.0011260300369684319
8560,154.0954095409541,0.0011259810460303528
8561,154.1134113411341,0.0011260247532151775
8562,154.13141314131414,0.0011261635272368446
8563,154.14941494149414,0.0011263778824300687
8564,154.16741674167417,0.001126628047835518
8565,154.18541854185418,0.0011268572432694317
8566,154.2034203420342,0.001126996397216706
8567,154.22142214221424,0.0011269699367540212
8568,154.23942394239424,0.0011267022049711677
8569,154.25742574257427,0.0011261240215304587
8570,154.27542754275427,0.001125178899154208
8571,154.2934293429343,0.0011238284619992194
8572,154.3114311431143,0.0011220566772859502
8573,154.32943294329434,0.0011198726030479157
8574,154.34743474347434,0.0011173114645728266
8575,154.36543654365437,0.0011144339911632352
8576,154.3834383438344,0.0011113240642113564
8577,154.4014401440144,0.0011080848387803534
8578,154.41944194419443,0.0011048335966307495
8579,154.43744374437443,0.001101695663302817
8580,154.45544554455446,0.0010987977717833613
8581,154.47344734473447,0.0010962612787815541
8582,154.4914491449145,0.0010941956369630715
8583,154.50945094509453,0.0010926924995693552
8584,154.52745274527453,0.0010918207859299538
8585,154.54545454545456,0.0010916229716581725
8586,154.56345634563456,0.0010921127905532235
8587,154.5814581458146,0.0010932744513694075
8588,154.5994599459946,0.001095063386523459
8589,154.61746174617463,0.0010974084660611795
8590,154.63546354635463,0.0011002155329087702
8591,154.65346534653466,0.001103372048164005
8592,154.6714671467147,0.0011067525809027986
8593,154.6894689468947,0.0011102248380103162
8594,154.70747074707472,0.0011136559075210389
8595,154.72547254725472,0.0011169183847591876
8596,154.74347434743476,0.0011198960642966153
8597,154.76147614761476,0.001122488911619525
8598,154.7794779477948,0.0011246170747534973
8599,154.7974797479748,0.001126223755382334
8600,154.81548154815482,0.0011272768278268127
8601,154.83348334833485,0.0011277691685472877
8602,154.85148514851485,0.00112771773404613
8603,154.86948694869488,0.0011271614964167064
8604,154.8874887488749,0.0011261584087041891
8605,154.90549054905492,0.0011247816225836286
8606,154.92349234923492,0.0011231152153364592
8607,154.94149414941495,0.001121249699552229
8608,154.95949594959495,0.0011192775865619627
8609,154.97749774977498,0.0011172892539083902
8610,154.995499549955,0.001115369330148593
8611,155.01350135013502,0.0011135937601670454
8612,155.03150315031505,0.0011120276551099205
8613,155.04950495049505,0.0011107239677943007
8614,155.06750675067508,0.0011097229719574417
8615,155.08550855085508,0.0011090524667365178
8616,155.1035103510351,0.0011087285804615636
8617,155.12151215121511,0.0011087570134531587
8618,155.13951395139514,0.0011091345401643634
8619,155.15751575157518,0.0011098505875787867
8620,155.17551755175518,0.001110888718907752
8621,155.1935193519352,0.001112227877796955
8622,155.2115211521152,0.0011138432859419665
8623,155.22952295229524,0.00111570693294556
8624,155.24752475247524,0.001117787647640759
8625,155.26552655265527,0.0011200507909290185
8626,155.28352835283528,0.001122457657439986
8627,155.3015301530153,0.0011249647132698906
8628,155.31953195319534,0.0011275228264416251
8629,155.33753375337534,0.001130076662958215
8630,155.35553555355537,0.0011325644226272272
8631,155.37353735373537,0.001134918074400177
8632,155.3915391539154,0.0011370642210311505
8633,155.4095409540954,0.0011389256787427294
8634,155.42754275427544,0.0011404238017261924
8635,155.44554455445544,0.0011414815171694227
8636,155.46354635463547,0.0011420269684736856
8637,155.4815481548155,0.0011419975974463873
8638,155.4995499549955,0.0011413444359781788
8639,155.51755175517553,0.0011400363294626088
8640,155.53555355535553,0.0011380637829967095
8641,155.55355535553556,0.0011354421113184219
8642,155.57155715571557,0.0011322135872734113
8643,155.5895589558956,0.0011284483224361578
8644,155.6075607560756,0.0011242436764599352
8645,155.62556255625563,0.0011197220758486653
8646,155.64356435643566,0.0011150272231974566
8647,155.66156615661566,0.0011103187878828407
8648,155.6795679567957,0.001105765780780509
8649,155.6975697569757,0.0011015389202717666
8650,155.71557155715573,0.001097802386045994
8651,155.73357335733573,0.0010947054232920803
8652,155.75157515751576,0.0010923742965834949
8653,155.76957695769576,0.0010909050959994142
8654,155.7875787578758,0.001090357866226478
8655,155.80558055805582,0.0010907524637394552
8656,155.82358235823583,0.0010920664515501912
8657,155.84158415841586,0.0010942352217486295
8658,155.85958595859586,0.0010971544013441592
8659,155.8775877587759,0.0011006844561868366
8660,155.8955895589559,0.0011046572708841062
8661,155.91359135913592,0.0011088843591489446
8662,155.93159315931592,0.0011131662573187688
8663,155.94959495949595,0.0011173025805253603
8664,155.96759675967598,0.0011211021806223937
8665,155.985598559856,0.0011243928394928508
8666,156.00360036003602,0.0011270299602900633
8667,156.02160216021602,0.0011289037797491388
8668,156.03960396039605,0.0011299447122308883
8669,156.05760576057605,0.0011301265444487291
8670,156.07560756075608,0.0011294673217703136
8671,156.09360936093609,0.001128027895085107
8672,156.11161116111612,0.0011259082241180845
8673,156.12961296129615,0.0011232416519314943
8674,156.14761476147615,0.0011201874702530799
8675,156.16561656165618,0.001116922181360662
8676,156.18361836183618,0.0011136299259081855
8677,156.2016201620162,0.0011104925849053265
8678,156.21962196219621,0.0011076800768785697
8679,156.23762376237624,0.0011053413579993957
8680,156.25562556255625,0.0011035965946757497
8681,156.27362736273628,0.0011025309167488292
8682,156.2916291629163,0.0011021900778968243
8683,156.3096309630963,0.0011025782518183699
8684,156.32763276327634,0.0011036580826875744
8685,156.34563456345634,0.0011053529913068834
8686,156.36363636363637,0.0011075516198903
8687,156.38163816381638,0.0011101141843420238
8688,156.3996399639964,0.0011128803991619092
8689,156.4176417641764,0.0011156785523759624
8690,156.43564356435644,0.0011183352412601018
8691,156.45364536453647,0.0011206852382952453
8692,156.47164716471647,0.001122580943739401
8693,156.4896489648965,0.0011239008979143656
8694,156.5076507650765,0.001124556872593836
8695,156.52565256525654,0.0011244991348038262
8696,156.54365436543654,0.001123719574248712
8697,156.56165616561657,0.0011222525022576149
8698,156.57965796579657,0.0011201730591463544
8699,156.5976597659766,0.0011175933008793289
8700,156.61566156615663,0.0011146561671466014
8701,156.63366336633663,0.001111527653772103
8702,156.65166516651666,0.0011083876156327437
8703,156.66966696669667,0.0011054197059013734
8704,156.6876687668767,0.0011028010087302045
8705,156.7056705670567,0.0011006919424413144
8706,156.72367236723673,0.0010992269977103714
8707,156.74167416741673,0.0010985068308445281
8708,156.75967596759676,0.001098592158623744
8709,156.7776777677768,0.001099499802524666
8710,156.7956795679568,0.0011012011121043915
8711,156.81368136813683,0.0011036228665831935
8712,156.83168316831683,0.001106650617602053
8713,156.84968496849686,0.001110134302373821
8714,156.86768676867686,0.0011138958324579036
8715,156.8856885688569,0.0011177382560454967
8716,156.9036903690369,0.0011214560068570434
8717,156.92169216921693,0.0011248456951389583
8718,156.93969396939696,0.0011277168688533375
8719,156.95769576957696,0.001129902177298416
8720,156.975697569757,0.0011312664045703116
8721,156.993699369937,0.0011317139041832074
8722,157.01170117011702,0.0011311940548484065
8723,157.02970297029702,0.0011297044655026144
8724,157.04770477047705,0.0011272917787231924
8725,157.06570657065706,0.0011240500485551023
8726,157.0837083708371,0.0011201167941768725
8727,157.10171017101712,0.0011156669476975766
8728,157.11971197119712,0.001110905016373678
8729,157.13771377137715,0.0011060558614648926
8730,157.15571557155715,0.0011013545540475048
8731,157.17371737173718,0.001097035800245882
8732,157.19171917191719,0.001093323434104364
8733,157.20972097209722,0.001090420456909286
8734,157.22772277227725,0.0010885000598377225
8735,157.24572457245725,0.0010876980061466604
8736,157.26372637263728,0.0010881066742960265
8737,157.28172817281728,0.001089770979359983
8738,157.2997299729973,0.001092686301741584
8739,157.31773177317731,0.0010967984641075221
8740,157.33573357335734,0.0011020057134943546
8741,157.35373537353735,0.0011081625887745942
8742,157.37173717371738,0.0011150854862877384
8743,157.3897389738974,0.0011225596797629336
8744,157.4077407740774,0.001130347505284945
8745,157.42574257425744,0.0011381973880386662
8746,157.44374437443744,0.001145853364641316
8747,157.46174617461747,0.0011530647426487683
8748,157.47974797479748,0.0011595955369679634
8749,157.4977497749775,0.0011652333312468096
8750,157.5157515751575,0.0011697972308555525
8751,157.53375337533754,0.0011731446029624398
8752,157.55175517551757,0.0011751763385864059
8753,157.56975697569757,0.0011758404213498615
8754,157.5877587758776,0.001175133647544119
8755,157.6057605760576,0.001173101411071432
8756,157.62376237623764,0.0011698355431263672
8757,157.64176417641764,0.0011654702776027293
8758,157.65976597659767,0.001160176495844908
8759,157.67776777677767,0.0011541544845119964
8760,157.6957695769577,0.001147625513540955
8761,157.71377137713773,0.00114082260288547
8762,157.73177317731773,0.0011339808924907741
8763,157.74977497749776,0.0011273280560787206
8764,157.76777677767777,0.0011210752029896208
8765,157.7857785778578,0.0011154086921044335
8766,157.8037803780378,0.0011104832378528134
8767,157.82178217821783,0.0011064166222546862
8768,157.83978397839783,0.0011032862422414203
8769,157.85778577857786,0.0011011276229987276
8770,157.8757875787579,0.0010999349217645366
8771,157.8937893789379,0.0010996633391070721
8772,157.91179117911793,0.0011002332531309
8773,157.92979297929793,0.0011015358029095865
8774,157.94779477947796,0.001103439576475463
8775,157.96579657965796,0.0011057980103424548
8776,157.983798379838,0.0011084570845566945
8777,158.001800180018,0.0011112629005257846
8778,158.01980198019803,0.0011140687572823446
8779,158.03780378037806,0.0011167413924639742
8780,158.05580558055806,0.0011191661226435947
8781,158.0738073807381,0.00112125069806628
8782,158.0918091809181,0.001122927773030639
8783,158.10981098109812,0.0011241559786830948
8784,158.12781278127812,0.0011249196639098469
8785,158.14581458145815,0.0011252274372920903
8786,158.16381638163816,0.0011251096950429214
8787,158.1818181818182,0.0011246153543518858
8788,158.19981998199822,0.0011238080281661595
8789,158.21782178217822,0.0011227618772499779
8790,158.23582358235825,0.0011215573608363391
8791,158.25382538253825,0.001120277081737581
8792,158.27182718271828,0.0011190018893648733
8793,158.28982898289829,0.0011178073687251845
8794,158.30783078307832,0.0011167608087334737
8795,158.32583258325832,0.0011159187119482341
8796,158.34383438343835,0.0011153248819461177
8797,158.36183618361838,0.0011150091047058136
8798,158.37983798379838,0.0011149864261930048
8799,158.3978397839784,0.0011152570185471815
8800,158.41584158415841,0.0011158066199758799
8801,158.43384338433845,0.001116607526529742
8802,158.45184518451845,0.0011176201053782514
8803,158.46984698469848,0.0011187947875474409
8804,158.48784878487848,0.0011200744826160229
8805,158.5058505850585,0.0011213973388348778
8806,158.52385238523854,0.00112269975073867
8807,158.54185418541854,0.0011239194946014576
8808,158.55985598559857,0.001124998852692095
8809,158.57785778577858,0.0011258875731012664
8810,158.5958595859586,0.0011265455056975364
8811,158.6138613861386,0.0011269447587489204
8812,158.63186318631864,0.0011270712362792695
8813,158.64986498649864,0.0011269254435621002
8814,158.66786678667867,0.0011265224863134776
8815,158.6858685868587,0.0011258912359597638
8816,158.7038703870387,0.0011250726856292526
8817,158.72187218721874,0.001124117575320912
8818,158.73987398739874,0.0011230834157499741
8819,158.75787578757877,0.0011220310844301015
8820,158.77587758775877,0.001121021200866064
8821,158.7938793879388,0.0011201105073653172
8822,158.8118811881188,0.0011193484860951548
8823,158.82988298829883,0.001118774431025033
8824,158.84788478847886,0.0011184151659923594
8825,158.86588658865887,0.0011182835591963048
8826,158.8838883888389,0.001118377932837562
8827,158.9018901890189,0.0011186824080013011
8828,158.91989198919893,0.0011191681632756586
8829,158.93789378937893,0.0011197955251825758
8830,158.95589558955896,0.0011205167532749268
8831,158.97389738973897,0.0011212793363118382
8832,158.991899189919,0.0011220295812377392
8833,159.00990099009903,0.0011227162559819804
8834,159.02790279027903,0.0011232940417500374
8835,159.04590459045906,0.0011237265609903464
8836,159.06390639063906,0.0011239887731929574
8837,159.0819081908191,0.0011240685708189954
8838,159.0999099909991,0.0011239674598314884
8839,159.11791179117913,0.001123700270562329
8840,159.13591359135913,0.0011232939113672747
8841,159.15391539153916,0.0011227852454850022
8842,159.1719171917192,0.0011222182361456429
8843,159.1899189918992,0.001121640561562941
8844,159.20792079207922,0.001121099945475394
8845,159.22592259225922,0.0011206404763995908
8846,159.24392439243925,0.0011202991966709154
8847,159.26192619261926,0.0011201032288993018
8848,159.2799279927993,0.0011200676724716899
8849,159.2979297929793,0.0011201944477747141
8850,159.31593159315932,0.0011204721943067274
8851,159.33393339333935,0.0011208772459081605
8852,159.35193519351935,0.0011213756184577435
8853,159.36993699369938,0.0011219258599356576
8854,159.38793879387939,0.001122482537366742
8855,159.40594059405942,0.0011230000769660855
8856,159.42394239423942,0.0011234366387304182
8857,159.44194419441945,0.001123757698771474
8858,159.45994599459945,0.0011239390334764861
8859,159.47794779477948,0.0011239688480046619
8860,159.4959495949595,0.0011238488638579437
8861,159.51395139513951,0.001123594270020854
8862,159.53195319531955,0.001123232541273394
8863,159.54995499549955,0.001122801226461978
8864,159.56795679567958,0.0011223448993186885
8865,159.58595859585958,0.0011219115362204898
8866,159.6039603960396,0.0011215486321994306
8867,159.6219621962196,0.001121299384175224
8868,159.63996399639964,0.0011211992573978958
8869,159.65796579657967,0.0011212732092292783
8870,159.67596759675968,0.001121533778390406
8871,159.6939693969397,0.001121980164824171
8872,159.7119711971197,0.0011225983341656587
8873,159.72997299729974,0.0011233620909137784
8874,159.74797479747974,0.0011242349847698163
8875,159.76597659765977,0.0011251728528434374
8876,159.78397839783977,0.0011261267618637289
8877,159.8019801980198,0.001127046101711208
8878,159.81998199819984,0.0011278815940365177
8879,159.83798379837984,0.0011285880141256978
8880,159.85598559855987,0.0011291264748242932
8881,159.87398739873987,0.00112946618097007
8882,159.8919891989199,0.001129585623497667
8883,159.9099909990999,0.001129473236632496
8884,159.92799279927993,0.0011291275831637948
8885,159.94599459945994,0.001128557157522495
8886,159.96399639963997,0.0011277799026757824
8887,159.98199819982,0.0011268225257514432
8888,160.0,0.0011257196723575308
8889,160.01800180018003,0.0011245129862344804
8890,160.03600360036003,0.0011232500457948184
8891,160.05400540054006,0.001121983139121761
8892,160.07200720072007,0.0011207678202353288
8893,160.0900090009001,0.0011196611864225845
8894,160.10801080108013,0.001118719831444285
8895,160.12601260126013,0.0011179974621245519
8896,160.14401440144016,0.001117542213190341
8897,160.16201620162016,0.0011173937518784342
8898,160.1800180018002,0.001117580322639064
8899,160.1980198019802,0.0011181159351920957
8900,160.21602160216023,0.0011189979382437933
8901,160.23402340234023,0.001120205239407375
8902,160.25202520252026,0.0011216974242800116
8903,160.2700270027003,0.0011234149918293544
8904,160.2880288028803,0.0011252808598734086
8905,160.30603060306032,0.0011272032072402482
8906,160.32403240324032,0.0011290796147369133
8907,160.34203420342035,0.0011308023541637933
8908,160.36003600360036,0.0011322645635214563
8909,160.3780378037804,0.0011333669479412097
8910,160.3960396039604,0.0011340245697686608
8911,160.41404140414042,0.0011341732460505678
8912,160.43204320432045,0.0011337750633378565
8913,160.45004500450045,0.0011328225510282253
8914,160.46804680468048,0.0011313411247894384
8915,160.48604860486049,0.0011293895168302357
8916,160.50405040504052,0.0011270580426694923
8917,160.52205220522052,0.001124464704784265
8918,160.54005400540055,0.001121749290545748
8919,160.55805580558055,0.001119065772864347
8920,160.57605760576058,0.0011165734549205516
8921,160.5940594059406,0.0011144274044980471
8922,160.61206120612061,0.0011127687901790937
8923,160.63006300630065,0.0011117157553184388
8924,160.64806480648065,0.0011113554439357908
8925,160.66606660666068,0.0011117377266520528
8926,160.68406840684068,0.0011128710691565326
8927,160.7020702070207,0.001114720848090915
8928,160.7200720072007,0.0011172102597406777
8929,160.73807380738074,0.0011202237972014542
8930,160.75607560756077,0.0011236131040611686
8931,160.77407740774078,0.0011272048591130246
8932,160.7920792079208,0.0011308102179369071
8933,160.8100810081008,0.0011342352420253467
8934,160.82808280828084,0.0011372916904358178
8935,160.84608460846084,0.0011398075355545229
8936,160.86408640864087,0.0011416365930350153
8937,160.88208820882087,0.0011426667227886613
8938,160.9000900090009,0.0011428261567984082
8939,160.91809180918094,0.0011420876321480314
8940,160.93609360936094,0.0011404701443343411
8941,160.95409540954097,0.001138038276532361
8942,160.97209720972097,0.0011348991953031935
8943,160.990099009901,0.0011311975237686136
8944,161.008100810081,0.0011271084028702258
8945,161.02610261026103,0.0011228291256092386
8946,161.04410441044104,0.0011185697762120706
8947,161.06210621062107,0.0011145433264620258
8948,161.0801080108011,0.0011109556375363103
8949,161.0981098109811,0.0011079957917125487
8950,161.11611161116113,0.0011058271393201988
8951,161.13411341134113,0.0011045793976016155
8952,161.15211521152116,0.0011043420845856435
8953,161.17011701170117,0.0011051595165525053
8954,161.1881188118812,0.0011070275447120767
8955,161.2061206120612,0.0011098921563378623
8956,161.22412241224123,0.0011136500173550652
8957,161.24212421242126,0.0011181509856799778
8958,161.26012601260126,0.0011232025751739014
8959,161.2781278127813,0.0011285762965448773
8960,161.2961296129613,0.001134015742075108
8961,161.31413141314133,0.0011392462149507681
8962,161.33213321332133,0.0011439856320526651
8963,161.35013501350136,0.0011479563539437312
8964,161.36813681368136,0.0011508975218548032
8965,161.3861386138614,0.0011525774146268835
8966,161.40414041404142,0.001152805285715101
8967,161.42214221422142,0.0011514421086968856
8968,161.44014401440145,0.0011484096559151954
8969,161.45814581458146,0.0011436973642104662
8970,161.4761476147615,0.0011373665072600119
8971,161.4941494149415,0.0011295512961769455
8972,161.51215121512152,0.001120456665886413
8973,161.53015301530152,0.0011103526683341669
8974,161.54815481548155,0.001099565575758559
8975,161.56615661566158,0.0010884659866452373
8976,161.58415841584159,0.0010774544106093257
8977,161.60216021602162,0.0010669449728418318
8978,161.62016201620162,0.0010573480110925685
8979,161.63816381638165,0.001049052427420381
8980,161.65616561656165,0.0010424086949267454
8981,161.67416741674168,0.0010377134018424742
8982,161.69216921692168,0.00103519614125279
8983,161.71017101710171,0.0010350094283209748
8984,161.72817281728175,0.0010372221561013855
8985,161.74617461746175,0.0010418168974251696
8986,161.76417641764178,0.0010486911380387038
8987,161.78217821782178,0.0010576623008166672
8988,161.8001800180018,0.001068476208346479
8989,161.8181818181818,0.0010808184463217722
8990,161.83618361836184,0.0010943279455733115
8991,161.85418541854185,0.0011086120055092427
8992,161.87218721872188,0.0011232619415346408
8993,161.8901890189019,0.00113786855455841
8994,161.9081908190819,0.0011520366884408288
8995,161.92619261926194,0.0011653982535812478
8996,161.94419441944194,0.001177623240828521
8997,161.96219621962197,0.001188428416183061
8998,161.98019801980197,0.0011975835588339825
8999,161.998199819982,0.0012049152685429758
9000,162.016201620162,0.0012103085102237682
9001,162.03420342034204,0.0012137061732871838
9002,162.05220522052207,0.0012151069938614466
9003,162.07020702070207,0.0012145622163274412
9004,162.0882088208821,0.0012121713579391173
9005,162.1062106210621,0.0012080773919078283
9006,162.12421242124213,0.0012024615889890855
9007,162.14221422142214,0.0011955381666789453
9008,162.16021602160217,0.0011875488013773628
9009,162.17821782178217,0.0011787569751640459
9010,162.1962196219622,0.0011694420667384669
9011,162.21422142214223,0.00115989306465077
9012,162.23222322232223,0.001150401785674973
9013,162.25022502250226,0.001141255523280398
9014,162.26822682268227,0.001132729127339327
9015,162.2862286228623,0.0011250766188287689
9016,162.3042304230423,0.0011185225610172373
9017,162.32223222322233,0.0011132535275288433
9018,162.34023402340233,0.001109410112575068
9019,162.35823582358236,0.0011070800047249605
9020,162.3762376237624,0.0011062926800197532
9021,162.3942394239424,0.0011070162536823795
9022,162.41224122412243,0.0011091569574917493
9023,162.43024302430243,0.0011125615829378549
9024,162.44824482448246,0.0011170230551667637
9025,162.46624662466246,0.0011222890915262487
9026,162.4842484248425,0.0011280736678574439
9027,162.5022502250225,0.0011340707853278386
9028,162.52025202520252,0.0011399698217241469
9029,162.53825382538255,0.0011454715842299816
9030,162.55625562556256,0.0011503040736285384
9031,162.5742574257426,0.0011542369358520977
9032,162.5922592259226,0.0011570936230440698
9033,162.61026102610262,0.001158760412969535
9034,162.62826282628262,0.0011591916355213983
9035,162.64626462646265,0.0011584107140848007
9036,162.66426642664266,0.0011565069276305512
9037,162.68226822682269,0.0011536281124112455
9038,162.70027002700272,0.0011499698237904736
9039,162.71827182718272,0.0011457617431518193
9040,162.73627362736275,0.0011412523188903158
9041,162.75427542754275,0.001136692756040108
9042,162.77227722772278,0.0011323215047459845
9043,162.79027902790278,0.0011283503400594808
9044,162.80828082808281,0.00112495297927439
9045,162.82628262826285,0.0011222569610108684
9046,162.84428442844285,0.0011203392321313904
9047,162.86228622862288,0.0011192255789743704
9048,162.88028802880288,0.001118893725716633
9049,162.8982898289829,0.001119279632513366
9050,162.9162916291629,0.0011202862846221389
9051,162.93429342934294,0.0011217940914808248
9052,162.95229522952295,0.0011236719255474854
9053,162.97029702970298,0.0011257878306339152
9054,162.988298829883,0.0011280185161340452
9055,163.006300630063,0.0011302569165919085
9056,163.02430243024304,0.0011324173181537914
9057,163.04230423042304,0.0011344378120840422
9058,163.06030603060307,0.0011362801051942306
9059,163.07830783078307,0.0011379269717553375
9060,163.0963096309631,0.0011393778472551547
9061,163.1143114311431,0.001140643221546356
9062,163.13231323132314,0.0011417385739331425
9063,163.15031503150317,0.0011426785993245052
9064,163.16831683168317,0.0011434724042942326
9065,163.1863186318632,0.0011441202138026752
9066,163.2043204320432,0.0011446119390161325
9067,163.22232223222323,0.0011449277345339042
9068,163.24032403240324,0.001145040442604836
9069,163.25832583258327,0.0011449196062459565
9070,163.27632763276327,0.001144536554352977
9071,163.2943294329433,0.0011438699377137043
9072,163.31233123312333,0.0011429110374193859
9073,163.33033303330333,0.0011416681818348922
9074,163.34833483348336,0.0011401696931257364
9075,163.36633663366337,0.0011384649304710607
9076,163.3843384338434,0.0011366231896261098
9077,163.4023402340234,0.0011347304380423249
9078,163.42034203420343,0.0011328840893451329
9079,163.43834383438343,0.0011311862282407136
9080,163.45634563456346,0.0011297358662641767
9081,163.4743474347435,0.0011286209233330692
9082,163.4923492349235,0.001127910678312069
9083,163.51035103510353,0.0011276494086328468
9084,163.52835283528353,0.0011278518462184296
9085,163.54635463546356,0.0011285009229771554
9086,163.56435643564356,0.0011295480782306366
9087,163.5823582358236,0.00113091617134962
9088,163.6003600360036,0.0011325048069906686
9089,163.61836183618362,0.001134197659693975
9090,163.63636363636365,0.0011358711998399197
9091,163.65436543654366,0.0011374040913436244
9092,163.6723672367237,0.0011386864653286507
9093,163.6903690369037,0.001139628279627734
9094,163.70837083708372,0.0011401660509489182
9095,163.72637263726372,0.0011402673879797804
9096,163.74437443744375,0.0011399329467296222
9097,163.76237623762376,0.0011391956564610227
9098,163.78037803780379,0.001138117304980659
9099,163.79837983798382,0.001136782803998369
9100,163.81638163816382,0.0011352926576917476
9101,163.83438343834385,0.0011337543122298455
9102,163.85238523852385,0.0011322731569149242
9103,163.87038703870388,0.0011309439705480975
9104,163.88838883888388,0.001129843557770461
9105,163.90639063906391,0.0011290252041811707
9106,163.92439243924392,0.0011285154068199745
9107,163.94239423942395,0.0011283131240696713
9108,163.96039603960398,0.001128391555801295
9109,163.97839783978398,0.0011287022321312997
9110,163.996399639964,0.001129180978873705
9111,164.014401440144,0.0011297551589811532
9112,164.03240324032404,0.001130351477473744
9113,164.05040504050405,0.0011309035927865754
9114,164.06840684068408,0.001131358804139354
9115,164.08640864086408,0.0011316831798462066
9116,164.1044104410441,0.0011318646464523515
9117,164.12241224122414,0.0011319137586252997
9118,164.14041404140414,0.0011318620960003689
9119,164.15841584158417,0.001131758464306522
9120,164.17641764176417,0.0011316632921480384
9121,164.1944194419442,0.0011316417913539059
9122,164.2124212421242,0.0011317565708151755
9123,164.23042304230424,0.0011320604492533887
9124,164.24842484248424,0.0011325901956720824
9125,164.26642664266427,0.0011333618384479457
9126,164.2844284428443,0.0011343680330376821
9127,164.3024302430243,0.001135577778164215
9128,164.32043204320433,0.0011369385400292291
9129,164.33843384338434,0.001138380605634544
9130,164.35643564356437,0.0011398232627965498
9131,164.37443744374437,0.0011411822178738814
9132,164.3924392439244,0.0011423775312897188
9133,164.4104410441044,0.0011433412891678836
9134,164.42844284428443,0.001144024243845251
9135,164.44644464446446,0.0011444007463743296
9136,164.46444644464447,0.0011444714526800215
9137,164.4824482448245,0.001144263497274926
9138,164.5004500450045,0.001143828074358313
9139,164.51845184518453,0.0011432356220689764
9140,164.53645364536453,0.0011425690465772815
9141,164.55445544554456,0.001141915624569863
9142,164.57245724572456,0.0011413583648990173
9143,164.5904590459046,0.0011409676776458176
9144,164.60846084608463,0.0011407941835909813
9145,164.62646264626463,0.0011408633991377992
9146,164.64446444644466,0.0011411728593014208
9147,164.66246624662466,0.0011416920101981604
9148,164.6804680468047,0.0011423649343696544
9149,164.6984698469847,0.0011431156931342747
9150,164.71647164716472,0.0011438558073975983
9151,164.73447344734473,0.0011444931782457804
9152,164.75247524752476,0.0011449415936751932
9153,164.7704770477048,0.0011451298943650412
9154,164.7884788478848,0.0011450098880333845
9155,164.80648064806482,0.0011445622083718556
9156,164.82448244824482,0.0011437995016429369
9157,164.84248424842485,0.0011427665744175375
9158,164.86048604860486,0.00114153742577024
9159,164.87848784878489,0.0011402093884517622
9160,164.8964896489649,0.0011388948865671941
9161,164.91449144914492,0.001137711554029429
9162,164.93249324932495,0.001136771624764134
9163,164.95049504950495,0.0011361715852954864
9164,164.96849684968498,0.0011359830644371478
9165,164.98649864986498,0.0011362458242970327
9166,165.00450045004501,0.0011369635220470147
9167,165.02250225022502,0.0011381026517243264
9168,165.04050405040505,0.00113959477512862
9169,165.05850585058505,0.001141341840128586
9170,165.07650765076508,0.0011432240939645627
9171,165.0945094509451,0.001145109857011519
9172,165.1125112511251,0.0011468662526501795
9173,165.13051305130514,0.0011483699077974906
9174,165.14851485148515,0.0011495166537406338
9175,165.16651665166518,0.001150229365988025
9176,165.18451845184518,0.0011504632732445117
9177,165.2025202520252,0.001150208319484169
9178,165.2205220522052,0.001149488453429046
9179,165.23852385238524,0.0011483580170969857
9180,165.25652565256527,0.001146895679587343
9181,165.27452745274528,0.001145196586707122
9182,165.2925292529253,0.0011433635495928266
9183,165.3105310531053,0.0011414981619452362
9184,165.32853285328534,0.001139692710640758
9185,165.34653465346534,0.001138023632509737
9186,165.36453645364537,0.0011365470840567077
9187,165.38253825382537,0.0011352969513385143
9188,165.4005400540054,0.0011342853598261152
9189,165.41854185418543,0.0011335054770548658
9190,165.43654365436544,0.0011329361619574316
9191,165.45454545454547,0.0011325478283985533
9192,165.47254725472547,0.0011323087752240384
9193,165.4905490549055,0.0011321912020976963
9194,165.5085508550855,0.0011321761818776663
9195,165.52655265526553,0.001132256989854746
9196,165.54455445544554,0.0011324403834377023
9197,165.56255625562557,0.0011327456620321024
9198,165.5805580558056,0.001133201590954993
9199,165.5985598559856,0.0011338415187191
9200,165.61656165616563,0.0011346972284999944
9201,165.63456345634563,0.0011357922203349563
9202,165.65256525652566,0.0011371352046513645
9203,165.67056705670566,0.0011387145914309364
9204,165.6885688568857,0.0011404946820612585
9205,165.70657065706573,0.0011424141200529995
9206,165.72457245724573,0.0011443869467845813
9207,165.74257425742576,0.001146306359376232
9208,165.76057605760576,0.0011480510034122403
9209,165.7785778577858,0.0011494933785672259
9210,165.7965796579658,0.0011505097142575438
9211,165.81458145814582,0.0011509905060112702
9212,165.83258325832583,0.0011508508070338468
9213,165.85058505850586,0.0011500393527479249
9214,165.8685868586859,0.001148545661092488
9215,165.8865886588659,0.0011464043930732347
9216,165.90459045904592,0.0011436964648227808
9217,165.92259225922592,0.001140546657078465
9218,165.94059405940595,0.001137117749343606
9219,165.95859585958596,0.0011336014907160053
9220,165.97659765976599,0.0011302069838721991
9221,165.994599459946,0.0011271472811097462
9222,166.01260126012602,0.0011246251532264797
9223,166.03060306030605,0.001122819079777341
9224,166.04860486048605,0.0011218705152148938
9225,166.06660666066608,0.0011218734083752698
9226,166.08460846084608,0.0011228667980456319
9227,166.10261026102611,0.0011248310863953665
9228,166.12061206120612,0.0011276883215844773
9229,166.13861386138615,0.0011313065215933123
9230,166.15661566156615,0.0011355077663968596
9231,166.17461746174618,0.001140079498867947
9232,166.1926192619262,0.0011447882289098953
9233,166.2106210621062,0.001149394650030913
9234,166.22862286228624,0.0011536690680830643
9235,166.24662466246625,0.001157406017582137
9236,166.26462646264628,0.0011604370045929543
9237,166.28262826282628,0.0011626404622477498
9238,166.3006300630063,0.0011639482243426627
9239,166.3186318631863,0.001164348096817319
9240,166.33663366336634,0.0011638824141520317
9241,166.35463546354637,0.0011626427826672843
9242,166.37263726372638,0.0011607615092565301
9243,166.3906390639064,0.001158400467370763
9244,166.4086408640864,0.0011557383407078475
9245,166.42664266426644,0.001152957293069258
9246,166.44464446444644,0.0011502301312124
9247,166.46264626462647,0.0011477089551199296
9248,166.48064806480647,0.001145516133919415
9249,166.4986498649865,0.0011437382203008449
9250,166.51665166516653,0.001142423142612819
9251,166.53465346534654,0.0011415807172201278
9252,166.55265526552657,0.0011411862315943641
9253,166.57065706570657,0.0011411865878607505
9254,166.5886588658866,0.0011415082908743882
9255,166.6066606660666,0.0011420664326150989
9256,166.62466246624663,0.0011427737767782016
9257,166.64266426642664,0.0011435490865446098
9258,166.66066606660667,0.0011443239586930493
9259,166.6786678667867,0.0011450476145519746
9260,166.6966696669667,0.0011456893323600794
9261,166.71467146714673,0.0011462384616137441
9262,166.73267326732673,0.0011467022113455564
9263,166.75067506750676,0.0011471016254057545
9264,166.76867686768676,0.001147466326755695
9265,166.7866786678668,0.0011478287134787683
9266,166.8046804680468,0.0011482183131331417
9267,166.82268226822683,0.0011486569489827713
9268,166.84068406840686,0.001149155249523987
9269,166.85868586858686,0.0011497108567610293
9270,166.8766876687669,0.001150308479515189
9271,166.8946894689469,0.0011509217194416428
9272,166.91269126912692,0.0011515163936253114
9273,166.93069306930693,0.0011520549107160826
9274,166.94869486948696,0.0011525011450963215
9275,166.96669666966696,0.0011528252067328623
9276,166.984698469847,0.0011530075268701067
9277,167.00270027002702,0.0011530417675652356
9278,167.02070207020702,0.0011529362051210575
9279,167.03870387038705,0.0011527134168559426
9280,167.05670567056706,0.0011524082967063944
9281,167.0747074707471,0.0011520646158069017
9282,167.0927092709271,0.0011517305083867907
9283,167.11071107110712,0.001151453383335164
9284,167.12871287128712,0.0011512748250742165
9285,167.14671467146715,0.0011512260478510085
9286,167.16471647164718,0.001151324406076808
9287,167.18271827182718,0.0011515713474962404
9288,167.20072007200721,0.0011519520390755348
9289,167.21872187218722,0.0011524367150565192
9290,167.23672367236725,0.0011529836123140606
9291,167.25472547254725,0.0011535431897036058
9292,167.27272727272728,0.0011540631931473311
9293,167.29072907290728,0.0011544940405524928
9294,167.3087308730873,0.001154793968812079
9295,167.32673267326734,0.0011549334116268124
9296,167.34473447344735,0.0011548981581124744
9297,167.36273627362738,0.0011546909689314534
9298,167.38073807380738,0.001154331485325551
9299,167.3987398739874,0.0011538544402607768
9300,167.4167416741674,0.0011533063520508331
9301,167.43474347434744,0.0011527410320635414
9302,167.45274527452744,0.001152214354548836
9303,167.47074707470748,0.0011517788071543698
9304,167.4887488748875,0.0011514783590010507
9305,167.5067506750675,0.0011513441482581736
9306,167.52475247524754,0.0011513914072273773
9307,167.54275427542754,0.0011516179189820592
9308,167.56075607560757,0.001152004148312495
9309,167.57875787578757,0.0011525150262200758
9310,167.5967596759676,0.00115310320752031
9311,167.6147614761476,0.0011537134806438468
9312,167.63276327632764,0.001154287900757164
9313,167.65076507650767,0.0011547711518251117
9314,167.66876687668767,0.0011551156259644144
9315,167.6867686768677,0.00115528574046842
9316,167.7047704770477,0.001155261090589555
9317,167.72277227722773,0.001155038151623219
9318,167.74077407740774,0.0011546303856294906
9319,167.75877587758777,0.0011540667624640416
9320,167.77677767776777,0.0011533888568225103
9321,167.7947794779478,0.0011526468182366887
9322,167.81278127812783,0.0011518946166103128
9323,167.83078307830783,0.0011511850320574198
9324,167.84878487848786,0.0011505648784242099
9325,167.86678667866786,0.0011500709232100089
9326,167.8847884788479,0.0011497268954245026
9327,167.9027902790279,0.001149541864211881
9328,167.92079207920793,0.0011495101353624375
9329,167.93879387938793,0.0011496126631778997
9330,167.95679567956796,0.0011498198259099898
9331,167.974797479748,0.0011500952784373282
9332,167.992799279928,0.0011504004888563948
9333,168.01080108010802,0.0011506994964790122
9334,168.02880288028803,0.001150963404012088
9335,168.04680468046806,0.0011511741388971176
9336,168.06480648064806,0.0011513270859386975
9337,168.0828082808281,0.001151432299258106
9338,168.1008100810081,0.0011515141364419124
9339,168.11881188118812,0.0011516093089833637
9340,168.13681368136815,0.0011517634966707933
9341,168.15481548154816,0.0011520268151675882
9342,168.1728172817282,0.0011524485424421734
9343,168.1908190819082,0.0011530715900185196
9344,168.20882088208822,0.001153927241565955
9345,168.22682268226822,0.001155030670406133
9346,168.24482448244825,0.001156377689615434
9347,168.26282628262825,0.0011579430882580346
9348,168.28082808280828,0.0011596807733743122
9349,168.29882988298831,0.0011615257811562268
9350,168.31683168316832,0.0011633980557631458
9351,168.33483348334835,0.0011652077348225831
9352,168.35283528352835,0.0011668615408137008
9353,168.37083708370838,0.001168269769701291
9354,168.38883888388838,0.0011693533022396746
9355,168.4068406840684,0.0011700500457397442
9356,168.42484248424844,0.001170320247233098
9357,168.44284428442845,0.0011701502010726468
9358,168.46084608460848,0.0011695539991089358
9359,168.47884788478848,0.0011685731299372548
9360,168.4968496849685,0.0011672739125428036
9361,168.5148514851485,0.0011657429341134804
9362,168.53285328532854,0.0011640808360775957
9363,168.55085508550854,0.0011623949411661092
9364,168.56885688568858,0.0011607913238006271
9365,168.5868586858686,0.0011593669855982616
9366,168.6048604860486,0.0011582028004716084
9367,168.62286228622864,0.0011573578376484813
9368,168.64086408640864,0.0011568655590628544
9369,168.65886588658867,0.0011567322282320155
9370,168.67686768676867,0.0011569376738451986
9371,168.6948694869487,0.001157438339462731
9372,168.7128712871287,0.0011581723399499571
9373,168.73087308730874,0.0011590660552429084
9374,168.74887488748877,0.0011600416413467477
9375,168.76687668766877,0.0011610247427330505
9376,168.7848784878488,0.0011619516605432731
9377,168.8028802880288,0.0011627752723169143
9378,168.82088208820883,0.001163469109720353
9379,168.83888388838884,0.001164029172455264
9380,168.85688568856887,0.0011644732743226983
9381,168.87488748874887,0.0011648379613134233
9382,168.8928892889289,0.0011651732882443486
9383,168.91089108910893,0.0011655359654001195
9384,168.92889288928893,0.0011659815667376529
9385,168.94689468946896,0.0011665566070740495
9386,168.96489648964896,0.0011672913337739585
9387,168.982898289829,0.0011681940326826166
9388,169.000900090009,0.0011692475206084468
9389,169.01890189018903,0.0011704082980290632
9390,169.03690369036903,0.0011716085837871135
9391,169.05490549054906,0.0011727611720229623
9392,169.0729072907291,0.0011737667675750278
9393,169.0909090909091,0.0011745231974210806
9394,169.10891089108912,0.001174935688215484
9395,169.12691269126913,0.0011749272646762834
9396,169.14491449144916,0.00117444827472272
9397,169.16291629162916,0.0011734840908009879
9398,169.1809180918092,0.001172060169841712
9399,169.1989198919892,0.0011702438653177494
9400,169.21692169216922,0.0011681426551352363
9401,169.23492349234925,0.0011658987544024319
9402,169.25292529252926,0.0011636803952883884
9403,169.2709270927093,0.0011616703496444896
9404,169.2889288928893,0.001160052518465401
9405,169.30693069306932,0.0011589975947059932
9406,169.32493249324932,0.0011586489077068164
9407,169.34293429342935,0.0011591095709447712
9408,169.36093609360935,0.0011604319799337107
9409,169.37893789378938,0.00116261055082657
9410,169.39693969396941,0.0011655783656612786
9411,169.41494149414942,0.001169208114931526
9412,169.43294329432945,0.0011733174229049893
9413,169.45094509450945,0.0011776783277805463
9414,169.46894689468948,0.0011820303889634976
9415,169.48694869486948,0.0011860966273594647
9416,169.5049504950495,0.0011896012888293578
9417,169.52295229522952,0.0011922882695295566
9418,169.54095409540955,0.0011939389645788006
9419,169.55895589558958,0.0011943883039637034
9420,169.57695769576958,0.0011935378231467
9421,169.5949594959496,0.001191364777472361
9422,169.6129612961296,0.001187926541864929
9423,169.63096309630964,0.0011833598289045357
9424,169.64896489648964,0.0011778745935203813
9425,169.66696669666968,0.0011717428518850518
9426,169.68496849684968,0.001165283003190656
9427,169.7029702970297,0.0011588405812826884
9428,169.72097209720974,0.0011527666533461215
9429,169.73897389738974,0.0011473953007152076
9430,169.75697569756977,0.0011430217412030702
9431,169.77497749774977,0.001139882667095481
9432,169.7929792979298,0.0011381402693488468
9433,169.8109810981098,0.0011378711967132927
9434,169.82898289828984,0.0011390613685684481
9435,169.84698469846984,0.001141607142461409
9436,169.86498649864987,0.001145322861230001
9437,169.8829882988299,0.0011499543071442353
9438,169.9009900990099,0.0011551971131932262
9439,169.91899189918993,0.0011607187668416208
9440,169.93699369936994,0.0011661825284221207
9441,169.95499549954997,0.001171271406660749
9442,169.97299729972997,0.001175710308547784
9443,169.99099909991,0.0011792846171105864
9444,170.00900090009,0.001181853740745363
9445,170.02700270027003,0.0011833585987395848
9446,170.04500450045006,0.0011838225232636726
9447,170.06300630063006,0.0011833456221170232
9448,170.0810081008101,0.0011820932068774819
9449,170.0990099009901,0.001180279395310181
9450,170.11701170117013,0.0011781473973175535
9451,170.13501350135013,0.001175948252601272
9452,170.15301530153016,0.0011739198817151233
9453,170.17101710171016,0.001172268232942503
9454,170.1890189018902,0.0011711520653624624
9455,170.20702070207022,0.001170672529735328
9456,170.22502250225023,0.0011708682330114908
9457,170.24302430243026,0.0011717159480336323
9458,170.26102610261026,0.0011731366099172109
9459,170.2790279027903,0.001175005775458021
9460,170.2970297029703,0.0011771673554342894
9461,170.31503150315032,0.0011794491939948822
9462,170.33303330333032,0.0011816789819724888
9463,170.35103510351036,0.0011836990534411476
9464,170.3690369036904,0.0011853788130959904
9465,170.3870387038704,0.0011866238486198013
9466,170.40504050405042,0.001187381159846339
9467,170.42304230423042,0.0011876403426743392
9468,170.44104410441045,0.0011874309573967324
9469,170.45904590459045,0.0011868166497864079
9470,170.47704770477048,0.0011858868486183942
9471,170.4950495049505,0.001184747016085377
9472,170.51305130513052,0.0011835084709713407
9473,170.53105310531055,0.001182278743920759
9474,170.54905490549055,0.0011811532757614288
9475,170.56705670567058,0.0011802090576339432
9476,170.58505850585058,0.0011795005641904585
9477,170.6030603060306,0.0011790580777285744
9478,170.62106210621062,0.001178888268598121
9479,170.63906390639065,0.0011789767069094752
9480,170.65706570657065,0.0011792918465434088
9481,170.67506750675068,0.001179789950696328
9482,170.6930693069307,0.0011804204169054732
9483,170.7110711071107,0.0011811310003993101
9484,170.72907290729074,0.0011818725148504425
9485,170.74707470747074,0.0011826026940551832
9486,170.76507650765078,0.0011832890116354698
9487,170.78307830783078,0.001183910365469218
9488,170.8010801080108,0.0011844576295226541
9489,170.8190819081908,0.0011849331524879689
9490,170.83708370837084,0.0011853493385640796
9491,170.85508550855087,0.00118572648263592
9492,170.87308730873087,0.0011860900539690028
9493,170.8910891089109,0.0011864676341031965
9494,170.9090909090909,0.001186885720143754
9495,170.92709270927094,0.001187366606783291
9496,170.94509450945094,0.001187925559660564
9497,170.96309630963097,0.0011885684874029764
9498,170.98109810981097,0.00118929030653804
9499,170.999099909991,0.0011900741682694279
9500,171.01710171017103,0.0011908916751805078
9501,171.03510351035104,0.0011917041571716173
9502,171.05310531053107,0.0011924649999046854
9503,171.07110711071107,0.0011931229294980937
9504,171.0891089108911,0.0011936260612489872
9505,171.1071107110711,0.0011939264275595163
9506,171.12511251125113,0.0011939846224572031
9507,171.14311431143116,0.0011937741487119157
9508,171.16111611161116,0.0011932850385740375
9509,171.1791179117912,0.001192526347355883
9510,171.1971197119712,0.001191527192616812
9511,171.21512151215123,0.0011903361273180686
9512,171.23312331233123,0.0011890187841396896
9513,171.25112511251126,0.0011876538963907005
9514,171.26912691269126,0.0011863279711648298
9515,171.2871287128713,0.0011851290434639842
9516,171.30513051305132,0.0011841400573672108
9517,171.32313231323133,0.0011834324863188143
9518,171.34113411341136,0.0011830608086348725
9519,171.35913591359136,0.001183058392400031
9520,171.3771377137714,0.0011834352195410345
9521,171.3951395139514,0.001184177702960487
9522,171.41314131413142,0.0011852506406152669
9523,171.43114311431142,0.0011866011284557515
9524,171.44914491449146,0.00118816404460179
9525,171.4671467146715,0.0011898685439006424
9526,171.4851485148515,0.0011916448856393042
9527,171.50315031503152,0.0011934308723647684
9528,171.52115211521152,0.001195177211458327
9529,171.53915391539155,0.0011968512215069411
9530,171.55715571557155,0.0011984384820144457
9531,171.57515751575158,0.0011999422492256402
9532,171.5931593159316,0.0012013807085821844
9533,171.61116111611162,0.0012027823782102026
9534,171.62916291629165,0.0012041801903850187
9535,171.64716471647165,0.0012056049347219362
9536,171.66516651665168,0.0012070788294105735
9537,171.68316831683168,0.0012086099847669427
9538,171.7011701170117,0.0012101884357708836
9539,171.71917191719172,0.0012117842557893335
9540,171.73717371737175,0.0012133480398384489
9541,171.75517551755175,0.001214813786873197
9542,171.77317731773178,0.0012161039452475285
9543,171.7911791179118,0.001217136143157838
9544,171.8091809180918,0.001217830933675108
9545,171.82718271827184,0.0012181197635073586
9546,171.84518451845184,0.0012179523395581288
9547,171.86318631863188,0.00121730262175377
9548,171.88118811881188,0.0012161728085495007
9549,171.8991899189919,0.0012145948876728814
9550,171.9171917191719,0.0012126295760842517
9551,171.93519351935194,0.0012103627419016271
9552,171.95319531953197,0.0012078996574601735
9553,171.97119711971197,0.0012053576486860814
9554,171.989198919892,0.0012028578583510399
9555,172.007200720072,0.0012005169137833177
9556,172.02520252025204,0.0011984392767134997
9557,172.04320432043204,0.0011967109574411944
9558,172.06120612061207,0.0011953951100731003
9559,172.07920792079207,0.0011945298105664822
9560,172.0972097209721,0.0011941280802663296
9561,172.11521152115213,0.0011941799822091038
9562,172.13321332133214,0.001194656412107677
9563,172.15121512151217,0.0011955140527601063
9564,172.16921692169217,0.001196700874904822
9565,172.1872187218722,0.001198161556060117
9566,172.2052205220522,0.001199842249362046
9567,172.22322232223223,0.0012016942560715
9568,172.24122412241223,0.0012036763205898427
9569,172.25922592259226,0.0012057554533555191
9570,172.2772277227723,0.0012079063711942738
9571,172.2952295229523,0.001210109804343682
9572,172.31323132313233,0.0012123500364848636
9573,172.33123312331233,0.001214612107049769
9574,172.34923492349236,0.0012168791097644431
9575,172.36723672367236,0.001219129971509516
9576,172.3852385238524,0.0012213380016904709
9577,172.4032403240324,0.0012234703800952191
9578,172.42124212421243,0.0012254886190920641
9579,172.43924392439246,0.0012273499124478909
9580,172.45724572457246,0.0012290091839405794
9581,172.4752475247525,0.0012304215855365762
9582,172.4932493249325,0.0012315451723752114
9583,172.51125112511252,0.0012323434988098087
9584,172.52925292529252,0.0012327879289941953
9585,172.54725472547256,0.0012328595251265458
9586,172.56525652565256,0.0012325504521749767
9587,172.5832583258326,0.0012318649054004931
9588,172.60126012601262,0.0012308196143266358
9589,172.61926192619262,0.0012294439964206766
9590,172.63726372637265,0.001227780023715793
9591,172.65526552655265,0.00122588182997778
9592,172.67326732673268,0.0012238150341944744
9593,172.6912691269127,0.0012216557013165757
9594,172.70927092709272,0.0012194888180210963
9595,172.72727272727272,0.0012174061434678306
9596,172.74527452745275,0.0012155033126598526
9597,172.76327632763278,0.0012138761275133222
9598,172.78127812781278,0.0012126160655632056
9599,172.7992799279928,0.0012118051586847882
9600,172.81728172817282,0.0012115105283432102
9601,172.83528352835285,0.001211778989461626
9602,172.85328532853285,0.0012126322303097697
9603,172.87128712871288,0.0012140631209124205
9604,172.88928892889288,0.0012160336824245022
9605,172.9072907290729,0.0012184751575314745
9606,172.92529252925294,0.001221290459602195
9607,172.94329432943294,0.001224359058578583
9608,172.96129612961298,0.0012275441062644084
9609,172.97929792979298,0.001230701341680525
9610,172.997299729973,0.0012336890810882924
9611,173.015301530153,0.001236378419317167
9612,173.03330333033304,0.001238662676556374
9613,173.05130513051304,0.0012404651363916214
9614,173.06930693069307,0.0012417442433521023
9615,173.0873087308731,0.0012424956548089785
9616,173.1053105310531,0.0012427508524377078
9617,173.12331233123314,0.001242572380568818
9618,173.14131413141314,0.001242046152193336
9619,173.15931593159317,0.0012412716040507495
9620,173.17731773177317,0.001240350747661537
9621,173.1953195319532,0.001239377318000246
9622,173.2133213321332,0.0012384272421961436
9623,173.23132313231324,0.001237551528955248
9624,173.24932493249327,0.0012367724240658746
9625,173.26732673267327,0.0012360833137389526
9626,173.2853285328533,0.001235452425150222
9627,173.3033303330333,0.0012348299217220318
9628,173.32133213321333,0.0012341575728727896
9629,173.33933393339333,0.0012333798453664775
9630,173.35733573357336,0.001232455058618229
9631,173.37533753375337,0.0012313651978959057
9632,173.3933393339334,0.001230123097877784
9633,173.41134113411343,0.00122877598527344
9634,173.42934293429343,0.001227404774740136
9635,173.44734473447346,0.001226119002352753
9636,173.46534653465346,0.0012250477992743348
9637,173.4833483348335,0.00122432779400193
9638,173.5013501350135,0.0012240892259405489
9639,173.51935193519353,0.0012244418068425443
9640,173.53735373537353,0.001225461946172791
9641,173.55535553555356,0.0012271828480151595
9642,173.5733573357336,0.001229588699065936
9643,173.5913591359136,0.0012326137294246607
9644,173.60936093609362,0.001236146388565924
9645,173.62736273627362,0.0012400382993584193
9646,173.64536453645366,0.0012441171005853997
9647,173.66336633663366,0.0012482018285199714
9648,173.6813681368137,0.0012521191764314314
9649,173.6993699369937,0.0012557188466878202
9650,173.71737173717372,0.0012588862911971782
9651,173.73537353735375,0.001261551416230347
9652,173.75337533753375,0.0012636922775474337
9653,173.77137713771378,0.0012653333611136553
9654,173.7893789378938,0.0012665386685824095
9655,173.80738073807382,0.0012674004327714347
9656,173.82538253825382,0.0012680248052071336
9657,173.84338433843385,0.0012685162235552484
9658,173.86138613861385,0.0012689623363945262
9659,173.87938793879388,0.0012694213137528585
9660,173.8973897389739,0.0012699131069865083
9661,173.91539153915392,0.0012704157692276198
9662,173.93339333933395,0.0012708673584891335
9663,173.95139513951395,0.001271173287079095
9664,173.96939693969398,0.0012712183297312028
9665,173.98739873987398,0.001270881935403286
9666,174.005400540054,0.0012700550717142651
9667,174.02340234023404,0.0012686566171671765
9668,174.04140414041404,0.001266647332161211
9669,174.05940594059408,0.001264039686192067
9670,174.07740774077408,0.0012609022693959406
9671,174.0954095409541,0.0012573581212924245
9672,174.1134113411341,0.001253576999290777
9673,174.13141314131414,0.0012497623047214013
9674,174.14941494149414,0.0012461340040296255
9675,174.16741674167417,0.0012429093547029599
9676,174.1854185418542,0.001240283513690614
9677,174.2034203420342,0.0012384121381826113
9678,174.22142214221424,0.001237397879727652
9679,174.23942394239424,0.0012372822459645948
9680,174.25742574257427,0.0012380437083843315
9681,174.27542754275427,0.0012396022379877816
9682,174.2934293429343,0.0012418297336946064
9683,174.3114311431143,0.0012445651534323105
9684,174.32943294329434,0.0012476326401398554
9685,174.34743474347437,0.0012508606133379405
9686,174.36543654365437,0.0012540997072092086
9687,174.3834383438344,0.0012572375868142656
9688,174.4014401440144,0.001260209045613854
9689,174.41944194419443,0.0012630003348237137
9690,174.43744374437443,0.0012656473333137901
9691,174.45544554455446,0.0012682278587963442
9692,174.47344734473447,0.0012708490672247799
9693,174.4914491449145,0.0012736314147392394
9694,174.50945094509453,0.0012766910075716533
9695,174.52745274527453,0.001280122304401967
9696,174.54545454545456,0.0012839830527337033
9697,174.56345634563456,0.0012882830522042987
9698,174.5814581458146,0.0012929778832167014
9699,174.5994599459946,0.0012979681768509404
9700,174.61746174617463,0.0013031044001719767
9701,174.63546354635463,0.0013081965601237115
9702,174.65346534653466,0.0013130277526847683
9703,174.6714671467147,0.0013173701510076129
9704,174.6894689468947,0.0013210018662048958
9705,174.70747074707472,0.00132372313406498
9706,174.72547254725472,0.0013253704647630763
9707,174.74347434743476,0.0013258277059179778
9708,174.76147614761476,0.0013250333638372303
9709,174.7794779477948,0.0013229839486544148
9710,174.7974797479748,0.0013197335025752533
9711,174.81548154815482,0.0013153897911662709
9712,174.83348334833485,0.0013101078540649154
9713,174.85148514851485,0.0013040817096297232
9714,174.86948694869488,0.001297534992136672
9715,174.8874887488749,0.0012907111908547358
9716,174.90549054905492,0.0012838639906415316
9717,174.92349234923492,0.0012772480229210816
9718,174.94149414941495,0.0012711101631202178
9719,174.95949594959495,0.0012656813882925336
9720,174.97749774977498,0.001261169157343337
9721,174.995499549955,0.0012577503015376555
9722,175.01350135013502,0.0012555645045721538
9723,175.03150315031505,0.001254708585217963
9724,175.04950495049505,0.0012552319373964414
9725,175.06750675067508,0.0012571335945824418
9726,175.08550855085508,0.0012603614324017047
9727,175.1035103510351,0.001264813979094185
9728,175.12151215121511,0.001270345156379169
9729,175.13951395139514,0.0012767720288527685
9730,175.15751575157518,0.0012838853219328504
9731,175.17551755175518,0.0012914621156412645
9732,175.1935193519352,0.0012992797838314992
9733,175.2115211521152,0.001307129979127275
9734,175.22952295229524,0.0013148313118352423
9735,175.24752475247524,0.001322239373304789
9736,175.26552655265527,0.0013292529288605629
9737,175.28352835283528,0.0013358154478646136
9738,175.3015301530153,0.0013419116199800314
9739,175.31953195319534,0.0013475590767323298
9740,175.33753375337534,0.0013527961290504184
9741,175.35553555355537,0.0013576668693510076
9742,175.37353735373537,0.0013622053970904341
9743,175.3915391539154,0.0013664211472947964
9744,175.4095409540954,0.001370287290817164
9745,175.42754275427544,0.0013737339188830936
9746,175.44554455445544,0.0013766472397509207
9747,175.46354635463547,0.001378875349382888
9748,175.4815481548155,0.0013802403641276302
9749,175.4995499549955,0.0013805559124554152
9750,175.51755175517553,0.0013796482724099158
9751,175.53555355535553,0.0013773789037419043
9752,175.55355535553556,0.0013736658331503174
9753,175.57155715571557,0.0013685013542563311
9754,175.5895589558956,0.0013619638124943339
9755,175.6075607560756,0.0013542218328863472
9756,175.62556255625563,0.0013455301537199052
9757,175.64356435643566,0.0013362171603443892
9758,175.66156615661566,0.0013266651608887074
9759,175.6795679567957,0.001317285294604527
9760,175.6975697569757,0.001308489607682335
9761,175.71557155715573,0.0013006631873258812
9762,175.73357335733573,0.0012941392628571954
9763,175.75157515751576,0.0012891798537114395
9764,175.76957695769576,0.0012859639023030103
9765,175.7875787578758,0.0012845839484096797
9766,175.80558055805582,0.0012850513856274219
9767,175.82358235823583,0.00128730931296072
9768,175.84158415841586,0.0012912510826423383
9769,175.85958595859586,0.001296741963409633
9770,175.8775877587759,0.0013036409743663415
9771,175.8955895589559,0.00131181994752473
9772,175.91359135913592,0.00132117725127392
9773,175.93159315931592,0.0013316443101051405
9774,175.94959495949595,0.0013431840039320369
9775,175.96759675967598,0.0013557811074566596
9776,175.985598559856,0.0013694260027187185
9777,176.00360036003602,0.0013840938314553099
9778,176.02160216021602,0.00139972192905793
9779,176.03960396039605,0.0014161887102831082
9780,176.05760576057605,0.0014332971120678054
9781,176.07560756075608,0.0014507652427240975
9782,176.09360936093609,0.0014682260898233955
9783,176.11161116111612,0.00148523709431361
9784,176.12961296129615,0.001501299230371329
9785,176.14761476147615,0.0015158840800055082
9786,176.16561656165618,0.001528466398309369
9787,176.18361836183618,0.0015385589511496486
9788,176.2016201620162,0.001545746060375057
9789,176.21962196219621,0.0015497123566615909
9790,176.23762376237624,0.0015502637116891868
9791,176.25562556255625,0.0015473381454148025
9792,176.27362736273628,0.0015410055846025084
9793,176.2916291629163,0.0015314565590163148
9794,176.3096309630963,0.0015189811205070288
9795,176.32763276327634,0.0015039403186906414
9796,176.34563456345634,0.001486733345127552
9797,176.36363636363637,0.001467763879137455
9798,176.38163816381638,0.0014474091889491785
9799,176.3996399639964,0.001425995165639374
9800,176.4176417641764,0.0014037797442536333
9801,176.43564356435644,0.0013809461857582565
9802,176.45364536453647,0.0013576065718620316
9803,176.47164716471647,0.001333814732089463
9804,176.4896489648965,0.0013095868060330313
9805,176.5076507650765,0.0012849268531701702
9806,176.52565256525654,0.0012598544380509908
9807,176.54365436543654,0.0012344309822340854
9808,176.56165616561657,0.0012087818872001954
9809,176.57965796579657,0.0011831119565056968
9810,176.5976597659766,0.001157712409786281
9811,176.61566156615663,0.0011329586922652342
9812,176.63366336633663,0.00110929923694859
9813,176.65166516651666,0.0010872362304660437
9814,176.66966696669667,0.0010673001787910024
9815,176.6876687668767,0.0010500205995087324
9816,176.7056705670567,0.0010358954446024811
9817,176.72367236723673,0.0010253618732312152
9818,176.74167416741676,0.001018770766786967
9819,176.75967596759676,0.0010163669503160289
9820,176.7776777677768,0.0010182765123119815
9821,176.7956795679568,0.001024501963413875
9822,176.81368136813683,0.0010349253076735326
9823,176.83168316831683,0.0010493184747989188
9824,176.84968496849686,0.0010673600235904955
9825,176.86768676867686,0.001088656607354866
9826,176.8856885688569,0.0011127674092610035
9827,176.90369036903692,0.0011392296151582027
9828,176.92169216921693,0.001167582989708224
9829,176.93969396939696,0.0011973917488908145
9830,176.95769576957696,0.001228262164387647
9831,176.975697569757,0.001259854677272569
9832,176.993699369937,0.001291889722376245
9833,177.01170117011702,0.0013241469507902317
9834,177.02970297029702,0.001356458062618943
9835,177.04770477047705,0.0013886939965707583
9836,177.06570657065708,0.0014207477326223508
9837,177.0837083708371,0.0014525144088169157
9838,177.10171017101712,0.00148387079009487
9839,177.11971197119712,0.0015146563135749178
9840,177.13771377137715,0.0015446579347840235
9841,177.15571557155715,0.0015736007891841398
9842,177.17371737173718,0.001601146257444842
9843,177.19171917191719,0.0016268983984444206
9844,177.20972097209722,0.0016504189330231204
9845,177.22772277227725,0.0016712500898513707
9846,177.24572457245725,0.001688943747276026
9847,177.26372637263728,0.0017030945173981639
9848,177.28172817281728,0.0017133738168120765
9849,177.2997299729973,0.0017195616361876014
9850,177.31773177317731,0.0017215727178772036
9851,177.33573357335734,0.0017194742026001987
9852,177.35373537353735,0.0017134924980620003
9853,177.37173717371738,0.0017040080972208316
9854,177.3897389738974,0.0016915382369120412
9855,177.4077407740774,0.001676708515236815
9856,177.42574257425744,0.0016602157404512544
9857,177.44374437443744,0.0016427852290976227
9858,177.46174617461747,0.0016251263905117236
9859,177.47974797479748,0.0016078906476910254
9860,177.4977497749775,0.001591635517101742
9861,177.5157515751575,0.0015767980218168967
9862,177.53375337533754,0.0015636796150951108
9863,177.55175517551757,0.0015524435611218514
9864,177.56975697569757,0.001543124402111631
9865,177.5877587758776,0.0015356478937493688
9866,177.6057605760576,0.0015298587622563455
9867,177.62376237623764,0.0015255529456061965
9868,177.64176417641764,0.0015225107031761865
9869,177.65976597659767,0.0015205271322488835
9870,177.67776777677767,0.001519437179092551
9871,177.6957695769577,0.0015191330882933789
9872,177.71377137713773,0.0015195732697478343
9873,177.73177317731773,0.0015207826316172943
9874,177.74977497749776,0.0015228453846014983
9875,177.76777677767777,0.0015258920457827362
9876,177.7857785778578,0.001530082777004814
9877,177.8037803780378,0.0015355892529954574
9878,177.82178217821783,0.0015425769931074183
9879,177.83978397839783,0.0015511895826203275
9880,177.85778577857786,0.001561535566960989
9881,177.8757875787579,0.0015736781549695665
9882,177.8937893789379,0.0015876273413753873
9883,177.91179117911793,0.0016033337541712896
9884,177.92979297929793,0.0016206835063832812
9885,177.94779477947796,0.0016394935862863586
9886,177.96579657965796,0.0016595078016411054
9887,177.983798379838,0.001680393899442015
9888,178.001800180018,0.001701743077784817
9889,178.01980198019803,0.0017230735454610002
9890,178.03780378037806,0.0017438399378111294
9891,178.05580558055806,0.0017634501740036576
9892,178.0738073807381,0.001781290710229
9893,178.0918091809181,0.0017967601441811608
9894,178.10981098109812,0.0018093098677290523
9895,178.12781278127812,0.00181848911460291
9896,178.14581458145815,0.0018239905132459914
9897,178.16381638163816,0.0018256913445475844
9898,178.1818181818182,0.0018236853080601998
9899,178.19981998199822,0.0018182998503434458
9900,178.21782178217822,0.0018100950557041167
9901,178.23582358235825,0.0017998416971078419
9902,178.25382538253825,0.0017884781500723166
9903,178.27182718271828,0.0017770482568213344
9904,178.28982898289829,0.0017666246050298102
9905,178.30783078307832,0.001758223745779828
9906,178.32583258325832,0.001752721328632326
9907,178.34383438343835,0.0017507757481227556
9908,178.36183618361838,0.0017527685410624948
9909,178.37983798379838,0.0017587684321870626
9910,178.3978397839784,0.0017685237082567685
9911,178.41584158415841,0.0017814847368942956
9912,178.43384338433845,0.0017968552576291105
9913,178.45184518451845,0.0018136679333486164
9914,178.46984698469848,0.0018308769406418389
9915,178.48784878487848,0.001847458433142005
9916,178.5058505850585,0.0018625087795619234
9917,178.52385238523854,0.0018753306811341401
9918,178.54185418541854,0.00188549859418261
9919,178.55985598559857,0.0018928971649518774
9920,178.57785778577858,0.001897729347633819
9921,178.5958595859586,0.0019004941605740254
9922,178.6138613861386,0.0019019372411007306
9923,178.63186318631864,0.0019029801035608711
9924,178.64986498649864,0.0019046359714950914
9925,178.66786678667867,0.0019079210342261748
9926,178.6858685868587,0.001913769894302536
9927,178.7038703870387,0.0019229628893169721
9928,178.72187218721874,0.0019360710815994533
9929,178.73987398739874,0.00195342230193826
9930,178.75787578757877,0.0019750890533341363
9931,178.77587758775877,0.0020008966768425636
9932,178.7938793879388,0.0020304482580046214
9933,178.8118811881188,0.002063161526610776
9934,178.82988298829883,0.00209831257729881
9935,178.84788478847886,0.002135081591350509
9936,178.86588658865887,0.0021725967323446517
9937,178.8838883888389,0.002209973790968634
9938,178.9018901890189,0.0022463506872705233
9939,178.91989198919893,0.00228091731721644
9940,178.93789378937893,0.0023129422110507647
9941,178.95589558955896,0.0023417978901466223
9942,178.97389738973897,0.0023669866082952316
9943,178.991899189919,0.002388167397411742
9944,179.00990099009903,0.002405184163657333
9945,179.02790279027903,0.002418093230717408
9946,179.04590459045906,0.0024271874709638607
9947,179.06390639063906,0.0024330132615577515
9948,179.0819081908191,0.002436376156673927
9949,179.0999099909991,0.002438331495373813
9950,179.11791179117913,0.0024401571735099404
9951,179.13591359135913,0.0024433073905363754
9952,179.15391539153916,0.00244934813371043
9953,179.1719171917192,0.0024598772128504604
9954,179.1899189918992,0.002476433516023877
9955,179.20792079207922,0.0025004015530591546
9956,179.22592259225922,0.002532918091549742
9957,179.24392439243925,0.002574787673340567
9958,179.26192619261926,0.0026264130513943764
9959,179.2799279927993,0.0026877452454400117
9960,179.2979297929793,0.0027582562097045456
9961,179.31593159315932,0.0028369353189364025
9962,179.33393339333935,0.0029223092929097504
9963,179.35193519351935,0.003012484027782991
9964,179.36993699369938,0.0031052062226844964
9965,179.38793879387939,0.003197942694123545
9966,179.40594059405942,0.003287975738602491
9967,179.42394239423942,0.0033725135960065602
9968,179.44194419441945,0.0034488156652141286
9969,179.45994599459945,0.003514332288619586
9970,179.47794779477948,0.0035668583583214177
9971,179.4959495949595,0.003604698518235886
9972,179.51395139513951,0.00362683932256416
9973,179.53195319531955,0.0036331205367712547
9974,179.54995499549955,0.0036243942057876217
9975,179.56795679567958,0.003602656704914317
9976,179.58595859585958,0.003571136376166531
9977,179.6039603960396,0.0035343181965903775
9978,179.62196219621964,0.0034978878003299177
9979,179.63996399639964,0.003468580470785134
9980,179.65796579657967,0.0034539265467572297
9981,179.67596759675968,0.0034618928302181102
9982,179.6939693969397,0.003500429477739088
9983,179.7119711971197,0.0035769426203466383
9984,179.72997299729974,0.0036977234632055347
9985,179.74797479747974,0.003867373619947518
9986,179.76597659765977,0.004088272709402729
9987,179.7839783978398,0.004360136736654597
9988,179.8019801980198,0.004679713769771298
9989,179.81998199819984,0.005040656623948998
9990,179.83798379837984,0.005433600909281648
9991,179.85598559855987,0.005846461641957604
9992,179.87398739873987,0.006264943900290536
9993,179.8919891989199,0.0066732443323538615
9994,179.9099909990999,0.00705490250113848
9995,179.92799279927993,0.007393745919679072
9996,179.94599459945997,0.007674861816945616
9997,179.96399639963997,0.00788552345205423
9998,179.98199819982,0.008015999884531033
9999,180.0,0.00806018561601267
