Unnamed: 0,depths,Eu_480.0,Ed_480.0,Eo_480.0,Eod_480.0,Eou_480.0,a_480.0,b_480.0,bb_480.0,Kd_480.0,Eu_540.0,Ed_540.0,Eo_540.0,Eod_540.0,Eou_540.0,a_540.0,b_540.0,bb_540.0,Kd_540.0,Eu_600.0,Ed_600.0,Eo_600.0,Eod_600.0,Eou_600.0,a_600.0,b_600.0,bb_600.0,Kd_600.0,g
0,0.0,0.10259,0.11663,0.41613,0.21102,0.20511,480.0,480.0,480.0,480.0,0.094002,0.10758,0.38275,0.19464,0.18811,540.0,540.0,540.0,540.0,0.085193,0.098604,0.34915,0.17841,0.17074,600.0,600.0,600.0,600.0,0.0
1,0.0,0.0965123562647937,0.11150966412714652,0.390988149670787,0.20160217244462414,0.18938597722616293,0.12,510.0,29.09,-0.49138,0.0906425602244988,0.10490141350007637,0.3693562561714382,0.1910213544201267,0.17833490175131156,0.15,510.0,29.09,0.16756,0.08369813304828795,0.09703934328463916,0.3423078503310586,0.17686480412257768,0.1654430462084809,0.22,510.0,29.09,1.3221,0.78
2,0.01,0.08780345836221666,0.10243368743876194,0.37997650184150134,0.20107673613754337,0.17889976570395805,0.12,510.0,29.09,11.034,0.08249996839718363,0.09609538843628583,0.3569841886830102,0.18881821138335486,0.1681659772996553,0.15,510.0,29.09,11.608,0.07507671041050018,0.0879008418973413,0.325418393865584,0.17238423323124738,0.1530341606343367,0.22,510.0,29.09,12.561,0.78
3,0.02,0.0774828468425962,0.09162033515435165,0.3378535697600727,0.17967449739022978,0.15817907236984294,0.12,510.0,29.09,12.051,0.07179561557345022,0.08489004861454,0.3133116125088043,0.16665445515207541,0.14665715735672888,0.15,510.0,29.09,12.658,0.06515549148032389,0.07732556067483047,0.2845916096033119,0.1515012377297225,0.13309037187358946,0.22,510.0,29.09,13.61,0.78
4,0.03,0.06667896263514035,0.08040321898551304,0.29383006589961697,0.15735790672807573,0.13647215917154124,0.12,510.0,29.09,13.234,0.06208986389210307,0.07466670772186039,0.27346782023755317,0.1463329138671197,0.1271349063704334,0.15,510.0,29.09,13.904,0.05549668252018994,0.0670120647908257,0.24466006732039125,0.13104434014727442,0.11361572717311681,0.22,510.0,29.09,14.877,0.78
5,0.04,0.05679199449909403,0.07016178022923088,0.25365103825864327,0.13701171647869348,0.11663932177994978,0.12,510.0,29.09,14.777,0.052396301087022784,0.06457587385362937,0.23394768267979332,0.12626607753158042,0.10768160514821291,0.15,510.0,29.09,15.547,0.046369740167635856,0.057415982303695386,0.20728485410217565,0.11199549366954158,0.09528936043263406,0.22,510.0,29.09,16.585,0.78
6,0.05,0.04737052849370489,0.060367431669342476,0.21520768964118941,0.11750173552160234,0.09770595411958702,0.12,510.0,29.09,16.85,0.04284954144328279,0.05469601609254848,0.19515983816123575,0.10661922333375821,0.08854061482747748,0.15,510.0,29.09,17.793,0.03755564807138414,0.048159474143481845,0.1711761529841632,0.09361407942929527,0.0775620735548679,0.22,510.0,29.09,18.967,0.78
7,0.06,0.03788951750810516,0.05065245258460345,0.17674805659137788,0.09809264774651745,0.07865540884486047,0.08,300.0,17.112,5.4761,0.03382982737647003,0.0454095579056226,0.15846386387548833,0.08809079209377042,0.0703730717817179,0.11,300.0,17.112,5.9217,0.029217896636108562,0.03949458790901249,0.1370929172352022,0.07634112377297961,0.06075179346222259,0.15,300.0,17.112,6.3848,0.9
8,0.07,0.035170699369372935,0.04775792914314735,0.16553035337913702,0.09235029794053397,0.07318005543860302,0.08,300.0,6.888,5.6798,0.031449820819164746,0.04283313932292539,0.14851795084489833,0.08296780987328987,0.06555014097160844,0.11,300.0,6.888,6.0744,0.026984951438925597,0.037059531569577836,0.1277387921534415,0.07150412266041657,0.0562346694930249,0.15,300.0,6.888,6.5207,0.9
9,0.08,0.032916493649608185,0.04539226618932887,0.15635804535824133,0.08767727153499848,0.06868077382324286,0.08,300.0,6.888,5.9408,0.029178999288195666,0.04039803425869676,0.13908307645127838,0.07811994385087954,0.0609631326003988,0.11,300.0,6.888,6.3511,0.02479106097705702,0.03465382905935833,0.11859538865374558,0.06676851124453595,0.051826877409209625,0.15,300.0,6.888,6.8219,0.9
10,0.09,0.030279650068401907,0.04262748009079638,0.14547031244899178,0.08214905234030748,0.06332126010868434,0.08,300.0,6.888,6.2367,0.02679907943887455,0.037857300062489524,0.1292781698947557,0.07309736809944631,0.056180801795309404,0.11,300.0,6.888,6.6731,0.022687389746985663,0.03236248390197737,0.10983079145986764,0.06225314234933659,0.047577649110531056,0.15,300.0,6.888,7.1667,0.9
11,0.1,0.027893796218466462,0.040075851695647584,0.13560802875165046,0.07708035276784442,0.058527675983806045,0.08,300.0,6.888,6.5695,0.024398057648819287,0.03532830562522475,0.11942265923337768,0.06806811190375046,0.05135454732962721,0.11,300.0,6.888,7.0375,0.02057309407811741,0.030089002779546424,0.10103191986502534,0.057728762507483586,0.04330315735754176,0.15,300.0,6.888,7.5702,0.9
12,0.11,0.025347244052028494,0.03741609463557381,0.1252327967224924,0.07181198721315915,0.05342080950933329,0.08,300.0,6.888,6.9494,0.022075277654985587,0.03286017014124617,0.10984723290071303,0.06317982105215861,0.04666741184855442,0.11,300.0,6.888,7.4569,0.018461449498318027,0.02782512280869581,0.0922977759050623,0.05324477440369092,0.0390530015013714,0.15,300.0,6.888,8.0331,0.9
13,0.12,0.023027107044947332,0.03499804663699909,0.1158262210097335,0.06702518518683429,0.048801035822899214,0.08,300.0,6.888,7.3881,0.019919767521328433,0.030564730218234006,0.10093831754633321,0.058612963734636085,0.04232535381169713,0.11,300.0,6.888,7.9515,0.01638400686289896,0.025636573127098446,0.0837555283676899,0.048887915061907615,0.034867613305782294,0.15,300.0,6.888,8.5865,0.9
14,0.13,0.020576650544974023,0.03246315963177079,0.10580327754556727,0.06195792588946301,0.04384535165610426,0.08,300.0,6.888,7.9055,0.017603611557146147,0.02811392055915226,0.09145924651764689,0.05375956124541629,0.0376996852722306,0.11,300.0,6.888,8.5368,0.014352584992919054,0.023444958620535892,0.07533696381665043,0.0445577522818837,0.03077921153476673,0.15,300.0,6.888,9.251,0.9
15,0.14,0.018138489687972804,0.029946123608667573,0.09589148300920382,0.05695824030126625,0.03893324270793757,0.08,300.0,6.888,8.5335,0.015320119233277363,0.02575697609277784,0.0821317640933051,0.04906460805407494,0.03306715603923016,0.11,300.0,6.888,9.2625,0.012356399337375507,0.021341331631541068,0.06707950587067336,0.040361179235618966,0.0267183266350544,0.15,300.0,6.888,10.098,0.9
16,0.15,0.015929629857407996,0.027623352821968754,0.086553362132522,0.05227083360283569,0.03428252852968631,0.06,103.0,2.3649,0.83153,0.013185686483217439,0.02354157765740052,0.07314265616610272,0.0445815542028265,0.028561101963276218,0.09,103.0,2.3649,0.93951,0.010330754724700051,0.019255505221862968,0.05857589302337755,0.036146397770674625,0.022429495252702908,0.13,103.0,2.3649,1.1049,0.98
17,0.16,0.015596537101394331,0.027260120095795624,0.08515336596978125,0.05154463838304312,0.033608727586738135,0.06,103.0,0.43672,0.80236,0.013014432490140499,0.023282715982450478,0.0722154223859027,0.04403149198412762,0.028183930401775074,0.09,103.0,0.43672,0.92054,0.010234291180632776,0.019047027670954127,0.057911441483179005,0.03572061776574542,0.02219082371743358,0.13,103.0,0.43672,1.0703,0.98
18,0.17,0.015577535197628665,0.027112639954615922,0.08477646849740646,0.0512512877838149,0.03352518071359156,0.06,103.0,0.43672,0.80522,0.012922628621114114,0.02311273309457703,0.07169189497665412,0.04371261166909097,0.027979283307563184,0.09,103.0,0.43672,0.92096,0.01011588325169811,0.018865653306642537,0.057276651416150674,0.035343861590646196,0.02193278982550448,0.13,103.0,0.43672,1.0662,0.98
19,0.18,0.015366127833674168,0.026869910192359445,0.08386221285472781,0.05077085853003202,0.0330913543246958,0.06,103.0,0.43672,0.80582,0.012691826600524614,0.022857260937596848,0.07066943566020213,0.04317160154053966,0.02749783411966247,0.09,103.0,0.43672,0.92036,0.010001690640458165,0.01866643581436529,0.056648888776950256,0.0349550197043089,0.02169386907264135,0.13,103.0,0.43672,1.064,0.98
20,0.19,0.015162108838079119,0.026597850687974586,0.08289649200960679,0.050223069791397824,0.032673422218208965,0.06,103.0,0.43672,0.80707,0.012585803600252033,0.022659129027204482,0.07004459470909521,0.0427802868466708,0.027264307862424404,0.09,103.0,0.43672,0.91982,0.009883107953532748,0.01846371761744691,0.05597692545947539,0.034544572081042925,0.021432353378432467,0.13,103.0,0.43672,1.0622,0.98
21,0.2,0.015047749427394144,0.026424490718545975,0.08232301079631003,0.04989246534743276,0.032430545448877274,0.06,103.0,0.43672,0.8091,0.012497051072724632,0.022491533198263455,0.0695329703208671,0.04245555846861474,0.027077411852252365,0.09,103.0,0.43672,0.91941,0.009719264947679154,0.018242351127742286,0.0552412317585978,0.03413062144585667,0.021110610312741127,0.13,103.0,0.43672,1.0598,0.98
22,0.21,0.014920569072599015,0.026258207453194064,0.08174881889653025,0.04957858162547743,0.0321702372710528,0.06,103.0,0.43672,0.80683,0.012312285880202382,0.022258532574693752,0.06869726554406091,0.04200460711265591,0.026692658431405003,0.09,103.0,0.43672,0.92161,0.009620763054512618,0.01804809570555139,0.054609542461172,0.03374143830581676,0.020868104155355244,0.13,103.0,0.43672,1.0619,0.98
23,0.22,0.014716627309254996,0.025978404837131038,0.0807904268995385,0.049032673832394916,0.03175775306714359,0.06,103.0,0.43672,0.80725,0.012176407386189874,0.02206988905444553,0.06805459771677919,0.04163909553925559,0.026415502177523604,0.09,103.0,0.43672,0.9237,0.00950493164743913,0.017861100213982184,0.0540083039585612,0.03337929884011764,0.020629005118443573,0.13,103.0,0.43672,1.0612,0.98
24,0.23,0.014562387595164285,0.025822264713912378,0.0801530026654056,0.04871493596718022,0.03143806669822539,0.06,103.0,0.43672,0.80958,0.01207511552932473,0.02190279333059789,0.0674703037264483,0.041298039064557285,0.02617226466189102,0.09,103.0,0.43672,0.92418,0.00938014466482177,0.017680148931532417,0.053402635662004636,0.03303011705369605,0.02037251860830859,0.13,103.0,0.43672,1.0624,0.98
25,0.24,0.014387559265512747,0.025583132170633124,0.07932878163255982,0.04824633293843692,0.0310824486941229,0.06,103.0,0.43672,0.81232,0.01192725056848175,0.02167600917545454,0.06672747518303632,0.04086225343507924,0.02586522174795709,0.09,103.0,0.43672,0.92621,0.00925917661917514,0.017502604458943416,0.05277972180377659,0.03267603886520653,0.020103682938570063,0.13,103.0,0.43672,1.0599,0.98
26,0.25,0.014328429609948677,0.02541996370177453,0.0788648394118216,0.04792555006854931,0.03093928934327228,0.06,103.0,0.43672,0.81585,0.01175801371456191,0.021454728044877962,0.06593216219264081,0.040425623536065707,0.025506538656575088,0.09,103.0,0.43672,0.92562,0.009165695175933488,0.017334761945008697,0.05229381090229451,0.03237370343888479,0.01992010746340972,0.13,103.0,0.43672,1.0603,0.98
27,0.26,0.014077158067858874,0.02516276523574951,0.07783800033207128,0.04740954318113913,0.030428457150932144,0.06,103.0,0.43672,0.81717,0.011641643286837025,0.02125990458938164,0.06534832156217368,0.04006371720125133,0.025284604360922343,0.09,103.0,0.43672,0.92467,0.009037821590500891,0.017139263236071445,0.05164638137500806,0.03200219677086886,0.019644184604139203,0.13,103.0,0.43672,1.0622,0.98
28,0.27,0.013986111240895646,0.024991569286008264,0.07730802678006572,0.047077866231858743,0.030230160548206986,0.06,103.0,0.43672,0.81991,0.011494681920956127,0.021057478572277917,0.06462313259762992,0.03966301155494819,0.024960121042681714,0.09,103.0,0.43672,0.92837,0.00891843170322371,0.016950637982890183,0.05103260408235274,0.031637028583769024,0.019395575498583718,0.13,103.0,0.43672,1.0648,0.98
29,0.28,0.013792064471381467,0.02474865302739258,0.07645690391119223,0.04662330691562649,0.029833596995565727,0.06,103.0,0.43672,0.81818,0.011388382658490893,0.020884292972428584,0.06410722573675216,0.039354607099708526,0.024752618637043644,0.09,103.0,0.43672,0.9289,0.008815493641444874,0.016760413118585823,0.05044674962177633,0.031281185705054206,0.019165563916722125,0.13,103.0,0.43672,1.0654,0.98
30,0.29,0.013859440070002083,0.02485933493623606,0.07678114181725176,0.046810524409473635,0.02997061740777814,0.06,103.0,0.43672,0.82212,0.01139191803000444,0.020887539078222443,0.06411410971228483,0.03935546169492833,0.02475864801735652,0.09,103.0,0.43672,0.93052,0.008826871686412432,0.01677408914112681,0.05048963508525863,0.031299054364159036,0.019190580721099606,0.13,103.0,0.43672,1.0657,0.98
31,0.3,0.013526742320209353,0.024361465882157787,0.07511022224440486,0.04584718310036939,0.029263039144035455,0.06,103.0,0.43672,0.82516,0.011099050818036502,0.020464575124342504,0.06268813320091907,0.038538811202129875,0.02414932199878915,0.09,103.0,0.43672,0.93374,0.008609458796358565,0.016439945662298203,0.04935683997232674,0.030644936609520494,0.01871190336280624,0.13,103.0,0.43672,1.0664,0.98
32,0.31,0.013418828172277334,0.02424241499852369,0.07472277974749376,0.04565712863204005,0.029065651115453707,0.06,103.0,0.43672,0.82707,0.01100937249315622,0.02032604472955908,0.062208966321810874,0.03825826518662739,0.023950701135183484,0.09,103.0,0.43672,0.936,0.008493338233625573,0.016238358810288116,0.04875598236811849,0.030272296834176215,0.018483685533942282,0.13,103.0,0.43672,1.0685,0.98
33,0.32,0.013214699918324324,0.024004821344496757,0.07378736006227647,0.04515540754288797,0.028631952519388493,0.06,103.0,0.43672,0.82886,0.010880356933553288,0.02015265988628448,0.06161014313106173,0.037926320116681685,0.02368382301438005,0.09,103.0,0.43672,0.93875,0.008393987144106415,0.0160876914749513,0.04824956107239182,0.02998527945876556,0.018264281613626268,0.13,103.0,0.43672,1.0689,0.98
34,0.33,0.013144334405907803,0.023851772410231998,0.07335228382979107,0.044864695907450604,0.028487587922340477,0.06,103.0,0.43672,0.83274,0.010744029581189123,0.019926477149156963,0.060862172472642355,0.037485207909643097,0.02337696456299927,0.09,103.0,0.43672,0.93851,0.008277341447628631,0.015906834480702483,0.047668674968956715,0.029645090607821795,0.018023584361134916,0.13,103.0,0.43672,1.0722,0.98
35,0.34,0.012984114117038236,0.023655780618318398,0.07263496882876413,0.04449432078073348,0.02814064804803065,0.06,103.0,0.43672,0.83309,0.010609056433457989,0.01972903497596293,0.06021765632307051,0.03711590219676434,0.023101754126306183,0.09,103.0,0.43672,0.94251,0.008171754304897777,0.01572270116123278,0.04706650386757315,0.029276465117339813,0.017790038750233335,0.13,103.0,0.43672,1.0731,0.98
36,0.35,0.012785170708214576,0.023382099570853892,0.07168927054884476,0.04394774917075628,0.027741521378088496,0.06,103.0,0.43672,0.83775,0.010442149528293728,0.01953636899993021,0.05947243496151381,0.036721334123620504,0.0227511008378933,0.09,103.0,0.43672,0.94358,0.008055669964949603,0.015563534247217388,0.04652278368209501,0.028973417218466423,0.017549366463628584,0.13,103.0,0.43672,1.0735,0.98
37,0.36,0.012665164595908942,0.023191223387399405,0.07110336678406265,0.04360219412720885,0.027501172656853805,0.06,103.0,0.43672,0.83924,0.010368871285595733,0.01938740821566035,0.05906715334761538,0.036452868244598785,0.02261428510301659,0.09,103.0,0.43672,0.94483,0.007949215315068408,0.015391271292687332,0.04598054396860858,0.02865455872073665,0.017325985247871937,0.13,103.0,0.43672,1.0762,0.98
38,0.37,0.012575958371673362,0.0230632253232719,0.0706421008432468,0.04335045608273766,0.02729164476050916,0.06,103.0,0.43672,0.84228,0.010221024278497609,0.019187575980355465,0.0583560262401617,0.03605303179727113,0.022302994442890578,0.09,103.0,0.43672,0.94967,0.007880394706484177,0.015241745116042609,0.04556300084773488,0.028377666483138175,0.0171853343645967,0.13,103.0,0.43672,1.0791,0.98
39,0.38,0.012337817371939569,0.022828689304595223,0.0697322879715043,0.042890047328175404,0.026842240643328904,0.06,103.0,0.43672,0.84377,0.010084690329123198,0.018997281877858044,0.057695121433123074,0.03568986562718322,0.02200525580593984,0.09,103.0,0.43672,0.94979,0.007758634574230908,0.015069551231204091,0.04498152102131327,0.028047355558079117,0.016934165463234157,0.13,103.0,0.43672,1.0804,0.98
40,0.39,0.012261036285276387,0.022663056631265055,0.0692472762512827,0.04259338837488723,0.026653887876395478,0.06,103.0,0.43672,0.84753,0.01001935031910673,0.0188717452832283,0.057323392227262925,0.035465299783591205,0.021858092443671696,0.09,103.0,0.43672,0.95199,0.007667777972631317,0.014925323584522676,0.04452379437940673,0.02778597932523161,0.016737815054175105,0.13,103.0,0.43672,1.0803,0.98
41,0.4,0.012145286144432164,0.022516516270110084,0.06873430640999395,0.0423051955337928,0.02642911087620117,0.06,103.0,0.43672,0.84926,0.009844552520218037,0.018627024092163002,0.056495381684562224,0.03498804497126793,0.021507336713294283,0.09,103.0,0.43672,0.95331,0.007545949847911651,0.01474788144393422,0.04389398334567175,0.027427974537057195,0.01646600880861455,0.13,103.0,0.43672,1.0824,0.98
42,0.41,0.012013257139807745,0.022320115273782932,0.06805965505213889,0.0419212579283984,0.026138397123740498,0.06,103.0,0.43672,0.85266,0.009716310381475541,0.018465210226224403,0.05589383123202649,0.034661793907437746,0.021232037324588754,0.09,103.0,0.43672,0.95575,0.007463444690895462,0.014584839504983084,0.043432158957026804,0.027129055502732896,0.016303103454293918,0.13,103.0,0.43672,1.0849,0.98
43,0.42,0.011795228970882917,0.022045411429271463,0.06711827413287708,0.04140417425671714,0.02571409987615992,0.06,103.0,0.43672,0.8557,0.009636975486867223,0.018304929084184372,0.05545529982772462,0.034383637711415053,0.021071662116309575,0.09,103.0,0.43672,0.95939,0.007373320013421641,0.014443605704745864,0.04295811212586421,0.026857578700997958,0.016100533424866247,0.13,103.0,0.43672,1.0894,0.98
44,0.43,0.011718466010467365,0.021930848809685797,0.06667377721519281,0.041145959292319643,0.025527817922873168,0.06,103.0,0.43672,0.85904,0.009486537872493794,0.018112166382928147,0.054776165751003116,0.03400568952533087,0.020770476225672248,0.09,103.0,0.43672,0.96166,0.007253953491577429,0.014291972533924769,0.04243500992856766,0.026571842651154455,0.015863167277413215,0.13,103.0,0.43672,1.0923,0.98
45,0.44,0.011597566115013926,0.021772757737361963,0.06613840143710344,0.04085091820677016,0.025287483230333262,0.06,103.0,0.43672,0.86304,0.009385924594077081,0.017951311175708865,0.0542600256348433,0.033705633558131616,0.020554392076711697,0.09,103.0,0.43672,0.96464,0.007169312417670623,0.014131946147091153,0.04194352138982589,0.026266758256689077,0.01567676313313682,0.13,103.0,0.43672,1.0932,0.98
46,0.45,0.011445393196182187,0.021573568666711212,0.06547110665447432,0.040491227615635936,0.02497987903883837,0.06,103.0,0.43672,0.86549,0.009247197479682561,0.017760775661615165,0.05360345116993615,0.03333569608646947,0.020267755083466687,0.09,103.0,0.43672,0.96751,0.007079525965099139,0.013977236861517946,0.041495652982289896,0.02599066921593971,0.015504983766350185,0.13,103.0,0.43672,1.0924,0.98
47,0.46,0.01130319517121584,0.021412860501582722,0.06485804914718425,0.0401703051199027,0.024687744027281563,0.06,103.0,0.43672,0.86692,0.009142311380810984,0.01762762422437744,0.053124841987295966,0.033072215949912706,0.020052626037383274,0.09,103.0,0.43672,0.96989,0.006979227267285934,0.013821214601299264,0.04097004845463793,0.025690759324777976,0.015279289129859961,0.13,103.0,0.43672,1.0991,0.98
48,0.47,0.0111967605752907,0.02124871378015026,0.06429005111219689,0.03984316563936246,0.024446885472834447,0.06,103.0,0.43672,0.87056,0.009050793189886101,0.01747779604045544,0.05267382016233166,0.032803118988044146,0.019870701174287523,0.09,103.0,0.43672,0.973,0.006878767946097283,0.013672454911942033,0.040465144898068545,0.02539772835018121,0.015067416547887333,0.13,103.0,0.43672,1.0991,0.98
49,0.48,0.010945524489730974,0.020980350780928702,0.06327120936107597,0.039315241894813044,0.023955967466262922,0.06,103.0,0.43672,0.87575,0.008904665421450976,0.01725886877367281,0.051926305099873234,0.03236902965448509,0.019557275445388142,0.09,103.0,0.43672,0.97496,0.006770151592860735,0.013519938395037925,0.03995963481372095,0.02511325973274931,0.014846375080971634,0.13,103.0,0.43672,1.1029,0.98
50,0.49,0.010846797367444184,0.020820144581646466,0.06277029781489102,0.03902559663685254,0.023744701178038476,0.06,103.0,0.43672,0.8804,0.008808115503633389,0.017118500343763682,0.05146615360240802,0.03211078766333792,0.019355365939070102,0.09,103.0,0.43672,0.97998,0.00667862332193405,0.013389122040332713,0.03953838664635204,0.024870311284507212,0.01466807536184483,0.13,103.0,0.43672,1.1039,0.98
51,0.5,0.010790271703484606,0.020694356323424427,0.06240573295703524,0.03877584990494531,0.023629883052089927,0.06,103.0,0.43672,0.88046,0.008704551499831042,0.016966129400028736,0.05093873369484499,0.0318119429762681,0.019126790718576894,0.09,103.0,0.43672,0.9829,0.006593841148614761,0.013244188465153855,0.03907568476578861,0.024598438831779455,0.014477245934009151,0.13,103.0,0.43672,1.1094,0.98
52,0.51,0.010551439572774405,0.020431272584758388,0.06139495948400277,0.03825536496469877,0.023139594519304,0.06,103.0,0.43672,0.88446,0.008561306481042266,0.01679068525290387,0.05030829670041172,0.031468659925753845,0.018839636774657876,0.09,103.0,0.43672,0.98499,0.006490486244030058,0.013094163974733116,0.03857024844652714,0.024310772302867673,0.014259476143659473,0.13,103.0,0.43672,1.1099,0.98
53,0.52,0.010433085791574969,0.02027529634483279,0.060905722812910054,0.03798643433904892,0.022919288473861134,0.06,103.0,0.43672,0.88774,0.008467108985761725,0.016645940411255233,0.049815451650464075,0.031184828979529882,0.018630622670934203,0.09,103.0,0.43672,0.9903,0.006393297033461039,0.012919856954763826,0.038044530343517485,0.023982324003870494,0.014062206339646992,0.13,103.0,0.43672,1.1127,0.98
54,0.53,0.010365522389209863,0.020139931559447,0.06047635206075737,0.03772121412089376,0.02275513793986359,0.06,103.0,0.43672,0.89323,0.008354770950086588,0.016476790793369694,0.0493013021856956,0.030881975802519692,0.01841932638317591,0.09,103.0,0.43672,0.99197,0.006320446157019335,0.01280119313651237,0.03764603893453284,0.023749149243510244,0.0138968896910226,0.13,103.0,0.43672,1.1156,0.98
55,0.54,0.010157336227181455,0.019928976692652582,0.059649299891590506,0.03729818790083573,0.022351111990754784,0.06,103.0,0.43672,0.89573,0.008234893811737448,0.016313674223818176,0.04868318560311497,0.030538238874939592,0.018144946728175383,0.09,103.0,0.43672,0.99483,0.006217237482987648,0.01264649623596356,0.03713258937932951,0.023456799842124176,0.01367578953720534,0.13,103.0,0.43672,1.1182,0.98
56,0.55,0.010094027820701288,0.019814460452517075,0.05925263947808666,0.037061580826036,0.022191058652050673,0.06,103.0,0.43672,0.89836,0.008088081085570397,0.016134433890759883,0.04808874086994467,0.030212625476373208,0.01787611539357146,0.09,103.0,0.43672,0.99835,0.00613992423465727,0.012517048379931808,0.0367448271468801,0.02321957266975108,0.013525254477129024,0.13,103.0,0.43672,1.1218,0.98
57,0.56,0.009934416792100432,0.01960970908237848,0.05856846339692403,0.03668996658257315,0.021878496814350883,0.06,103.0,0.43672,0.90379,0.007999839912266256,0.016001208693036992,0.047596491806349554,0.029935247994147426,0.01766124381220212,0.09,103.0,0.43672,1.0012,0.006026738761432804,0.012357715823771475,0.03621930474820376,0.022923292761490948,0.013296011986712805,0.13,103.0,0.43672,1.1236,0.98
58,0.57,0.009792745077526813,0.019451033105020846,0.05794397638688542,0.03636491525213079,0.02157906113475463,0.06,103.0,0.43672,0.90749,0.007868846723955105,0.015795936670171165,0.046944924207226776,0.029556440628822993,0.01738848357840378,0.09,103.0,0.43672,1.0063,0.005931662163079364,0.012228585683817418,0.03576320557900498,0.022669182109764433,0.013094023469240547,0.13,103.0,0.43672,1.1275,0.98
59,0.58,0.009773083632793913,0.01943319775169573,0.057878018227575496,0.0363349126637463,0.0215431055638292,0.06,103.0,0.43672,0.91071,0.007906681448642731,0.0158392123932218,0.047107470088603685,0.029641192809410154,0.017466277279193525,0.09,103.0,0.43672,1.0074,0.005942917161656568,0.01222389237280088,0.035783481645241505,0.0226675385677263,0.013115943077515206,0.13,103.0,0.43672,1.1312,0.98
60,0.59,0.009513592464970671,0.0190876551788286,0.05668995773507959,0.03567190068452871,0.021018057050550886,0.06,103.0,0.43672,0.91411,0.007669658595528817,0.015504333767751332,0.045997866881370794,0.029006583756960486,0.016991283124410304,0.09,103.0,0.43672,1.0128,0.005778311285455758,0.011966131332785093,0.03493932303588269,0.022170688001229087,0.012768635034653602,0.13,103.0,0.43672,1.1335,0.98
61,0.6,0.009415477844866581,0.018903598457730098,0.056095330172261836,0.03530020634052856,0.020795123831733285,0.06,103.0,0.43672,0.91721,0.007555848117782102,0.015348621326719155,0.04545392568157115,0.028703156092459322,0.01675076958911183,0.09,103.0,0.43672,1.0183,0.005696222881906377,0.011830139534179985,0.03449154763599929,0.02191047089841125,0.012581076737588038,0.13,103.0,0.43672,1.1364,0.98
62,0.61,0.009284304988030219,0.018789401866901256,0.055660895358653865,0.03510162426204543,0.02055927109660843,0.06,103.0,0.43672,0.92461,0.007413154882803508,0.015175544564313128,0.04481256979799987,0.02835397127151883,0.016458598526481037,0.09,103.0,0.43672,1.0204,0.005581564237414731,0.011684463371135436,0.033996785329305654,0.02163877794299861,0.012358007386307044,0.13,103.0,0.43672,1.1409,0.98
63,0.62,0.009127630728479698,0.01857910606237173,0.054906723096220814,0.03468783838589611,0.020218884710324708,0.06,103.0,0.43672,0.92741,0.007323734743989885,0.01504466919212919,0.04437536167823737,0.02811699343260767,0.0162583682456297,0.09,103.0,0.43672,1.0203,0.005501456343753616,0.011566245692419985,0.033586883340462545,0.021402299564686204,0.012184583775776348,0.13,103.0,0.43672,1.1465,0.98
64,0.63,0.008991459899225326,0.018386445357236225,0.05427822432969275,0.03432198315806737,0.019956241171625384,0.06,103.0,0.43672,0.92968,0.00722966201164088,0.014910047825190207,0.04391821467190382,0.027850447223356008,0.01606776744854781,0.09,103.0,0.43672,1.0284,0.005421110928581513,0.01142634506759871,0.0331729543566364,0.02115292374202515,0.012020030614611254,0.13,103.0,0.43672,1.1497,0.98
65,0.64,0.008895005939579693,0.018252121491742285,0.05381946775107449,0.034072907542006106,0.01974656020906839,0.06,103.0,0.43672,0.93708,0.007103691252000931,0.014743196235290499,0.04333158985921952,0.02752550966133503,0.01580608019788449,0.09,103.0,0.43672,1.0326,0.00533682194202132,0.01131080298699567,0.03277097968556214,0.020926365345190313,0.011844614340371826,0.13,103.0,0.43672,1.1506,0.98
66,0.65,0.008791390408026175,0.01809464155090914,0.05329162350403715,0.033764127526216374,0.019527495977820768,0.06,103.0,0.43672,0.93905,0.007013946666608004,0.014609248921446534,0.042899395630628265,0.02728045253414208,0.015618943096486178,0.09,103.0,0.43672,1.0383,0.005249080250380945,0.011181382296994119,0.0323406576367873,0.020676869551252572,0.011663788085534732,0.13,103.0,0.43672,1.1535,0.98
67,0.66,0.008602999081986895,0.01792707102282475,0.052608264516534796,0.03344113858344867,0.019167125933086133,0.06,103.0,0.43672,0.94692,0.006893223868827226,0.014460680464972321,0.04236561582113529,0.02699224034996278,0.015373375471172512,0.09,103.0,0.43672,1.0421,0.005173012330806417,0.011044978520557686,0.03191846492537573,0.020419648993006145,0.011498815932369578,0.13,103.0,0.43672,1.1591,0.98
68,0.67,0.008431998810892537,0.017706016635063014,0.05181900412184635,0.033005963805860745,0.01881304031598561,0.06,103.0,0.43672,0.95026,0.006778528630445718,0.014280623540036768,0.04179023818482722,0.02664610361731586,0.01514413456751136,0.09,103.0,0.43672,1.0431,0.005087663781675442,0.010917517527855738,0.03150852639789967,0.020184570770155955,0.01132395562774371,0.13,103.0,0.43672,1.1626,0.98
69,0.68,0.008392522279149403,0.017607336699660865,0.051560704488377636,0.03282999873379059,0.018730705754587042,0.06,103.0,0.43672,0.95641,0.006704929408286231,0.01417744437193662,0.04145728215555643,0.026456984971817067,0.015000297183739358,0.09,103.0,0.43672,1.0486,0.004992059252934046,0.010789873718584588,0.031073903518056587,0.019947405602149526,0.011126497915907056,0.13,103.0,0.43672,1.1671,0.98
70,0.69,0.008223614275119378,0.017402729490146276,0.050815010439149724,0.03242957926908751,0.018385431170062215,0.06,103.0,0.43672,0.95814,0.006550665618503083,0.013991189309052802,0.040753732371874754,0.026091661657884544,0.014662070713990205,0.09,103.0,0.43672,1.0535,0.0049167846640978015,0.010666408597168161,0.030667427040547687,0.01970183122354979,0.010965595816997896,0.13,103.0,0.43672,1.1715,0.98
71,0.7,0.008058212090861138,0.017197742116119102,0.05005561994137054,0.032016118296770264,0.018039501644600282,0.06,103.0,0.43672,0.96625,0.0064808709366305445,0.01387758175468099,0.04037894795201024,0.025856107133806264,0.014522840818203965,0.09,103.0,0.43672,1.0582,0.004816080654211141,0.010544013762307559,0.030239374866117587,0.01947659347310533,0.010762781393012255,0.13,103.0,0.43672,1.1743,0.98
72,0.71,0.007928561957239448,0.017072306212878335,0.049503792438005643,0.03174513654446282,0.017758655893542818,0.06,103.0,0.43672,0.96822,0.006346526292475575,0.013693667852507866,0.03976549585306903,0.02551461769328807,0.014250878159780966,0.09,103.0,0.43672,1.0627,0.004738304461373649,0.01041219251716249,0.029811987115142137,0.01922014342635975,0.010591843688782385,0.13,103.0,0.43672,1.1805,0.98
73,0.72,0.007785635465085173,0.016887187486302548,0.048872425182912724,0.03139931972909356,0.01747310545381916,0.06,103.0,0.43672,0.9752,0.006231074371219677,0.013554567352450605,0.03927572884115372,0.02525980966095433,0.014015919180199385,0.09,103.0,0.43672,1.0659,0.004661639678277001,0.010286991362675637,0.029432597247420172,0.018990346598660394,0.010442250648759782,0.13,103.0,0.43672,1.1855,0.98
74,0.73,0.007669395162386063,0.01670635985889919,0.04831533308473311,0.0310731964345866,0.017242136650146518,0.06,103.0,0.43672,0.97896,0.006145728709950521,0.0134170023651271,0.038830495990013265,0.024990809794183534,0.013839686195829742,0.09,103.0,0.43672,1.0728,0.0045748173605649894,0.010183383057422384,0.029041048424826067,0.018786598436255426,0.010254449988570644,0.13,103.0,0.43672,1.1896,0.98
75,0.74,0.007584188213261066,0.016614109054766013,0.04794729045993567,0.03088181195663942,0.017065478503296247,0.06,103.0,0.43672,0.98684,0.006056082506321339,0.013303514745214363,0.038423240735402764,0.024770547833732347,0.013652692901670422,0.09,103.0,0.43672,1.0806,0.00449682233926237,0.010050948919574414,0.02862743735418023,0.018537467962589222,0.010089969391591007,0.13,103.0,0.43672,1.1919,0.98
76,0.75,0.007435782204969131,0.01642382362952842,0.04729429927685103,0.030528145738654075,0.016766153538196955,0.06,103.0,0.43672,0.98875,0.0059673571018502205,0.013163564062004106,0.03797349427904838,0.024507520935806736,0.013465973343241644,0.09,103.0,0.43672,1.0832,0.004411134226674707,0.009931002974141068,0.0282102878075236,0.018300860940098838,0.009909426867424761,0.13,103.0,0.43672,1.1972,0.98
77,0.76,0.0073264094535020795,0.01628270282553824,0.04678802419831504,0.030245143729895608,0.016542880468419428,0.06,103.0,0.43672,0.99543,0.005817155156794903,0.012989986647027343,0.03734276329991378,0.02417123037885691,0.01317153292105687,0.09,103.0,0.43672,1.0874,0.004333895089188429,0.009826810466400621,0.027878690676414096,0.018116466919601223,0.00976222375681287,0.13,103.0,0.43672,1.2049,0.98
78,0.77,0.007226254523382832,0.016152571635348334,0.04632188797377739,0.029991370110738488,0.016330517863038903,0.06,103.0,0.43672,1.0006,0.005733320990390767,0.012857097345456937,0.036898281383264404,0.023918759710373695,0.01297952167289071,0.09,103.0,0.43672,1.0955,0.004246131589236413,0.00970141519093562,0.02744897994533449,0.01787302077339366,0.009575959171940823,0.13,103.0,0.43672,1.2088,0.98
79,0.78,0.007045964267234059,0.01592075528415783,0.045521425349304714,0.029548656414264074,0.01597276893504063,0.06,103.0,0.43672,1.0104,0.005653477564989391,0.012746897875141331,0.036505292641934334,0.023701452198967972,0.012803840442966365,0.09,103.0,0.43672,1.0985,0.004165846465277636,0.009580873520270573,0.02704115790698579,0.017641839198049764,0.009399318708936033,0.13,103.0,0.43672,1.2127,0.98
80,0.79,0.0070035821180699205,0.015846433917921145,0.045288376742228284,0.02941952302604935,0.01586885371617893,0.06,103.0,0.43672,1.012,0.00551938898368547,0.012569702836734751,0.03589774938609224,0.023357436117771087,0.01254031326832117,0.09,103.0,0.43672,1.1036,0.004101595489561382,0.009463000457821167,0.026686347463825633,0.01741992538399976,0.009266422079825873,0.13,103.0,0.43672,1.2176,0.98
81,0.8,0.006810022219172701,0.015633420425538676,0.04447084133238783,0.028982060049335075,0.015488781283052757,0.06,103.0,0.43672,1.0178,0.005435707536578156,0.012461456581936382,0.03550807720918778,0.023146092481618558,0.012361984727569227,0.09,103.0,0.43672,1.1113,0.004030469362316602,0.009354181910299212,0.026328311093706883,0.01720941519747079,0.0091188958962361,0.13,103.0,0.43672,1.2241,0.98
82,0.81,0.0066678530573228674,0.01548278622603387,0.043889350570655766,0.028688904799371508,0.015200445771284255,0.06,103.0,0.43672,1.0269,0.005326963121613083,0.012303207131902508,0.03498442507256102,0.022846349263853122,0.012138075808707892,0.09,103.0,0.43672,1.1164,0.003952475687267486,0.009243735900612273,0.02597223540276694,0.017008687093599362,0.008963548309167582,0.13,103.0,0.43672,1.228,0.98
83,0.82,0.006564862243798481,0.01535796316140266,0.04343457736470452,0.02844736680934477,0.014987210555359754,0.06,103.0,0.43672,1.0346,0.005216298350149194,0.012184395466647086,0.03451754701956268,0.022600651353097103,0.011916895666465577,0.09,103.0,0.43672,1.1225,0.003865597342902925,0.009131977258475067,0.025577738932481126,0.016795883017613953,0.008781855914867165,0.13,103.0,0.43672,1.235,0.98
84,0.83,0.0064521870557758,0.015207571980926262,0.04286581669610995,0.02812948293630249,0.01473633375980745,0.06,103.0,0.43672,1.0387,0.005118880079681091,0.012033954277054906,0.034047298149745046,0.022330979802054812,0.011716318347690227,0.09,103.0,0.43672,1.1274,0.0037902162561332746,0.00901361269206685,0.025212132108350698,0.01657692288651336,0.008635209221837336,0.13,103.0,0.43672,1.2403,0.98
85,0.84,0.006289273556348829,0.014994546252808159,0.04218504934165335,0.027755907349243405,0.014429141992409937,0.06,103.0,0.43672,1.0442,0.00500975936905785,0.011904650557553777,0.03356674859213704,0.022074712233151994,0.011492036358985047,0.09,103.0,0.43672,1.1329,0.0037046694128724596,0.008906844133677984,0.024810805629929968,0.016363026327789115,0.008447779302140851,0.13,103.0,0.43672,1.2469,0.98
86,0.85,0.006215756338725057,0.014879225890703394,0.04178154474113869,0.027518361905758557,0.014263182835380129,0.06,103.0,0.43672,1.0514,0.004903050310503674,0.011763151142595615,0.03309616289917125,0.02181381309464034,0.011282349804530925,0.09,103.0,0.43672,1.142,0.003631556369537928,0.008805912716271897,0.024478217510670433,0.016172843054535334,0.008305374456135096,0.13,103.0,0.43672,1.2548,0.98
87,0.86,0.006045254834147385,0.014707007329959072,0.04112255340429805,0.027194827213434934,0.013927726190863122,0.06,103.0,0.43672,1.0585,0.004839591350377214,0.011651943972487862,0.032719135491903424,0.021589961633714627,0.011129173858188795,0.09,103.0,0.43672,1.1482,0.003552364809014583,0.008677467996317592,0.024045077210253018,0.015920542768395652,0.008124534441857368,0.13,103.0,0.43672,1.2615,0.98
88,0.87,0.0059880480337265035,0.01461119357067687,0.04080597411114909,0.027000711179818945,0.013805262931330147,0.06,103.0,0.43672,1.0662,0.004717118846892615,0.011517753559151186,0.032227870494147645,0.021332331343135117,0.010895539151012535,0.09,103.0,0.43672,1.1538,0.00347753968909985,0.008584696270730165,0.02371147428204489,0.015738304367820765,0.00797316991422413,0.13,103.0,0.43672,1.2665,0.98
89,0.88,0.00586295947837772,0.014446857565247424,0.04022469856525662,0.026676075634415274,0.01354862293084136,0.06,103.0,0.43672,1.0729,0.004621871234903492,0.011390435629130733,0.03177333105263318,0.021082212423571733,0.010691118629061445,0.09,103.0,0.43672,1.1641,0.0033988882248328143,0.008457335337892538,0.02334245172666543,0.0155177811799504,0.007824670546715037,0.13,103.0,0.43672,1.2747,0.98
90,0.89,0.005691929491713385,0.014266836494672022,0.0394953660158457,0.026311590752829336,0.013183775263016359,0.06,103.0,0.43672,1.0809,0.004508575853419548,0.011246779984883354,0.0312792954482816,0.02080491725640387,0.010474378191877723,0.09,103.0,0.43672,1.1698,0.0033249154672702033,0.00835521180994567,0.02298764601531632,0.015319564366426605,0.00766808164888971,0.13,103.0,0.43672,1.2797,0.98
91,0.9,0.0055958946069275504,0.014155841296766159,0.0391090114577494,0.026115697916063444,0.012993313541685947,0.06,103.0,0.43672,1.0869,0.0044331830603855996,0.01113040249327402,0.030902161284720737,0.02059520507877278,0.010306956205947956,0.09,103.0,0.43672,1.1766,0.003243931694367663,0.008260714847483095,0.022609339529391665,0.015116863158630011,0.007492476370761653,0.13,103.0,0.43672,1.2876,0.98
92,0.91,0.005454238625919392,0.01394316598936396,0.038388915360931336,0.02569386364714056,0.012695051713790775,0.06,103.0,0.43672,1.0958,0.004317410885214915,0.010992580006250837,0.030369296314596013,0.020308601283737595,0.010060695030858413,0.09,103.0,0.43672,1.1849,0.0031734967150435583,0.008157638477705497,0.02227156880795665,0.014925478738457364,0.007346090069499288,0.13,103.0,0.43672,1.2981,0.98
93,0.92,0.005365288327848211,0.013883012612414852,0.038128938366725526,0.025586453671537498,0.012542484695188033,0.06,103.0,0.43672,1.1036,0.0042300013309822726,0.010867606808714054,0.02995140540763961,0.020075290976449382,0.00987611443119023,0.09,103.0,0.43672,1.1918,0.0030892251550981493,0.008048607125882857,0.021913395203178112,0.014729619216586231,0.007183775986591878,0.13,103.0,0.43672,1.3018,0.98
94,0.93,0.005231082019673208,0.013693843530732065,0.03747846763249318,0.02521388067692338,0.012264586955569803,0.06,103.0,0.43672,1.1124,0.00412395035574623,0.010730587371926028,0.029473904821196894,0.019807329230486413,0.009666575590710484,0.09,103.0,0.43672,1.2007,0.0030319121061163717,0.007940679063968678,0.021563863933586287,0.01451652558816838,0.00704733834541791,0.13,103.0,0.43672,1.3063,0.98
95,0.94,0.005096708250090832,0.013528571518552308,0.036894499273174106,0.024904758098360315,0.011989741174813799,0.06,103.0,0.43672,1.1185,0.0040362699639266515,0.010617070304807056,0.029093459780377053,0.01959470380205691,0.009498755978320138,0.09,103.0,0.43672,1.2062,0.002961305212633045,0.007842676478486002,0.021243322663569094,0.014338923887291032,0.00690439877627806,0.13,103.0,0.43672,1.3179,0.98
96,0.95,0.004981017899764849,0.013367181813726405,0.036305087319421725,0.02456916643205374,0.01173592088736799,0.06,103.0,0.43672,1.1294,0.003924226024088789,0.010474443148735293,0.02858519965730206,0.01931918646758175,0.00926601318972032,0.09,103.0,0.43672,1.2181,0.002869127859696011,0.007736924233335752,0.020852780492569507,0.014128365698611119,0.006724414793958388,0.13,103.0,0.43672,1.3284,0.98
97,0.96,0.004858099085128125,0.013258557142469764,0.03585990687031452,0.024355474138737804,0.011504432731576711,0.06,103.0,0.43672,1.138,0.003844403809736232,0.01037557726229587,0.0282067017840186,0.01912067591244887,0.009086025871569729,0.09,103.0,0.43672,1.2259,0.002804580148384701,0.0076345517947060655,0.02052467639867962,0.013933888790077857,0.00659078760860176,0.13,103.0,0.43672,1.3364,0.98
98,0.97,0.004713472755913607,0.013087116298453313,0.03520515459213273,0.02401274311811373,0.01119241147401898,0.06,103.0,0.43672,1.1443,0.0037324363097156863,0.010232068756667271,0.02769682424933445,0.01883812264906091,0.008858701600273538,0.09,103.0,0.43672,1.2332,0.0027299424327832116,0.007542345700301893,0.020195920955200293,0.013758918535444288,0.006437002419756006,0.13,103.0,0.43672,1.3435,0.98
99,0.98,0.004642297010510391,0.012959990007288867,0.03481027336414171,0.023768609997567657,0.011041663366574063,0.06,103.0,0.43672,1.1541,0.003651197348855585,0.010123011710931235,0.027312146880668575,0.01862305253145791,0.00868909434921067,0.09,103.0,0.43672,1.2425,0.0026503743985741945,0.007436341598182199,0.01982119638201835,0.013549188403376697,0.006272007978641651,0.13,103.0,0.43672,1.356,0.98
100,0.99,0.0045421080614222115,0.012832959917193229,0.03440467693933288,0.02355383576131862,0.010850841178014261,0.06,103.0,0.43672,1.164,0.0035498751109696294,0.010002871834517965,0.026885420578465335,0.01839599585364088,0.008489424724824468,0.09,103.0,0.43672,1.2549,0.002581545480705379,0.007334237652264492,0.019483654534271266,0.01336006601890302,0.006123588515368246,0.13,103.0,0.43672,1.3629,0.98
101,1.0,0.004384227223526389,0.012661114696610057,0.033725765888065244,0.02320307740790415,0.010522688480161094,0.06,103.0,0.43672,1.1745,0.003442658256656739,0.009870565780917813,0.026401625892087312,0.018136395235269078,0.008265230656818234,0.09,103.0,0.43672,1.2619,0.0025094529214962804,0.007246220169949868,0.01916340969521962,0.013190523890809653,0.005972885804409969,0.13,103.0,0.43672,1.3738,0.98
102,1.01,0.0042781334440942995,0.012535102808195949,0.033255802082497045,0.022952392039748106,0.010303410042748937,0.06,103.0,0.43672,1.186,0.003346071061711103,0.009755745766126705,0.025979689808113812,0.017910608420986438,0.008069081387127374,0.09,103.0,0.43672,1.2732,0.0024295041942783238,0.007141055955997353,0.018795569238127804,0.012986051518612542,0.00580951771951526,0.13,103.0,0.43672,1.3822,0.98
103,1.02,0.004108620833408515,0.012381770590655018,0.0325961565171149,0.022639876524027925,0.009956279993086972,0.06,103.0,0.43672,1.1949,0.0032533937067430146,0.009626233649509767,0.02553268423018657,0.017664414616999014,0.007868269613187555,0.09,103.0,0.43672,1.2863,0.002365670953330506,0.0070491285170292154,0.018494222696431174,0.01281807576288055,0.005676146933550625,0.13,103.0,0.43672,1.3933,0.98
104,1.03,0.004028776302956285,0.012272706539808623,0.03224207394901601,0.02243729643301107,0.009804777516004937,0.06,103.0,0.43672,1.2054,0.00316897073272394,0.009524932497174345,0.025173632407585394,0.017467644111481176,0.007705988296104217,0.09,103.0,0.43672,1.2922,0.0022928763954859713,0.006944329557937388,0.018122827701513806,0.012604010066195768,0.005518817635318037,0.13,103.0,0.43672,1.4044,0.98
105,1.04,0.0038792066192675115,0.012078580672462627,0.03156414767126099,0.022064475751746693,0.009499671919514303,0.06,103.0,0.43672,1.2164,0.0030496831862873034,0.009378306888352958,0.02465654599384283,0.017189308789976376,0.007467237203866453,0.09,103.0,0.43672,1.3055,0.0022223561656541137,0.006853873394695281,0.017813261194321448,0.012438310131464616,0.005374951062856833,0.13,103.0,0.43672,1.418,0.98
106,1.05,0.003793444131129943,0.011962739772043375,0.031115866863247757,0.021822493170309248,0.00929337369293851,0.06,103.0,0.43672,1.2287,0.002971908566618931,0.009282530952876164,0.02428884857836088,0.016994406177884006,0.007294442400476869,0.09,103.0,0.43672,1.321,0.00214301217861968,0.006754796589945796,0.017460219394797655,0.012244619554370185,0.005215599840427472,0.13,103.0,0.43672,1.4275,0.98
107,1.06,0.0036645210678439935,0.011816247672000865,0.03057640403794776,0.021538721026811848,0.009037683011135908,0.06,103.0,0.43672,1.2408,0.0028812279047052748,0.00917408336191901,0.02388848392185348,0.016787507474489805,0.007100976447363679,0.09,103.0,0.43672,1.3301,0.002079650590699122,0.0066559495733082355,0.017125003365898832,0.012048801390095041,0.005076201975803784,0.13,103.0,0.43672,1.4426,0.98
108,1.07,0.0035747828823765376,0.011690848467337978,0.0301291924855853,0.021280930710020077,0.008848261775565225,0.06,103.0,0.43672,1.2534,0.0027761247579041136,0.009023627117529102,0.023365139883862213,0.016490171968988786,0.006874967914873428,0.09,103.0,0.43672,1.3464,0.002011687189739686,0.006562756796315191,0.01681057172012694,0.0118752826665963,0.004935289053530642,0.13,103.0,0.43672,1.454,0.98
109,1.08,0.0033897030485454836,0.011510965936595608,0.0294178974735581,0.020945452652918667,0.00847244482063943,0.06,103.0,0.43672,1.2646,0.0026827403009901745,0.008932124596806694,0.02298881186451902,0.0163069244925598,0.006681887371959223,0.09,103.0,0.43672,1.355,0.0019265582360141168,0.006472038588548781,0.01645091724174818,0.011694593627371335,0.004756323614376843,0.13,103.0,0.43672,1.4698,0.98
110,1.09,0.003283725701213781,0.011397662169240048,0.02899703737246022,0.020729577173173492,0.008267460199286725,0.06,103.0,0.43672,1.281,0.0025791198437295827,0.008786531316946136,0.022493880459879784,0.016031735407472117,0.006462145052407667,0.09,103.0,0.43672,1.3702,0.0018626760181114114,0.006376427086408207,0.016127475774120877,0.011515038859566229,0.004612436914554645,0.13,103.0,0.43672,1.4829,0.98
111,1.1,0.003182623684879043,0.01124668132608848,0.02849372560174399,0.02043144884140112,0.008062276760342872,0.06,103.0,0.43672,1.2947,0.0025016253239964516,0.008683792865286024,0.022132708727030853,0.015825360688396725,0.006307348038634128,0.09,103.0,0.43672,1.3872,0.0017876449700493695,0.006287094398824816,0.015788311835948473,0.011337364815310764,0.004450947020637707,0.13,103.0,0.43672,1.5003,0.98
112,1.11,0.0030509918026126073,0.011126045826792287,0.027945821515197228,0.020183066125993136,0.007762755389204093,0.06,103.0,0.43672,1.3085,0.0023863514272029806,0.008545545009922828,0.02161442966287149,0.015557644802550832,0.006056784860320658,0.09,103.0,0.43672,1.4034,0.0017213549783080054,0.006185185556129154,0.0154678670981732,0.011147661976218505,0.004320205121954694,0.13,103.0,0.43672,1.5157,0.98
113,1.12,0.0029183214287231093,0.010983714776423823,0.027384376131230737,0.019892479642951395,0.0074918964882793445,0.06,103.0,0.43672,1.3239,0.0023036766860558998,0.008446909847869874,0.0212604587406669,0.015367507689584102,0.005892951051082798,0.09,103.0,0.43672,1.4188,0.0016378683196314843,0.006092937513008109,0.015097625990948833,0.0109612317795219,0.004136394211426935,0.13,103.0,0.43672,1.5353,0.98
114,1.13,0.002832946631985056,0.010840200283029443,0.026917922810470177,0.019620874645910263,0.007297048164559911,0.06,103.0,0.43672,1.346,0.002182598850209458,0.00832824138897114,0.020731123365529815,0.01511298951519127,0.005618133850338548,0.09,103.0,0.43672,1.4416,0.0015614420682785886,0.006004409056944972,0.014756512208856652,0.01078740562135884,0.003969106587497814,0.13,103.0,0.43672,1.5581,0.98
115,1.14,0.0026575530650952816,0.01068353045113574,0.02624792696859845,0.019312666864137972,0.006935260104460484,0.06,103.0,0.43672,1.3634,0.0020831183775072365,0.0082011057208084,0.020272753674276157,0.014869119280320342,0.0054036343939558125,0.09,103.0,0.43672,1.4649,0.0014906673977446044,0.00590918276851034,0.014393256973581042,0.010593457131241204,0.003799799842339838,0.13,103.0,0.43672,1.5875,0.98
116,1.15,0.002566381655327611,0.01056304172301831,0.025732025895642736,0.01903830741171539,0.006693718483927347,0.06,30.0,0.1272,0.48325,0.00201193800327,0.008092863037883648,0.01987168603558137,0.014650722871071303,0.00522096316451007,0.09,30.0,0.1272,0.55296,0.001423472951135905,0.005813158578968161,0.014047922892362043,0.010405659254374101,0.0036422636379879417,0.13,30.0,0.1272,0.63985,0.98
117,1.16,0.002563652042842578,0.01054510738336055,0.025718318445699044,0.019021427967523357,0.006696890478175683,0.06,30.0,0.1272,0.482,0.0019877875095174018,0.00809494287701935,0.019817617681494575,0.014642064699003246,0.005175552982491333,0.09,30.0,0.1272,0.55099,0.001423286368481858,0.005820969380264107,0.014042028740593031,0.01040788511934324,0.0036341436212497915,0.13,30.0,0.1272,0.63675,0.98
118,1.17,0.002490862284155542,0.010433449176989724,0.02533809088032482,0.018797869449886213,0.006540221430438606,0.06,30.0,0.1272,0.47997,0.0019574435249532967,0.00801669575362039,0.019589390992487125,0.014485416025378475,0.0051039749671086525,0.09,30.0,0.1272,0.55034,0.0013902122622264854,0.005741557780031452,0.013804449962523915,0.010247744436619842,0.0035567055259040736,0.13,30.0,0.1272,0.63425,0.98
119,1.18,0.0024924775274040144,0.010432563572133036,0.025331526884451415,0.018783913302175832,0.006547613582275583,0.06,30.0,0.1272,0.47913,0.001923082467990988,0.007959954842114803,0.01937240586302065,0.014352772960640017,0.005019632902380633,0.09,30.0,0.1272,0.54628,0.0013759062948309627,0.005708559259163452,0.01369572448093422,0.010176941137242511,0.003518783343691709,0.13,30.0,0.1272,0.63466,0.98
120,1.19,0.0024670160698986214,0.010373574114936624,0.02513066633288679,0.01865269639747118,0.006477969935415612,0.06,30.0,0.1272,0.48164,0.0019146858342023118,0.00792564109771775,0.019271774089397682,0.014285382757833275,0.004986391331564406,0.09,30.0,0.1272,0.54741,0.0013543345586858465,0.005677761856950617,0.013583806053797526,0.01011436660492026,0.003469439448877266,0.13,30.0,0.1272,0.63287,0.98
121,1.2,0.002407401442929011,0.01033494947683865,0.024928126780029484,0.018571786909878422,0.006356339870151063,0.06,30.0,0.1272,0.48015,0.0018660021781169828,0.007872972470551893,0.019076340592139165,0.014179220789416469,0.004897119802722696,0.09,30.0,0.1272,0.55028,0.0013314502525598698,0.005633715867966671,0.013456282210671295,0.010028783669547972,0.0034274985411233212,0.13,30.0,0.1272,0.63222,0.98
122,1.21,0.0023582050186018036,0.010254782906407573,0.02466675790501598,0.018415130745585612,0.0062516271594303665,0.06,30.0,0.1272,0.48391,0.0018567491305116388,0.007829836954998894,0.018976618982894603,0.014108029034081288,0.0048685899488133165,0.09,30.0,0.1272,0.54873,0.0013204020232525917,0.005607232571039484,0.013371265771204201,0.009974067051433317,0.0033971987197708867,0.13,30.0,0.1272,0.63019,0.98
123,1.22,0.002336278683784647,0.010200931240728824,0.024510795665551904,0.018309174253092354,0.006201621412459549,0.06,30.0,0.1272,0.48319,0.0018279739299360517,0.007783576682751782,0.018804048368101033,0.014008121325501457,0.004795927042599574,0.09,30.0,0.1272,0.54628,0.0013054962542447819,0.005561238505305825,0.013250263622337936,0.009887982481560996,0.0033622811407769387,0.13,30.0,0.1272,0.63049,0.98
124,1.23,0.002336958375458107,0.010181188753765322,0.02447004321099661,0.018271787357649658,0.006198255853346954,0.06,30.0,0.1272,0.4811,0.001806445301530188,0.007750089199708669,0.018713809318286263,0.013945325137036758,0.004768484181249507,0.09,30.0,0.1272,0.54497,0.001286910973717457,0.005537755235802407,0.01315612657384259,0.009839423383880132,0.0033167031899624605,0.13,30.0,0.1272,0.63144,0.98
125,1.24,0.0022931292938884896,0.010108497387010175,0.02420739622352228,0.01811506705085374,0.0060923291726685345,0.06,30.0,0.1272,0.48325,0.0017855482150784963,0.007718870980230099,0.018603043056297678,0.013879941661911916,0.004723101394385763,0.09,30.0,0.1272,0.54908,0.0012678625518464234,0.005496122662332995,0.013012871397417296,0.00974841796784374,0.003264453429573555,0.13,30.0,0.1272,0.6318,0.98
126,1.25,0.0022568564097313892,0.010053801538293732,0.02406035004160477,0.01803301935200816,0.00602733068959661,0.06,30.0,0.1272,0.48569,0.0017518268659381356,0.007671882910236825,0.018420107131957793,0.013775199974343578,0.0046449071576142135,0.09,30.0,0.1272,0.54706,0.0012492562931812376,0.005461771571240461,0.01290947663968228,0.009682689549648765,0.0032267870900335163,0.13,30.0,0.1272,0.629,0.98
127,1.26,0.0022473565916948006,0.01002434403274719,0.023947634629235395,0.017961031884623366,0.0059866027446120245,0.06,30.0,0.1272,0.48862,0.0017473036012375471,0.007632303389725916,0.01832086173472501,0.013701881739854186,0.004618979994870825,0.09,30.0,0.1272,0.54747,0.0012304611032433617,0.005432881881797715,0.012818680065423202,0.009626071587741052,0.0031926084776821477,0.13,30.0,0.1272,0.62882,0.98
128,1.27,0.002204786662636901,0.009988041669568709,0.023801505573015167,0.017890729811908163,0.005910775761107004,0.06,30.0,0.1272,0.4851,0.001722672256291563,0.007594865791426234,0.01818600038129811,0.013628087853279812,0.0045579125280182965,0.09,30.0,0.1272,0.54861,0.0012209598795762957,0.005394126677662019,0.012725367132585071,0.00955782428699214,0.0031675428455929305,0.13,30.0,0.1272,0.63228,0.98
129,1.28,0.002190761368579426,0.009948537724162883,0.023673585786263922,0.01780190419602366,0.005871681590240269,0.06,30.0,0.1272,0.48605,0.0016825893279527558,0.007535670405123812,0.018014833025470554,0.013523284342080095,0.004491548683390462,0.09,30.0,0.1272,0.55189,0.001204503068283479,0.0053633217856462224,0.0126154998401928,0.00948738378986094,0.0031281160503318583,0.13,30.0,0.1272,0.6324,0.98
130,1.29,0.0021478941738167392,0.009885196486311438,0.02346989224909615,0.017689660252367866,0.005780231996728278,0.06,30.0,0.1272,0.49088,0.0016619842005521624,0.00750610856847425,0.01790769004175364,0.01346027354688672,0.004447416494866919,0.09,30.0,0.1272,0.5498,0.0011793226200912488,0.005333744958779301,0.012513464725682166,0.009437451940242063,0.0030760127854401035,0.13,30.0,0.1272,0.63293,0.98
131,1.3,0.002123238505316085,0.009866450781475368,0.023406594828074865,0.017653501757876996,0.005753093070197865,0.06,30.0,0.1272,0.48838,0.0016360696279143759,0.007451229038004326,0.01772711551095622,0.013349710065091964,0.004377405445864256,0.09,30.0,0.1272,0.55374,0.0011609197530641966,0.00529791245641168,0.012409821084633519,0.009372901620342423,0.003036919464291095,0.13,30.0,0.1272,0.63013,0.98
132,1.31,0.002077611401986016,0.009779634170582271,0.023097737777155562,0.01746755322824846,0.005630184548907099,0.06,30.0,0.1272,0.48981,0.0016189164483945842,0.0074294295856431125,0.017657207610039822,0.013313778875570843,0.004343428734468979,0.09,30.0,0.1272,0.55201,0.001154062760928656,0.005259212094480681,0.01231600293710676,0.009298986684642154,0.0030170162524646056,0.13,30.0,0.1272,0.63138,0.98
133,1.32,0.0020383272413727897,0.009740187666586736,0.02298290700236265,0.017409754574394396,0.005573152427968256,0.06,30.0,0.1272,0.491,0.0015961937698219918,0.007377744429994269,0.01748581539408974,0.013202608009666873,0.004283207384422871,0.09,30.0,0.1272,0.55213,0.0011424340057001729,0.005227808791104268,0.012223367652007633,0.00923382262418738,0.0029895450278202523,0.13,30.0,0.1272,0.63466,0.98
134,1.33,0.0020037442007582507,0.009703853152352249,0.022811394054066198,0.017331004683923824,0.005480389370142375,0.06,30.0,0.1272,0.49029,0.0015779943031477839,0.007345985857814623,0.017401080282284313,0.013143898259110987,0.004257182023173325,0.09,30.0,0.1272,0.55344,0.0011204961959348516,0.005195246442295533,0.012117996605472406,0.009171341210550247,0.002946655394922158,0.13,30.0,0.1272,0.63317,0.98
135,1.34,0.0019647084126696458,0.009638728267292259,0.022602231262635494,0.017205277677723837,0.005396953584911663,0.06,30.0,0.1272,0.49291,0.0015392955899608542,0.007299707400875994,0.017223860347104027,0.01305242335326336,0.004171436993840669,0.09,30.0,0.1272,0.55481,0.0011033900774926977,0.005162663512040879,0.012020865878889175,0.009110304788853435,0.002910561090035742,0.13,30.0,0.1272,0.63454,0.98
136,1.35,0.001971385817530427,0.009620714988683074,0.022581630589210994,0.017174288732915776,0.005407341856295224,0.06,30.0,0.1272,0.49398,0.001531261977158843,0.007276023131255826,0.017183200656816996,0.013023372724419547,0.004159827932397451,0.09,30.0,0.1272,0.5563,0.00108808445986168,0.005135020801279556,0.011932905486809147,0.009059614596632683,0.0028732908901764644,0.13,30.0,0.1272,0.63562,0.98
137,1.36,0.0019136820982050252,0.00957653024780361,0.022376608847122025,0.017075638756462983,0.005300970090659047,0.06,30.0,0.1272,0.49518,0.0014885584114812545,0.007224362023526639,0.016971002822674105,0.012912912821730876,0.004058090000943232,0.09,30.0,0.1272,0.5563,0.0010719184627316777,0.0051065171196688205,0.011843061102672503,0.009002702966627847,0.002840358136044659,0.13,30.0,0.1272,0.6349,0.98
138,1.37,0.0019043540365645997,0.009541695465309263,0.02229694979787807,0.01702157932194087,0.005275370475937202,0.06,30.0,0.1272,0.49535,0.0014851211338427679,0.007205062048133171,0.016917420761337218,0.012873620441809484,0.004043800319527731,0.09,30.0,0.1272,0.55731,0.0010554196015736862,0.005068650006153146,0.011735617937356831,0.008935865018370372,0.002799752918986458,0.13,30.0,0.1272,0.63729,0.98
139,1.38,0.001838769381842738,0.00945662814845685,0.021967647131963863,0.016836463401916378,0.005131183730047485,0.06,30.0,0.1272,0.49619,0.0014402757704136608,0.007143590108497857,0.016728127230574014,0.012763120401168945,0.003965006829405067,0.09,30.0,0.1272,0.55874,0.0010390660328832577,0.005033778755685069,0.011630702619178528,0.008865870260193401,0.0027648323589851286,0.13,30.0,0.1272,0.63806,0.98
140,1.39,0.0017980348995906034,0.009423819135445566,0.021830718744306955,0.01678635157503011,0.005044367169276849,0.06,30.0,0.1272,0.49667,0.0014316840196050456,0.0071021271635178665,0.01661519715435771,0.012676297878171837,0.003938899276185872,0.09,30.0,0.1272,0.55618,0.0010147933161805264,0.005005609160523984,0.011530249549526165,0.008815676225748813,0.0027145733237773514,0.13,30.0,0.1272,0.6352,0.98
141,1.4,0.0017996181792340582,0.00938119286806046,0.02172325864969054,0.016691431492167428,0.005031827157523111,0.06,30.0,0.1272,0.49923,0.0014100828867525232,0.0070798452276042215,0.016515334020759578,0.01263392476498353,0.003881409255776053,0.09,30.0,0.1272,0.56006,0.0010024212209760826,0.004968546336205315,0.011432814746822966,0.008746545329431367,0.0026862694173915955,0.13,30.0,0.1272,0.63902,0.98
142,1.41,0.0017683620261632511,0.009338403178587253,0.021570750656159137,0.01660181115380607,0.004968939502353071,0.06,30.0,0.1272,0.50102,0.0013948848498908952,0.007041061774345818,0.016414363444733262,0.012561006481305098,0.003853356963428163,0.09,30.0,0.1272,0.56107,0.000993499501652361,0.004941747696363906,0.011351071178393913,0.008688349619877855,0.0026627215585160557,0.13,30.0,0.1272,0.63651,0.98
143,1.42,0.0017580006585670585,0.009308824822449317,0.021517139089270408,0.016563162757958914,0.004953976331311496,0.06,30.0,0.1272,0.50388,0.0013743028377233605,0.007006104756111872,0.016300035986507946,0.012492471278592567,0.0038075647079153763,0.09,30.0,0.1272,0.56429,0.0009715461006455142,0.0049170484387133714,0.011258899870567102,0.00864320162420233,0.0026156982463647733,0.13,30.0,0.1272,0.64057,0.98
144,1.43,0.0017066635095283047,0.009240110809014282,0.0212955681377354,0.016438396630268456,0.004857171507466945,0.06,30.0,0.1272,0.50478,0.0013314859635778057,0.006952584733419314,0.01611426981201558,0.012388479796819203,0.003725790015196383,0.09,30.0,0.1272,0.56375,0.0009599445589548056,0.004882134773496843,0.011165841555343364,0.008577003649374722,0.002588837905968641,0.13,30.0,0.1272,0.63943,0.98
145,1.44,0.0016860841374596984,0.009235352235779658,0.021239596566578537,0.016427312400635996,0.004812284165942541,0.06,30.0,0.1272,0.50269,0.0013244617785191396,0.006912764362712196,0.015997523132374607,0.01230399774527692,0.0036935253870976855,0.09,30.0,0.1272,0.56495,0.0009400902208245888,0.004845205372642185,0.011061633695210907,0.008512981318993277,0.002548652376217627,0.13,30.0,0.1272,0.64057,0.98
146,1.45,0.0016607818255514367,0.009189079463394896,0.021076253634675548,0.016329432731913337,0.004746820902762214,0.06,30.0,0.1272,0.50692,0.0012850579334007586,0.006877097274405031,0.015871880364689842,0.0122471866735525,0.0036246936911373435,0.09,30.0,0.1272,0.5656,0.0009258490589393656,0.004817409705202242,0.010970980145139309,0.008455845010977913,0.0025151351341613955,0.13,30.0,0.1272,0.64576,0.98
147,1.46,0.0015974535113251391,0.009119177256739408,0.020774765588427547,0.016170460056401034,0.004604305532026518,0.06,30.0,0.1272,0.50788,0.001266510961364386,0.006846112948377475,0.015779022735195037,0.012195506945196293,0.0035835157899987437,0.09,30.0,0.1272,0.56715,0.0009015333077645124,0.00478797249439999,0.01085643767516005,0.00839415086550572,0.0024622868096543303,0.13,30.0,0.1272,0.64301,0.98
148,1.47,0.0016143453163570676,0.009091126985798599,0.020754820197744817,0.016134662775687883,0.004620157422056933,0.06,30.0,0.1272,0.50776,0.001250170582644424,0.006797781988342511,0.015637580349691566,0.012097450181988437,0.003540130167703128,0.09,30.0,0.1272,0.56984,0.0008911086028905163,0.004761877513808638,0.010777048879300255,0.008346533479412369,0.0024305153998878883,0.13,30.0,0.1272,0.64504,0.98
149,1.48,0.0015639796422223435,0.009052019225563528,0.020613120265175956,0.016068440445124583,0.004544679820051375,0.06,30.0,0.1272,0.50913,0.001232825578964969,0.006761328304225594,0.015523233070238524,0.01202624433874801,0.0034969887314905126,0.09,30.0,0.1272,0.57014,0.0008782678456187587,0.004727045780677452,0.010701395540495347,0.00828673604755557,0.002414659492939777,0.13,30.0,0.1272,0.64522,0.98
150,1.49,0.0015248843536012696,0.008977817014803335,0.020379178096478073,0.015916628920663912,0.004462549175814162,0.06,30.0,0.1272,0.51098,0.0012012726809973078,0.0067341574657699575,0.015398773762573557,0.011963949169901136,0.003434824592672424,0.09,30.0,0.1272,0.56918,0.0008609596021298901,0.004696661181298861,0.010596754360503608,0.008225262103636105,0.0023714922568675058,0.13,30.0,0.1272,0.64802,0.98
151,1.5,0.0015063589233047987,0.008954438361581283,0.020275066282620716,0.0158680431780412,0.004407023104579514,0.06,30.0,0.1272,0.51259,0.0011839658411911835,0.006698184556481293,0.01528876056708493,0.011895573465748302,0.0033931871013366294,0.09,30.0,0.1272,0.57163,0.0008473842733642047,0.004666014597088349,0.010508291933796834,0.008169092449493367,0.0023391994843034677,0.13,30.0,0.1272,0.64737,0.98
152,1.51,0.0014822344283645188,0.008911054387729503,0.02014309943985136,0.01578569767949698,0.004357401760354386,0.06,30.0,0.1272,0.51551,0.0011576873119133254,0.006659150110822886,0.015159629985395271,0.011819928566741628,0.003339701418653643,0.09,30.0,0.1272,0.57192,0.0008277298429886133,0.004632004485076585,0.010409056707988655,0.008108811820027376,0.002300244887961279,0.13,30.0,0.1272,0.64832,0.98
153,1.52,0.0014357814729572401,0.008834474492260266,0.01991620861617784,0.01565003781763452,0.004266170798543315,0.06,30.0,0.1272,0.51587,0.0011293987213821678,0.006605684399563986,0.014994313372350361,0.011722397726710309,0.0032719156456400525,0.09,30.0,0.1272,0.57473,0.0008093624653653414,0.004611008505377233,0.010323075644273844,0.008066360729518536,0.002256714914755307,0.13,30.0,0.1272,0.65124,0.98
154,1.53,0.001401517923628781,0.008806158647417184,0.019780310752725596,0.015588475064902903,0.004191835687822694,0.06,30.0,0.1272,0.51831,0.0011163846996634476,0.00658983081754225,0.014933121414559119,0.011691879492134578,0.0032412419224245393,0.09,30.0,0.1272,0.57664,0.0007907675806965573,0.004577022877069103,0.010213770761080099,0.008002334177469372,0.002211436583610725,0.13,30.0,0.1272,0.65214,0.98
155,1.54,0.0013636645500070624,0.00877297219198788,0.019610727372977033,0.015511442909705398,0.004099284463271636,0.06,30.0,0.1272,0.52004,0.0010882118194859831,0.006550846123022786,0.014817345745536297,0.011627724236856053,0.0031896215086802417,0.09,30.0,0.1272,0.57711,0.000783664565025444,0.004545356095285387,0.010138593860887914,0.00794107894290683,0.0021975149179810824,0.13,30.0,0.1272,0.64904,0.98
156,1.55,0.0013563741096993816,0.008743782961065682,0.019549390011409068,0.01546029737690473,0.0040890926345043405,0.06,30.0,0.1272,0.52219,0.0010658460968541031,0.006503948108667023,0.014666532237849422,0.011531033469770809,0.003135498768078616,0.09,30.0,0.1272,0.57926,0.0007628577037246619,0.004523106423762481,0.010055981238911075,0.007902227140852442,0.0021537540980586306,0.13,30.0,0.1272,0.65595,0.98
157,1.56,0.001301897270815652,0.00866349003263943,0.019252040900704457,0.01529234076279047,0.003959700137913985,0.06,30.0,0.1272,0.51921,0.00105034298807495,0.006465570115804274,0.014561224662153847,0.011458484043816696,0.003102740618337149,0.09,30.0,0.1272,0.58105,0.0007440997685832655,0.0044851491590096855,0.009946045830400853,0.007831981242416746,0.0021140645879841055,0.13,30.0,0.1272,0.65601,0.98
158,1.57,0.0012956125068300638,0.008636381888986591,0.019209936290705977,0.015263128616309235,0.003946807674396743,0.06,30.0,0.1272,0.52249,0.0010183068290879535,0.006438417475506316,0.01444144873027072,0.011405943717025408,0.0030355050132453137,0.09,30.0,0.1272,0.5832,0.0007284755523538619,0.004456133094793412,0.009862924269056403,0.007780115420357857,0.002082808848698546,0.13,30.0,0.1272,0.65727,0.98
159,1.58,0.0012410044595920393,0.008589726257241638,0.01898655348859275,0.015158868400696413,0.0038276850878963356,0.06,30.0,0.1272,0.52231,0.0009821055392298665,0.006387835616043982,0.014260771893156101,0.011304037618507738,0.0029567342746483634,0.09,30.0,0.1272,0.5854,0.0007201262010822304,0.004428805883134307,0.009779680327590978,0.007727280737213401,0.0020523995903775774,0.13,30.0,0.1272,0.65607,0.98
160,1.59,0.0012136306910940442,0.008537446813401458,0.018833050760783537,0.015061391811742124,0.0037716589490414142,0.06,30.0,0.1272,0.52899,0.0009790548917469222,0.006371210896170863,0.014206805274045333,0.01126855963822305,0.002938245635822282,0.09,30.0,0.1272,0.58791,0.0006957482146359674,0.004400016593177514,0.009671793323432303,0.007665271623890764,0.002006521699541538,0.13,30.0,0.1272,0.6587,0.98
161,1.6,0.0012161663365081658,0.008505969627135948,0.01875904950282207,0.01499597693094232,0.003763072571879752,0.06,30.0,0.1272,0.52583,0.0009411884307087516,0.0063174494157296765,0.014016403999614997,0.011156079479737556,0.00286032451987744,0.09,30.0,0.1272,0.58809,0.000682611823180634,0.0043786138108970005,0.009615011002615139,0.00763310399708934,0.0019819070055257983,0.13,30.0,0.1272,0.66073,0.98
162,1.61,0.0011636753883970832,0.008474847257388684,0.018594145259307682,0.01493259172373242,0.0036615535355752635,0.06,30.0,0.1272,0.53376,0.0009272613267160902,0.0062890140281858745,0.013926223549013161,0.01110664438525408,0.0028195791637590836,0.09,30.0,0.1272,0.5894,0.0006765022888383536,0.004343024224366998,0.009515951623043932,0.007560607480599393,0.0019553441424445357,0.13,30.0,0.1272,0.66341,0.98
163,1.62,0.0011446345941772786,0.00840599139630651,0.018451564099007514,0.014827011135408234,0.003624552963599278,0.06,30.0,0.1272,0.53525,0.0009044028135928153,0.00624256467574835,0.013809540364386587,0.01102764399446866,0.0027818963699179295,0.09,30.0,0.1272,0.59083,0.0006539124486633711,0.004316497409382408,0.009427366515867968,0.007515752874557344,0.0019116136413106252,0.13,30.0,0.1272,0.66615,0.98
164,1.63,0.0011121975355548586,0.008402000547606283,0.018333724693993747,0.014796204129902199,0.0035375205640915445,0.06,30.0,0.1272,0.53203,0.0008874785412799781,0.006209538453535334,0.013700386916458718,0.010965819734912726,0.0027345671815459925,0.09,30.0,0.1272,0.59381,0.0006321092576719682,0.004288887072557427,0.009333118164155111,0.007468024375463585,0.0018650937886915237,0.13,30.0,0.1272,0.66466,0.98
165,1.64,0.0010675038328788128,0.008335970337495734,0.018124698714160208,0.01467345652439312,0.0034512421897670916,0.06,30.0,0.1272,0.53775,0.00086366452102124,0.006192921988519195,0.01360755050897179,0.010922839843600544,0.002684710665371247,0.09,30.0,0.1272,0.59298,0.0006250316877823248,0.004250944488189173,0.009227936044341554,0.0073867620330207865,0.001841174011320769,0.13,30.0,0.1272,0.66908,0.98
166,1.65,0.001022890165281271,0.008293346687233662,0.01792190713780813,0.014573826645000218,0.003348080492807912,0.06,30.0,0.1272,0.53668,0.0008300301279619607,0.006134968935379264,0.013436244193832667,0.01081869312559663,0.002617551068236039,0.09,30.0,0.1272,0.59721,0.0006069365078936374,0.0042339788609480275,0.009159408363006941,0.0073576427644113694,0.0018017655985955701,0.13,30.0,0.1272,0.67194,0.98
167,1.66,0.0010117951818280743,0.008226621473360509,0.017781591868456684,0.01446219010814813,0.003319401760308551,0.06,30.0,0.1272,0.53841,0.0008184680273397773,0.006113262925119838,0.013352363425535337,0.010773423585641642,0.002578939839893696,0.09,30.0,0.1272,0.59942,0.000597422430152728,0.004199123124131056,0.009063788523144718,0.00728930760524722,0.0017744809178975003,0.13,30.0,0.1272,0.67301,0.98
168,1.67,0.0009692495204790091,0.008193946676754927,0.01762556709146796,0.01439689024934325,0.0032286768421247126,0.06,30.0,0.1272,0.54091,0.0007843677119332578,0.006063781790904538,0.013180702020085101,0.010671177876035286,0.0025095241440498133,0.09,30.0,0.1272,0.59983,0.0005732539747535098,0.004171621053151709,0.008966039156528318,0.0072399878646212295,0.0017260512919070907,0.13,30.0,0.1272,0.67385,0.98
169,1.68,0.0009629205457185857,0.008164602628409701,0.017536894950916756,0.014335424744275021,0.003201470206641738,0.06,30.0,0.1272,0.54491,0.0007769049538844,0.0060385492590228065,0.013109180754871138,0.010628263620637006,0.0024809171342341273,0.09,30.0,0.1272,0.60216,0.0005644026242880858,0.004143264480355545,0.008899970686830622,0.007192699454997434,0.0017072712318331883,0.13,30.0,0.1272,0.67677,0.98
170,1.69,0.0008886863493800197,0.008113893523659056,0.01729301117294589,0.014233330215787324,0.0030596809571585715,0.06,30.0,0.1272,0.54557,0.0007353125632577912,0.005999515699113023,0.01295413960413042,0.010554694258586425,0.0023994453455439962,0.09,30.0,0.1272,0.60484,0.0005445306616777242,0.004116597134174963,0.008811388015162791,0.007142800448293476,0.0016685875668693163,0.13,30.0,0.1272,0.67939,0.98
171,1.7,0.000899207087695488,0.008066654179722318,0.017222077815368875,0.014159510616652222,0.003062567198716652,0.06,30.0,0.1272,0.54902,0.0007142765894951101,0.00596637335318833,0.012849009669229096,0.010496826501642962,0.0023521831675861328,0.09,30.0,0.1272,0.60598,0.0005274399911380281,0.004087141753377134,0.00870949673224955,0.007085419477107852,0.0016240772551416982,0.13,30.0,0.1272,0.67969,0.98
172,1.71,0.0008525202292754034,0.008007694738721339,0.017009470385227182,0.014036577369866153,0.002972893015361027,0.06,30.0,0.1272,0.55183,0.0006948027448066231,0.00593541755770662,0.012715456686238441,0.010422465582737721,0.0022929911035007213,0.09,30.0,0.1272,0.61033,0.0005107281136249849,0.004064724791461842,0.00862930042560692,0.007041679503538757,0.001587620922068165,0.13,30.0,0.1272,0.68136,0.98
173,1.72,0.0008294050098432911,0.008002293788003505,0.01690991594135579,0.01401314806724721,0.002896767874108577,0.06,30.0,0.1272,0.55475,0.0006782875689999768,0.0058853347131958824,0.012597969422710721,0.010334921074146802,0.0022630483485639183,0.09,30.0,0.1272,0.61146,0.0004938830909041017,0.004030607942138333,0.00852478157145134,0.006978440007717132,0.0015463415637342087,0.13,30.0,0.1272,0.68536,0.98
174,1.73,0.0007957887183211075,0.007955767684132673,0.01673620000765716,0.013918340045532768,0.002817859962124389,0.06,30.0,0.1272,0.5588,0.0006537561669851709,0.005852727987257277,0.012470924415935553,0.01027093012957672,0.0021999942863588323,0.09,30.0,0.1272,0.61498,0.0004796495055519361,0.004009598043856582,0.008446401470155797,0.006933908229465765,0.0015124932406900314,0.13,30.0,0.1272,0.68554,0.98
175,1.74,0.0007468142412089229,0.007909150170418232,0.016544013300001846,0.013826740527565589,0.002717272772436256,0.06,30.0,0.1272,0.55696,0.0006239914601447249,0.005809917844831835,0.012339274984565753,0.010196458034110846,0.002142816950454907,0.09,30.0,0.1272,0.61528,0.000463349265602734,0.003978911720498845,0.008354373552637065,0.0068810946686828555,0.001473278883954208,0.13,30.0,0.1272,0.68852,0.98
176,1.75,0.000742559695941898,0.007867914832801505,0.016459053082173186,0.013751203375526502,0.0027078497066466826,0.06,30.0,0.1272,0.56196,0.0005971363540588773,0.0057790122263434215,0.0121970841668139,0.010127680266458963,0.0020694039003549378,0.09,30.0,0.1272,0.61623,0.00045415368938913844,0.003954017403988737,0.008269900054767191,0.0068254292774881,0.001444470777279093,0.13,30.0,0.1272,0.69126,0.98
177,1.76,0.0007015674097291428,0.007809768040457093,0.016252323802705314,0.013640946009350082,0.0026113777933552324,0.06,30.0,0.1272,0.56668,0.0005715951573147831,0.005753115632617223,0.01210876907366056,0.010078549393702577,0.0020302196799579864,0.09,30.0,0.1272,0.62363,0.0004329919932302508,0.003927528755809101,0.00818186098064466,0.006781011851209664,0.001400849129434999,0.13,30.0,0.1272,0.69383,0.98
178,1.77,0.0006773870484343711,0.0077772410450937714,0.016116583455263653,0.013565354061773494,0.002551229393490162,0.06,30.0,0.1272,0.56686,0.0005530537375494797,0.005719473976664042,0.011983877113846507,0.010007390205003719,0.0019764869088427896,0.09,30.0,0.1272,0.62667,0.00041712061300175384,0.003902330682608346,0.00808702360407228,0.0067283662000696895,0.0013586574040025904,0.13,30.0,0.1272,0.69484,0.98
179,1.78,0.0006399483829071188,0.007713811173450682,0.015910831994373036,0.01344664138185737,0.0024641906125156703,0.06,30.0,0.1272,0.57431,0.0005286693037451632,0.005683943782812674,0.011853678011139443,0.009940724852896148,0.0019129531582432954,0.09,30.0,0.1272,0.62953,0.00039354184557227736,0.0038703795007670066,0.00799098463885915,0.006674126050346044,0.001316858588513105,0.13,30.0,0.1272,0.70128,0.98
180,1.79,0.0006030286631295074,0.007690212986639708,0.015773543103139102,0.013394728956757133,0.0023788141463819707,0.06,30.0,0.1272,0.57407,0.0005106756597234282,0.005656634533636126,0.01175333707192009,0.009883975820461915,0.0018693612514581754,0.09,30.0,0.1272,0.63377,0.0003777387678918144,0.0038459677541415674,0.007889780489733076,0.006621725932525352,0.0012680545572077246,0.13,30.0,0.1272,0.70224,0.98
181,1.8,0.0005806966387231999,0.007660150113975475,0.015670476659374277,0.013347115446736864,0.0023233612126374132,0.06,30.0,0.1272,0.57831,0.0004817575747191509,0.005621566900716494,0.011630413918805078,0.009817990766577842,0.0018124231522272352,0.09,30.0,0.1272,0.63717,0.0003621588315850172,0.003818448353228541,0.007803049849365452,0.0065696872406232395,0.0012333626087422118,0.13,30.0,0.1272,0.70761,0.98
182,1.81,0.0005655984359360195,0.0076170234182815644,0.01552730241575736,0.013256715428592619,0.002270586987164742,0.06,30.0,0.1272,0.58248,0.0004677363210388246,0.005575926165931628,0.011480442702488639,0.009722620341045455,0.0017578223614431853,0.09,30.0,0.1272,0.64057,0.0003449468960673315,0.0037943849234407844,0.00770611790429206,0.006519069548857644,0.0011870483554344163,0.13,30.0,0.1272,0.70933,0.98
183,1.82,0.00048648622840408997,0.007561913562763155,0.015225468009141216,0.013124701108024248,0.0021007669011169666,0.06,30.0,0.1272,0.58582,0.0004447238848584649,0.005546984026791214,0.011392743638366518,0.009674291663196121,0.0017184519751703967,0.09,30.0,0.1272,0.6445,0.00033587667110285176,0.0037634722306668397,0.007627569914420716,0.006463317616376663,0.0011642522980440542,0.13,30.0,0.1272,0.71363,0.98
184,1.83,0.0004678893590462581,0.007505451106804033,0.015082374298066728,0.013026865100200362,0.002055509197866368,0.06,30.0,0.1272,0.58719,0.0004110322008023307,0.005511376490952085,0.011213427042276772,0.00959156703437766,0.0016218600078991144,0.09,30.0,0.1272,0.64641,0.00032212864072310205,0.003734223178479133,0.0075337991046174405,0.006407163083607032,0.0011266360210104094,0.13,30.0,0.1272,0.71989,0.98
185,1.84,0.0004374039511276413,0.007464191587075279,0.0148976187067883,0.01293786420951885,0.001959754497269449,0.06,30.0,0.1272,0.59125,0.00039806024963884133,0.005479823331053556,0.01114015539901445,0.009542390858656009,0.0015977645403584412,0.09,30.0,0.1272,0.65315,0.00029904547753425135,0.003713190650387522,0.007439133975197956,0.006366358698475404,0.0010727752767225526,0.13,30.0,0.1272,0.72293,0.98
186,1.85,0.0004284482369432671,0.007434408936382655,0.014848283565420959,0.012895628928384502,0.0019526546370364556,0.06,30.0,0.1272,0.59912,0.00037354196356344834,0.005445992574316012,0.011008895351177841,0.009473494165132951,0.0015354011860448937,0.09,30.0,0.1272,0.65387,0.000284362160649847,0.0036885354204942433,0.0073539427518156805,0.0063181023177320515,0.0010358404340836292,0.13,30.0,0.1272,0.7258,0.98
187,1.86,0.0003869791466932059,0.00738165496006322,0.014614291702318774,0.012780742013658962,0.0018335496886598126,0.06,30.0,0.1272,0.60192,0.00034507011580240575,0.005409054787242868,0.010851638333373258,0.009391850515318455,0.0014597878180548061,0.09,30.0,0.1272,0.65888,0.00027032376107104163,0.003656979813621263,0.007260480287286368,0.0062608957967791035,0.0009995844905072652,0.13,30.0,0.1272,0.72914,0.98
188,1.87,0.0003576589404101886,0.007375520056753641,0.014497331839986074,0.012751867953933576,0.0017454638860524977,0.06,30.0,0.1272,0.60729,0.0003069566229317228,0.005368032748549009,0.010686072532172958,0.009314107968654997,0.0013719645635179637,0.09,30.0,0.1272,0.66401,0.00025445593906971956,0.0036294947383110013,0.007161419065998006,0.006203054535957431,0.0009583645300405758,0.13,30.0,0.1272,0.73206,0.98
189,1.88,0.00034467337381855834,0.007305580657726305,0.01430026774085152,0.012613197965532246,0.0016870697753192717,0.06,30.0,0.1272,0.61021,0.0002975702181939161,0.00534051949414778,0.010595106527219202,0.00925666467039022,0.0013384418568289816,0.09,30.0,0.1272,0.66931,0.00023935106267279174,0.0036024959258570016,0.007060577842302109,0.006149368243016724,0.000911209599285387,0.13,30.0,0.1272,0.74357,0.98
190,1.89,0.0003241262270620289,0.007272075377093399,0.014148182344111053,0.012539126787280103,0.00160905555683095,0.06,30.0,0.1272,0.62017,0.0002604698619166841,0.005304981089658683,0.010431337398932225,0.009184830823875468,0.001246506575056758,0.09,30.0,0.1272,0.67552,0.0002210159824859833,0.0035785903989387696,0.006963809560702238,0.006099770169728976,0.0008640393909732629,0.13,30.0,0.1272,0.74709,0.98
191,1.9,0.00030185801222376807,0.007233848779148133,0.013984289361136246,0.01245654573196623,0.0015277436291700152,0.06,30.0,0.1272,0.62357,0.00024078928682951136,0.005260431310373544,0.010279331164904117,0.009093616069380625,0.0011857150955234942,0.09,30.0,0.1272,0.68011,0.00019874851604776282,0.003551240005179865,0.006859876099247011,0.006049167139050413,0.0008107089601965982,0.13,30.0,0.1272,0.75395,0.98
192,1.91,0.0002836478226637092,0.007190288208139641,0.013816155742833798,0.012363139168365197,0.0014530165744685982,0.06,30.0,0.1272,0.62846,0.0002210636190408039,0.00523773338111347,0.01015846412759047,0.009038317815931703,0.0011201463116587687,0.09,30.0,0.1272,0.68613,0.00018360009670213823,0.0035265668198126727,0.006771808480747624,0.006005201306000157,0.0007666071747474663,0.13,30.0,0.1272,0.76033,0.98
193,1.92,0.00027798840078739417,0.007149361626941685,0.01368203356134347,0.012282627640592665,0.0013994059207508049,0.06,30.0,0.1272,0.6346,0.0002011801101705464,0.005205288506720382,0.010031312017692914,0.008978740322164948,0.001052571695527965,0.09,30.0,0.1272,0.69389,0.00016707077145020817,0.003499809968018294,0.006667126354312684,0.005946534791167865,0.0007205915631448195,0.13,30.0,0.1272,0.76642,0.98
194,1.93,0.0002697145011138096,0.007101308821966467,0.013523466389339222,0.012188777478319422,0.0013346889110197983,0.06,30.0,0.1272,0.64295,0.00018707690180738226,0.005167285567880685,0.009897519505577441,0.008900485962866649,0.0009970335427107973,0.09,30.0,0.1272,0.70039,0.00013985728401730283,0.0034738539942717347,0.006536804147354446,0.005890186629210361,0.0006466175181440835,0.13,30.0,0.1272,0.77811,0.98
195,1.94,0.0002479650539708049,0.007049989676037738,0.013353364307766487,0.012086088103712976,0.001267276204053513,0.06,30.0,0.1272,0.65285,0.00017989114033270946,0.005119757816501182,0.009746558878309854,0.00879885897366348,0.000947699904646375,0.09,30.0,0.1272,0.7119,0.00013024725157925515,0.003440642485418101,0.006431304211316187,0.005827605588089325,0.0006036986232268628,0.13,30.0,0.1272,0.78365,0.98
196,1.95,0.0002590648624557371,0.007006146966191564,0.01320181618455596,0.011987267512399454,0.0012145486721565053,0.06,30.0,0.1272,0.66102,0.0001650089177625975,0.00509067394783918,0.009609172647394049,0.008736592075258398,0.0008725805721356498,0.09,30.0,0.1272,0.72252,0.0001058032650012482,0.0034224857805761014,0.006326204708242829,0.005786788059273166,0.0005394166489696638,0.13,30.0,0.1272,0.79362,0.98
197,1.96,0.0002344653751230077,0.006955748977256787,0.01297670796042396,0.011874707759614684,0.0011020002008092751,0.06,30.0,0.1272,0.67188,0.0001541617153477098,0.00504944656266599,0.009468745697275864,0.008653099962735123,0.0008156457345407416,0.09,30.0,0.1272,0.73301,9.390380357046574e-05,0.003388675575770062,0.006207728812571845,0.005718808914111612,0.000488919898460234,0.13,30.0,0.1272,0.81074,0.98
198,1.97,0.00022183753236985586,0.006910324463772536,0.012817290129412132,0.011786104286465893,0.0010311858429462445,0.06,30.0,0.1272,0.68548,0.00014602727885261276,0.005012423148798828,0.00931551452564277,0.008568025048794836,0.0007474894768479335,0.09,30.0,0.1272,0.74476,7.232227886869642e-05,0.0033643732611033927,0.0060672858000764785,0.005658329346536746,0.0004089564535397332,0.13,30.0,0.1272,0.82338,0.98
199,1.98,0.00022991020012535054,0.00687257145938399,0.01264594309510057,0.011688810061812728,0.0009571330332878457,0.06,30.0,0.1272,0.70045,0.0001337169927975299,0.004984464381902427,0.009161573484166356,0.008495047235547655,0.0006665262486187024,0.09,30.0,0.1272,0.76534,6.328623385409905e-05,0.003337491388506138,0.005961189829293388,0.0056039813270199,0.00035720850227348753,0.13,30.0,0.1272,0.84289,0.98
200,1.99,0.00020654908310832872,0.006831899789003604,0.012407898072664243,0.011575366455032916,0.0008325316176313296,0.06,30.0,0.1272,0.72794,0.0001265278677603538,0.004952702326014408,0.009000501678170151,0.008415130866636795,0.0005853708115333562,0.09,30.0,0.1272,0.7889,5.480192004708082e-05,0.0033068294139174145,0.005818053835057606,0.005527969351019505,0.00029008448403810124,0.13,30.0,0.1272,0.8754,0.98
201,2.0,0.00020712637941129063,0.006766266074462306,0.012064380508058532,0.011369093375246244,0.0006952871328122892,0.04,0.17,0.0007208,0.076899,0.0001254533889262472,0.0049071588351361686,0.008739425593329575,0.008267932814469582,0.00047149277885998937,0.06,0.17,0.0007208,0.10873,4.779750368710556e-05,0.0032724450886824274,0.005615690610659404,0.0054180950189474655,0.0001975955917119403,0.12,0.17,0.0007208,0.21044,0.93
202,2.01,0.0001900007080138831,0.006753673083352563,0.012013526310272046,0.011351553128323979,0.0006619731819480664,0.04,0.17,0.0026503,0.083337,0.00011639746600378935,0.004896898474886583,0.008699993344373722,0.008242415140410813,0.00045757820396291,0.06,0.17,0.0026503,0.11428,4.895835099447807e-05,0.0032667257038076184,0.005597340911504887,0.005400920487624945,0.00019642042387994318,0.12,0.17,0.0026503,0.21044,0.93
203,2.02,0.00020359015225322537,0.006770331734494385,0.012054649814369248,0.011372587248566865,0.0006820625658023838,0.04,0.17,0.0026503,0.083575,0.0001161428949581496,0.004897283071164913,0.008706294622067845,0.008245694496288347,0.00046060012577950056,0.06,0.17,0.0026503,0.11249,4.9257634792913993e-05,0.003259384345978962,0.0055805627099207444,0.005384781716060412,0.00019578099386033068,0.12,0.17,0.0026503,0.21354,0.93
204,2.03,0.0001802653041081469,0.006757468019811205,0.012006849436438155,0.011351642638474714,0.0006552067979634384,0.04,0.17,0.0026503,0.082085,0.0001120218777803903,0.004883684974496173,0.008649797902019219,0.008208564399311754,0.0004412335027074667,0.06,0.17,0.0026503,0.11094,4.639119359976194e-05,0.0032514625283553726,0.00555334725311055,0.0053645805075521235,0.0001887667455584257,0.12,0.17,0.0026503,0.21235,0.93
205,2.04,0.00020794222770589426,0.006753088272296793,0.012029856917374045,0.011338519066795704,0.0006913378505783407,0.04,0.17,0.0026503,0.080177,0.00011825117170450714,0.004890053210457071,0.008668726842096637,0.008218600039448142,0.00045012680264849483,0.06,0.17,0.0026503,0.1144,5.2914434322299996e-05,0.0032475631262749204,0.005540622218531128,0.005348240175396702,0.00019238204313442572,0.12,0.17,0.0026503,0.20979,0.93
206,2.05,0.00018155850086388385,0.006761787906033773,0.012035786164813376,0.011372087335768373,0.0006636988290450033,0.04,0.17,0.0026503,0.081608,0.00012472161405318617,0.004891389111544932,0.008688824752727097,0.008223096436783156,0.0004657283159439441,0.06,0.17,0.0026503,0.11463,4.654844771383015e-05,0.0032469500068782035,0.005541658521385771,0.005354347414996461,0.00018731110638930997,0.12,0.17,0.0026503,0.21312,0.93
207,2.06,0.0001964935687853139,0.0067303874058559894,0.011954328519519795,0.01128989832867126,0.0006644301908485401,0.04,0.17,0.0026503,0.080833,0.000122865372377888,0.004873034854485088,0.008640048210707655,0.008183504517567183,0.00045654369314047303,0.06,0.17,0.0026503,0.11398,5.262978044791176e-05,0.003235533326426774,0.0055097954953445575,0.005320402199408127,0.0001893932959364307,0.12,0.17,0.0026503,0.21157,0.93
208,2.07,0.00019318451137897386,0.0067342813293500454,0.011953175145339013,0.011292624202083996,0.0006605509432550155,0.04,0.17,0.0026503,0.079164,0.0001180518458213059,0.004880998296362345,0.008636405614854237,0.008191288171860723,0.00044511744299351635,0.06,0.17,0.0026503,0.11088,5.025945250948762e-05,0.0032357459641002167,0.00550421842012836,0.005320928384115203,0.00018329003601315745,0.12,0.17,0.0026503,0.21414,0.93
209,2.08,0.000207775467899427,0.006732713950387221,0.011952895215550334,0.01127989615265231,0.0006729990628980247,0.04,0.17,0.0026503,0.081608,0.00011991463414536951,0.00486121691432781,0.008607456100876343,0.008158317727484023,0.00044913837339232,0.06,0.17,0.0026503,0.11094,4.896655719178002e-05,0.003219129650342769,0.005459869781927025,0.005282606889700122,0.00017726289222690157,0.12,0.17,0.0026503,0.21116,0.93
210,2.09,0.00019500998310423984,0.00672280866973379,0.011911871215250733,0.011255143064510269,0.0006567281507404627,0.04,0.17,0.0026503,0.081846,0.00011567198212081214,0.004849348564241409,0.008566689906819755,0.008130035498425564,0.00043665440839419365,0.06,0.17,0.0026503,0.11076,5.3051049598441196e-05,0.0032167358097026084,0.0054537170055555095,0.005271679210418782,0.00018203779513672772,0.12,0.17,0.0026503,0.20955,0.93
211,2.1,0.00020723281078132032,0.00671387456966623,0.011917658440157188,0.011243091344953627,0.0006745670952035621,0.04,0.17,0.0026503,0.082741,0.00011268956290657959,0.004854561775334706,0.008569562254009956,0.008136599308856459,0.00043296294515349784,0.06,0.17,0.0026503,0.10951,4.5740981965365235e-05,0.0032083196833583576,0.00542963156973344,0.005257804260416679,0.00017182730931676062,0.12,0.17,0.0026503,0.21217,0.93
212,2.11,0.00020009977798189174,0.00670657959948368,0.011910897977952058,0.011245189606312836,0.0006657083716392206,0.04,0.17,0.0026503,0.079283,0.00011503811276652061,0.004851185524356748,0.008564271302135114,0.008126275152211832,0.000437996149923281,0.06,0.17,0.0026503,0.10873,5.07240770662211e-05,0.003201703842347319,0.005415846947560858,0.005240228992968208,0.00017561795459264905,0.12,0.17,0.0026503,0.21068,0.93
213,2.12,0.0001862522542617111,0.006706648934612398,0.011868086261780765,0.011226269812186537,0.0006418164495942302,0.04,0.17,0.0026503,0.080475,0.00011721877660455652,0.004844355376061368,0.008539025652107377,0.008105680294995957,0.0004333453571114209,0.06,0.17,0.0026503,0.11171,5.101980987576519e-05,0.003193538685844333,0.005393829970628226,0.0052193585222785515,0.0001744714483496758,0.12,0.17,0.0026503,0.21026,0.93
214,2.13,0.00019007942646300083,0.006712545247101884,0.011859446259168441,0.011223177539072876,0.0006362687200955672,0.04,0.17,0.0026503,0.080535,0.000111319148870303,0.004834864307774193,0.008504475033240174,0.008084044518399622,0.0004204305148405494,0.06,0.17,0.0026503,0.11183,4.827870773663885e-05,0.0031847360989911977,0.005361781049420927,0.005196172973890745,0.00016560807553018235,0.12,0.17,0.0026503,0.20937,0.93
215,2.14,0.0001849549745782285,0.006701606028965762,0.011843534369408486,0.011207573465669769,0.000635960903738717,0.04,0.17,0.0026503,0.080177,0.00011131711611443558,0.004830983676607338,0.008493121866098926,0.00807263900731543,0.0004204828587834964,0.06,0.17,0.0026503,0.1135,4.720178358265693e-05,0.0031783572253684285,0.005361277102238957,0.005193355406283515,0.0001679216959554434,0.12,0.17,0.0026503,0.20913,0.93
216,2.15,0.00019056348979216365,0.006713067095694389,0.011858507358525118,0.011215988754878442,0.0006425186036466736,0.04,0.17,0.0026503,0.078747,0.00010987951942119965,0.004830336076969734,0.008487115195350569,0.008068684472030945,0.0004184307233196224,0.06,0.17,0.0026503,0.11219,4.6462378021932885e-05,0.0031724174201077427,0.005338257211674308,0.005175182033321657,0.0001630751783526527,0.12,0.17,0.0026503,0.20979,0.93
217,2.16,0.00018952446848756902,0.006687281929975709,0.011820425953666383,0.011177324980413942,0.0006431009732524416,0.04,0.17,0.0026503,0.082502,0.00011923977754769718,0.004820276019728444,0.008474024495259807,0.008050358150429994,0.00042366634482981185,0.06,0.17,0.0026503,0.1135,4.757347967680751e-05,0.0031670676503819098,0.005320286635908018,0.0051588800180905146,0.0001614066178175044,0.12,0.17,0.0026503,0.20698,0.93
218,2.17,0.00020760879385615258,0.006693772906538229,0.011848217642978994,0.01118343023163019,0.0006647874113488057,0.04,0.17,0.0026503,0.081071,0.00011119229242547603,0.004815330142021519,0.008445813844109395,0.008036339923956639,0.0004094739201527586,0.06,0.17,0.0026503,0.11332,5.048729700331554e-05,0.0031641465174911433,0.005315086330980231,0.00515085114545457,0.00016423518552566104,0.12,0.17,0.0026503,0.2068,0.93
219,2.18,0.00019702197561558392,0.006689938922325446,0.011819425199374844,0.01117744876645055,0.0006419764329242962,0.04,0.17,0.0026503,0.081608,0.00011747717542354375,0.004813114921760699,0.00845342987302077,0.008030320529039599,0.0004231093439811688,0.06,0.17,0.0026503,0.10802,4.87248645531827e-05,0.003149675301233297,0.005292341661850754,0.005127252271237232,0.00016508939061352256,0.12,0.17,0.0026503,0.21116,0.93
220,2.19,0.00019824748500611809,0.0066792420189621775,0.011807898096178512,0.011160927455485005,0.0006469706406935091,0.04,0.17,0.0026503,0.082502,0.00011647295760120355,0.004811537892961705,0.008450651354579147,0.008028787381973521,0.0004218639726056255,0.06,0.17,0.0026503,0.11326,5.1461413880378483e-05,0.0031477559051760716,0.005277547367792362,0.005112130328765796,0.0001654170390265657,0.12,0.17,0.0026503,0.20734,0.93
221,2.2,0.00018323331582421914,0.006678843124218193,0.011777809954702746,0.01115453689557728,0.0006232730591254667,0.04,0.17,0.0026503,0.082264,0.00011805181850826243,0.00480217137515935,0.008412081116918794,0.00799532772970635,0.0004167533872124446,0.06,0.17,0.0026503,0.11171,4.687447026065455e-05,0.003138492656117226,0.005256760610190883,0.0050990669342739344,0.00015769367591694704,0.12,0.17,0.0026503,0.20716,0.93
222,2.21,0.0001857937136956908,0.006665331185376837,0.011738167661304474,0.011115930596097646,0.0006222370652068295,0.04,0.17,0.0026503,0.08125,0.00011501843724646607,0.004791313433830076,0.008406637240539735,0.007990423990943163,0.00041621324959657244,0.06,0.17,0.0026503,0.10951,5.129260512544103e-05,0.003131537782002206,0.005241309864441759,0.0050800758560382185,0.00016123400840353975,0.12,0.17,0.0026503,0.20704,0.93
223,2.22,0.0001978758767045733,0.006680484948533314,0.011789471558033235,0.011145889222248562,0.0006435823357846723,0.04,0.17,0.0026503,0.07821,0.00011298533781210071,0.004786499081785161,0.008382726755588262,0.00797028416990376,0.0004124425856845022,0.06,0.17,0.0026503,0.11326,4.889171332746126e-05,0.0031296030487071302,0.005234905659587162,0.00507707352800549,0.00015783213158167378,0.12,0.17,0.0026503,0.20937,0.93
224,2.23,0.00019230991035151492,0.0066614096290300165,0.011727196350696951,0.011097266483567507,0.0006299298671294442,0.04,0.17,0.0026503,0.081548,0.00011756735069431523,0.0047746582224050945,0.00837344101880742,0.007953424907279719,0.0004200161115276997,0.06,0.17,0.0026503,0.11171,4.6516731935100636e-05,0.0031227118074573235,0.005215591686048314,0.005060384067655874,0.00015520761839244086,0.12,0.17,0.0026503,0.20537,0.93
225,2.24,0.00019324733093447114,0.0066687641905507486,0.011753832666453322,0.01111898852569382,0.0006348441407595011,0.04,0.17,0.0026503,0.078925,0.00011653962184217169,0.004770359137538455,0.00835327296443651,0.00793820221823731,0.00041507074619919854,0.06,0.17,0.0026503,0.11064,4.998509077012302e-05,0.0031167478259777406,0.005206594760534321,0.005047319390033048,0.00015927537050127314,0.12,0.17,0.0026503,0.20657,0.93
226,2.25,0.00019099960453384257,0.006654757407652047,0.01170744605799086,0.01108565218020046,0.0006217938777904002,0.04,0.17,0.0026503,0.078448,0.0001146873248198948,0.004779728377668874,0.008358926120390114,0.007947687856492414,0.00041123826389769707,0.06,0.17,0.0026503,0.11225,4.948539158727469e-05,0.0031057925075493324,0.005185710167247684,0.005027606126652192,0.00015810404059549406,0.12,0.17,0.0026503,0.20782,0.93
227,2.26,0.00019341944981730213,0.0066488080339023115,0.011705333995678935,0.011076706239872452,0.000628627755806484,0.04,0.17,0.0026503,0.081131,0.00010675846180430089,0.004770122046505117,0.008317503478612227,0.007924841411508182,0.00039266206710404335,0.06,0.17,0.0026503,0.10981,5.156682427605691e-05,0.0031036612507649866,0.0051709744211037075,0.005014739642006582,0.00015623477909712568,0.12,0.17,0.0026503,0.20531,0.93
228,2.27,0.00019638876877013583,0.00663776818901182,0.011658269277812444,0.011038499676930127,0.000619769600882319,0.04,0.17,0.0026503,0.078568,0.00011674256001699075,0.004759190625297599,0.008314279228877213,0.007904938802992758,0.000409340425884456,0.06,0.17,0.0026503,0.111,4.992922145798976e-05,0.003093491231625561,0.0051557150024328265,0.004999639899636681,0.00015607510279614425,0.12,0.17,0.0026503,0.20859,0.93
229,2.28,0.00017908545247028354,0.006634126234941572,0.01163941536319124,0.011037265823002792,0.0006021495401884495,0.04,0.17,0.0026503,0.081131,0.00011768567178615907,0.004761753215459329,0.008327294112534958,0.007915367592730746,0.0004119265198042115,0.06,0.17,0.0026503,0.11094,4.833604175645768e-05,0.003085667335635772,0.005137598969985132,0.004984594998315383,0.00015300397166974987,0.12,0.17,0.0026503,0.20716,0.93
230,2.29,0.000188779760451119,0.006605600921566341,0.011606318549787742,0.01098912191052937,0.0006171966392583746,0.04,0.17,0.0026503,0.077554,0.00011542777380723333,0.004752023219534013,0.008302244312295877,0.007893562363714109,0.0004086819485817671,0.06,0.17,0.0026503,0.10778,5.0708537521714574e-05,0.00308340128976279,0.005120141503284077,0.004970426772002583,0.00014971473128149338,0.12,0.17,0.0026503,0.20454,0.93
231,2.3,0.00019007278737056982,0.006638369107437285,0.01165502377464523,0.011043735579652426,0.000611288194992804,0.04,0.17,0.0026503,0.079641,0.00011514399308998716,0.0047441610552269526,0.008267331495580149,0.007869563616997597,0.00039776787858254915,0.06,0.17,0.0026503,0.11159,4.664595202246928e-05,0.0030762807082733096,0.005098609838740266,0.004954386695862843,0.00014422314287742302,0.12,0.17,0.0026503,0.20502,0.93
232,2.31,0.00018400198814363142,0.006630753652834477,0.01162348477853533,0.01101824064717968,0.0006052441313556491,0.04,0.17,0.0026503,0.079939,0.00011085981087309251,0.004751373999498624,0.008281555634154,0.00788211242253067,0.0003994432116233312,0.06,0.17,0.0026503,0.10814,4.7195600403533346e-05,0.003075412154989135,0.005095665338388871,0.004951461821402056,0.00014420351698681415,0.12,0.17,0.0026503,0.2043,0.93
233,2.32,0.00018459925391965201,0.006631034005280388,0.011641642999696876,0.011030218201552085,0.0006114247981447904,0.04,0.17,0.0026503,0.078806,0.00011139225777105376,0.004740676160030297,0.008244531027216227,0.007855464664177234,0.0003890663630389922,0.06,0.17,0.0026503,0.11076,4.8732366411853326e-05,0.00306912797057691,0.005094550936444993,0.004943864555513806,0.00015068638093118693,0.12,0.17,0.0026503,0.20502,0.93
234,2.33,0.00020224945689484847,0.006604259325416477,0.011592823986650602,0.0109678561232928,0.0006249678633578009,0.04,0.17,0.0026503,0.07815,0.00011432322682077025,0.00472602677249619,0.008228889657916015,0.007834621214812659,0.00039426844310335384,0.06,0.17,0.0026503,0.11267,4.986054131236629e-05,0.003056633060552733,0.005058689577211672,0.0049133064081886895,0.00014538316902298255,0.12,0.17,0.0026503,0.20388,0.93
235,2.34,0.00019330961831249944,0.006591140195770948,0.011562532675886573,0.010950889609779862,0.00061164306610671,0.04,0.17,0.0026503,0.081071,0.00010907482875007836,0.004725097090883873,0.008213410987125823,0.007824587963111793,0.0003888230240140295,0.06,0.17,0.0026503,0.11237,5.066030858476344e-05,0.0030534306444905774,0.005049711185963153,0.004904016043375674,0.0001456951425874778,0.12,0.17,0.0026503,0.20627,0.93
236,2.35,0.0001960230733306605,0.006612413366320297,0.011605642678198566,0.010988301854874934,0.0006173408233236321,0.04,0.17,0.0026503,0.0797,0.00011196037087909944,0.004718693080474909,0.008197678656280719,0.007808016517080455,0.00038966213920026366,0.06,0.17,0.0026503,0.1101,4.762303229611994e-05,0.00304532971882002,0.005037432034758883,0.00489357532521236,0.00014385670954652254,0.12,0.17,0.0026503,0.20448,0.93
237,2.36,0.00020385380239784632,0.006590677706483029,0.011554141777947101,0.010933557218021753,0.0006205845599253463,0.04,0.17,0.0026503,0.078568,0.00010781265724704079,0.0047215429104836785,0.008188050625535313,0.0078077056573465,0.0003803449681888131,0.06,0.17,0.0026503,0.10951,5.10476614830435e-05,0.0030402466927015996,0.00502201831969554,0.004875079912318193,0.00014693840737734537,0.12,0.17,0.0026503,0.20472,0.93
238,2.37,0.0001910063569185325,0.006591594644222187,0.011546087820456326,0.01093646111180266,0.0006096267086536648,0.04,0.17,0.0026503,0.077733,0.00011110632670154836,0.004710286029041531,0.008187928033842063,0.0077952275710363225,0.00039270046280573943,0.06,0.17,0.0026503,0.10814,4.970260774233814e-05,0.0030378979112596224,0.005011485425478171,0.0048685759865452,0.00014290943893297396,0.12,0.17,0.0026503,0.2037,0.93
239,2.38,0.00017726394909564657,0.006577419370425659,0.011489022130782586,0.010906510669629693,0.0005825114611528929,0.04,0.17,0.0026503,0.079998,0.0001086181632159744,0.004703958395446197,0.008161742385994705,0.0077807247428816565,0.00038101764311304815,0.06,0.17,0.0026503,0.10635,4.5830036537028265e-05,0.0030268538344503347,0.004991639389695938,0.004852003304267434,0.0001396360854285043,0.12,0.17,0.0026503,0.20376,0.93
240,2.39,0.00018892469838576034,0.006584156979219692,0.01152349622488449,0.010919800133827418,0.0006036960910570753,0.04,0.17,0.0026503,0.078747,0.00011517596548127287,0.004702020596238845,0.008170441950058751,0.007779754360248622,0.0003906875898101313,0.06,0.17,0.0026503,0.10766,4.7732950013726645e-05,0.003017844475566523,0.004971432992979834,0.004832902270152286,0.00013853072282754808,0.12,0.17,0.0026503,0.20388,0.93
241,2.4,0.00018795935001575737,0.0065800146037825365,0.011514420174818218,0.010914313351630588,0.0006001068231876326,0.04,0.17,0.0026503,0.079104,0.00010914801523128,0.004689812503560322,0.008116774734657922,0.007741668792579469,0.0003751059420784532,0.06,0.17,0.0026503,0.10736,4.4981582186113915e-05,0.003015630836595538,0.004960080564518217,0.004825758343995092,0.00013432222052312489,0.12,0.17,0.0026503,0.20245,0.93
242,2.41,0.00018339980583570944,0.006558383850699362,0.011438535743391154,0.010855227870444246,0.0005833078729469093,0.04,0.17,0.0026503,0.079164,0.00010850830145209397,0.004697138087087558,0.008128703371875708,0.007753839071501802,0.0003748643003739064,0.06,0.17,0.0026503,0.10873,4.8300412203100356e-05,0.003011865956574922,0.004953864221722869,0.004815306070016591,0.0001385581517062774,0.12,0.17,0.0026503,0.2049,0.93
243,2.42,0.00017393675674388462,0.006561582917817026,0.011467598859298725,0.010885281404022706,0.00058231745527602,0.04,0.17,0.0026503,0.078687,0.00010949917107462963,0.004680447590534992,0.008108994095702838,0.0077307514524416485,0.0003782426432611912,0.06,0.17,0.0026503,0.10712,4.84587906912021e-05,0.003004718410839956,0.004939907960126478,0.004802601401711751,0.00013730655841472794,0.12,0.17,0.0026503,0.20406,0.93
244,2.43,0.00020152343880264374,0.006555168684754843,0.011467583882747013,0.01085682252465134,0.0006107613580956728,0.04,0.17,0.0026503,0.078866,0.00011016927371490362,0.004678387250251677,0.008106697030868876,0.00772433984545914,0.00038235718540973325,0.06,0.17,0.0026503,0.10826,5.036376794656856e-05,0.0029991557232674935,0.004929936437856601,0.004789682241174017,0.00014025419668258504,0.12,0.17,0.0026503,0.20442,0.93
245,2.44,0.000170517388347069,0.006558098261632442,0.011436899011402478,0.010861839493159168,0.000575059518243312,0.04,0.17,0.0026503,0.079343,0.00010466881503989054,0.004675795967901989,0.008084676291917536,0.007713447093076794,0.00037122919884074237,0.06,0.17,0.0026503,0.10867,4.946784788849472e-05,0.002988932797319076,0.004909198532896496,0.004770191472590507,0.00013900706030598858,0.12,0.17,0.0026503,0.20186,0.93
246,2.45,0.00018705406640363736,0.006564145718392532,0.011447265580449633,0.010859192612147812,0.0005880729683018171,0.04,0.17,0.0026503,0.07976,0.00011695210740656578,0.004672983755882659,0.008098680032289496,0.00770974038541412,0.00038893964687537313,0.06,0.17,0.0026503,0.111,4.5090771766368556e-05,0.0029815544364392424,0.004882700522289464,0.00475380171196856,0.00012889881032090265,0.12,0.17,0.0026503,0.20209,0.93
247,2.46,0.0001776155975235869,0.006533109988941404,0.011376800711839297,0.010805425822823773,0.0005713748890155229,0.04,0.17,0.0026503,0.079879,0.0001045432949379407,0.004664318634521651,0.00806155049003343,0.007690914520740724,0.0003706359692927045,0.06,0.17,0.0026503,0.11213,4.6092392115298664e-05,0.0029811761441615957,0.004886673915663985,0.004753226108648949,0.00013344780701503555,0.12,0.17,0.0026503,0.20299,0.93
248,2.47,0.0001920766582489009,0.006549389323604739,0.011437169877349685,0.010840390770058385,0.0005967791072913001,0.04,0.17,0.0026503,0.077733,0.00010771353989146819,0.004652102067711206,0.008024772280114157,0.007658348236927377,0.0003664240431867827,0.06,0.17,0.0026503,0.10975,4.8997285847130205e-05,0.0029775994927433522,0.004879480139714172,0.004742761466706307,0.0001367186730078629,0.12,0.17,0.0026503,0.20126,0.93
249,2.48,0.00017800858631991193,0.0065149377924163055,0.011345907693523404,0.01077314110283639,0.000572766590687013,0.04,0.17,0.0026503,0.076481,0.00010707955741760178,0.004658536382953808,0.008056869804976677,0.007679688181818277,0.00037718162315839775,0.06,0.17,0.0026503,0.10885,4.77822281206039e-05,0.0029712596791038335,0.004861984610435143,0.004729515397749387,0.00013246921268575624,0.12,0.17,0.0026503,0.20037,0.93
250,2.49,0.00017808263510288443,0.006525108496722044,0.011361642393508807,0.010788403843809606,0.0005732385496992037,0.04,0.17,0.0026503,0.080058,0.00010548835684742783,0.004657730617490986,0.008039195134939678,0.007672694713440095,0.0003665004214995851,0.06,0.17,0.0026503,0.111,4.83548641764763e-05,0.0029622636057105543,0.004853720125177709,0.004716422573527754,0.00013729755164995533,0.12,0.17,0.0026503,0.20108,0.93
251,2.5,0.0001749303164476125,0.0065350268906599045,0.011374558493025549,0.010800501610387713,0.0005740568826378342,0.04,0.17,0.0026503,0.080773,0.00010486892756064626,0.004640430962069885,0.007994625945947529,0.007631137044748704,0.0003634889011988238,0.06,0.17,0.0026503,0.11028,4.687275109675925e-05,0.00295438037988661,0.004827293503512031,0.004695707662906474,0.000131585840605557,0.12,0.17,0.0026503,0.20353,0.93
252,2.51,0.00018094172866773084,0.006508893462061595,0.011317033010599487,0.010741676719179668,0.0005753562914198174,0.04,0.17,0.0026503,0.079641,0.00010713208650491071,0.0046434523436910515,0.008002316132215973,0.007635272013766683,0.0003670441184492899,0.06,0.17,0.0026503,0.10861,4.6354046984483216e-05,0.0029510121639900453,0.004816596934566548,0.004687551598228643,0.00012904533633790593,0.12,0.17,0.0026503,0.20013,0.93
253,2.52,0.00016970755191623166,0.006519602578437463,0.01135312950327332,0.010785428760206913,0.000567700743066409,0.04,0.17,0.0026503,0.082443,0.00010829834721437695,0.004645354658393157,0.008015275150317351,0.0076455664297533825,0.00036970872056396706,0.06,0.17,0.0026503,0.11124,4.6828068790500876e-05,0.0029437130076078338,0.004811284709825774,0.004678759391745566,0.0001325253180802081,0.12,0.17,0.0026503,0.20251,0.93
254,2.53,0.00018546312713889012,0.006508390961311697,0.011329176254720836,0.010747904610043593,0.0005812716446772412,0.04,0.17,0.0026503,0.080416,0.00010643488545198364,0.004623315813185447,0.007960578663510966,0.007599880940275859,0.0003606977232351065,0.06,0.17,0.0026503,0.10861,4.5731793770697995e-05,0.00293641112264624,0.004793592332087822,0.004662943890686045,0.00013064844140177532,0.12,0.17,0.0026503,0.20156,0.93
255,2.54,0.00018475250307095249,0.0065180315691502014,0.011328801388208475,0.01075144199569923,0.000577359392509245,0.04,0.17,0.0026503,0.07827,0.00010864900744927295,0.004616162981360053,0.007945443767406593,0.007581718108500485,0.0003637256589061087,0.06,0.17,0.0026503,0.11088,4.33200561961e-05,0.002930429884627143,0.004771359027486531,0.004648147473433783,0.00012321155405274782,0.12,0.17,0.0026503,0.20251,0.93
256,2.55,0.00017846060159373687,0.006494673274833252,0.011285247775111262,0.010719543183494818,0.0005657045916164423,0.04,0.17,0.0026503,0.077614,0.00010871334960892832,0.004621031672047493,0.00795112944214947,0.007587568159765609,0.00036356128238385966,0.06,0.17,0.0026503,0.10653,4.440786087962838e-05,0.0029246027558058776,0.004766279630039268,0.004639750849928525,0.00012652878011074336,0.12,0.17,0.0026503,0.20263,0.93
257,2.56,0.00018177759044002144,0.006501427123532139,0.011304432173262841,0.010733385167675089,0.0005710470055877541,0.04,0.17,0.0026503,0.080297,0.00011177683377445315,0.004614351191749194,0.007936527284581786,0.007573288984479877,0.00036323830010191066,0.06,0.17,0.0026503,0.11153,4.52654112953191e-05,0.0029166649249167966,0.004745855971949061,0.004619177245190577,0.0001266787267584845,0.12,0.17,0.0026503,0.19965,0.93
258,2.57,0.00017670584825035427,0.006483044388178026,0.011260424612479319,0.01069354804994805,0.0005668765625312709,0.04,0.17,0.0026503,0.079164,0.00010831266706118628,0.004605987834905612,0.007915874683188263,0.0075558072518893795,0.00036006743129888256,0.06,0.17,0.0026503,0.10778,4.753238520843213e-05,0.0029178415232631156,0.004742537453322835,0.00461568698657102,0.00012685046675181422,0.12,0.17,0.0026503,0.20424,0.93
259,2.58,0.0001752506244028027,0.006499658931998933,0.011277664198233927,0.01071478152188567,0.0005628826763482564,0.04,0.17,0.0026503,0.077435,0.00010642600135058695,0.004600501961535171,0.00790204183942888,0.007546780808099024,0.00035526103132985863,0.06,0.17,0.0026503,0.11076,4.548850690457594e-05,0.002904371861029764,0.004721038682175948,0.004595678880150368,0.00012535980202557978,0.12,0.17,0.0026503,0.20233,0.93
260,2.59,0.00018352716970159024,0.006469348756858819,0.011242074037061782,0.010671117870682575,0.0005709561663792065,0.04,0.17,0.0026503,0.080714,0.00011041486112953471,0.004605901053312857,0.007925715633776026,0.007559167200153296,0.0003665484336227271,0.06,0.17,0.0026503,0.10861,4.7337341764961333e-05,0.0029022860635910604,0.004715795749456866,0.004587172434461663,0.00012862331499520347,0.12,0.17,0.0026503,0.2012,0.93
261,2.6,0.00017906703572273452,0.00648147243280594,0.011239012815189745,0.010674506815704225,0.0005645059994855194,0.04,0.17,0.0026503,0.079283,0.00010774347587504041,0.004603730310134187,0.007914827573565665,0.007554117772604291,0.0003607098009613765,0.06,0.17,0.0026503,0.10861,4.561491438934701e-05,0.0028984923311353833,0.004706538519079696,0.0045828228667246645,0.00012371565235503158,0.12,0.17,0.0026503,0.19929,0.93
262,2.61,0.0001722536809956372,0.006459337163581267,0.011201663534103838,0.010647213252074423,0.0005544502820294175,0.04,0.17,0.0026503,0.080118,0.00011079901202652063,0.004593547981943773,0.007896629131128527,0.007534263169539687,0.00036236596158883755,0.06,0.17,0.0026503,0.10987,4.702873597335498e-05,0.0028892701574503676,0.004684666246554498,0.004561140036550553,0.00012352621000394533,0.12,0.17,0.0026503,0.20227,0.93
263,2.62,0.00016984370615983938,0.00647027243402282,0.011210630987993532,0.010656489738503751,0.000554141249489781,0.04,0.17,0.0026503,0.07672,0.00011015412047268856,0.004587943090271567,0.007876336951160868,0.00751242790706579,0.00036390904409507843,0.06,0.17,0.0026503,0.10826,4.720211676396943e-05,0.0028866003172114884,0.004678245939451708,0.004553980429882751,0.00012426550956895626,0.12,0.17,0.0026503,0.19911,0.93
264,2.63,0.00017801627533083043,0.0064485969153923765,0.011176946518288412,0.010615905198713188,0.0005610413195752256,0.04,0.17,0.0026503,0.08131,0.00010741000891559197,0.004589379734001888,0.007879056257341794,0.0075209074824297605,0.0003581487749120331,0.06,0.17,0.0026503,0.10867,4.473976646528292e-05,0.002880899801791969,0.00467475898619981,0.004549172120470176,0.0001255868657296352,0.12,0.17,0.0026503,0.20031,0.93
265,2.64,0.00017188151734331595,0.006465098238611839,0.011214274114392114,0.010656132151277413,0.0005581419631147027,0.04,0.17,0.0026503,0.077137,0.0001040151516366279,0.004579892705565777,0.007863342032504718,0.007507703195291122,0.0003556388372135957,0.06,0.17,0.0026503,0.10754,4.6888808738620834e-05,0.002878363185633826,0.004671025010648871,0.004543024947842446,0.0001280000628064277,0.12,0.17,0.0026503,0.19941,0.93
266,2.65,0.00017169806952325528,0.00645422694760765,0.011179743234316189,0.010623693136947223,0.000556050097368965,0.04,0.17,0.0026503,0.077614,0.00010700495153539523,0.004572854205481531,0.007847603789584814,0.007490379386046708,0.00035722440353810615,0.06,0.17,0.0026503,0.10832,4.4875838709635827e-05,0.0028651589420338845,0.004640473796574293,0.004519698237155078,0.00012077555941921643,0.12,0.17,0.0026503,0.19941,0.93
267,2.66,0.00016880727577397214,0.00644739788549724,0.011155918385197756,0.01061271320258895,0.0005432051826088062,0.04,0.17,0.0026503,0.081489,0.00010319562990632863,0.004570778443096841,0.00783554138516948,0.007483374802967963,0.0003521665822015152,0.06,0.17,0.0026503,0.1073,4.7434186971270165e-05,0.002859473194427927,0.004636269240047359,0.004508038650202351,0.00012823058984500784,0.12,0.17,0.0026503,0.19893,0.93
268,2.67,0.0001697003328436413,0.006436035655917995,0.011125470052613298,0.01058097651781123,0.0005444935348020671,0.04,0.17,0.0026503,0.078568,0.00010566093628291679,0.004560774764408066,0.0078091262922216215,0.007459276561950174,0.0003498497302714462,0.06,0.17,0.0026503,0.11028,4.609947626427629e-05,0.0028611879794499203,0.004629201452254502,0.004504925629269469,0.0001242758229850342,0.12,0.17,0.0026503,0.20054,0.93
269,2.68,0.00017733458140447867,0.0064216828122363534,0.011111993818739308,0.010557578496675782,0.0005544153220635276,0.04,0.17,0.0026503,0.078389,0.0001114084495323985,0.004552929308237332,0.007802267610854795,0.0074435990558001895,0.0003586685550546047,0.06,0.17,0.0026503,0.10843,5.038662691766367e-05,0.0028487610051958346,0.0046107994819093254,0.004481469035429484,0.0001293304464798408,0.12,0.17,0.0026503,0.2006,0.93
270,2.69,0.00017046672301311274,0.006432969483092474,0.011138493913708188,0.010586534959514407,0.0005519589541937818,0.04,0.17,0.0026503,0.079641,0.00010432414962499593,0.004554912929320313,0.007811076355995532,0.0074563728810805975,0.0003547034749149354,0.06,0.17,0.0026503,0.11004,4.680929160029684e-05,0.002843582950072741,0.004595658770269431,0.004471849989992137,0.00012380878027729435,0.12,0.17,0.0026503,0.20066,0.93
271,2.7,0.0001891339729549456,0.006420851766110534,0.01111268843077006,0.010547147275691544,0.0005655411550785147,0.04,0.17,0.0026503,0.078747,0.00010342725202815357,0.004550611631972401,0.007780866832711513,0.007434357868890089,0.000346508963821423,0.06,0.17,0.0026503,0.10921,4.809293920277392e-05,0.0028385922853753874,0.004587250655821201,0.00446138978503019,0.00012586087079101153,0.12,0.17,0.0026503,0.20025,0.93
272,2.71,0.00017568519366259266,0.006434748578267522,0.011123225685812858,0.010568723847725678,0.0005545018380871797,0.04,0.17,0.0026503,0.078329,0.00010703059985032155,0.004540322455918969,0.007754854150897531,0.0074075373321090005,0.0003473168187885295,0.06,0.17,0.0026503,0.11034,4.7519071913128335e-05,0.0028382309970423725,0.004590693277867889,0.004463877295775248,0.00012681598209263973,0.12,0.17,0.0026503,0.20049,0.93
273,2.72,0.00017587660162062002,0.006400649376183878,0.011057680273191647,0.010506963022846497,0.000550717250345149,0.04,0.17,0.0026503,0.079104,0.00010391296013525075,0.004535452098501969,0.007751763485401099,0.0074069781010504135,0.000344785384350685,0.06,0.17,0.0026503,0.10736,4.578855787269828e-05,0.0028336747510429657,0.004574136964328387,0.0044515756565016015,0.00012256130782678368,0.12,0.17,0.0026503,0.20013,0.93
274,2.73,0.00018721056132828002,0.0064094177888559065,0.011088686919111152,0.010525479557019612,0.0005632073620915405,0.04,0.17,0.0026503,0.078329,0.00010601821740521388,0.004529348878303488,0.007739141976909478,0.007394016769796323,0.0003451252071131556,0.06,0.17,0.0026503,0.10885,4.483885183061837e-05,0.0028211655586709234,0.0045456018639119244,0.0044269539034382365,0.00011864796047368853,0.12,0.17,0.0026503,0.19888,0.93
275,2.74,0.00017040584240989436,0.006393737401975184,0.011017536313660961,0.010484880795895851,0.0005326555177651059,0.04,0.17,0.0026503,0.078925,0.00010359273836377322,0.004525653755153849,0.007720733110351185,0.007380914333468738,0.0003398187768824486,0.06,0.17,0.0026503,0.10802,4.504420859258011e-05,0.0028155359376384878,0.004537963250202536,0.004416717184933682,0.00012124606526885335,0.12,0.17,0.0026503,0.1984,0.93
276,2.75,0.00017059739355362272,0.006413379549590593,0.01106332963253695,0.010525749218740997,0.0005375804137959541,0.04,0.17,0.0026503,0.079223,0.00010390878662735868,0.004528463330751786,0.007742617249388728,0.007393579013851352,0.00034903823553737544,0.06,0.17,0.0026503,0.10843,4.5342606257437516e-05,0.002809727327261757,0.00452796639613459,0.00440569480074562,0.00012227159538897062,0.12,0.17,0.0026503,0.19804,0.93
277,2.76,0.00016308472518471938,0.006391982592131729,0.011015265160430783,0.010489789842094208,0.0005254753183365747,0.04,0.17,0.0026503,0.078747,0.0001049143259867727,0.004514586636146247,0.007707624352675997,0.007365187511249686,0.00034243684142631084,0.06,0.17,0.0026503,0.10647,4.529924791952198e-05,0.002810382296641397,0.004525301729852341,0.004405759172170754,0.0001195425576815869,0.12,0.17,0.0026503,0.19882,0.93
278,2.77,0.0001675439794436716,0.0063997559114700705,0.011046314632493415,0.010503383069097465,0.0005429315633959493,0.04,0.17,0.0026503,0.080416,0.00010744266994031151,0.004520956125417414,0.007724231160209739,0.007372878266672879,0.0003513528935368602,0.06,0.17,0.0026503,0.10814,4.638977934126487e-05,0.0028035006112656206,0.0045090844547125315,0.004388977185339965,0.00012010726937256721,0.12,0.17,0.0026503,0.19673,0.93
279,2.78,0.000162489643665882,0.006379652825182515,0.010980568107725968,0.01045497785064667,0.0005255902570792977,0.04,0.17,0.0026503,0.079462,0.00010728610272460594,0.004500033574487484,0.007688166950205079,0.007339428107278845,0.0003487388429262335,0.06,0.17,0.0026503,0.10718,4.6135320082942937e-05,0.0027928874876768832,0.004493377397663379,0.004374129575004029,0.00011924782265934945,0.12,0.17,0.0026503,0.19792,0.93
280,2.79,0.00016133177853844898,0.0063857321084793825,0.01098611956717789,0.010460201824221686,0.000525917742956207,0.04,0.17,0.0026503,0.078091,0.00010548845767505733,0.00450686928723815,0.007698306433616488,0.0073494559576686115,0.0003488504759478768,0.06,0.17,0.0026503,0.10808,4.5155702942899144e-05,0.002791172191273668,0.004480742503442886,0.004364343805546993,0.00011639869789589181,0.12,0.17,0.0026503,0.19768,0.93
281,2.8,0.00017486162078033326,0.006370139390398492,0.010987758919915401,0.010443894907714756,0.0005438640122006451,0.04,0.17,0.0026503,0.078091,0.00010337728199040551,0.004499635063220348,0.007668986564421265,0.007328680824611403,0.00034030573980986067,0.06,0.17,0.0026503,0.10647,4.411019250789114e-05,0.0027867553326668044,0.004475441350865126,0.004358731945697285,0.00011670940516784003,0.12,0.17,0.0026503,0.19792,0.93
282,2.81,0.00016687857223956565,0.00635760542451236,0.010940535524398984,0.010414357628623036,0.0005261778957759477,0.04,0.17,0.0026503,0.077554,0.00010467505123121005,0.0044992198958995686,0.007660657581144502,0.00732305553400804,0.0003376020471364627,0.06,0.17,0.0026503,0.10766,4.432192366493861e-05,0.0027752638304888357,0.004459149466705061,0.004342256801804701,0.00011689266490036093,0.12,0.17,0.0026503,0.19983,0.93
283,2.82,0.00017286450401939786,0.006350893087706557,0.010919120077621641,0.010391295325759043,0.0005278247518625986,0.04,0.17,0.0026503,0.078448,0.00010385697029802158,0.004494199962252104,0.007651283987503081,0.007313283960204751,0.0003380000272983296,0.06,0.17,0.0026503,0.10682,4.367698836132389e-05,0.002772467642864593,0.0044439698531154636,0.004329842026076746,0.0001141278270387177,0.12,0.17,0.0026503,0.19685,0.93
284,2.83,0.00016996364456925273,0.006378840800370331,0.01099026104488316,0.010453809990699517,0.0005364510541836429,0.04,0.17,0.0026503,0.075587,9.57723168195888e-05,0.004484568887593935,0.007618361385932018,0.007293855034774021,0.0003245063511579972,0.06,0.17,0.0026503,0.10718,4.793164179687823e-05,0.002768179703704665,0.00444400863823486,0.004323133940748363,0.00012087469748649607,0.12,0.17,0.0026503,0.19822,0.93
285,2.84,0.00018203873381209627,0.006362552554371167,0.010961906227901351,0.010419905593535585,0.0005420006343657671,0.04,0.17,0.0026503,0.077435,0.00010049778072963244,0.0044766257429999816,0.00761990155786288,0.007283206312182117,0.00033669524568076265,0.06,0.17,0.0026503,0.10545,4.770076131366739e-05,0.002764322553056948,0.004437248634383592,0.004316701282660822,0.0001205473517227702,0.12,0.17,0.0026503,0.19846,0.93
286,2.85,0.00018298211447033205,0.006351651578551661,0.010932387653867157,0.01038604624242385,0.0005463414114433098,0.04,0.17,0.0026503,0.078806,0.00010488164249193382,0.004477298881565449,0.007606386496726422,0.007271538287328792,0.0003348482093976308,0.06,0.17,0.0026503,0.10736,4.222810972133527e-05,0.0027545429835111285,0.0044121333031565384,0.004300293125226481,0.00011184017793005586,0.12,0.17,0.0026503,0.19816,0.93
287,2.86,0.0001722599291270937,0.006349319769363685,0.010936458337956673,0.0104007557010254,0.0005357026369312746,0.04,0.17,0.0026503,0.079581,0.00010455608810352653,0.004465132023127733,0.00759152654554997,0.007254405598301546,0.00033712094724842385,0.06,0.17,0.0026503,0.10694,4.424264281955039e-05,0.0027521980385844537,0.004408705922610274,0.00429185632922753,0.00011684959338274536,0.12,0.17,0.0026503,0.19995,0.93
288,2.87,0.000168841593082483,0.006349492928311489,0.010911879261790046,0.01038457629136995,0.0005273029704200949,0.04,0.17,0.0026503,0.07672,0.00010680896045677916,0.004473914851395991,0.007621319166745857,0.0072744204942828,0.00034689867246305724,0.06,0.17,0.0026503,0.10754,4.4073628491206184e-05,0.0027468480763358227,0.0043996798830198795,0.004283866263951367,0.00011581361906851295,0.12,0.17,0.0026503,0.19846,0.93
289,2.88,0.00017168781495141555,0.006350105264693654,0.010906419877751735,0.010380639876990042,0.0005257800007616951,0.04,0.17,0.0026503,0.079462,0.00010386768372765299,0.004457666038180549,0.00757030134800117,0.007238398125648103,0.0003319032223530654,0.06,0.17,0.0026503,0.10957,4.959831540559416e-05,0.002742941577928867,0.004389082725139869,0.004270031739740141,0.00011905098539972873,0.12,0.17,0.0026503,0.1978,0.93
290,2.89,0.00017556126996425364,0.006324887898515738,0.010874275962488921,0.010342859566946166,0.0005314163955427565,0.04,0.17,0.0026503,0.078031,0.0001030159680742422,0.004451474355058518,0.0075686932739019415,0.007234935516011774,0.0003337577578901685,0.06,0.17,0.0026503,0.10551,4.4882989569981874e-05,0.0027317024640141994,0.004364922622247299,0.0042524632316427915,0.00011245939060450691,0.12,0.17,0.0026503,0.19822,0.93
291,2.9,0.00017675165996525102,0.006329132291449838,0.010893172137190875,0.010354674041496079,0.0005384980956947938,0.04,0.17,0.0026503,0.075587,0.00010272877753765604,0.004450262549880698,0.007570283820586901,0.00723105797686467,0.00033922584372223213,0.06,0.17,0.0026503,0.107,4.3549236408215045e-05,0.0027257261379792673,0.004356157296999375,0.00424349562730074,0.0001126616696986359,0.12,0.17,0.0026503,0.1978,0.93
292,2.91,0.00017883436435451257,0.0063282643148913275,0.010882731964561526,0.010346259122672825,0.0005364728418886989,0.04,0.17,0.0026503,0.076779,9.910628638130063e-05,0.004449347938945257,0.00755090834870287,0.007221018619872055,0.0003298897288308135,0.06,0.17,0.0026503,0.10927,4.315234449205819e-05,0.002721390382233151,0.004343097344757172,0.004232000316996689,0.00011109702776048176,0.12,0.17,0.0026503,0.19798,0.93
293,2.92,0.00015591749081077678,0.006313490156523204,0.0108240985260841,0.010317346982062282,0.0005067515440218199,0.04,0.17,0.0026503,0.077137,0.00010595996326653612,0.004442194722675588,0.0075368453947705204,0.007206921524021145,0.0003299238707493759,0.06,0.17,0.0026503,0.10748,4.612333788521731e-05,0.0027192025943181207,0.004345905703727576,0.004229198680908964,0.00011670702281861219,0.12,0.17,0.0026503,0.19595,0.93
294,2.93,0.00017727368103397548,0.006314192038016613,0.010841925349863755,0.010306904061343894,0.0005350212885198637,0.04,0.17,0.0026503,0.077197,0.000111124277766141,0.0044330351483203535,0.007528995005712801,0.007188470961274551,0.00034052404443824934,0.06,0.17,0.0026503,0.10724,4.472029685407777e-05,0.0027158296476739122,0.004334667350178468,0.004221547391341791,0.00011311995883667762,0.12,0.17,0.0026503,0.1975,0.93
295,2.94,0.00016595640277354315,0.006315671727063448,0.01084073446813305,0.010321904008308094,0.0005188304598249567,0.04,0.17,0.0026503,0.077733,0.00010050760013497438,0.0044256227370384465,0.0074978751011339105,0.007173806888377152,0.0003240682127567593,0.06,0.17,0.0026503,0.10706,4.3216546690996876e-05,0.00270927937883645,0.004319370995626081,0.004207539865648996,0.0001118311299770863,0.12,0.17,0.0026503,0.1981,0.93
296,2.95,0.00018359625467355984,0.006297533048710598,0.010822209539029362,0.010284759818417005,0.0005374497206123587,0.04,0.17,0.0026503,0.0766,0.00010919912020911748,0.004423950069336594,0.007512799860362637,0.007173398035115698,0.00033940182524693863,0.06,0.17,0.0026503,0.10671,4.426252911705375e-05,0.0026992787408210315,0.004299269934023255,0.004188646985686279,0.00011062294833697568,0.12,0.17,0.0026503,0.19804,0.93
297,2.96,0.00015319833801384638,0.006301377136518074,0.010793450285285356,0.010291544384026675,0.0005019059012586814,0.04,0.17,0.0026503,0.077793,0.00010625075863174544,0.00442477007021901,0.007506605481338543,0.007171356698238968,0.0003352487830995758,0.06,0.17,0.0026503,0.10677,4.4995489018566166e-05,0.0026960173076396115,0.004294455737794129,0.004182820880614886,0.00011163485717924137,0.12,0.17,0.0026503,0.19446,0.93
298,2.97,0.0001655959930149815,0.00629386006360414,0.010792041481076693,0.010274937539205315,0.0005171039418713763,0.04,0.17,0.0026503,0.077554,0.00010516006871679463,0.004428284882440594,0.0075148809386956115,0.0071773867884388125,0.00033749415025679944,0.06,0.17,0.0026503,0.10933,4.425379120155557e-05,0.002694791166758144,0.004287149874704582,0.004176550269577267,0.00011059960512731368,0.12,0.17,0.0026503,0.19685,0.93
299,2.98,0.0001701863538205041,0.0063045555469873945,0.010820853936983846,0.0102945150718363,0.000526338865147547,0.04,0.17,0.0026503,0.07666,9.912995734094147e-05,0.004416805347374967,0.007482221886907475,0.007158996573581705,0.00032322531332577105,0.06,0.17,0.0026503,0.10945,4.834830812218879e-05,0.0026854934866097253,0.00427880375704727,0.004161749852812469,0.00011705390423480124,0.12,0.17,0.0026503,0.19774,0.93
300,2.99,0.000171094875991366,0.006281591881247559,0.010749307918463354,0.01023469130142158,0.0005146166170417733,0.04,0.17,0.0026503,0.077852,0.00010157629972171951,0.004412293274652969,0.0074698430040990305,0.00714521498539414,0.0003246280187048903,0.06,0.17,0.0026503,0.10849,4.410218862089183e-05,0.002680752286959893,0.004259639361317352,0.00415168620753313,0.00010795315378422201,0.12,0.17,0.0026503,0.19619,0.93
301,3.0,0.0001659327305028632,0.00627147688928171,0.010739572230125328,0.010223798722108522,0.0005157735080168074,0.04,0.17,0.0026503,0.07821,9.658645008030969e-05,0.004403231989682731,0.0074498912897872,0.0071325900594354655,0.0003173012303517349,0.06,0.17,0.0026503,0.10718,4.2934935537975884e-05,0.0026724193977683305,0.004247857239499274,0.004138846208169606,0.00010901103132966663,0.12,0.17,0.0026503,0.19631,0.93
