# \begin_header
#  Zenith viewing profiles
#  theta = 0 to 90 is downwelling; theta = 90 to 180 is upwelling;
#  (theta = 180 is nadir-viewing; theta = 0 is zenith-viewing) 
# depth = -1.0 labels values in air (just above the sea surface)
# L_sky is incident sky radiance; theta = 0 to 90 deg only; in air only
# L_w is water-leaving radiance; theta = 90 to 180 deg only; in air only
# L_sr is surface-reflected radiance; theta = 90 to 180 deg only; in air only
# L_dir is in-water direct radiance; theta = 0 to 90 deg only; in water only
# L_dif is in-water diffuse radiance; theta = 0 to 180 deg; in water only
#    depth   theta    lambda  total radiance L_sky or L_dir   L_w or L_dif
# [m]    [deg]   [deg]   [nm]   [W/(m^2 sr nm)]
# \end_header
-1.00    0.0    480.00    6.1271300E-02    6.1271300E-02    0.0000000E+00
-1.00    10.0    480.00    6.4529632E-02    6.4529632E-02    0.0000000E+00
-1.00    20.0    480.00    7.6415376E-02    7.6415376E-02    0.0000000E+00
-1.00    30.0    480.00    1.0307300E-01    1.0307300E-01    0.0000000E+00
-1.00    40.0    480.00    1.5048749E-01    1.5048749E-01    0.0000000E+00
-1.00    50.0    480.00    1.3734961E+00    1.3734961E+00    0.0000000E+00
-1.00    60.0    480.00    1.3612070E-01    1.3612070E-01    0.0000000E+00
-1.00    70.0    480.00    1.3609285E-01    1.3609285E-01    0.0000000E+00
-1.00    80.0    480.00    1.7917428E-01    1.7917428E-01    0.0000000E+00
-1.00    90.0    480.00    2.5411672E-01    1.2048208E-01    1.3363464E-01
-1.00    100.0    480.00    2.8573332E-01    0.0000000E+00    2.8573332E-01
-1.00    110.0    480.00    2.9133944E-01    0.0000000E+00    2.9133944E-01
-1.00    120.0    480.00    2.8772632E-01    0.0000000E+00    2.8772632E-01
-1.00    130.0    480.00    2.8133976E-01    0.0000000E+00    2.8133976E-01
-1.00    140.0    480.00    2.7489376E-01    0.0000000E+00    2.7489376E-01
-1.00    150.0    480.00    2.6947620E-01    0.0000000E+00    2.6947620E-01
-1.00    160.0    480.00    2.6551076E-01    0.0000000E+00    2.6551076E-01
-1.00    170.0    480.00    2.6316020E-01    0.0000000E+00    2.6316020E-01
-1.00    180.0    480.00    2.6242700E-01    0.0000000E+00    2.6242700E-01
0.00    0.0    480.00    6.1271300E-02    6.1271300E-02    0.0000000E+00
0.00    10.0    480.00    6.4529632E-02    6.4529632E-02    0.0000000E+00
0.00    20.0    480.00    7.6415376E-02    7.6415376E-02    0.0000000E+00
0.00    30.0    480.00    1.0307300E-01    1.0307300E-01    0.0000000E+00
0.00    40.0    480.00    1.5048749E-01    1.5048749E-01    0.0000000E+00
0.00    50.0    480.00    1.3734961E+00    1.3734961E+00    0.0000000E+00
0.00    60.0    480.00    1.3612070E-01    1.3612070E-01    0.0000000E+00
0.00    70.0    480.00    1.3609285E-01    1.3609285E-01    0.0000000E+00
0.00    80.0    480.00    1.7917428E-01    1.7917428E-01    0.0000000E+00
0.00    90.0    480.00    2.5411672E-01    1.2048208E-01    1.3363464E-01
0.00    100.0    480.00    2.8573332E-01    0.0000000E+00    2.8573332E-01
0.00    110.0    480.00    2.9133944E-01    0.0000000E+00    2.9133944E-01
0.00    120.0    480.00    2.8772632E-01    0.0000000E+00    2.8772632E-01
0.00    130.0    480.00    2.8133976E-01    0.0000000E+00    2.8133976E-01
0.00    140.0    480.00    2.7489376E-01    0.0000000E+00    2.7489376E-01
0.00    150.0    480.00    2.6947620E-01    0.0000000E+00    2.6947620E-01
0.00    160.0    480.00    2.6551076E-01    0.0000000E+00    2.6551076E-01
0.00    170.0    480.00    2.6316020E-01    0.0000000E+00    2.6316020E-01
0.00    180.0    480.00    2.6242700E-01    0.0000000E+00    2.6242700E-01
0.01    0.0    480.00    2.1766100E-01    4.9905200E-03    2.1267000E-01
0.01    10.0    480.00    2.2384372E-01    5.0319300E-03    2.1881180E-01
0.01    20.0    480.00    2.4478688E-01    5.2718044E-03    2.3951492E-01
0.01    30.0    480.00    2.8190148E-01    5.6642952E-03    2.7623712E-01
0.01    40.0    480.00    3.3233464E-01    5.6630612E-03    3.2667152E-01
0.01    50.0    480.00    3.8911040E-01    2.7557216E-02    3.6155292E-01
0.01    60.0    480.00    3.4924364E-01    8.9442036E-04    3.4834920E-01
0.01    70.0    480.00    3.3110596E-01    8.7781964E-05    3.3101832E-01
0.01    80.0    480.00    3.1671776E-01    9.3187216E-08    3.1671776E-01
0.01    90.0    480.00    3.0228424E-01    1.3683360E-26    3.0228424E-01
0.01    100.0    480.00    2.8870652E-01    0.0000000E+00    2.8870652E-01
0.01    110.0    480.00    2.7702396E-01    0.0000000E+00    2.7702396E-01
0.01    120.0    480.00    2.6703284E-01    0.0000000E+00    2.6703284E-01
0.01    130.0    480.00    2.5871092E-01    0.0000000E+00    2.5871092E-01
0.01    140.0    480.00    2.5198888E-01    0.0000000E+00    2.5198888E-01
0.01    150.0    480.00    2.4680920E-01    0.0000000E+00    2.4680920E-01
0.01    160.0    480.00    2.4313872E-01    0.0000000E+00    2.4313872E-01
0.01    170.0    480.00    2.4096368E-01    0.0000000E+00    2.4096368E-01
0.01    180.0    480.00    2.4020800E-01    0.0000000E+00    2.4020800E-01
0.02    0.0    480.00    2.7486400E-01    4.0647600E-04    2.7445700E-01
0.02    10.0    480.00    2.7717136E-01    3.9238276E-04    2.7677896E-01
0.02    20.0    480.00    2.8519224E-01    3.6369508E-04    2.8482868E-01
0.02    30.0    480.00    2.9625728E-01    3.1127676E-04    2.9594604E-01
0.02    40.0    480.00    3.0540308E-01    2.1310896E-04    3.0518992E-01
0.02    50.0    480.00    3.0727644E-01    5.5289553E-04    3.0672364E-01
0.02    60.0    480.00    3.0016964E-01    5.8770424E-06    3.0016392E-01
0.02    70.0    480.00    2.9056640E-01    5.6620760E-08    2.9056624E-01
0.02    80.0    480.00    2.8014364E-01    4.8466028E-14    2.8014364E-01
0.02    90.0    480.00    2.6964544E-01    0.0000000E+00    2.6964544E-01
0.02    100.0    480.00    2.5980764E-01    0.0000000E+00    2.5980764E-01
0.02    110.0    480.00    2.5113420E-01    0.0000000E+00    2.5113420E-01
0.02    120.0    480.00    2.4343220E-01    0.0000000E+00    2.4343220E-01
0.02    130.0    480.00    2.3677540E-01    0.0000000E+00    2.3677540E-01
0.02    140.0    480.00    2.3122988E-01    0.0000000E+00    2.3122988E-01
0.02    150.0    480.00    2.2685328E-01    0.0000000E+00    2.2685328E-01
0.02    160.0    480.00    2.2369468E-01    0.0000000E+00    2.2369468E-01
0.02    170.0    480.00    2.2179168E-01    0.0000000E+00    2.2179168E-01
0.02    180.0    480.00    2.2109700E-01    0.0000000E+00    2.2109700E-01
0.03    0.0    480.00    2.8172700E-01    3.3107300E-05    2.8169400E-01
0.03    10.0    480.00    2.8185244E-01    3.0597436E-05    2.8182180E-01
0.03    20.0    480.00    2.8304428E-01    2.5090884E-05    2.8301900E-01
0.03    30.0    480.00    2.8385372E-01    1.7105961E-05    2.8383652E-01
0.03    40.0    480.00    2.8262200E-01    8.0196064E-06    2.8261376E-01
0.03    50.0    480.00    2.7850304E-01    1.1093040E-05    2.7849196E-01
0.03    60.0    480.00    2.7201188E-01    3.8616820E-08    2.7201180E-01
0.03    70.0    480.00    2.6424796E-01    3.6521196E-11    2.6424796E-01
0.03    80.0    480.00    2.5599304E-01    2.5206812E-20    2.5599304E-01
0.03    90.0    480.00    2.4752398E-01    0.0000000E+00    2.4752398E-01
0.03    100.0    480.00    2.3935368E-01    0.0000000E+00    2.3935368E-01
0.03    110.0    480.00    2.3191576E-01    0.0000000E+00    2.3191576E-01
0.03    120.0    480.00    2.2514172E-01    0.0000000E+00    2.2514172E-01
0.03    130.0    480.00    2.1917540E-01    0.0000000E+00    2.1917540E-01
0.03    140.0    480.00    2.1413720E-01    0.0000000E+00    2.1413720E-01
0.03    150.0    480.00    2.1012256E-01    0.0000000E+00    2.1012256E-01
0.03    160.0    480.00    2.0720496E-01    0.0000000E+00    2.0720496E-01
0.03    170.0    480.00    2.0543556E-01    0.0000000E+00    2.0543556E-01
0.03    180.0    480.00    2.0477700E-01    0.0000000E+00    2.0477700E-01
0.04    0.0    480.00    2.7101500E-01    2.6965700E-06    2.7101300E-01
0.04    10.0    480.00    2.7042580E-01    2.3859464E-06    2.7042340E-01
0.04    20.0    480.00    2.6927904E-01    1.7309885E-06    2.6927728E-01
0.04    30.0    480.00    2.6704816E-01    9.4004364E-07    2.6704720E-01
0.04    40.0    480.00    2.6334896E-01    3.0178907E-07    2.6334872E-01
0.04    50.0    480.00    2.5815544E-01    2.2256559E-07    2.5815516E-01
0.04    60.0    480.00    2.5179440E-01    2.5374272E-10    2.5179440E-01
0.04    70.0    480.00    2.4470384E-01    2.3556772E-14    2.4470384E-01
0.04    80.0    480.00    2.3727428E-01    1.3109901E-26    2.3727428E-01
0.04    90.0    480.00    2.2960704E-01    0.0000000E+00    2.2960704E-01
0.04    100.0    480.00    2.2213512E-01    0.0000000E+00    2.2213512E-01
0.04    110.0    480.00    2.1525984E-01    0.0000000E+00    2.1525984E-01
0.04    120.0    480.00    2.0894744E-01    0.0000000E+00    2.0894744E-01
0.04    130.0    480.00    2.0335460E-01    0.0000000E+00    2.0335460E-01
0.04    140.0    480.00    1.9861148E-01    0.0000000E+00    1.9861148E-01
0.04    150.0    480.00    1.9482044E-01    0.0000000E+00    1.9482044E-01
0.04    160.0    480.00    1.9205888E-01    0.0000000E+00    1.9205888E-01
0.04    170.0    480.00    1.9038024E-01    0.0000000E+00    1.9038024E-01
0.04    180.0    480.00    1.8975000E-01    0.0000000E+00    1.8975000E-01
0.05    0.0    480.00    2.5534800E-01    2.1963500E-07    2.5534800E-01
0.05    10.0    480.00    2.5459984E-01    1.8605256E-07    2.5459960E-01
0.05    20.0    480.00    2.5281624E-01    1.1941868E-07    2.5281616E-01
0.05    30.0    480.00    2.4983224E-01    5.1659328E-08    2.4983224E-01
0.05    40.0    480.00    2.4563688E-01    1.1356774E-08    2.4563688E-01
0.05    50.0    480.00    2.4035684E-01    4.4654670E-09    2.4035684E-01
0.05    60.0    480.00    2.3423208E-01    1.6672897E-12    2.3423208E-01
0.05    70.0    480.00    2.2754516E-01    1.5194476E-17    2.2754516E-01
0.05    80.0    480.00    2.2057124E-01    6.8183712E-33    2.2057124E-01
0.05    90.0    480.00    2.1336302E-01    0.0000000E+00    2.1336302E-01
0.05    100.0    480.00    2.0631736E-01    0.0000000E+00    2.0631736E-01
0.05    110.0    480.00    1.9981312E-01    0.0000000E+00    1.9981312E-01
0.05    120.0    480.00    1.9382620E-01    0.0000000E+00    1.9382620E-01
0.05    130.0    480.00    1.8851088E-01    0.0000000E+00    1.8851088E-01
0.05    140.0    480.00    1.8399660E-01    0.0000000E+00    1.8399660E-01
0.05    150.0    480.00    1.8038388E-01    0.0000000E+00    1.8038388E-01
0.05    160.0    480.00    1.7774976E-01    0.0000000E+00    1.7774976E-01
0.05    170.0    480.00    1.7614736E-01    0.0000000E+00    1.7614736E-01
0.05    180.0    480.00    1.7554400E-01    0.0000000E+00    1.7554400E-01
0.06    0.0    480.00    2.3880600E-01    1.7889100E-08    2.3880600E-01
0.06    10.0    480.00    2.3805640E-01    1.4508120E-08    2.3805640E-01
0.06    20.0    480.00    2.3616524E-01    8.2385668E-09    2.3616524E-01
0.06    30.0    480.00    2.3308524E-01    2.8388980E-09    2.3308524E-01
0.06    40.0    480.00    2.2890560E-01    4.2737208E-10    2.2890560E-01
0.06    50.0    480.00    2.2378232E-01    8.9593026E-11    2.2378232E-01
0.06    60.0    480.00    2.1792344E-01    1.0955409E-14    2.1792344E-01
0.06    70.0    480.00    2.1156300E-01    9.8006592E-21    2.1156300E-01
0.06    80.0    480.00    2.0493820E-01    3.5461772E-39    2.0493820E-01
0.06    90.0    480.00    1.9808608E-01    0.0000000E+00    1.9808608E-01
0.06    100.0    480.00    1.9138080E-01    0.0000000E+00    1.9138080E-01
0.06    110.0    480.00    1.8518320E-01    0.0000000E+00    1.8518320E-01
0.06    120.0    480.00    1.7947192E-01    0.0000000E+00    1.7947192E-01
0.06    130.0    480.00    1.7439636E-01    0.0000000E+00    1.7439636E-01
0.06    140.0    480.00    1.7008228E-01    0.0000000E+00    1.7008228E-01
0.06    150.0    480.00    1.6662784E-01    0.0000000E+00    1.6662784E-01
0.06    160.0    480.00    1.6410736E-01    0.0000000E+00    1.6410736E-01
0.06    170.0    480.00    1.6257324E-01    0.0000000E+00    1.6257324E-01
0.06    180.0    480.00    1.6199500E-01    0.0000000E+00    1.6199500E-01
0.07    0.0    480.00    2.2258500E-01    1.4570600E-09    2.2258500E-01
0.07    10.0    480.00    2.2186852E-01    1.1313215E-09    2.2186852E-01
0.07    20.0    480.00    2.2001632E-01    5.6836804E-10    2.2001632E-01
0.07    30.0    480.00    2.1701724E-01    1.5600892E-10    2.1701724E-01
0.07    40.0    480.00    2.1298340E-01    1.6082597E-11    2.1298340E-01
0.07    50.0    480.00    2.0807280E-01    1.7975515E-12    2.0807280E-01
0.07    60.0    480.00    2.0247788E-01    7.1985464E-17    2.0247788E-01
0.07    70.0    480.00    1.9641180E-01    6.3215512E-24    1.9641180E-01
0.07    80.0    480.00    1.9009408E-01    1.4013000E-45    1.9009408E-01
0.07    90.0    480.00    1.8355582E-01    0.0000000E+00    1.8355582E-01
0.07    100.0    480.00    1.7715304E-01    0.0000000E+00    1.7715304E-01
0.07    110.0    480.00    1.7122984E-01    0.0000000E+00    1.7122984E-01
0.07    120.0    480.00    1.6576728E-01    0.0000000E+00    1.6576728E-01
0.07    130.0    480.00    1.6090924E-01    0.0000000E+00    1.6090924E-01
0.07    140.0    480.00    1.5677720E-01    0.0000000E+00    1.5677720E-01
0.07    150.0    480.00    1.5346664E-01    0.0000000E+00    1.5346664E-01
0.07    160.0    480.00    1.5105032E-01    0.0000000E+00    1.5105032E-01
0.07    170.0    480.00    1.4957896E-01    0.0000000E+00    1.4957896E-01
0.07    180.0    480.00    1.4902400E-01    0.0000000E+00    1.4902400E-01
0.08    0.0    480.00    2.0699600E-01    1.1867700E-10    2.0699600E-01
0.08    10.0    480.00    2.0631484E-01    8.8218800E-11    2.0631484E-01
0.08    20.0    480.00    2.0453660E-01    3.9210944E-11    2.0453660E-01
0.08    30.0    480.00    2.0165960E-01    8.5733480E-12    2.0165960E-01
0.08    40.0    480.00    1.9779812E-01    6.0521100E-13    1.9779812E-01
0.08    50.0    480.00    1.9310472E-01    3.6065196E-14    1.9310472E-01
0.08    60.0    480.00    1.8776092E-01    4.7300052E-19    1.8776092E-01
0.08    70.0    480.00    1.8196708E-01    4.0774892E-27    1.8196708E-01
0.08    80.0    480.00    1.7593084E-01    0.0000000E+00    1.7593084E-01
0.08    90.0    480.00    1.6967946E-01    0.0000000E+00    1.6967946E-01
0.08    100.0    480.00    1.6355340E-01    0.0000000E+00    1.6355340E-01
0.08    110.0    480.00    1.5788192E-01    0.0000000E+00    1.5788192E-01
0.08    120.0    480.00    1.5264736E-01    0.0000000E+00    1.5264736E-01
0.08    130.0    480.00    1.4798896E-01    0.0000000E+00    1.4798896E-01
0.08    140.0    480.00    1.4402396E-01    0.0000000E+00    1.4402396E-01
0.08    150.0    480.00    1.4084560E-01    0.0000000E+00    1.4084560E-01
0.08    160.0    480.00    1.3852436E-01    0.0000000E+00    1.3852436E-01
0.08    170.0    480.00    1.3711044E-01    0.0000000E+00    1.3711044E-01
0.08    180.0    480.00    1.3657700E-01    0.0000000E+00    1.3657700E-01
0.09    0.0    480.00    1.9208800E-01    9.6661700E-12    1.9208800E-01
0.09    10.0    480.00    1.9144032E-01    6.8791512E-12    1.9144032E-01
0.09    20.0    480.00    1.8974028E-01    2.7051100E-12    1.8974028E-01
0.09    30.0    480.00    1.8698928E-01    4.7113984E-13    1.8698928E-01
0.09    40.0    480.00    1.8329816E-01    2.2774862E-14    1.8329816E-01
0.09    50.0    480.00    1.7881188E-01    7.2359194E-16    1.7881188E-01
0.09    60.0    480.00    1.7370352E-01    3.1079796E-21    1.7370352E-01
0.09    70.0    480.00    1.6816256E-01    2.6300232E-30    1.6816256E-01
0.09    80.0    480.00    1.6238556E-01    0.0000000E+00    1.6238556E-01
0.09    90.0    480.00    1.5639892E-01    0.0000000E+00    1.5639892E-01
0.09    100.0    480.00    1.5052748E-01    0.0000000E+00    1.5052748E-01
0.09    110.0    480.00    1.4508740E-01    0.0000000E+00    1.4508740E-01
0.09    120.0    480.00    1.4006228E-01    0.0000000E+00    1.4006228E-01
0.09    130.0    480.00    1.3558672E-01    0.0000000E+00    1.3558672E-01
0.09    140.0    480.00    1.3177480E-01    0.0000000E+00    1.3177480E-01
0.09    150.0    480.00    1.2871704E-01    0.0000000E+00    1.2871704E-01
0.09    160.0    480.00    1.2648316E-01    0.0000000E+00    1.2648316E-01
0.09    170.0    480.00    1.2512196E-01    0.0000000E+00    1.2512196E-01
0.09    180.0    480.00    1.2460800E-01    0.0000000E+00    1.2460800E-01
0.10    0.0    480.00    1.7783900E-01    7.8730500E-13    1.7783900E-01
0.10    10.0    480.00    1.7722172E-01    5.3642668E-13    1.7722172E-01
0.10    20.0    480.00    1.7559672E-01    1.8662196E-13    1.7559672E-01
0.10    30.0    480.00    1.7296616E-01    2.5891080E-14    1.7296616E-01
0.10    40.0    480.00    1.6943548E-01    8.5704984E-16    1.6943548E-01
0.10    50.0    480.00    1.6514332E-01    1.4517854E-17    1.6514332E-01
0.10    60.0    480.00    1.6025288E-01    2.0421836E-23    1.6025288E-01
0.10    70.0    480.00    1.5494532E-01    1.6964040E-33    1.5494532E-01
0.10    80.0    480.00    1.4940816E-01    0.0000000E+00    1.4940816E-01
0.10    90.0    480.00    1.4366486E-01    0.0000000E+00    1.4366486E-01
0.10    100.0    480.00    1.3802788E-01    0.0000000E+00    1.3802788E-01
0.10    110.0    480.00    1.3279984E-01    0.0000000E+00    1.3279984E-01
0.10    120.0    480.00    1.2796676E-01    0.0000000E+00    1.2796676E-01
0.10    130.0    480.00    1.2365852E-01    0.0000000E+00    1.2365852E-01
0.10    140.0    480.00    1.1998632E-01    0.0000000E+00    1.1998632E-01
0.10    150.0    480.00    1.1703888E-01    0.0000000E+00    1.1703888E-01
0.10    160.0    480.00    1.1488436E-01    0.0000000E+00    1.1488436E-01
0.10    170.0    480.00    1.1357100E-01    0.0000000E+00    1.1357100E-01
0.10    180.0    480.00    1.1307500E-01    0.0000000E+00    1.1307500E-01
0.11    0.0    480.00    1.6420900E-01    6.4125700E-14    1.6420900E-01
0.11    10.0    480.00    1.6361860E-01    4.1829780E-14    1.6361860E-01
0.11    20.0    480.00    1.6206340E-01    1.2874823E-14    1.6206340E-01
0.11    30.0    480.00    1.5954484E-01    1.4228242E-15    1.5954484E-01
0.11    40.0    480.00    1.5616356E-01    3.2252052E-17    1.5616356E-01
0.11    50.0    480.00    1.5205068E-01    2.9127928E-19    1.5205068E-01
0.11    60.0    480.00    1.4736208E-01    1.3418726E-25    1.4736208E-01
0.11    70.0    480.00    1.4226960E-01    1.0942056E-36    1.4226960E-01
0.11    80.0    480.00    1.3695272E-01    0.0000000E+00    1.3695272E-01
0.11    90.0    480.00    1.3143310E-01    0.0000000E+00    1.3143310E-01
0.11    100.0    480.00    1.2601056E-01    0.0000000E+00    1.2601056E-01
0.11    110.0    480.00    1.2097660E-01    0.0000000E+00    1.2097660E-01
0.11    120.0    480.00    1.1631840E-01    0.0000000E+00    1.1631840E-01
0.11    130.0    480.00    1.1216240E-01    0.0000000E+00    1.1216240E-01
0.11    140.0    480.00    1.0861736E-01    0.0000000E+00    1.0861736E-01
0.11    150.0    480.00    1.0576952E-01    0.0000000E+00    1.0576952E-01
0.11    160.0    480.00    1.0368700E-01    0.0000000E+00    1.0368700E-01
0.11    170.0    480.00    1.0241700E-01    0.0000000E+00    1.0241700E-01
0.11    180.0    480.00    1.0193800E-01    0.0000000E+00    1.0193800E-01
0.12    0.0    480.00    1.5115200E-01    5.2230000E-15    1.5115200E-01
0.12    10.0    480.00    1.5058588E-01    3.2618212E-15    1.5058588E-01
0.12    20.0    480.00    1.4909532E-01    8.8821768E-16    1.4909532E-01
0.12    30.0    480.00    1.4668060E-01    7.8190080E-17    1.4668060E-01
0.12    40.0    480.00    1.4343660E-01    1.2136910E-18    1.4343660E-01
0.12    50.0    480.00    1.3948888E-01    5.8441052E-21    1.3948888E-01
0.12    60.0    480.00    1.3498556E-01    8.8171376E-28    1.3498556E-01
0.12    70.0    480.00    1.3009092E-01    7.0577848E-40    1.3009092E-01
0.12    80.0    480.00    1.2497572E-01    0.0000000E+00    1.2497572E-01
0.12    90.0    480.00    1.1966034E-01    0.0000000E+00    1.1966034E-01
0.12    100.0    480.00    1.1443332E-01    0.0000000E+00    1.1443332E-01
0.12    110.0    480.00    1.0957588E-01    0.0000000E+00    1.0957588E-01
0.12    120.0    480.00    1.0507644E-01    0.0000000E+00    1.0507644E-01
0.12    130.0    480.00    1.0105828E-01    0.0000000E+00    1.0105828E-01
0.12    140.0    480.00    9.7627544E-02    0.0000000E+00    9.7627544E-02
0.12    150.0    480.00    9.4869808E-02    0.0000000E+00    9.4869808E-02
0.12    160.0    480.00    9.2851704E-02    0.0000000E+00    9.2851704E-02
0.12    170.0    480.00    9.1620552E-02    0.0000000E+00    9.1620552E-02
0.12    180.0    480.00    9.1155900E-02    0.0000000E+00    9.1155900E-02
0.13    0.0    480.00    1.3862200E-01    4.2541200E-16    1.3862200E-01
0.13    10.0    480.00    1.3807916E-01    2.5435272E-16    1.3807916E-01
0.13    20.0    480.00    1.3664752E-01    6.1277212E-17    1.3664752E-01
0.13    30.0    480.00    1.3432788E-01    4.2968872E-18    1.3432788E-01
0.13    40.0    480.00    1.3121040E-01    4.5672948E-20    1.3121040E-01
0.13    50.0    480.00    1.2741436E-01    1.1725361E-22    1.2741436E-01
0.13    60.0    480.00    1.2308076E-01    5.7935620E-30    1.2308076E-01
0.13    70.0    480.00    1.1836656E-01    4.5469304E-43    1.1836656E-01
0.13    80.0    480.00    1.1343520E-01    0.0000000E+00    1.1343520E-01
0.13    90.0    480.00    1.0830562E-01    0.0000000E+00    1.0830562E-01
0.13    100.0    480.00    1.0325584E-01    0.0000000E+00    1.0325584E-01
0.13    110.0    480.00    9.8558016E-02    0.0000000E+00    9.8558016E-02
0.13    120.0    480.00    9.4201512E-02    0.0000000E+00    9.4201512E-02
0.13    130.0    480.00    9.0307064E-02    0.0000000E+00    9.0307064E-02
0.13    140.0    480.00    8.6978928E-02    0.0000000E+00    8.6978928E-02
0.13    150.0    480.00    8.4301604E-02    0.0000000E+00    8.4301604E-02
0.13    160.0    480.00    8.2341160E-02    0.0000000E+00    8.2341160E-02
0.13    170.0    480.00    8.1144712E-02    0.0000000E+00    8.1144712E-02
0.13    180.0    480.00    8.0693100E-02    0.0000000E+00    8.0693100E-02
0.14    0.0    480.00    1.2657700E-01    3.4649500E-17    1.2657700E-01
0.14    10.0    480.00    1.2605452E-01    1.9834020E-17    1.2605452E-01
0.14    20.0    480.00    1.2467720E-01    4.2274328E-18    1.2467720E-01
0.14    30.0    480.00    1.2244464E-01    2.3613053E-19    1.2244464E-01
0.14    40.0    480.00    1.1944272E-01    1.7187330E-21    1.1944272E-01
0.14    50.0    480.00    1.1578488E-01    2.3525111E-24    1.1578488E-01
0.14    60.0    480.00    1.1160588E-01    3.8068200E-32    1.1160588E-01
0.14    70.0    480.00    1.0705560E-01    0.0000000E+00    1.0705560E-01
0.14    80.0    480.00    1.0229128E-01    0.0000000E+00    1.0229128E-01
0.14    90.0    480.00    9.7329242E-02    0.0000000E+00    9.7329242E-02
0.14    100.0    480.00    9.2439176E-02    0.0000000E+00    9.2439176E-02
0.14    110.0    480.00    8.7884232E-02    0.0000000E+00    8.7884232E-02
0.14    120.0    480.00    8.3655480E-02    0.0000000E+00    8.3655480E-02
0.14    130.0    480.00    7.9871152E-02    0.0000000E+00    7.9871152E-02
0.14    140.0    480.00    7.6634100E-02    0.0000000E+00    7.6634100E-02
0.14    150.0    480.00    7.4028052E-02    0.0000000E+00    7.4028052E-02
0.14    160.0    480.00    7.2118828E-02    0.0000000E+00    7.2118828E-02
0.14    170.0    480.00    7.0953300E-02    0.0000000E+00    7.0953300E-02
0.14    180.0    480.00    7.0513300E-02    0.0000000E+00    7.0513300E-02
0.15    0.0    480.00    1.1497400E-01    2.8221800E-18    1.1497400E-01
0.15    10.0    480.00    1.1447052E-01    1.5466264E-18    1.1447052E-01
0.15    20.0    480.00    1.1314252E-01    2.9164392E-19    1.1314252E-01
0.15    30.0    480.00    1.1098920E-01    1.2976352E-20    1.1098920E-01
0.15    40.0    480.00    1.0809220E-01    6.4678260E-23    1.0809220E-01
0.15    50.0    480.00    1.0455984E-01    4.7199352E-26    1.0455984E-01
0.15    60.0    480.00    1.0052100E-01    2.5013764E-34    1.0052100E-01
0.15    70.0    480.00    9.6118728E-02    0.0000000E+00    9.6118728E-02
0.15    80.0    480.00    9.1504124E-02    0.0000000E+00    9.1504124E-02
0.15    90.0    480.00    8.6692422E-02    0.0000000E+00    8.6692422E-02
0.15    100.0    480.00    8.1944744E-02    0.0000000E+00    8.1944744E-02
0.15    110.0    480.00    7.7516660E-02    0.0000000E+00    7.7516660E-02
0.15    120.0    480.00    7.3400700E-02    0.0000000E+00    7.3400700E-02
0.15    130.0    480.00    6.9713300E-02    0.0000000E+00    6.9713300E-02
0.15    140.0    480.00    6.6556400E-02    0.0000000E+00    6.6556400E-02
0.15    150.0    480.00    6.4013600E-02    0.0000000E+00    6.4013600E-02
0.15    160.0    480.00    6.2150300E-02    0.0000000E+00    6.2150300E-02
0.15    170.0    480.00    6.1012800E-02    0.0000000E+00    6.1012800E-02
0.15    180.0    480.00    6.0583400E-02    0.0000000E+00    6.0583400E-02
0.16    0.0    480.00    1.0377300E-01    2.2986600E-19    1.0377300E-01
0.16    10.0    480.00    1.0328600E-01    1.2060396E-19    1.0328600E-01
0.16    20.0    480.00    1.0200300E-01    2.0120196E-20    1.0200300E-01
0.16    30.0    480.00    9.9920868E-02    7.1310624E-22    9.9920868E-02
0.16    40.0    480.00    9.7118740E-02    2.4339445E-24    9.7118740E-02
0.16    50.0    480.00    9.3699480E-02    9.4699044E-28    9.3699480E-02
0.16    60.0    480.00    8.9786156E-02    1.6435982E-36    8.9786156E-02
0.16    70.0    480.00    8.5516452E-02    0.0000000E+00    8.5516452E-02
0.16    80.0    480.00    8.1035260E-02    0.0000000E+00    8.1035260E-02
0.16    90.0    480.00    7.6356510E-02    0.0000000E+00    7.6356510E-02
0.16    100.0    480.00    7.1733900E-02    0.0000000E+00    7.1733900E-02
0.16    110.0    480.00    6.7416468E-02    0.0000000E+00    6.7416468E-02
0.16    120.0    480.00    6.3398300E-02    0.0000000E+00    6.3398300E-02
0.16    130.0    480.00    5.9795028E-02    0.0000000E+00    5.9795028E-02
0.16    140.0    480.00    5.6708900E-02    0.0000000E+00    5.6708900E-02
0.16    150.0    480.00    5.4223900E-02    0.0000000E+00    5.4223900E-02
0.16    160.0    480.00    5.2404820E-02    0.0000000E+00    5.2404820E-02
0.16    170.0    480.00    5.1295700E-02    0.0000000E+00    5.1295700E-02
0.16    180.0    480.00    5.0877300E-02    0.0000000E+00    5.0877300E-02
0.17    0.0    480.00    9.2932700E-02    1.8722500E-20    9.2932700E-02
0.17    10.0    480.00    9.2461236E-02    9.4044808E-21    9.2461236E-02
0.17    20.0    480.00    9.1218128E-02    1.3880656E-21    9.1218128E-02
0.17    30.0    480.00    8.9200544E-02    3.9188012E-23    8.9200544E-02
0.17    40.0    480.00    8.6483160E-02    9.1592608E-26    8.6483160E-02
0.17    50.0    480.00    8.3164628E-02    1.8999922E-29    8.3164628E-02
0.17    60.0    480.00    7.9362644E-02    1.0799712E-38    7.9362644E-02
0.17    70.0    480.00    7.5209500E-02    0.0000000E+00    7.5209500E-02
0.17    80.0    480.00    7.0844760E-02    0.0000000E+00    7.0844760E-02
0.17    90.0    480.00    6.6280538E-02    0.0000000E+00    6.6280538E-02
0.17    100.0    480.00    6.1764200E-02    0.0000000E+00    6.1764200E-02
0.17    110.0    480.00    5.7539400E-02    0.0000000E+00    5.7539400E-02
0.17    120.0    480.00    5.3602700E-02    0.0000000E+00    5.3602700E-02
0.17    130.0    480.00    5.0071700E-02    0.0000000E+00    5.0071700E-02
0.17    140.0    480.00    4.7052100E-02    0.0000000E+00    4.7052100E-02
0.17    150.0    480.00    4.4629500E-02    0.0000000E+00    4.4629500E-02
0.17    160.0    480.00    4.2864800E-02    0.0000000E+00    4.2864800E-02
0.17    170.0    480.00    4.1793700E-02    0.0000000E+00    4.1793700E-02
0.17    180.0    480.00    4.1390800E-02    0.0000000E+00    4.1390800E-02
0.18    0.0    480.00    8.2413500E-02    1.5249300E-21    8.2413500E-02
0.18    10.0    480.00    8.1955600E-02    7.3334596E-22    8.1955600E-02
0.18    20.0    480.00    8.0747900E-02    9.5760800E-23    8.0747900E-02
0.18    30.0    480.00    7.8786900E-02    2.1535430E-24    7.8786900E-02
0.18    40.0    480.00    7.6143752E-02    3.4467460E-27    7.6143752E-02
0.18    50.0    480.00    7.2912700E-02    3.8120553E-31    7.2912700E-02
0.18    60.0    480.00    6.9206444E-02    7.0962200E-41    6.9206444E-02
0.18    70.0    480.00    6.5151800E-02    0.0000000E+00    6.5151800E-02
0.18    80.0    480.00    6.0882852E-02    0.0000000E+00    6.0882852E-02
0.18    90.0    480.00    5.6409250E-02    0.0000000E+00    5.6409250E-02
0.18    100.0    480.00    5.1972900E-02    0.0000000E+00    5.1972900E-02
0.18    110.0    480.00    4.7814028E-02    0.0000000E+00    4.7814028E-02
0.18    120.0    480.00    4.3936700E-02    0.0000000E+00    4.3936700E-02
0.18    130.0    480.00    4.0471200E-02    0.0000000E+00    4.0471200E-02
0.18    140.0    480.00    3.7537100E-02    0.0000000E+00    3.7537100E-02
0.18    150.0    480.00    3.5217800E-02    0.0000000E+00    3.5217800E-02
0.18    160.0    480.00    3.3554500E-02    0.0000000E+00    3.3554500E-02
0.18    170.0    480.00    3.2557400E-02    0.0000000E+00    3.2557400E-02
0.18    180.0    480.00    3.2185000E-02    0.0000000E+00    3.2185000E-02
0.19    0.0    480.00    7.2166400E-02    1.2420500E-22    7.2166400E-02
0.19    10.0    480.00    7.1719928E-02    5.7185404E-23    7.1719928E-02
0.19    20.0    480.00    7.0542100E-02    6.6064096E-24    7.0542100E-02
0.19    30.0    480.00    6.8628200E-02    1.1834652E-25    6.8628200E-02
0.19    40.0    480.00    6.6045900E-02    1.2970620E-28    6.6045900E-02
0.19    50.0    480.00    6.2884500E-02    7.6483316E-33    6.2884500E-02
0.19    60.0    480.00    5.9250800E-02    4.6579160E-43    5.9250800E-02
0.19    70.0    480.00    5.5264700E-02    0.0000000E+00    5.5264700E-02
0.19    80.0    480.00    5.1052700E-02    0.0000000E+00    5.1052700E-02
0.19    90.0    480.00    4.6616700E-02    0.0000000E+00    4.6616700E-02
0.19    100.0    480.00    4.2193600E-02    0.0000000E+00    4.2193600E-02
0.19    110.0    480.00    3.8027900E-02    0.0000000E+00    3.8027900E-02
0.19    120.0    480.00    3.4170800E-02    0.0000000E+00    3.4170800E-02
0.19    130.0    480.00    3.0825600E-02    0.0000000E+00    3.0825600E-02
0.19    140.0    480.00    2.8117200E-02    0.0000000E+00    2.8117200E-02
0.19    150.0    480.00    2.6067400E-02    0.0000000E+00    2.6067400E-02
0.19    160.0    480.00    2.4646000E-02    0.0000000E+00    2.4646000E-02
0.19    170.0    480.00    2.3812200E-02    0.0000000E+00    2.3812200E-02
0.19    180.0    480.00    2.3504900E-02    0.0000000E+00    2.3504900E-02
0.20    0.0    480.00    6.1289300E-02    8.3164700E-24    6.1289300E-02
0.20    10.0    480.00    6.0849800E-02    3.6533696E-24    6.0849800E-02
0.20    20.0    480.00    5.9689300E-02    3.6984748E-25    5.9689300E-02
0.20    30.0    480.00    5.7799500E-02    5.1846084E-27    5.7799500E-02
0.20    40.0    480.00    5.5239900E-02    3.7776760E-30    5.5239900E-02
0.20    50.0    480.00    5.2086828E-02    1.1307020E-34    5.2086828E-02
0.20    60.0    480.00    4.8424400E-02    2.5783900E-45    4.8424400E-02
0.20    70.0    480.00    4.4330000E-02    0.0000000E+00    4.4330000E-02
0.20    80.0    480.00    3.9834600E-02    0.0000000E+00    3.9834600E-02
0.20    90.0    480.00    3.4241050E-02    0.0000000E+00    3.4241050E-02
0.20    100.0    480.00    2.8858000E-02    0.0000000E+00    2.8858000E-02
0.20    110.0    480.00    2.5426700E-02    0.0000000E+00    2.5426700E-02
0.20    120.0    480.00    2.2576100E-02    0.0000000E+00    2.2576100E-02
0.20    130.0    480.00    2.0285400E-02    0.0000000E+00    2.0285400E-02
0.20    140.0    480.00    1.8501600E-02    0.0000000E+00    1.8501600E-02
0.20    150.0    480.00    1.7172900E-02    0.0000000E+00    1.7172900E-02
0.20    160.0    480.00    1.6255800E-02    0.0000000E+00    1.6255800E-02
0.20    170.0    480.00    1.5717500E-02    0.0000000E+00    1.5717500E-02
0.20    180.0    480.00    1.5529300E-02    0.0000000E+00    1.5529300E-02
0.21    0.0    480.00    5.8375600E-02    1.3460600E-26    5.8375600E-02
0.21    10.0    480.00    5.7947500E-02    5.2887540E-27    5.7947500E-02
0.21    20.0    480.00    5.6759600E-02    3.9116848E-28    5.6759600E-02
0.21    30.0    480.00    5.4820100E-02    3.0615172E-30    5.4820100E-02
0.21    40.0    480.00    5.2172200E-02    8.4535600E-34    5.2172200E-02
0.21    50.0    480.00    4.8866200E-02    5.0492271E-39    4.8866200E-02
0.21    60.0    480.00    4.4959712E-02    0.0000000E+00    4.4959712E-02
0.21    70.0    480.00    4.0589800E-02    0.0000000E+00    4.0589800E-02
0.21    80.0    480.00    3.6158600E-02    0.0000000E+00    3.6158600E-02
0.21    90.0    480.00    3.1193650E-02    0.0000000E+00    3.1193650E-02
0.21    100.0    480.00    2.6757000E-02    0.0000000E+00    2.6757000E-02
0.21    110.0    480.00    2.3711300E-02    0.0000000E+00    2.3711300E-02
0.21    120.0    480.00    2.1120300E-02    0.0000000E+00    2.1120300E-02
0.21    130.0    480.00    1.9013400E-02    0.0000000E+00    1.9013400E-02
0.21    140.0    480.00    1.7361900E-02    0.0000000E+00    1.7361900E-02
0.21    150.0    480.00    1.6126900E-02    0.0000000E+00    1.6126900E-02
0.21    160.0    480.00    1.5272700E-02    0.0000000E+00    1.5272700E-02
0.21    170.0    480.00    1.4770700E-02    0.0000000E+00    1.4770700E-02
0.21    180.0    480.00    1.4595100E-02    0.0000000E+00    1.4595100E-02
0.22    0.0    480.00    5.5512700E-02    2.1786600E-29    5.5512700E-02
0.22    10.0    480.00    5.5080200E-02    7.6561308E-30    5.5080200E-02
0.22    20.0    480.00    5.3868200E-02    4.1371560E-31    5.3868200E-02
0.22    30.0    480.00    5.1883620E-02    1.8078130E-33    5.1883620E-02
0.22    40.0    480.00    4.9167200E-02    1.8916809E-37    4.9167200E-02
0.22    50.0    480.00    4.5783800E-02    2.2488034E-43    4.5783800E-02
0.22    60.0    480.00    4.1861800E-02    0.0000000E+00    4.1861800E-02
0.22    70.0    480.00    3.7658600E-02    0.0000000E+00    3.7658600E-02
0.22    80.0    480.00    3.3574800E-02    0.0000000E+00    3.3574800E-02
0.22    90.0    480.00    2.9065200E-02    0.0000000E+00    2.9065200E-02
0.22    100.0    480.00    2.5021000E-02    0.0000000E+00    2.5021000E-02
0.22    110.0    480.00    2.2219900E-02    0.0000000E+00    2.2219900E-02
0.22    120.0    480.00    1.9821700E-02    0.0000000E+00    1.9821700E-02
0.22    130.0    480.00    1.7862800E-02    0.0000000E+00    1.7862800E-02
0.22    140.0    480.00    1.6322800E-02    0.0000000E+00    1.6322800E-02
0.22    150.0    480.00    1.5169000E-02    0.0000000E+00    1.5169000E-02
0.22    160.0    480.00    1.4370000E-02    0.0000000E+00    1.4370000E-02
0.22    170.0    480.00    1.3900100E-02    0.0000000E+00    1.3900100E-02
0.22    180.0    480.00    1.3735700E-02    0.0000000E+00    1.3735700E-02
0.23    0.0    480.00    5.2696800E-02    3.5262300E-32    5.2696800E-02
0.23    10.0    480.00    5.2259000E-02    1.1083258E-32    5.2259000E-02
0.23    20.0    480.00    5.1030500E-02    4.3756220E-34    5.1030500E-02
0.23    30.0    480.00    4.9020700E-02    1.0675149E-36    4.9020700E-02
0.23    40.0    480.00    4.6283700E-02    4.2331328E-41    4.6283700E-02
0.23    50.0    480.00    4.2921100E-02    0.0000000E+00    4.2921100E-02
0.23    60.0    480.00    3.9117500E-02    0.0000000E+00    3.9117500E-02
0.23    70.0    480.00    3.5151000E-02    0.0000000E+00    3.5151000E-02
0.23    80.0    480.00    3.1363200E-02    0.0000000E+00    3.1363200E-02
0.23    90.0    480.00    2.7201050E-02    0.0000000E+00    2.7201050E-02
0.23    100.0    480.00    2.3462100E-02    0.0000000E+00    2.3462100E-02
0.23    110.0    480.00    2.0861600E-02    0.0000000E+00    2.0861600E-02
0.23    120.0    480.00    1.8627700E-02    0.0000000E+00    1.8627700E-02
0.23    130.0    480.00    1.6798500E-02    0.0000000E+00    1.6798500E-02
0.23    140.0    480.00    1.5357900E-02    0.0000000E+00    1.5357900E-02
0.23    150.0    480.00    1.4277400E-02    0.0000000E+00    1.4277400E-02
0.23    160.0    480.00    1.3528700E-02    0.0000000E+00    1.3528700E-02
0.23    170.0    480.00    1.3088100E-02    0.0000000E+00    1.3088100E-02
0.23    180.0    480.00    1.2933900E-02    0.0000000E+00    1.2933900E-02
0.24    0.0    480.00    4.9943400E-02    5.7074200E-35    4.9943400E-02
0.24    10.0    480.00    4.9503700E-02    1.6044608E-35    4.9503700E-02
0.24    20.0    480.00    4.8270700E-02    4.6279028E-37    4.8270700E-02
0.24    30.0    480.00    4.6262800E-02    6.3036800E-40    4.6262800E-02
0.24    40.0    480.00    4.3554100E-02    9.3606776E-45    4.3554100E-02
0.24    50.0    480.00    4.0278000E-02    0.0000000E+00    4.0278000E-02
0.24    60.0    480.00    3.6642900E-02    0.0000000E+00    3.6642900E-02
0.24    70.0    480.00    3.2913200E-02    0.0000000E+00    3.2913200E-02
0.24    80.0    480.00    2.9383300E-02    0.0000000E+00    2.9383300E-02
0.24    90.0    480.00    2.5513600E-02    0.0000000E+00    2.5513600E-02
0.24    100.0    480.00    2.2034000E-02    0.0000000E+00    2.2034000E-02
0.24    110.0    480.00    1.9608100E-02    0.0000000E+00    1.9608100E-02
0.24    120.0    480.00    1.7520200E-02    0.0000000E+00    1.7520200E-02
0.24    130.0    480.00    1.5807800E-02    0.0000000E+00    1.5807800E-02
0.24    140.0    480.00    1.4457900E-02    0.0000000E+00    1.4457900E-02
0.24    150.0    480.00    1.3444600E-02    0.0000000E+00    1.3444600E-02
0.24    160.0    480.00    1.2742100E-02    0.0000000E+00    1.2742100E-02
0.24    170.0    480.00    1.2328600E-02    0.0000000E+00    1.2328600E-02
0.24    180.0    480.00    1.2183900E-02    0.0000000E+00    1.2183900E-02
0.25    0.0    480.00    4.7268500E-02    9.2376100E-38    4.7268500E-02
0.25    10.0    480.00    4.6831100E-02    2.3226500E-38    4.6831100E-02
0.25    20.0    480.00    4.5607900E-02    4.8946224E-40    4.5607900E-02
0.25    30.0    480.00    4.3628300E-02    3.7168052E-43    4.3628300E-02
0.25    40.0    480.00    4.0985000E-02    0.0000000E+00    4.0985000E-02
0.25    50.0    480.00    3.7831600E-02    0.0000000E+00    3.7831600E-02
0.25    60.0    480.00    3.4380500E-02    0.0000000E+00    3.4380500E-02
0.25    70.0    480.00    3.0875600E-02    0.0000000E+00    3.0875600E-02
0.25    80.0    480.00    2.7575700E-02    0.0000000E+00    2.7575700E-02
0.25    90.0    480.00    2.3963200E-02    0.0000000E+00    2.3963200E-02
0.25    100.0    480.00    2.0712900E-02    0.0000000E+00    2.0712900E-02
0.25    110.0    480.00    1.8443500E-02    0.0000000E+00    1.8443500E-02
0.25    120.0    480.00    1.6487900E-02    0.0000000E+00    1.6487900E-02
0.25    130.0    480.00    1.4882500E-02    0.0000000E+00    1.4882500E-02
0.25    140.0    480.00    1.3616000E-02    0.0000000E+00    1.3616000E-02
0.25    150.0    480.00    1.2664900E-02    0.0000000E+00    1.2664900E-02
0.25    160.0    480.00    1.2005300E-02    0.0000000E+00    1.2005300E-02
0.25    170.0    480.00    1.1617000E-02    0.0000000E+00    1.1617000E-02
0.25    180.0    480.00    1.1481100E-02    0.0000000E+00    1.1481100E-02
0.26    0.0    480.00    4.4685700E-02    1.4951600E-40    4.4685700E-02
0.26    10.0    480.00    4.4255400E-02    3.3623932E-41    4.4255400E-02
0.26    20.0    480.00    4.3055100E-02    5.1713516E-43    4.3055100E-02
0.26    30.0    480.00    4.1124900E-02    0.0000000E+00    4.1124900E-02
0.26    40.0    480.00    3.8571800E-02    0.0000000E+00    3.8571800E-02
0.26    50.0    480.00    3.5558800E-02    0.0000000E+00    3.5558800E-02
0.26    60.0    480.00    3.2293400E-02    0.0000000E+00    3.2293400E-02
0.26    70.0    480.00    2.8999200E-02    0.0000000E+00    2.8999200E-02
0.26    80.0    480.00    2.5908000E-02    0.0000000E+00    2.5908000E-02
0.26    90.0    480.00    2.2527000E-02    0.0000000E+00    2.2527000E-02
0.26    100.0    480.00    1.9483900E-02    0.0000000E+00    1.9483900E-02
0.26    110.0    480.00    1.7357100E-02    0.0000000E+00    1.7357100E-02
0.26    120.0    480.00    1.5523000E-02    0.0000000E+00    1.5523000E-02
0.26    130.0    480.00    1.4016400E-02    0.0000000E+00    1.4016400E-02
0.26    140.0    480.00    1.2827300E-02    0.0000000E+00    1.2827300E-02
0.26    150.0    480.00    1.1934000E-02    0.0000000E+00    1.1934000E-02
0.26    160.0    480.00    1.1314400E-02    0.0000000E+00    1.1314400E-02
0.26    170.0    480.00    1.0949600E-02    0.0000000E+00    1.0949600E-02
0.26    180.0    480.00    1.0821900E-02    0.0000000E+00    1.0821900E-02
0.27    0.0    480.00    4.2205500E-02    2.4242500E-43    4.2205500E-02
0.27    10.0    480.00    4.1786100E-02    4.8372832E-44    4.1786100E-02
0.27    20.0    480.00    4.0619400E-02    0.0000000E+00    4.0619400E-02
0.27    30.0    480.00    3.8754100E-02    0.0000000E+00    3.8754100E-02
0.27    40.0    480.00    3.6305900E-02    0.0000000E+00    3.6305900E-02
0.27    50.0    480.00    3.3440500E-02    0.0000000E+00    3.3440500E-02
0.27    60.0    480.00    3.0356400E-02    0.0000000E+00    3.0356400E-02
0.27    70.0    480.00    2.7259300E-02    0.0000000E+00    2.7259300E-02
0.27    80.0    480.00    2.4359600E-02    0.0000000E+00    2.4359600E-02
0.27    90.0    480.00    2.1190050E-02    0.0000000E+00    2.1190050E-02
0.27    100.0    480.00    1.8336500E-02    0.0000000E+00    1.8336500E-02
0.27    110.0    480.00    1.6341100E-02    0.0000000E+00    1.6341100E-02
0.27    120.0    480.00    1.4619400E-02    0.0000000E+00    1.4619400E-02
0.27    130.0    480.00    1.3204500E-02    0.0000000E+00    1.3204500E-02
0.27    140.0    480.00    1.2087500E-02    0.0000000E+00    1.2087500E-02
0.27    150.0    480.00    1.1248300E-02    0.0000000E+00    1.1248300E-02
0.27    160.0    480.00    1.0666000E-02    0.0000000E+00    1.0666000E-02
0.27    170.0    480.00    1.0323200E-02    0.0000000E+00    1.0323200E-02
0.27    180.0    480.00    1.0203200E-02    0.0000000E+00    1.0203200E-02
0.28    0.0    480.00    3.9834600E-02    0.0000000E+00    3.9834600E-02
0.28    10.0    480.00    3.9429100E-02    0.0000000E+00    3.9429100E-02
0.28    20.0    480.00    3.8303800E-02    0.0000000E+00    3.8303800E-02
0.28    30.0    480.00    3.6513200E-02    0.0000000E+00    3.6513200E-02
0.28    40.0    480.00    3.4177700E-02    0.0000000E+00    3.4177700E-02
0.28    50.0    480.00    3.1460900E-02    0.0000000E+00    3.1460900E-02
0.28    60.0    480.00    2.8551300E-02    0.0000000E+00    2.8551300E-02
0.28    70.0    480.00    2.5638800E-02    0.0000000E+00    2.5638800E-02
0.28    80.0    480.00    2.2916100E-02    0.0000000E+00    2.2916100E-02
0.28    90.0    480.00    1.9941350E-02    0.0000000E+00    1.9941350E-02
0.28    100.0    480.00    1.7263000E-02    0.0000000E+00    1.7263000E-02
0.28    110.0    480.00    1.5389300E-02    0.0000000E+00    1.5389300E-02
0.28    120.0    480.00    1.3772100E-02    0.0000000E+00    1.3772100E-02
0.28    130.0    480.00    1.2442900E-02    0.0000000E+00    1.2442900E-02
0.28    140.0    480.00    1.1393300E-02    0.0000000E+00    1.1393300E-02
0.28    150.0    480.00    1.0604600E-02    0.0000000E+00    1.0604600E-02
0.28    160.0    480.00    1.0057300E-02    0.0000000E+00    1.0057300E-02
0.28    170.0    480.00    9.7350300E-03    0.0000000E+00    9.7350300E-03
0.28    180.0    480.00    9.6222500E-03    0.0000000E+00    9.6222500E-03
0.29    0.0    480.00    3.7576500E-02    0.0000000E+00    3.7576500E-02
0.29    10.0    480.00    3.7187000E-02    0.0000000E+00    3.7187000E-02
0.29    20.0    480.00    3.6108100E-02    0.0000000E+00    3.6108100E-02
0.29    30.0    480.00    3.4398000E-02    0.0000000E+00    3.4398000E-02
0.29    40.0    480.00    3.2178100E-02    0.0000000E+00    3.2178100E-02
0.29    50.0    480.00    2.9607500E-02    0.0000000E+00    2.9607500E-02
0.29    60.0    480.00    2.6864400E-02    0.0000000E+00    2.6864400E-02
0.29    70.0    480.00    2.4124800E-02    0.0000000E+00    2.4124800E-02
0.29    80.0    480.00    2.1566600E-02    0.0000000E+00    2.1566600E-02
0.29    90.0    480.00    1.8772650E-02    0.0000000E+00    1.8772650E-02
0.29    100.0    480.00    1.6256900E-02    0.0000000E+00    1.6256900E-02
0.29    110.0    480.00    1.4496700E-02    0.0000000E+00    1.4496700E-02
0.29    120.0    480.00    1.2977100E-02    0.0000000E+00    1.2977100E-02
0.29    130.0    480.00    1.1728000E-02    0.0000000E+00    1.1728000E-02
0.29    140.0    480.00    1.0741500E-02    0.0000000E+00    1.0741500E-02
0.29    150.0    480.00    1.0000100E-02    0.0000000E+00    1.0000100E-02
0.29    160.0    480.00    9.4856000E-03    0.0000000E+00    9.4856000E-03
0.29    170.0    480.00    9.1825900E-03    0.0000000E+00    9.1825900E-03
0.29    180.0    480.00    9.0765400E-03    0.0000000E+00    9.0765400E-03
0.30    0.0    480.00    3.5432000E-02    0.0000000E+00    3.5432000E-02
0.30    10.0    480.00    3.5059700E-02    0.0000000E+00    3.5059700E-02
0.30    20.0    480.00    3.4030000E-02    0.0000000E+00    3.4030000E-02
0.30    30.0    480.00    3.2403000E-02    0.0000000E+00    3.2403000E-02
0.30    40.0    480.00    3.0298400E-02    0.0000000E+00    3.0298400E-02
0.30    50.0    480.00    2.7869700E-02    0.0000000E+00    2.7869700E-02
0.30    60.0    480.00    2.5284800E-02    0.0000000E+00    2.5284800E-02
0.30    70.0    480.00    2.2707400E-02    0.0000000E+00    2.2707400E-02
0.30    80.0    480.00    2.0302700E-02    0.0000000E+00    2.0302700E-02
0.30    90.0    480.00    1.7677200E-02    0.0000000E+00    1.7677200E-02
0.30    100.0    480.00    1.5313100E-02    0.0000000E+00    1.5313100E-02
0.30    110.0    480.00    1.3658900E-02    0.0000000E+00    1.3658900E-02
0.30    120.0    480.00    1.2230800E-02    0.0000000E+00    1.2230800E-02
0.30    130.0    480.00    1.1056700E-02    0.0000000E+00    1.1056700E-02
0.30    140.0    480.00    1.0129400E-02    0.0000000E+00    1.0129400E-02
0.30    150.0    480.00    9.4324000E-03    0.0000000E+00    9.4324000E-03
0.30    160.0    480.00    8.9485900E-03    0.0000000E+00    8.9485900E-03
0.30    170.0    480.00    8.6635800E-03    0.0000000E+00    8.6635800E-03
0.30    180.0    480.00    8.5638200E-03    0.0000000E+00    8.5638200E-03
0.31    0.0    480.00    3.3399800E-02    0.0000000E+00    3.3399800E-02
0.31    10.0    480.00    3.3045300E-02    0.0000000E+00    3.3045300E-02
0.31    20.0    480.00    3.2066100E-02    0.0000000E+00    3.2066100E-02
0.31    30.0    480.00    3.0522400E-02    0.0000000E+00    3.0522400E-02
0.31    40.0    480.00    2.8531000E-02    0.0000000E+00    2.8531000E-02
0.31    50.0    480.00    2.6238700E-02    0.0000000E+00    2.6238700E-02
0.31    60.0    480.00    2.3803600E-02    0.0000000E+00    2.3803600E-02
0.31    70.0    480.00    2.1378500E-02    0.0000000E+00    2.1378500E-02
0.31    80.0    480.00    1.9117400E-02    0.0000000E+00    1.9117400E-02
0.31    90.0    480.00    1.6649350E-02    0.0000000E+00    1.6649350E-02
0.31    100.0    480.00    1.4427100E-02    0.0000000E+00    1.4427100E-02
0.31    110.0    480.00    1.2872200E-02    0.0000000E+00    1.2872200E-02
0.31    120.0    480.00    1.1529900E-02    0.0000000E+00    1.1529900E-02
0.31    130.0    480.00    1.0426300E-02    0.0000000E+00    1.0426300E-02
0.31    140.0    480.00    9.5545600E-03    0.0000000E+00    9.5545600E-03
0.31    150.0    480.00    8.8991700E-03    0.0000000E+00    8.8991700E-03
0.31    160.0    480.00    8.4440700E-03    0.0000000E+00    8.4440700E-03
0.31    170.0    480.00    8.1758900E-03    0.0000000E+00    8.1758900E-03
0.31    180.0    480.00    8.0820000E-03    0.0000000E+00    8.0820000E-03
0.32    0.0    480.00    3.1477200E-02    0.0000000E+00    3.1477200E-02
0.32    10.0    480.00    3.1140700E-02    0.0000000E+00    3.1140700E-02
0.32    20.0    480.00    3.0212000E-02    0.0000000E+00    3.0212000E-02
0.32    30.0    480.00    2.8750400E-02    0.0000000E+00    2.8750400E-02
0.32    40.0    480.00    2.6868700E-02    0.0000000E+00    2.6868700E-02
0.32    50.0    480.00    2.4706600E-02    0.0000000E+00    2.4706600E-02
0.32    60.0    480.00    2.2413200E-02    0.0000000E+00    2.2413200E-02
0.32    70.0    480.00    2.0131300E-02    0.0000000E+00    2.0131300E-02
0.32    80.0    480.00    1.8004900E-02    0.0000000E+00    1.8004900E-02
0.32    90.0    480.00    1.5684250E-02    0.0000000E+00    1.5684250E-02
0.32    100.0    480.00    1.3595100E-02    0.0000000E+00    1.3595100E-02
0.32    110.0    480.00    1.2133500E-02    0.0000000E+00    1.2133500E-02
0.32    120.0    480.00    1.0871700E-02    0.0000000E+00    1.0871700E-02
0.32    130.0    480.00    9.8343500E-03    0.0000000E+00    9.8343500E-03
0.32    140.0    480.00    9.0147600E-03    0.0000000E+00    9.0147600E-03
0.32    150.0    480.00    8.3983200E-03    0.0000000E+00    8.3983200E-03
0.32    160.0    480.00    7.9700200E-03    0.0000000E+00    7.9700200E-03
0.32    170.0    480.00    7.7175000E-03    0.0000000E+00    7.7175000E-03
0.32    180.0    480.00    7.6290700E-03    0.0000000E+00    7.6290700E-03
0.33    0.0    480.00    2.9660800E-02    0.0000000E+00    2.9660800E-02
0.33    10.0    480.00    2.9342000E-02    0.0000000E+00    2.9342000E-02
0.33    20.0    480.00    2.8462800E-02    0.0000000E+00    2.8462800E-02
0.33    30.0    480.00    2.7081100E-02    0.0000000E+00    2.7081100E-02
0.33    40.0    480.00    2.5304800E-02    0.0000000E+00    2.5304800E-02
0.33    50.0    480.00    2.3266800E-02    0.0000000E+00    2.3266800E-02
0.33    60.0    480.00    2.1107200E-02    0.0000000E+00    2.1107200E-02
0.33    70.0    480.00    1.8960100E-02    0.0000000E+00    1.8960100E-02
0.33    80.0    480.00    1.6959900E-02    0.0000000E+00    1.6959900E-02
0.33    90.0    480.00    1.4777800E-02    0.0000000E+00    1.4777800E-02
0.33    100.0    480.00    1.2813700E-02    0.0000000E+00    1.2813700E-02
0.33    110.0    480.00    1.1439700E-02    0.0000000E+00    1.1439700E-02
0.33    120.0    480.00    1.0253800E-02    0.0000000E+00    1.0253800E-02
0.33    130.0    480.00    9.2786400E-03    0.0000000E+00    9.2786400E-03
0.33    140.0    480.00    8.5079400E-03    0.0000000E+00    8.5079400E-03
0.33    150.0    480.00    7.9278700E-03    0.0000000E+00    7.9278700E-03
0.33    160.0    480.00    7.5245000E-03    0.0000000E+00    7.5245000E-03
0.33    170.0    480.00    7.2865000E-03    0.0000000E+00    7.2865000E-03
0.33    180.0    480.00    7.2031100E-03    0.0000000E+00    7.2031100E-03
0.34    0.0    480.00    2.7946200E-02    0.0000000E+00    2.7946200E-02
0.34    10.0    480.00    2.7644700E-02    0.0000000E+00    2.7644700E-02
0.34    20.0    480.00    2.6813700E-02    0.0000000E+00    2.6813700E-02
0.34    30.0    480.00    2.5508900E-02    0.0000000E+00    2.5508900E-02
0.34    40.0    480.00    2.3833500E-02    0.0000000E+00    2.3833500E-02
0.34    50.0    480.00    2.1913100E-02    0.0000000E+00    2.1913100E-02
0.34    60.0    480.00    1.9879900E-02    0.0000000E+00    1.9879900E-02
0.34    70.0    480.00    1.7859500E-02    0.0000000E+00    1.7859500E-02
0.34    80.0    480.00    1.5978200E-02    0.0000000E+00    1.5978200E-02
0.34    90.0    480.00    1.3926300E-02    0.0000000E+00    1.3926300E-02
0.34    100.0    480.00    1.2079700E-02    0.0000000E+00    1.2079700E-02
0.34    110.0    480.00    1.0788400E-02    0.0000000E+00    1.0788400E-02
0.34    120.0    480.00    9.6738100E-03    0.0000000E+00    9.6738100E-03
0.34    130.0    480.00    8.7571900E-03    0.0000000E+00    8.7571900E-03
0.34    140.0    480.00    8.0322300E-03    0.0000000E+00    8.0322300E-03
0.34    150.0    480.00    7.4859700E-03    0.0000000E+00    7.4859700E-03
0.34    160.0    480.00    7.1056400E-03    0.0000000E+00    7.1056400E-03
0.34    170.0    480.00    6.8810000E-03    0.0000000E+00    6.8810000E-03
0.34    180.0    480.00    6.8022500E-03    0.0000000E+00    6.8022500E-03
0.35    0.0    480.00    2.6328900E-02    0.0000000E+00    2.6328900E-02
0.35    10.0    480.00    2.6044100E-02    0.0000000E+00    2.6044100E-02
0.35    20.0    480.00    2.5259500E-02    0.0000000E+00    2.5259500E-02
0.35    30.0    480.00    2.4028400E-02    0.0000000E+00    2.4028400E-02
0.35    40.0    480.00    2.2449000E-02    0.0000000E+00    2.2449000E-02
0.35    50.0    480.00    2.0640100E-02    0.0000000E+00    2.0640100E-02
0.35    60.0    480.00    1.8726200E-02    0.0000000E+00    1.8726200E-02
0.35    70.0    480.00    1.6825200E-02    0.0000000E+00    1.6825200E-02
0.35    80.0    480.00    1.5055600E-02    0.0000000E+00    1.5055600E-02
0.35    90.0    480.00    1.3126450E-02    0.0000000E+00    1.3126450E-02
0.35    100.0    480.00    1.1390700E-02    0.0000000E+00    1.1390700E-02
0.35    110.0    480.00    1.0177200E-02    0.0000000E+00    1.0177200E-02
0.35    120.0    480.00    9.1299500E-03    0.0000000E+00    9.1299500E-03
0.35    130.0    480.00    8.2682200E-03    0.0000000E+00    8.2682200E-03
0.35    140.0    480.00    7.5858400E-03    0.0000000E+00    7.5858400E-03
0.35    150.0    480.00    7.0707900E-03    0.0000000E+00    7.0707900E-03
0.35    160.0    480.00    6.7115800E-03    0.0000000E+00    6.7115800E-03
0.35    170.0    480.00    6.4991600E-03    0.0000000E+00    6.4991600E-03
0.35    180.0    480.00    6.4246600E-03    0.0000000E+00    6.4246600E-03
0.36    0.0    480.00    2.4804100E-02    0.0000000E+00    2.4804100E-02
0.36    10.0    480.00    2.4535400E-02    0.0000000E+00    2.4535400E-02
0.36    20.0    480.00    2.3795200E-02    0.0000000E+00    2.3795200E-02
0.36    30.0    480.00    2.2634400E-02    0.0000000E+00    2.2634400E-02
0.36    40.0    480.00    2.1146100E-02    0.0000000E+00    2.1146100E-02
0.36    50.0    480.00    1.9442800E-02    0.0000000E+00    1.9442800E-02
0.36    60.0    480.00    1.7641400E-02    0.0000000E+00    1.7641400E-02
0.36    70.0    480.00    1.5852900E-02    0.0000000E+00    1.5852900E-02
0.36    80.0    480.00    1.4188700E-02    0.0000000E+00    1.4188700E-02
0.36    90.0    480.00    1.2375200E-02    0.0000000E+00    1.2375200E-02
0.36    100.0    480.00    1.0744200E-02    0.0000000E+00    1.0744200E-02
0.36    110.0    480.00    9.6044400E-03    0.0000000E+00    9.6044400E-03
0.36    120.0    480.00    8.6205900E-03    0.0000000E+00    8.6205900E-03
0.36    130.0    480.00    7.8101700E-03    0.0000000E+00    7.8101700E-03
0.36    140.0    480.00    7.1670800E-03    0.0000000E+00    7.1670800E-03
0.36    150.0    480.00    6.6804900E-03    0.0000000E+00    6.6804900E-03
0.36    160.0    480.00    6.3404600E-03    0.0000000E+00    6.3404600E-03
0.36    170.0    480.00    6.1391300E-03    0.0000000E+00    6.1391300E-03
0.36    180.0    480.00    6.0684800E-03    0.0000000E+00    6.0684800E-03
0.37    0.0    480.00    2.3367400E-02    0.0000000E+00    2.3367400E-02
0.37    10.0    480.00    2.3114000E-02    0.0000000E+00    2.3114000E-02
0.37    20.0    480.00    2.2416000E-02    0.0000000E+00    2.2416000E-02
0.37    30.0    480.00    2.1322100E-02    0.0000000E+00    2.1322100E-02
0.37    40.0    480.00    1.9920300E-02    0.0000000E+00    1.9920300E-02
0.37    50.0    480.00    1.8316600E-02    0.0000000E+00    1.8316600E-02
0.37    60.0    480.00    1.6621400E-02    0.0000000E+00    1.6621400E-02
0.37    70.0    480.00    1.4939200E-02    0.0000000E+00    1.4939200E-02
0.37    80.0    480.00    1.3374500E-02    0.0000000E+00    1.3374500E-02
0.37    90.0    480.00    1.1670400E-02    0.0000000E+00    1.1670400E-02
0.37    100.0    480.00    1.0138700E-02    0.0000000E+00    1.0138700E-02
0.37    110.0    480.00    9.0688100E-03    0.0000000E+00    9.0688100E-03
0.37    120.0    480.00    8.1446600E-03    0.0000000E+00    8.1446600E-03
0.37    130.0    480.00    7.3816900E-03    0.0000000E+00    7.3816900E-03
0.37    140.0    480.00    6.7742100E-03    0.0000000E+00    6.7742100E-03
0.37    150.0    480.00    6.3131900E-03    0.0000000E+00    6.3131900E-03
0.37    160.0    480.00    5.9904100E-03    0.0000000E+00    5.9904100E-03
0.37    170.0    480.00    5.7991100E-03    0.0000000E+00    5.7991100E-03
0.37    180.0    480.00    5.7319600E-03    0.0000000E+00    5.7319600E-03
0.38    0.0    480.00    2.2014000E-02    0.0000000E+00    2.2014000E-02
0.38    10.0    480.00    2.1775100E-02    0.0000000E+00    2.1775100E-02
0.38    20.0    480.00    2.1117500E-02    0.0000000E+00    2.1117500E-02
0.38    30.0    480.00    2.0086900E-02    0.0000000E+00    2.0086900E-02
0.38    40.0    480.00    1.8767000E-02    0.0000000E+00    1.8767000E-02
0.38    50.0    480.00    1.7257500E-02    0.0000000E+00    1.7257500E-02
0.38    60.0    480.00    1.5662700E-02    0.0000000E+00    1.5662700E-02
0.38    70.0    480.00    1.4080700E-02    0.0000000E+00    1.4080700E-02
0.38    80.0    480.00    1.2610200E-02    0.0000000E+00    1.2610200E-02
0.38    90.0    480.00    1.1010300E-02    0.0000000E+00    1.1010300E-02
0.38    100.0    480.00    9.5734800E-03    0.0000000E+00    9.5734800E-03
0.38    110.0    480.00    8.5702000E-03    0.0000000E+00    8.5702000E-03
0.38    120.0    480.00    7.7017600E-03    0.0000000E+00    7.7017600E-03
0.38    130.0    480.00    6.9813900E-03    0.0000000E+00    6.9813900E-03
0.38    140.0    480.00    6.4051900E-03    0.0000000E+00    6.4051900E-03
0.38    150.0    480.00    5.9667500E-03    0.0000000E+00    5.9667500E-03
0.38    160.0    480.00    5.6594800E-03    0.0000000E+00    5.6594800E-03
0.38    170.0    480.00    5.4773300E-03    0.0000000E+00    5.4773300E-03
0.38    180.0    480.00    5.4133900E-03    0.0000000E+00    5.4133900E-03
0.39    0.0    480.00    2.0739500E-02    0.0000000E+00    2.0739500E-02
0.39    10.0    480.00    2.0514500E-02    0.0000000E+00    2.0514500E-02
0.39    20.0    480.00    1.9895000E-02    0.0000000E+00    1.9895000E-02
0.39    30.0    480.00    1.8924600E-02    0.0000000E+00    1.8924600E-02
0.39    40.0    480.00    1.7682000E-02    0.0000000E+00    1.7682000E-02
0.39    50.0    480.00    1.6261700E-02    0.0000000E+00    1.6261700E-02
0.39    60.0    480.00    1.4761800E-02    0.0000000E+00    1.4761800E-02
0.39    70.0    480.00    1.3275000E-02    0.0000000E+00    1.3275000E-02
0.39    80.0    480.00    1.1894400E-02    0.0000000E+00    1.1894400E-02
0.39    90.0    480.00    1.0395275E-02    0.0000000E+00    1.0395275E-02
0.39    100.0    480.00    9.0510700E-03    0.0000000E+00    9.0510700E-03
0.39    110.0    480.00    8.1116100E-03    0.0000000E+00    8.1116100E-03
0.39    120.0    480.00    7.2921100E-03    0.0000000E+00    7.2921100E-03
0.39    130.0    480.00    6.6069600E-03    0.0000000E+00    6.6069600E-03
0.39    140.0    480.00    6.0572000E-03    0.0000000E+00    6.0572000E-03
0.39    150.0    480.00    5.6388000E-03    0.0000000E+00    5.6388000E-03
0.39    160.0    480.00    5.3457400E-03    0.0000000E+00    5.3457400E-03
0.39    170.0    480.00    5.1720800E-03    0.0000000E+00    5.1720800E-03
0.39    180.0    480.00    5.1111400E-03    0.0000000E+00    5.1111400E-03
0.40    0.0    480.00    1.9534100E-02    0.0000000E+00    1.9534100E-02
0.40    10.0    480.00    1.9322300E-02    0.0000000E+00    1.9322300E-02
0.40    20.0    480.00    1.8739300E-02    0.0000000E+00    1.8739300E-02
0.40    30.0    480.00    1.7826200E-02    0.0000000E+00    1.7826200E-02
0.40    40.0    480.00    1.6657500E-02    0.0000000E+00    1.6657500E-02
0.40    50.0    480.00    1.5322500E-02    0.0000000E+00    1.5322500E-02
0.40    60.0    480.00    1.3913900E-02    0.0000000E+00    1.3913900E-02
0.40    70.0    480.00    1.2520200E-02    0.0000000E+00    1.2520200E-02
0.40    80.0    480.00    1.1232500E-02    0.0000000E+00    1.1232500E-02
0.40    90.0    480.00    9.8508800E-03    0.0000000E+00    9.8508800E-03
0.40    100.0    480.00    8.5953800E-03    0.0000000E+00    8.5953800E-03
0.40    110.0    480.00    7.6963300E-03    0.0000000E+00    7.6963300E-03
0.40    120.0    480.00    6.9075000E-03    0.0000000E+00    6.9075000E-03
0.40    130.0    480.00    6.2497400E-03    0.0000000E+00    6.2497400E-03
0.40    140.0    480.00    5.7238000E-03    0.0000000E+00    5.7238000E-03
0.40    150.0    480.00    5.3244100E-03    0.0000000E+00    5.3244100E-03
0.40    160.0    480.00    5.0449800E-03    0.0000000E+00    5.0449800E-03
0.40    170.0    480.00    4.8794900E-03    0.0000000E+00    4.8794900E-03
0.40    180.0    480.00    4.8214300E-03    0.0000000E+00    4.8214300E-03
0.41    0.0    480.00    1.8302800E-02    0.0000000E+00    1.8302800E-02
0.41    10.0    480.00    1.8105200E-02    0.0000000E+00    1.8105200E-02
0.41    20.0    480.00    1.7561200E-02    0.0000000E+00    1.7561200E-02
0.41    30.0    480.00    1.6710000E-02    0.0000000E+00    1.6710000E-02
0.41    40.0    480.00    1.5621600E-02    0.0000000E+00    1.5621600E-02
0.41    50.0    480.00    1.4380700E-02    0.0000000E+00    1.4380700E-02
0.41    60.0    480.00    1.3075200E-02    0.0000000E+00    1.3075200E-02
0.41    70.0    480.00    1.1786000E-02    0.0000000E+00    1.1786000E-02
0.41    80.0    480.00    1.0587700E-02    0.0000000E+00    1.0587700E-02
0.41    90.0    480.00    9.2697000E-03    0.0000000E+00    9.2697000E-03
0.41    100.0    480.00    8.0707500E-03    0.0000000E+00    8.0707500E-03
0.41    110.0    480.00    7.2189500E-03    0.0000000E+00    7.2189500E-03
0.41    120.0    480.00    6.4737200E-03    0.0000000E+00    6.4737200E-03
0.41    130.0    480.00    5.8531100E-03    0.0000000E+00    5.8531100E-03
0.41    140.0    480.00    5.3571300E-03    0.0000000E+00    5.3571300E-03
0.41    150.0    480.00    4.9805400E-03    0.0000000E+00    4.9805400E-03
0.41    160.0    480.00    4.7170500E-03    0.0000000E+00    4.7170500E-03
0.41    170.0    480.00    4.5609900E-03    0.0000000E+00    4.5609900E-03
0.41    180.0    480.00    4.5062300E-03    0.0000000E+00    4.5062300E-03
0.42    0.0    480.00    1.7152700E-02    0.0000000E+00    1.7152700E-02
0.42    10.0    480.00    1.6968400E-02    0.0000000E+00    1.6968400E-02
0.42    20.0    480.00    1.6461200E-02    0.0000000E+00    1.6461200E-02
0.42    30.0    480.00    1.5667800E-02    0.0000000E+00    1.5667800E-02
0.42    40.0    480.00    1.4654200E-02    0.0000000E+00    1.4654200E-02
0.42    50.0    480.00    1.3498800E-02    0.0000000E+00    1.3498800E-02
0.42    60.0    480.00    1.2281200E-02    0.0000000E+00    1.2281200E-02
0.42    70.0    480.00    1.1073300E-02    0.0000000E+00    1.1073300E-02
0.42    80.0    480.00    9.9443900E-03    0.0000000E+00    9.9443900E-03
0.42    90.0    480.00    8.7002300E-03    0.0000000E+00    8.7002300E-03
0.42    100.0    480.00    7.5687500E-03    0.0000000E+00    7.5687500E-03
0.42    110.0    480.00    6.7655300E-03    0.0000000E+00    6.7655300E-03
0.42    120.0    480.00    6.0631200E-03    0.0000000E+00    6.0631200E-03
0.42    130.0    480.00    5.4782500E-03    0.0000000E+00    5.4782500E-03
0.42    140.0    480.00    5.0108100E-03    0.0000000E+00    5.0108100E-03
0.42    150.0    480.00    4.6558100E-03    0.0000000E+00    4.6558100E-03
0.42    160.0    480.00    4.4073700E-03    0.0000000E+00    4.4073700E-03
0.42    170.0    480.00    4.2601800E-03    0.0000000E+00    4.2601800E-03
0.42    180.0    480.00    4.2085300E-03    0.0000000E+00    4.2085300E-03
0.43    0.0    480.00    1.6078000E-02    0.0000000E+00    1.6078000E-02
0.43    10.0    480.00    1.5906100E-02    0.0000000E+00    1.5906100E-02
0.43    20.0    480.00    1.5433100E-02    0.0000000E+00    1.5433100E-02
0.43    30.0    480.00    1.4693200E-02    0.0000000E+00    1.4693200E-02
0.43    40.0    480.00    1.3747700E-02    0.0000000E+00    1.3747700E-02
0.43    50.0    480.00    1.2668700E-02    0.0000000E+00    1.2668700E-02
0.43    60.0    480.00    1.1528800E-02    0.0000000E+00    1.1528800E-02
0.43    70.0    480.00    1.0394300E-02    0.0000000E+00    1.0394300E-02
0.43    80.0    480.00    9.3317900E-03    0.0000000E+00    9.3317900E-03
0.43    90.0    480.00    8.1597950E-03    0.0000000E+00    8.1597950E-03
0.43    100.0    480.00    7.0938900E-03    0.0000000E+00    7.0938900E-03
0.43    110.0    480.00    6.3373000E-03    0.0000000E+00    6.3373000E-03
0.43    120.0    480.00    5.6756300E-03    0.0000000E+00    5.6756300E-03
0.43    130.0    480.00    5.1245900E-03    0.0000000E+00    5.1245900E-03
0.43    140.0    480.00    4.6840500E-03    0.0000000E+00    4.6840500E-03
0.43    150.0    480.00    4.3493500E-03    0.0000000E+00    4.3493500E-03
0.43    160.0    480.00    4.1150300E-03    0.0000000E+00    4.1150300E-03
0.43    170.0    480.00    3.9761800E-03    0.0000000E+00    3.9761800E-03
0.43    180.0    480.00    3.9274400E-03    0.0000000E+00    3.9274400E-03
0.44    0.0    480.00    1.5073000E-02    0.0000000E+00    1.5073000E-02
0.44    10.0    480.00    1.4912600E-02    0.0000000E+00    1.4912600E-02
0.44    20.0    480.00    1.4471100E-02    0.0000000E+00    1.4471100E-02
0.44    30.0    480.00    1.3780400E-02    0.0000000E+00    1.3780400E-02
0.44    40.0    480.00    1.2896900E-02    0.0000000E+00    1.2896900E-02
0.44    50.0    480.00    1.1887100E-02    0.0000000E+00    1.1887100E-02
0.44    60.0    480.00    1.0818000E-02    0.0000000E+00    1.0818000E-02
0.44    70.0    480.00    9.7520200E-03    0.0000000E+00    9.7520200E-03
0.44    80.0    480.00    8.7525100E-03    0.0000000E+00    8.7525100E-03
0.44    90.0    480.00    7.6493700E-03    0.0000000E+00    7.6493700E-03
0.44    100.0    480.00    6.6459000E-03    0.0000000E+00    6.6459000E-03
0.44    110.0    480.00    5.9334700E-03    0.0000000E+00    5.9334700E-03
0.44    120.0    480.00    5.3102600E-03    0.0000000E+00    5.3102600E-03
0.44    130.0    480.00    4.7910600E-03    0.0000000E+00    4.7910600E-03
0.44    140.0    480.00    4.3757800E-03    0.0000000E+00    4.3757800E-03
0.44    150.0    480.00    4.0601200E-03    0.0000000E+00    4.0601200E-03
0.44    160.0    480.00    3.8390300E-03    0.0000000E+00    3.8390300E-03
0.44    170.0    480.00    3.7079700E-03    0.0000000E+00    3.7079700E-03
0.44    180.0    480.00    3.6619600E-03    0.0000000E+00    3.6619600E-03
0.45    0.0    480.00    1.4132500E-02    0.0000000E+00    1.4132500E-02
0.45    10.0    480.00    1.3982600E-02    0.0000000E+00    1.3982600E-02
0.45    20.0    480.00    1.3570200E-02    0.0000000E+00    1.3570200E-02
0.45    30.0    480.00    1.2924500E-02    0.0000000E+00    1.2924500E-02
0.45    40.0    480.00    1.2097700E-02    0.0000000E+00    1.2097700E-02
0.45    50.0    480.00    1.1151400E-02    0.0000000E+00    1.1151400E-02
0.45    60.0    480.00    1.0147900E-02    0.0000000E+00    1.0147900E-02
0.45    70.0    480.00    9.1461900E-03    0.0000000E+00    9.1461900E-03
0.45    80.0    480.00    8.2061600E-03    0.0000000E+00    8.2061600E-03
0.45    90.0    480.00    7.1681450E-03    0.0000000E+00    7.1681450E-03
0.45    100.0    480.00    6.2236800E-03    0.0000000E+00    6.2236800E-03
0.45    110.0    480.00    5.5528700E-03    0.0000000E+00    5.5528700E-03
0.45    120.0    480.00    4.9658300E-03    0.0000000E+00    4.9658300E-03
0.45    130.0    480.00    4.4765100E-03    0.0000000E+00    4.4765100E-03
0.45    140.0    480.00    4.0848900E-03    0.0000000E+00    4.0848900E-03
0.45    150.0    480.00    3.7870500E-03    0.0000000E+00    3.7870500E-03
0.45    160.0    480.00    3.5783200E-03    0.0000000E+00    3.5783200E-03
0.45    170.0    480.00    3.4545400E-03    0.0000000E+00    3.4545400E-03
0.45    180.0    480.00    3.4110800E-03    0.0000000E+00    3.4110800E-03
0.46    0.0    480.00    1.3251700E-02    0.0000000E+00    1.3251700E-02
0.46    10.0    480.00    1.3111600E-02    0.0000000E+00    1.3111600E-02
0.46    20.0    480.00    1.2725800E-02    0.0000000E+00    1.2725800E-02
0.46    30.0    480.00    1.2121400E-02    0.0000000E+00    1.2121400E-02
0.46    40.0    480.00    1.1346900E-02    0.0000000E+00    1.1346900E-02
0.46    50.0    480.00    1.0459200E-02    0.0000000E+00    1.0459200E-02
0.46    60.0    480.00    9.5170000E-03    0.0000000E+00    9.5170000E-03
0.46    70.0    480.00    8.5755000E-03    0.0000000E+00    8.5755000E-03
0.46    80.0    480.00    7.6914800E-03    0.0000000E+00    7.6914800E-03
0.46    90.0    480.00    6.7148500E-03    0.0000000E+00    6.7148500E-03
0.46    100.0    480.00    5.8259100E-03    0.0000000E+00    5.8259100E-03
0.46    110.0    480.00    5.1942200E-03    0.0000000E+00    5.1942200E-03
0.46    120.0    480.00    4.6411100E-03    0.0000000E+00    4.6411100E-03
0.46    130.0    480.00    4.1797800E-03    0.0000000E+00    4.1797800E-03
0.46    140.0    480.00    3.8103100E-03    0.0000000E+00    3.8103100E-03
0.46    150.0    480.00    3.5291100E-03    0.0000000E+00    3.5291100E-03
0.46    160.0    480.00    3.3319200E-03    0.0000000E+00    3.3319200E-03
0.46    170.0    480.00    3.2149200E-03    0.0000000E+00    3.2149200E-03
0.46    180.0    480.00    3.1738300E-03    0.0000000E+00    3.1738300E-03
0.47    0.0    480.00    1.2426200E-02    0.0000000E+00    1.2426200E-02
0.47    10.0    480.00    1.2295100E-02    0.0000000E+00    1.2295100E-02
0.47    20.0    480.00    1.1933900E-02    0.0000000E+00    1.1933900E-02
0.47    30.0    480.00    1.1367700E-02    0.0000000E+00    1.1367700E-02
0.47    40.0    480.00    1.0641400E-02    0.0000000E+00    1.0641400E-02
0.47    50.0    480.00    9.8083200E-03    0.0000000E+00    9.8083200E-03
0.47    60.0    480.00    8.9232500E-03    0.0000000E+00    8.9232500E-03
0.47    70.0    480.00    8.0382800E-03    0.0000000E+00    8.0382800E-03
0.47    80.0    480.00    7.2069100E-03    0.0000000E+00    7.2069100E-03
0.47    90.0    480.00    6.2879750E-03    0.0000000E+00    6.2879750E-03
0.47    100.0    480.00    5.4512100E-03    0.0000000E+00    5.4512100E-03
0.47    110.0    480.00    4.8562100E-03    0.0000000E+00    4.8562100E-03
0.47    120.0    480.00    4.3348900E-03    0.0000000E+00    4.3348900E-03
0.47    130.0    480.00    3.8997500E-03    0.0000000E+00    3.8997500E-03
0.47    140.0    480.00    3.5509600E-03    0.0000000E+00    3.5509600E-03
0.47    150.0    480.00    3.2852800E-03    0.0000000E+00    3.2852800E-03
0.47    160.0    480.00    3.0988400E-03    0.0000000E+00    3.0988400E-03
0.47    170.0    480.00    2.9881600E-03    0.0000000E+00    2.9881600E-03
0.47    180.0    480.00    2.9492700E-03    0.0000000E+00    2.9492700E-03
0.48    0.0    480.00    1.1652200E-02    0.0000000E+00    1.1652200E-02
0.48    10.0    480.00    1.1529300E-02    0.0000000E+00    1.1529300E-02
0.48    20.0    480.00    1.1190800E-02    0.0000000E+00    1.1190800E-02
0.48    30.0    480.00    1.0659900E-02    0.0000000E+00    1.0659900E-02
0.48    40.0    480.00    9.9785100E-03    0.0000000E+00    9.9785100E-03
0.48    50.0    480.00    9.1962900E-03    0.0000000E+00    9.1962900E-03
0.48    60.0    480.00    8.3647100E-03    0.0000000E+00    8.3647100E-03
0.48    70.0    480.00    7.5327500E-03    0.0000000E+00    7.5327500E-03
0.48    80.0    480.00    6.7508200E-03    0.0000000E+00    6.7508200E-03
0.48    90.0    480.00    5.8860350E-03    0.0000000E+00    5.8860350E-03
0.48    100.0    480.00    5.0982100E-03    0.0000000E+00    5.0982100E-03
0.48    110.0    480.00    4.5375900E-03    0.0000000E+00    4.5375900E-03
0.48    120.0    480.00    4.0460200E-03    0.0000000E+00    4.0460200E-03
0.48    130.0    480.00    3.6353400E-03    0.0000000E+00    3.6353400E-03
0.48    140.0    480.00    3.3058500E-03    0.0000000E+00    3.3058500E-03
0.48    150.0    480.00    3.0546300E-03    0.0000000E+00    3.0546300E-03
0.48    160.0    480.00    2.8781800E-03    0.0000000E+00    2.8781800E-03
0.48    170.0    480.00    2.7733600E-03    0.0000000E+00    2.7733600E-03
0.48    180.0    480.00    2.7365200E-03    0.0000000E+00    2.7365200E-03
0.49    0.0    480.00    1.0926000E-02    0.0000000E+00    1.0926000E-02
0.49    10.0    480.00    1.0810700E-02    0.0000000E+00    1.0810700E-02
0.49    20.0    480.00    1.0493300E-02    0.0000000E+00    1.0493300E-02
0.49    30.0    480.00    9.9952300E-03    0.0000000E+00    9.9952300E-03
0.49    40.0    480.00    9.3555900E-03    0.0000000E+00    9.3555900E-03
0.49    50.0    480.00    8.6208700E-03    0.0000000E+00    8.6208700E-03
0.49    60.0    480.00    7.8393600E-03    0.0000000E+00    7.8393600E-03
0.49    70.0    480.00    7.0571200E-03    0.0000000E+00    7.0571200E-03
0.49    80.0    480.00    6.3215500E-03    0.0000000E+00    6.3215500E-03
0.49    90.0    480.00    5.5075450E-03    0.0000000E+00    5.5075450E-03
0.49    100.0    480.00    4.7655700E-03    0.0000000E+00    4.7655700E-03
0.49    110.0    480.00    4.2371300E-03    0.0000000E+00    4.2371300E-03
0.49    120.0    480.00    3.7733600E-03    0.0000000E+00    3.7733600E-03
0.49    130.0    480.00    3.3855100E-03    0.0000000E+00    3.3855100E-03
0.49    140.0    480.00    3.0740000E-03    0.0000000E+00    3.0740000E-03
0.49    150.0    480.00    2.8362200E-03    0.0000000E+00    2.8362200E-03
0.49    160.0    480.00    2.6690400E-03    0.0000000E+00    2.6690400E-03
0.49    170.0    480.00    2.5696600E-03    0.0000000E+00    2.5696600E-03
0.49    180.0    480.00    2.5347100E-03    0.0000000E+00    2.5347100E-03
0.50    0.0    480.00    1.0244400E-02    0.0000000E+00    1.0244400E-02
0.50    10.0    480.00    1.0136300E-02    0.0000000E+00    1.0136300E-02
0.50    20.0    480.00    9.8384000E-03    0.0000000E+00    9.8384000E-03
0.50    30.0    480.00    9.3708800E-03    0.0000000E+00    9.3708800E-03
0.50    40.0    480.00    8.7701900E-03    0.0000000E+00    8.7701900E-03
0.50    50.0    480.00    8.0798800E-03    0.0000000E+00    8.0798800E-03
0.50    60.0    480.00    7.3452700E-03    0.0000000E+00    7.3452700E-03
0.50    70.0    480.00    6.6096100E-03    0.0000000E+00    6.6096100E-03
0.50    80.0    480.00    5.9175000E-03    0.0000000E+00    5.9175000E-03
0.50    90.0    480.00    5.1510750E-03    0.0000000E+00    5.1510750E-03
0.50    100.0    480.00    4.4520300E-03    0.0000000E+00    4.4520300E-03
0.50    110.0    480.00    3.9536700E-03    0.0000000E+00    3.9536700E-03
0.50    120.0    480.00    3.5158600E-03    0.0000000E+00    3.5158600E-03
0.50    130.0    480.00    3.1493000E-03    0.0000000E+00    3.1493000E-03
0.50    140.0    480.00    2.8545000E-03    0.0000000E+00    2.8545000E-03
0.50    150.0    480.00    2.6292000E-03    0.0000000E+00    2.6292000E-03
0.50    160.0    480.00    2.4706000E-03    0.0000000E+00    2.4706000E-03
0.50    170.0    480.00    2.3762200E-03    0.0000000E+00    2.3762200E-03
0.50    180.0    480.00    2.3430200E-03    0.0000000E+00    2.3430200E-03
0.51    0.0    480.00    9.6044300E-03    0.0000000E+00    9.6044300E-03
0.51    10.0    480.00    9.5029600E-03    0.0000000E+00    9.5029600E-03
0.51    20.0    480.00    9.2233200E-03    0.0000000E+00    9.2233200E-03
0.51    30.0    480.00    8.7842900E-03    0.0000000E+00    8.7842900E-03
0.51    40.0    480.00    8.2199800E-03    0.0000000E+00    8.2199800E-03
0.51    50.0    480.00    7.5712300E-03    0.0000000E+00    7.5712300E-03
0.51    60.0    480.00    6.8805200E-03    0.0000000E+00    6.8805200E-03
0.51    70.0    480.00    6.1885000E-03    0.0000000E+00    6.1885000E-03
0.51    80.0    480.00    5.5371100E-03    0.0000000E+00    5.5371100E-03
0.51    90.0    480.00    4.8152350E-03    0.0000000E+00    4.8152350E-03
0.51    100.0    480.00    4.1563600E-03    0.0000000E+00    4.1563600E-03
0.51    110.0    480.00    3.6861100E-03    0.0000000E+00    3.6861100E-03
0.51    120.0    480.00    3.2725100E-03    0.0000000E+00    3.2725100E-03
0.51    130.0    480.00    2.9257600E-03    0.0000000E+00    2.9257600E-03
0.51    140.0    480.00    2.6464900E-03    0.0000000E+00    2.6464900E-03
0.51    150.0    480.00    2.4327100E-03    0.0000000E+00    2.4327100E-03
0.51    160.0    480.00    2.2820200E-03    0.0000000E+00    2.2820200E-03
0.51    170.0    480.00    2.1922500E-03    0.0000000E+00    2.1922500E-03
0.51    180.0    480.00    2.1606500E-03    0.0000000E+00    2.1606500E-03
0.52    0.0    480.00    9.0034300E-03    0.0000000E+00    9.0034300E-03
0.52    10.0    480.00    8.9081500E-03    0.0000000E+00    8.9081500E-03
0.52    20.0    480.00    8.6455200E-03    0.0000000E+00    8.6455200E-03
0.52    30.0    480.00    8.2330900E-03    0.0000000E+00    8.2330900E-03
0.52    40.0    480.00    7.7028100E-03    0.0000000E+00    7.7028100E-03
0.52    50.0    480.00    7.0929400E-03    0.0000000E+00    7.0929400E-03
0.52    60.0    480.00    6.4433400E-03    0.0000000E+00    6.4433400E-03
0.52    70.0    480.00    5.7922000E-03    0.0000000E+00    5.7922000E-03
0.52    80.0    480.00    5.1789300E-03    0.0000000E+00    5.1789300E-03
0.52    90.0    480.00    4.4987400E-03    0.0000000E+00    4.4987400E-03
0.52    100.0    480.00    3.8774200E-03    0.0000000E+00    3.8774200E-03
0.52    110.0    480.00    3.4334000E-03    0.0000000E+00    3.4334000E-03
0.52    120.0    480.00    3.0423700E-03    0.0000000E+00    3.0423700E-03
0.52    130.0    480.00    2.7140400E-03    0.0000000E+00    2.7140400E-03
0.52    140.0    480.00    2.4491300E-03    0.0000000E+00    2.4491300E-03
0.52    150.0    480.00    2.2459800E-03    0.0000000E+00    2.2459800E-03
0.52    160.0    480.00    2.1025300E-03    0.0000000E+00    2.1025300E-03
0.52    170.0    480.00    2.0169700E-03    0.0000000E+00    2.0169700E-03
0.52    180.0    480.00    1.9868400E-03    0.0000000E+00    1.9868400E-03
0.53    0.0    480.00    8.4388600E-03    0.0000000E+00    8.4388600E-03
0.53    10.0    480.00    8.3493500E-03    0.0000000E+00    8.3493500E-03
0.53    20.0    480.00    8.1026100E-03    0.0000000E+00    8.1026100E-03
0.53    30.0    480.00    7.7150500E-03    0.0000000E+00    7.7150500E-03
0.53    40.0    480.00    7.2165900E-03    0.0000000E+00    7.2165900E-03
0.53    50.0    480.00    6.6431000E-03    0.0000000E+00    6.6431000E-03
0.53    60.0    480.00    6.0320100E-03    0.0000000E+00    6.0320100E-03
0.53    70.0    480.00    5.4191400E-03    0.0000000E+00    5.4191400E-03
0.53    80.0    480.00    4.8415500E-03    0.0000000E+00    4.8415500E-03
0.53    90.0    480.00    4.2003450E-03    0.0000000E+00    4.2003450E-03
0.53    100.0    480.00    3.6141200E-03    0.0000000E+00    3.6141200E-03
0.53    110.0    480.00    3.1945800E-03    0.0000000E+00    3.1945800E-03
0.53    120.0    480.00    2.8245600E-03    0.0000000E+00    2.8245600E-03
0.53    130.0    480.00    2.5133000E-03    0.0000000E+00    2.5133000E-03
0.53    140.0    480.00    2.2616400E-03    0.0000000E+00    2.2616400E-03
0.53    150.0    480.00    2.0682200E-03    0.0000000E+00    2.0682200E-03
0.53    160.0    480.00    1.9313700E-03    0.0000000E+00    1.9313700E-03
0.53    170.0    480.00    1.8496200E-03    0.0000000E+00    1.8496200E-03
0.53    180.0    480.00    1.8208100E-03    0.0000000E+00    1.8208100E-03
0.54    0.0    480.00    7.9083600E-03    0.0000000E+00    7.9083600E-03
0.54    10.0    480.00    7.8242400E-03    0.0000000E+00    7.8242400E-03
0.54    20.0    480.00    7.5923600E-03    0.0000000E+00    7.5923600E-03
0.54    30.0    480.00    7.2280500E-03    0.0000000E+00    7.2280500E-03
0.54    40.0    480.00    6.7593700E-03    0.0000000E+00    6.7593700E-03
0.54    50.0    480.00    6.2199500E-03    0.0000000E+00    6.2199500E-03
0.54    60.0    480.00    5.6449000E-03    0.0000000E+00    5.6449000E-03
0.54    70.0    480.00    5.0678500E-03    0.0000000E+00    5.0678500E-03
0.54    80.0    480.00    4.5236600E-03    0.0000000E+00    4.5236600E-03
0.54    90.0    480.00    3.9189000E-03    0.0000000E+00    3.9189000E-03
0.54    100.0    480.00    3.3654500E-03    0.0000000E+00    3.3654500E-03
0.54    110.0    480.00    2.9687500E-03    0.0000000E+00    2.9687500E-03
0.54    120.0    480.00    2.6182600E-03    0.0000000E+00    2.6182600E-03
0.54    130.0    480.00    2.3227800E-03    0.0000000E+00    2.3227800E-03
0.54    140.0    480.00    2.0832700E-03    0.0000000E+00    2.0832700E-03
0.54    150.0    480.00    1.8986900E-03    0.0000000E+00    1.8986900E-03
0.54    160.0    480.00    1.7677900E-03    0.0000000E+00    1.7677900E-03
0.54    170.0    480.00    1.6894600E-03    0.0000000E+00    1.6894600E-03
0.54    180.0    480.00    1.6618400E-03    0.0000000E+00    1.6618400E-03
0.55    0.0    480.00    7.4097800E-03    0.0000000E+00    7.4097800E-03
0.55    10.0    480.00    7.3307200E-03    0.0000000E+00    7.3307200E-03
0.55    20.0    480.00    7.1127200E-03    0.0000000E+00    7.1127200E-03
0.55    30.0    480.00    6.7701800E-03    0.0000000E+00    6.7701800E-03
0.55    40.0    480.00    6.3293700E-03    0.0000000E+00    6.3293700E-03
0.55    50.0    480.00    5.8218300E-03    0.0000000E+00    5.8218300E-03
0.55    60.0    480.00    5.2805100E-03    0.0000000E+00    5.2805100E-03
0.55    70.0    480.00    4.7369900E-03    0.0000000E+00    4.7369900E-03
0.55    80.0    480.00    4.2240300E-03    0.0000000E+00    4.2240300E-03
0.55    90.0    480.00    3.6533500E-03    0.0000000E+00    3.6533500E-03
0.55    100.0    480.00    3.1305300E-03    0.0000000E+00    3.1305300E-03
0.55    110.0    480.00    2.7551200E-03    0.0000000E+00    2.7551200E-03
0.55    120.0    480.00    2.4227500E-03    0.0000000E+00    2.4227500E-03
0.55    130.0    480.00    2.1418000E-03    0.0000000E+00    2.1418000E-03
0.55    140.0    480.00    1.9133100E-03    0.0000000E+00    1.9133100E-03
0.55    150.0    480.00    1.7366500E-03    0.0000000E+00    1.7366500E-03
0.55    160.0    480.00    1.6110400E-03    0.0000000E+00    1.6110400E-03
0.55    170.0    480.00    1.5357600E-03    0.0000000E+00    1.5357600E-03
0.55    180.0    480.00    1.5092000E-03    0.0000000E+00    1.5092000E-03
0.56    0.0    480.00    6.9410900E-03    0.0000000E+00    6.9410900E-03
0.56    10.0    480.00    6.8667500E-03    0.0000000E+00    6.8667500E-03
0.56    20.0    480.00    6.6617500E-03    0.0000000E+00    6.6617500E-03
0.56    30.0    480.00    6.3395700E-03    0.0000000E+00    6.3395700E-03
0.56    40.0    480.00    5.9248400E-03    0.0000000E+00    5.9248400E-03
0.56    50.0    480.00    5.4471500E-03    0.0000000E+00    5.4471500E-03
0.56    60.0    480.00    4.9374100E-03    0.0000000E+00    4.9374100E-03
0.56    70.0    480.00    4.4252600E-03    0.0000000E+00    4.4252600E-03
0.56    80.0    480.00    3.9415300E-03    0.0000000E+00    3.9415300E-03
0.56    90.0    480.00    3.4027300E-03    0.0000000E+00    3.4027300E-03
0.56    100.0    480.00    2.9085600E-03    0.0000000E+00    2.9085600E-03
0.56    110.0    480.00    2.5530000E-03    0.0000000E+00    2.5530000E-03
0.56    120.0    480.00    2.2374200E-03    0.0000000E+00    2.2374200E-03
0.56    130.0    480.00    1.9697000E-03    0.0000000E+00    1.9697000E-03
0.56    140.0    480.00    1.7510400E-03    0.0000000E+00    1.7510400E-03
0.56    150.0    480.00    1.5813200E-03    0.0000000E+00    1.5813200E-03
0.56    160.0    480.00    1.4603500E-03    0.0000000E+00    1.4603500E-03
0.56    170.0    480.00    1.3878000E-03    0.0000000E+00    1.3878000E-03
0.56    180.0    480.00    1.3622000E-03    0.0000000E+00    1.3622000E-03
0.57    0.0    480.00    6.5003700E-03    0.0000000E+00    6.5003700E-03
0.57    10.0    480.00    6.4304400E-03    0.0000000E+00    6.4304400E-03
0.57    20.0    480.00    6.2376100E-03    0.0000000E+00    6.2376100E-03
0.57    30.0    480.00    5.9344900E-03    0.0000000E+00    5.9344900E-03
0.57    40.0    480.00    5.5441800E-03    0.0000000E+00    5.5441800E-03
0.57    50.0    480.00    5.0944300E-03    0.0000000E+00    5.0944300E-03
0.57    60.0    480.00    4.6142400E-03    0.0000000E+00    4.6142400E-03
0.57    70.0    480.00    4.1314700E-03    0.0000000E+00    4.1314700E-03
0.57    80.0    480.00    3.6751200E-03    0.0000000E+00    3.6751200E-03
0.57    90.0    480.00    3.1662300E-03    0.0000000E+00    3.1662300E-03
0.57    100.0    480.00    2.6989500E-03    0.0000000E+00    2.6989500E-03
0.57    110.0    480.00    2.3619700E-03    0.0000000E+00    2.3619700E-03
0.57    120.0    480.00    2.0618500E-03    0.0000000E+00    2.0618500E-03
0.57    130.0    480.00    1.8059100E-03    0.0000000E+00    1.8059100E-03
0.57    140.0    480.00    1.5956500E-03    0.0000000E+00    1.5956500E-03
0.57    150.0    480.00    1.4318300E-03    0.0000000E+00    1.4318300E-03
0.57    160.0    480.00    1.3149500E-03    0.0000000E+00    1.3149500E-03
0.57    170.0    480.00    1.2449100E-03    0.0000000E+00    1.2449100E-03
0.57    180.0    480.00    1.2202100E-03    0.0000000E+00    1.2202100E-03
0.58    0.0    480.00    6.0858700E-03    0.0000000E+00    6.0858700E-03
0.58    10.0    480.00    6.0200800E-03    0.0000000E+00    6.0200800E-03
0.58    20.0    480.00    5.8386300E-03    0.0000000E+00    5.8386300E-03
0.58    30.0    480.00    5.5533600E-03    0.0000000E+00    5.5533600E-03
0.58    40.0    480.00    5.1859100E-03    0.0000000E+00    5.1859100E-03
0.58    50.0    480.00    4.7623200E-03    0.0000000E+00    4.7623200E-03
0.58    60.0    480.00    4.3098300E-03    0.0000000E+00    4.3098300E-03
0.58    70.0    480.00    3.8546100E-03    0.0000000E+00    3.8546100E-03
0.58    80.0    480.00    3.4240100E-03    0.0000000E+00    3.4240100E-03
0.58    90.0    480.00    2.9433850E-03    0.0000000E+00    2.9433850E-03
0.58    100.0    480.00    2.5016300E-03    0.0000000E+00    2.5016300E-03
0.58    110.0    480.00    2.1821500E-03    0.0000000E+00    2.1821500E-03
0.58    120.0    480.00    1.8959700E-03    0.0000000E+00    1.8959700E-03
0.58    130.0    480.00    1.6497800E-03    0.0000000E+00    1.6497800E-03
0.58    140.0    480.00    1.4461300E-03    0.0000000E+00    1.4461300E-03
0.58    150.0    480.00    1.2871700E-03    0.0000000E+00    1.2871700E-03
0.58    160.0    480.00    1.1740500E-03    0.0000000E+00    1.1740500E-03
0.58    170.0    480.00    1.1065300E-03    0.0000000E+00    1.1065300E-03
0.58    180.0    480.00    1.0827800E-03    0.0000000E+00    1.0827800E-03
0.59    0.0    480.00    5.6959600E-03    0.0000000E+00    5.6959600E-03
0.59    10.0    480.00    5.6340400E-03    0.0000000E+00    5.6340400E-03
0.59    20.0    480.00    5.4632600E-03    0.0000000E+00    5.4632600E-03
0.59    30.0    480.00    5.1946900E-03    0.0000000E+00    5.1946900E-03
0.59    40.0    480.00    4.8486700E-03    0.0000000E+00    4.8486700E-03
0.59    50.0    480.00    4.4496200E-03    0.0000000E+00    4.4496200E-03
0.59    60.0    480.00    4.0231500E-03    0.0000000E+00    4.0231500E-03
0.59    70.0    480.00    3.5939500E-03    0.0000000E+00    3.5939500E-03
0.59    80.0    480.00    3.1878900E-03    0.0000000E+00    3.1878900E-03
0.59    90.0    480.00    2.7347750E-03    0.0000000E+00    2.7347750E-03
0.59    100.0    480.00    2.3182500E-03    0.0000000E+00    2.3182500E-03
0.59    110.0    480.00    2.0154000E-03    0.0000000E+00    2.0154000E-03
0.59    120.0    480.00    1.7401200E-03    0.0000000E+00    1.7401200E-03
0.59    130.0    480.00    1.5000500E-03    0.0000000E+00    1.5000500E-03
0.59    140.0    480.00    1.3008400E-03    0.0000000E+00    1.3008400E-03
0.59    150.0    480.00    1.1461400E-03    0.0000000E+00    1.1461400E-03
0.59    160.0    480.00    1.0369700E-03    0.0000000E+00    1.0369700E-03
0.59    170.0    480.00    9.7232600E-04    0.0000000E+00    9.7232600E-04
0.59    180.0    480.00    9.4969100E-04    0.0000000E+00    9.4969100E-04
0.60    0.0    480.00    5.3407300E-03    0.0000000E+00    5.3407300E-03
0.60    10.0    480.00    5.2823400E-03    0.0000000E+00    5.2823400E-03
0.60    20.0    480.00    5.1212800E-03    0.0000000E+00    5.1212800E-03
0.60    30.0    480.00    4.8679700E-03    0.0000000E+00    4.8679700E-03
0.60    40.0    480.00    4.5415300E-03    0.0000000E+00    4.5415300E-03
0.60    50.0    480.00    4.1650400E-03    0.0000000E+00    4.1650400E-03
0.60    60.0    480.00    3.7627700E-03    0.0000000E+00    3.7627700E-03
0.60    70.0    480.00    3.3585200E-03    0.0000000E+00    3.3585200E-03
0.60    80.0    480.00    2.9783500E-03    0.0000000E+00    2.9783500E-03
0.60    90.0    480.00    2.5623050E-03    0.0000000E+00    2.5623050E-03
0.60    100.0    480.00    2.1701300E-03    0.0000000E+00    2.1701300E-03
0.60    110.0    480.00    1.8709800E-03    0.0000000E+00    1.8709800E-03
0.60    120.0    480.00    1.5957700E-03    0.0000000E+00    1.5957700E-03
0.60    130.0    480.00    1.3571800E-03    0.0000000E+00    1.3571800E-03
0.60    140.0    480.00    1.1614900E-03    0.0000000E+00    1.1614900E-03
0.60    150.0    480.00    1.0115300E-03    0.0000000E+00    1.0115300E-03
0.60    160.0    480.00    9.0715100E-04    0.0000000E+00    9.0715100E-04
0.60    170.0    480.00    8.4607400E-04    0.0000000E+00    8.4607400E-04
0.60    180.0    480.00    8.2481700E-04    0.0000000E+00    8.2481700E-04
0.61    0.0    480.00    5.2114900E-03    0.0000000E+00    5.2114900E-03
0.61    10.0    480.00    5.1545000E-03    0.0000000E+00    5.1545000E-03
0.61    20.0    480.00    4.9973200E-03    0.0000000E+00    4.9973200E-03
0.61    30.0    480.00    4.7501400E-03    0.0000000E+00    4.7501400E-03
0.61    40.0    480.00    4.4317500E-03    0.0000000E+00    4.4317500E-03
0.61    50.0    480.00    4.0649000E-03    0.0000000E+00    4.0649000E-03
0.61    60.0    480.00    3.6738800E-03    0.0000000E+00    3.6738800E-03
0.61    70.0    480.00    3.2829800E-03    0.0000000E+00    3.2829800E-03
0.61    80.0    480.00    2.9162200E-03    0.0000000E+00    2.9162200E-03
0.61    90.0    480.00    2.4994650E-03    0.0000000E+00    2.4994650E-03
0.61    100.0    480.00    2.1040800E-03    0.0000000E+00    2.1040800E-03
0.61    110.0    480.00    1.8060500E-03    0.0000000E+00    1.8060500E-03
0.61    120.0    480.00    1.5328000E-03    0.0000000E+00    1.5328000E-03
0.61    130.0    480.00    1.2965500E-03    0.0000000E+00    1.2965500E-03
0.61    140.0    480.00    1.1035000E-03    0.0000000E+00    1.1035000E-03
0.61    150.0    480.00    9.5638300E-04    0.0000000E+00    9.5638300E-04
0.61    160.0    480.00    8.5463300E-04    0.0000000E+00    8.5463300E-04
0.61    170.0    480.00    7.9543000E-04    0.0000000E+00    7.9543000E-04
0.61    180.0    480.00    7.7488700E-04    0.0000000E+00    7.7488700E-04
0.62    0.0    480.00    5.0852800E-03    0.0000000E+00    5.0852800E-03
0.62    10.0    480.00    5.0296700E-03    0.0000000E+00    5.0296700E-03
0.62    20.0    480.00    4.8762700E-03    0.0000000E+00    4.8762700E-03
0.62    30.0    480.00    4.6351000E-03    0.0000000E+00    4.6351000E-03
0.62    40.0    480.00    4.3246000E-03    0.0000000E+00    4.3246000E-03
0.62    50.0    480.00    3.9671800E-03    0.0000000E+00    3.9671800E-03
0.62    60.0    480.00    3.5867400E-03    0.0000000E+00    3.5867400E-03
0.62    70.0    480.00    3.2059200E-03    0.0000000E+00    3.2059200E-03
0.62    80.0    480.00    2.8447000E-03    0.0000000E+00    2.8447000E-03
0.62    90.0    480.00    2.4299900E-03    0.0000000E+00    2.4299900E-03
0.62    100.0    480.00    2.0366500E-03    0.0000000E+00    2.0366500E-03
0.62    110.0    480.00    1.7406700E-03    0.0000000E+00    1.7406700E-03
0.62    120.0    480.00    1.4696700E-03    0.0000000E+00    1.4696700E-03
0.62    130.0    480.00    1.2359100E-03    0.0000000E+00    1.2359100E-03
0.62    140.0    480.00    1.0457200E-03    0.0000000E+00    1.0457200E-03
0.62    150.0    480.00    9.0170600E-04    0.0000000E+00    9.0170600E-04
0.62    160.0    480.00    8.0284100E-04    0.0000000E+00    8.0284100E-04
0.62    170.0    480.00    7.4569600E-04    0.0000000E+00    7.4569600E-04
0.62    180.0    480.00    7.2593600E-04    0.0000000E+00    7.2593600E-04
0.63    0.0    480.00    4.9619900E-03    0.0000000E+00    4.9619900E-03
0.63    10.0    480.00    4.9077200E-03    0.0000000E+00    4.9077200E-03
0.63    20.0    480.00    4.7580100E-03    0.0000000E+00    4.7580100E-03
0.63    30.0    480.00    4.5227100E-03    0.0000000E+00    4.5227100E-03
0.63    40.0    480.00    4.2198700E-03    0.0000000E+00    4.2198700E-03
0.63    50.0    480.00    3.8714500E-03    0.0000000E+00    3.8714500E-03
0.63    60.0    480.00    3.5003900E-03    0.0000000E+00    3.5003900E-03
0.63    70.0    480.00    3.1273500E-03    0.0000000E+00    3.1273500E-03
0.63    80.0    480.00    2.7706300E-03    0.0000000E+00    2.7706300E-03
0.63    90.0    480.00    2.3592300E-03    0.0000000E+00    2.3592300E-03
0.63    100.0    480.00    1.9688300E-03    0.0000000E+00    1.9688300E-03
0.63    110.0    480.00    1.6751300E-03    0.0000000E+00    1.6751300E-03
0.63    120.0    480.00    1.4064600E-03    0.0000000E+00    1.4064600E-03
0.63    130.0    480.00    1.1752900E-03    0.0000000E+00    1.1752900E-03
0.63    140.0    480.00    9.8817100E-04    0.0000000E+00    9.8817100E-04
0.63    150.0    480.00    8.4755200E-04    0.0000000E+00    8.4755200E-04
0.63    160.0    480.00    7.5186400E-04    0.0000000E+00    7.5186400E-04
0.63    170.0    480.00    6.9697800E-04    0.0000000E+00    6.9697800E-04
0.63    180.0    480.00    6.7807400E-04    0.0000000E+00    6.7807400E-04
0.64    0.0    480.00    4.8415000E-03    0.0000000E+00    4.8415000E-03
0.64    10.0    480.00    4.7885300E-03    0.0000000E+00    4.7885300E-03
0.64    20.0    480.00    4.6424200E-03    0.0000000E+00    4.6424200E-03
0.64    30.0    480.00    4.4128000E-03    0.0000000E+00    4.4128000E-03
0.64    40.0    480.00    4.1173400E-03    0.0000000E+00    4.1173400E-03
0.64    50.0    480.00    3.7773500E-03    0.0000000E+00    3.7773500E-03
0.64    60.0    480.00    3.4146000E-03    0.0000000E+00    3.4146000E-03
0.64    70.0    480.00    3.0481300E-03    0.0000000E+00    3.0481300E-03
0.64    80.0    480.00    2.6957400E-03    0.0000000E+00    2.6957400E-03
0.64    90.0    480.00    2.2880750E-03    0.0000000E+00    2.2880750E-03
0.64    100.0    480.00    1.9008800E-03    0.0000000E+00    1.9008800E-03
0.64    110.0    480.00    1.6094800E-03    0.0000000E+00    1.6094800E-03
0.64    120.0    480.00    1.3431300E-03    0.0000000E+00    1.3431300E-03
0.64    130.0    480.00    1.1146500E-03    0.0000000E+00    1.1146500E-03
0.64    140.0    480.00    9.3084000E-04    0.0000000E+00    9.3084000E-04
0.64    150.0    480.00    7.9396800E-04    0.0000000E+00    7.9396800E-04
0.64    160.0    480.00    7.0178700E-04    0.0000000E+00    7.0178700E-04
0.64    170.0    480.00    6.4937900E-04    0.0000000E+00    6.4937900E-04
0.64    180.0    480.00    6.3141000E-04    0.0000000E+00    6.3141000E-04
0.65    0.0    480.00    4.7237100E-03    0.0000000E+00    4.7237100E-03
0.65    10.0    480.00    4.6720000E-03    0.0000000E+00    4.6720000E-03
0.65    20.0    480.00    4.5293900E-03    0.0000000E+00    4.5293900E-03
0.65    30.0    480.00    4.3052700E-03    0.0000000E+00    4.3052700E-03
0.65    40.0    480.00    4.0168400E-03    0.0000000E+00    4.0168400E-03
0.65    50.0    480.00    3.6846700E-03    0.0000000E+00    3.6846700E-03
0.65    60.0    480.00    3.3293500E-03    0.0000000E+00    3.3293500E-03
0.65    70.0    480.00    2.9687900E-03    0.0000000E+00    2.9687900E-03
0.65    80.0    480.00    2.6206500E-03    0.0000000E+00    2.6206500E-03
0.65    90.0    480.00    2.2168400E-03    0.0000000E+00    2.2168400E-03
0.65    100.0    480.00    1.8328700E-03    0.0000000E+00    1.8328700E-03
0.65    110.0    480.00    1.5436900E-03    0.0000000E+00    1.5436900E-03
0.65    120.0    480.00    1.2796100E-03    0.0000000E+00    1.2796100E-03
0.65    130.0    480.00    1.0539100E-03    0.0000000E+00    1.0539100E-03
0.65    140.0    480.00    8.7372400E-04    0.0000000E+00    8.7372400E-04
0.65    150.0    480.00    7.4100900E-04    0.0000000E+00    7.4100900E-04
0.65    160.0    480.00    6.5270300E-04    0.0000000E+00    6.5270300E-04
0.65    170.0    480.00    6.0300900E-04    0.0000000E+00    6.0300900E-04
0.65    180.0    480.00    5.8605800E-04    0.0000000E+00    5.8605800E-04
0.66    0.0    480.00    4.6085200E-03    0.0000000E+00    4.6085200E-03
0.66    10.0    480.00    4.5580300E-03    0.0000000E+00    4.5580300E-03
0.66    20.0    480.00    4.4188000E-03    0.0000000E+00    4.4188000E-03
0.66    30.0    480.00    4.1999600E-03    0.0000000E+00    4.1999600E-03
0.66    40.0    480.00    3.9182100E-03    0.0000000E+00    3.9182100E-03
0.66    50.0    480.00    3.5932900E-03    0.0000000E+00    3.5932900E-03
0.66    60.0    480.00    3.2447400E-03    0.0000000E+00    3.2447400E-03
0.66    70.0    480.00    2.8896500E-03    0.0000000E+00    2.8896500E-03
0.66    80.0    480.00    2.5456400E-03    0.0000000E+00    2.5456400E-03
0.66    90.0    480.00    2.1456400E-03    0.0000000E+00    2.1456400E-03
0.66    100.0    480.00    1.7647800E-03    0.0000000E+00    1.7647800E-03
0.66    110.0    480.00    1.4776600E-03    0.0000000E+00    1.4776600E-03
0.66    120.0    480.00    1.2157700E-03    0.0000000E+00    1.2157700E-03
0.66    130.0    480.00    9.9300800E-04    0.0000000E+00    9.9300800E-04
0.66    140.0    480.00    8.1681100E-04    0.0000000E+00    8.1681100E-04
0.66    150.0    480.00    6.8873900E-04    0.0000000E+00    6.8873900E-04
0.66    160.0    480.00    6.0472200E-04    0.0000000E+00    6.0472200E-04
0.66    170.0    480.00    5.5799000E-04    0.0000000E+00    5.5799000E-04
0.66    180.0    480.00    5.4214100E-04    0.0000000E+00    5.4214100E-04
0.67    0.0    480.00    4.4958300E-03    0.0000000E+00    4.4958300E-03
0.67    10.0    480.00    4.4465300E-03    0.0000000E+00    4.4465300E-03
0.67    20.0    480.00    4.3105400E-03    0.0000000E+00    4.3105400E-03
0.67    30.0    480.00    4.0967500E-03    0.0000000E+00    4.0967500E-03
0.67    40.0    480.00    3.8213200E-03    0.0000000E+00    3.8213200E-03
0.67    50.0    480.00    3.5031400E-03    0.0000000E+00    3.5031400E-03
0.67    60.0    480.00    3.1608300E-03    0.0000000E+00    3.1608300E-03
0.67    70.0    480.00    2.8108800E-03    0.0000000E+00    2.8108800E-03
0.67    80.0    480.00    2.4708600E-03    0.0000000E+00    2.4708600E-03
0.67    90.0    480.00    2.0744850E-03    0.0000000E+00    2.0744850E-03
0.67    100.0    480.00    1.6964900E-03    0.0000000E+00    1.6964900E-03
0.67    110.0    480.00    1.4112400E-03    0.0000000E+00    1.4112400E-03
0.67    120.0    480.00    1.1514700E-03    0.0000000E+00    1.1514700E-03
0.67    130.0    480.00    9.3182400E-04    0.0000000E+00    9.3182400E-04
0.67    140.0    480.00    7.6009900E-04    0.0000000E+00    7.6009900E-04
0.67    150.0    480.00    6.3724200E-04    0.0000000E+00    6.3724200E-04
0.67    160.0    480.00    5.5796900E-04    0.0000000E+00    5.5796900E-04
0.67    170.0    480.00    5.1445500E-04    0.0000000E+00    5.1445500E-04
0.67    180.0    480.00    4.9979200E-04    0.0000000E+00    4.9979200E-04
0.68    0.0    480.00    4.3855300E-03    0.0000000E+00    4.3855300E-03
0.68    10.0    480.00    4.3373600E-03    0.0000000E+00    4.3373600E-03
0.68    20.0    480.00    4.2045000E-03    0.0000000E+00    4.2045000E-03
0.68    30.0    480.00    3.9955300E-03    0.0000000E+00    3.9955300E-03
0.68    40.0    480.00    3.7260500E-03    0.0000000E+00    3.7260500E-03
0.68    50.0    480.00    3.4141500E-03    0.0000000E+00    3.4141500E-03
0.68    60.0    480.00    3.0776500E-03    0.0000000E+00    3.0776500E-03
0.68    70.0    480.00    2.7325600E-03    0.0000000E+00    2.7325600E-03
0.68    80.0    480.00    2.3963400E-03    0.0000000E+00    2.3963400E-03
0.68    90.0    480.00    2.0033350E-03    0.0000000E+00    2.0033350E-03
0.68    100.0    480.00    1.6278800E-03    0.0000000E+00    1.6278800E-03
0.68    110.0    480.00    1.3442200E-03    0.0000000E+00    1.3442200E-03
0.68    120.0    480.00    1.0864800E-03    0.0000000E+00    1.0864800E-03
0.68    130.0    480.00    8.7024600E-04    0.0000000E+00    8.7024600E-04
0.68    140.0    480.00    7.0359800E-04    0.0000000E+00    7.0359800E-04
0.68    150.0    480.00    5.8662600E-04    0.0000000E+00    5.8662600E-04
0.68    160.0    480.00    5.1258600E-04    0.0000000E+00    5.1258600E-04
0.68    170.0    480.00    4.7254600E-04    0.0000000E+00    4.7254600E-04
0.68    180.0    480.00    4.5914700E-04    0.0000000E+00    4.5914700E-04
0.69    0.0    480.00    4.2775300E-03    0.0000000E+00    4.2775300E-03
0.69    10.0    480.00    4.2304600E-03    0.0000000E+00    4.2304600E-03
0.69    20.0    480.00    4.1005800E-03    0.0000000E+00    4.1005800E-03
0.69    30.0    480.00    3.8962000E-03    0.0000000E+00    3.8962000E-03
0.69    40.0    480.00    3.6323200E-03    0.0000000E+00    3.6323200E-03
0.69    50.0    480.00    3.3262900E-03    0.0000000E+00    3.3262900E-03
0.69    60.0    480.00    2.9952200E-03    0.0000000E+00    2.9952200E-03
0.69    70.0    480.00    2.6547100E-03    0.0000000E+00    2.6547100E-03
0.69    80.0    480.00    2.3220500E-03    0.0000000E+00    2.3220500E-03
0.69    90.0    480.00    1.9320650E-03    0.0000000E+00    1.9320650E-03
0.69    100.0    480.00    1.5587300E-03    0.0000000E+00    1.5587300E-03
0.69    110.0    480.00    1.2763400E-03    0.0000000E+00    1.2763400E-03
0.69    120.0    480.00    1.0205800E-03    0.0000000E+00    1.0205800E-03
0.69    130.0    480.00    8.0813800E-04    0.0000000E+00    8.0813800E-04
0.69    140.0    480.00    6.4733800E-04    0.0000000E+00    6.4733800E-04
0.69    150.0    480.00    5.3702900E-04    0.0000000E+00    5.3702900E-04
0.69    160.0    480.00    4.6873800E-04    0.0000000E+00    4.6873800E-04
0.69    170.0    480.00    4.3241200E-04    0.0000000E+00    4.3241200E-04
0.69    180.0    480.00    4.2034700E-04    0.0000000E+00    4.2034700E-04
0.70    0.0    480.00    4.1717200E-03    0.0000000E+00    4.1717200E-03
0.70    10.0    480.00    4.1256900E-03    0.0000000E+00    4.1256900E-03
0.70    20.0    480.00    3.9986700E-03    0.0000000E+00    3.9986700E-03
0.70    30.0    480.00    3.7986400E-03    0.0000000E+00    3.7986400E-03
0.70    40.0    480.00    3.5400300E-03    0.0000000E+00    3.5400300E-03
0.70    50.0    480.00    3.2395100E-03    0.0000000E+00    3.2395100E-03
0.70    60.0    480.00    2.9135300E-03    0.0000000E+00    2.9135300E-03
0.70    70.0    480.00    2.5773100E-03    0.0000000E+00    2.5773100E-03
0.70    80.0    480.00    2.2479400E-03    0.0000000E+00    2.2479400E-03
0.70    90.0    480.00    1.8605100E-03    0.0000000E+00    1.8605100E-03
0.70    100.0    480.00    1.4887500E-03    0.0000000E+00    1.4887500E-03
0.70    110.0    480.00    1.2072600E-03    0.0000000E+00    1.2072600E-03
0.70    120.0    480.00    9.5342800E-04    0.0000000E+00    9.5342800E-04
0.70    130.0    480.00    7.4535800E-04    0.0000000E+00    7.4535800E-04
0.70    140.0    480.00    5.9138800E-04    0.0000000E+00    5.9138800E-04
0.70    150.0    480.00    4.8863200E-04    0.0000000E+00    4.8863200E-04
0.70    160.0    480.00    4.2661000E-04    0.0000000E+00    4.2661000E-04
0.70    170.0    480.00    3.9421000E-04    0.0000000E+00    3.9421000E-04
0.70    180.0    480.00    3.8353400E-04    0.0000000E+00    3.8353400E-04
0.71    0.0    480.00    4.0680100E-03    0.0000000E+00    4.0680100E-03
0.71    10.0    480.00    4.0229800E-03    0.0000000E+00    4.0229800E-03
0.71    20.0    480.00    3.8986700E-03    0.0000000E+00    3.8986700E-03
0.71    30.0    480.00    3.7027600E-03    0.0000000E+00    3.7027600E-03
0.71    40.0    480.00    3.4491200E-03    0.0000000E+00    3.4491200E-03
0.71    50.0    480.00    3.1537700E-03    0.0000000E+00    3.1537700E-03
0.71    60.0    480.00    2.8325500E-03    0.0000000E+00    2.8325500E-03
0.71    70.0    480.00    2.5003100E-03    0.0000000E+00    2.5003100E-03
0.71    80.0    480.00    2.1738600E-03    0.0000000E+00    2.1738600E-03
0.71    90.0    480.00    1.7884250E-03    0.0000000E+00    1.7884250E-03
0.71    100.0    480.00    1.4175600E-03    0.0000000E+00    1.4175600E-03
0.71    110.0    480.00    1.1364900E-03    0.0000000E+00    1.1364900E-03
0.71    120.0    480.00    8.8464200E-04    0.0000000E+00    8.8464200E-04
0.71    130.0    480.00    6.8176400E-04    0.0000000E+00    6.8176400E-04
0.71    140.0    480.00    5.3586800E-04    0.0000000E+00    5.3586800E-04
0.71    150.0    480.00    4.4166100E-04    0.0000000E+00    4.4166100E-04
0.71    160.0    480.00    3.8641000E-04    0.0000000E+00    3.8641000E-04
0.71    170.0    480.00    3.5810000E-04    0.0000000E+00    3.5810000E-04
0.71    180.0    480.00    3.4884500E-04    0.0000000E+00    3.4884500E-04
0.72    0.0    480.00    3.9662900E-03    0.0000000E+00    3.9662900E-03
0.72    10.0    480.00    3.9222000E-03    0.0000000E+00    3.9222000E-03
0.72    20.0    480.00    3.8004800E-03    0.0000000E+00    3.8004800E-03
0.72    30.0    480.00    3.6084600E-03    0.0000000E+00    3.6084600E-03
0.72    40.0    480.00    3.3595000E-03    0.0000000E+00    3.3595000E-03
0.72    50.0    480.00    3.0689800E-03    0.0000000E+00    3.0689800E-03
0.72    60.0    480.00    2.7522000E-03    0.0000000E+00    2.7522000E-03
0.72    70.0    480.00    2.4236000E-03    0.0000000E+00    2.4236000E-03
0.72    80.0    480.00    2.0996600E-03    0.0000000E+00    2.0996600E-03
0.72    90.0    480.00    1.7154650E-03    0.0000000E+00    1.7154650E-03
0.72    100.0    480.00    1.3446300E-03    0.0000000E+00    1.3446300E-03
0.72    110.0    480.00    1.0634200E-03    0.0000000E+00    1.0634200E-03
0.72    120.0    480.00    8.1371100E-04    0.0000000E+00    8.1371100E-04
0.72    130.0    480.00    6.1722900E-04    0.0000000E+00    6.1722900E-04
0.72    140.0    480.00    4.8098100E-04    0.0000000E+00    4.8098100E-04
0.72    150.0    480.00    3.9640000E-04    0.0000000E+00    3.9640000E-04
0.72    160.0    480.00    3.4835800E-04    0.0000000E+00    3.4835800E-04
0.72    170.0    480.00    3.2423400E-04    0.0000000E+00    3.2423400E-04
0.72    180.0    480.00    3.1640700E-04    0.0000000E+00    3.1640700E-04
0.73    0.0    480.00    3.8664500E-03    0.0000000E+00    3.8664500E-03
0.73    10.0    480.00    3.8232800E-03    0.0000000E+00    3.8232800E-03
0.73    20.0    480.00    3.7039900E-03    0.0000000E+00    3.7039900E-03
0.73    30.0    480.00    3.5156600E-03    0.0000000E+00    3.5156600E-03
0.73    40.0    480.00    3.2711000E-03    0.0000000E+00    3.2711000E-03
0.73    50.0    480.00    2.9850900E-03    0.0000000E+00    2.9850900E-03
0.73    60.0    480.00    2.6724100E-03    0.0000000E+00    2.6724100E-03
0.73    70.0    480.00    2.3470400E-03    0.0000000E+00    2.3470400E-03
0.73    80.0    480.00    2.0250600E-03    0.0000000E+00    2.0250600E-03
0.73    90.0    480.00    1.6411650E-03    0.0000000E+00    1.6411650E-03
0.73    100.0    480.00    1.2692100E-03    0.0000000E+00    1.2692100E-03
0.73    110.0    480.00    9.8716800E-04    0.0000000E+00    9.8716800E-04
0.73    120.0    480.00    7.4000700E-04    0.0000000E+00    7.4000700E-04
0.73    130.0    480.00    5.5169100E-04    0.0000000E+00    5.5169100E-04
0.73    140.0    480.00    4.2704600E-04    0.0000000E+00    4.2704600E-04
0.73    150.0    480.00    3.5319800E-04    0.0000000E+00    3.5319800E-04
0.73    160.0    480.00    3.1269300E-04    0.0000000E+00    3.1269300E-04
0.73    170.0    480.00    2.9275900E-04    0.0000000E+00    2.9275900E-04
0.73    180.0    480.00    2.8633600E-04    0.0000000E+00    2.8633600E-04
0.74    0.0    480.00    3.7684100E-03    0.0000000E+00    3.7684100E-03
0.74    10.0    480.00    3.7260900E-03    0.0000000E+00    3.7260900E-03
0.74    20.0    480.00    3.6091200E-03    0.0000000E+00    3.6091200E-03
0.74    30.0    480.00    3.4242500E-03    0.0000000E+00    3.4242500E-03
0.74    40.0    480.00    3.1838000E-03    0.0000000E+00    3.1838000E-03
0.74    50.0    480.00    2.9019800E-03    0.0000000E+00    2.9019800E-03
0.74    60.0    480.00    2.5930200E-03    0.0000000E+00    2.5930200E-03
0.74    70.0    480.00    2.2704000E-03    0.0000000E+00    2.2704000E-03
0.74    80.0    480.00    1.9497100E-03    0.0000000E+00    1.9497100E-03
0.74    90.0    480.00    1.5648100E-03    0.0000000E+00    1.5648100E-03
0.74    100.0    480.00    1.1901800E-03    0.0000000E+00    1.1901800E-03
0.74    110.0    480.00    9.0646300E-04    0.0000000E+00    9.0646300E-04
0.74    120.0    480.00    6.6273000E-04    0.0000000E+00    6.6273000E-04
0.74    130.0    480.00    4.8521100E-04    0.0000000E+00    4.8521100E-04
0.74    140.0    480.00    3.7454500E-04    0.0000000E+00    3.7454500E-04
0.74    150.0    480.00    3.1246500E-04    0.0000000E+00    3.1246500E-04
0.74    160.0    480.00    2.7964600E-04    0.0000000E+00    2.7964600E-04
0.74    170.0    480.00    2.6380300E-04    0.0000000E+00    2.6380300E-04
0.74    180.0    480.00    2.5872400E-04    0.0000000E+00    2.5872400E-04
0.75    0.0    480.00    3.6720400E-03    0.0000000E+00    3.6720400E-03
0.75    10.0    480.00    3.6305200E-03    0.0000000E+00    3.6305200E-03
0.75    20.0    480.00    3.5157300E-03    0.0000000E+00    3.5157300E-03
0.75    30.0    480.00    3.3341200E-03    0.0000000E+00    3.3341200E-03
0.75    40.0    480.00    3.0975100E-03    0.0000000E+00    3.0975100E-03
0.75    50.0    480.00    2.8195400E-03    0.0000000E+00    2.8195400E-03
0.75    60.0    480.00    2.5138800E-03    0.0000000E+00    2.5138800E-03
0.75    70.0    480.00    2.1933900E-03    0.0000000E+00    2.1933900E-03
0.75    80.0    480.00    1.8730700E-03    0.0000000E+00    1.8730700E-03
0.75    90.0    480.00    1.4853500E-03    0.0000000E+00    1.4853500E-03
0.75    100.0    480.00    1.1058100E-03    0.0000000E+00    1.1058100E-03
0.75    110.0    480.00    8.1940200E-04    0.0000000E+00    8.1940200E-04
0.75    120.0    480.00    5.8092600E-04    0.0000000E+00    5.8092600E-04
0.75    130.0    480.00    4.1812200E-04    0.0000000E+00    4.1812200E-04
0.75    140.0    480.00    3.2417100E-04    0.0000000E+00    3.2417100E-04
0.75    150.0    480.00    2.7466400E-04    0.0000000E+00    2.7466400E-04
0.75    160.0    480.00    2.4944200E-04    0.0000000E+00    2.4944200E-04
0.75    170.0    480.00    2.3746800E-04    0.0000000E+00    2.3746800E-04
0.75    180.0    480.00    2.3364100E-04    0.0000000E+00    2.3364100E-04
0.76    0.0    480.00    3.5772200E-03    0.0000000E+00    3.5772200E-03
0.76    10.0    480.00    3.5364700E-03    0.0000000E+00    3.5364700E-03
0.76    20.0    480.00    3.4237300E-03    0.0000000E+00    3.4237300E-03
0.76    30.0    480.00    3.2451500E-03    0.0000000E+00    3.2451500E-03
0.76    40.0    480.00    3.0120800E-03    0.0000000E+00    3.0120800E-03
0.76    50.0    480.00    2.7375900E-03    0.0000000E+00    2.7375900E-03
0.76    60.0    480.00    2.4346900E-03    0.0000000E+00    2.4346900E-03
0.76    70.0    480.00    2.1155600E-03    0.0000000E+00    2.1155600E-03
0.76    80.0    480.00    1.7943100E-03    0.0000000E+00    1.7943100E-03
0.76    90.0    480.00    1.4010500E-03    0.0000000E+00    1.4010500E-03
0.76    100.0    480.00    1.0132300E-03    0.0000000E+00    1.0132300E-03
0.76    110.0    480.00    7.2296600E-04    0.0000000E+00    7.2296600E-04
0.76    120.0    480.00    4.9359300E-04    0.0000000E+00    4.9359300E-04
0.76    130.0    480.00    3.5126400E-04    0.0000000E+00    3.5126400E-04
0.76    140.0    480.00    2.7687400E-04    0.0000000E+00    2.7687400E-04
0.76    150.0    480.00    2.4028500E-04    0.0000000E+00    2.4028500E-04
0.76    160.0    480.00    2.2227300E-04    0.0000000E+00    2.2227300E-04
0.76    170.0    480.00    2.1383500E-04    0.0000000E+00    2.1383500E-04
0.76    180.0    480.00    2.1113900E-04    0.0000000E+00    2.1113900E-04
0.77    0.0    480.00    3.4838300E-03    0.0000000E+00    3.4838300E-03
0.77    10.0    480.00    3.4437900E-03    0.0000000E+00    3.4437900E-03
0.77    20.0    480.00    3.3329500E-03    0.0000000E+00    3.3329500E-03
0.77    30.0    480.00    3.1571900E-03    0.0000000E+00    3.1571900E-03
0.77    40.0    480.00    2.9273400E-03    0.0000000E+00    2.9273400E-03
0.77    50.0    480.00    2.6558800E-03    0.0000000E+00    2.6558800E-03
0.77    60.0    480.00    2.3550900E-03    0.0000000E+00    2.3550900E-03
0.77    70.0    480.00    2.0361800E-03    0.0000000E+00    2.0361800E-03
0.77    80.0    480.00    1.7120300E-03    0.0000000E+00    1.7120300E-03
0.77    90.0    480.00    1.3087700E-03    0.0000000E+00    1.3087700E-03
0.77    100.0    480.00    9.0702600E-04    0.0000000E+00    9.0702600E-04
0.77    110.0    480.00    6.1210500E-04    0.0000000E+00    6.1210500E-04
0.77    120.0    480.00    4.0017800E-04    0.0000000E+00    4.0017800E-04
0.77    130.0    480.00    2.8637200E-04    0.0000000E+00    2.8637200E-04
0.77    140.0    480.00    2.3386100E-04    0.0000000E+00    2.3386100E-04
0.77    150.0    480.00    2.0980100E-04    0.0000000E+00    2.0980100E-04
0.77    160.0    480.00    1.9829500E-04    0.0000000E+00    1.9829500E-04
0.77    170.0    480.00    1.9296200E-04    0.0000000E+00    1.9296200E-04
0.77    180.0    480.00    1.9125400E-04    0.0000000E+00    1.9125400E-04
0.78    0.0    480.00    3.3916800E-03    0.0000000E+00    3.3916800E-03
0.78    10.0    480.00    3.3523000E-03    0.0000000E+00    3.3523000E-03
0.78    20.0    480.00    3.2432300E-03    0.0000000E+00    3.2432300E-03
0.78    30.0    480.00    3.0700200E-03    0.0000000E+00    3.0700200E-03
0.78    40.0    480.00    2.8430200E-03    0.0000000E+00    2.8430200E-03
0.78    50.0    480.00    2.5740300E-03    0.0000000E+00    2.5740300E-03
0.78    60.0    480.00    2.2744100E-03    0.0000000E+00    2.2744100E-03
0.78    70.0    480.00    1.9540000E-03    0.0000000E+00    1.9540000E-03
0.78    80.0    480.00    1.6236000E-03    0.0000000E+00    1.6236000E-03
0.78    90.0    480.00    1.2017400E-03    0.0000000E+00    1.2017400E-03
0.78    100.0    480.00    7.7506100E-04    0.0000000E+00    7.7506100E-04
0.78    110.0    480.00    4.7827300E-04    0.0000000E+00    4.7827300E-04
0.78    120.0    480.00    3.0221100E-04    0.0000000E+00    3.0221100E-04
0.78    130.0    480.00    2.2654200E-04    0.0000000E+00    2.2654200E-04
0.78    140.0    480.00    1.9648200E-04    0.0000000E+00    1.9648200E-04
0.78    150.0    480.00    1.8361100E-04    0.0000000E+00    1.8361100E-04
0.78    160.0    480.00    1.7762800E-04    0.0000000E+00    1.7762800E-04
0.78    170.0    480.00    1.7489900E-04    0.0000000E+00    1.7489900E-04
0.78    180.0    480.00    1.7402500E-04    0.0000000E+00    1.7402500E-04
0.79    0.0    480.00    3.3005300E-03    0.0000000E+00    3.3005300E-03
0.79    10.0    480.00    3.2617500E-03    0.0000000E+00    3.2617500E-03
0.79    20.0    480.00    3.1542600E-03    0.0000000E+00    3.1542600E-03
0.79    30.0    480.00    2.9833100E-03    0.0000000E+00    2.9833100E-03
0.79    40.0    480.00    2.7586800E-03    0.0000000E+00    2.7586800E-03
0.79    50.0    480.00    2.4913500E-03    0.0000000E+00    2.4913500E-03
0.79    60.0    480.00    2.1914200E-03    0.0000000E+00    2.1914200E-03
0.79    70.0    480.00    1.8663500E-03    0.0000000E+00    1.8663500E-03
0.79    80.0    480.00    1.5225300E-03    0.0000000E+00    1.5225300E-03
0.79    90.0    480.00    1.0598035E-03    0.0000000E+00    1.0598035E-03
0.79    100.0    480.00    5.7910200E-04    0.0000000E+00    5.7910200E-04
0.79    110.0    480.00    3.1071500E-04    0.0000000E+00    3.1071500E-04
0.79    120.0    480.00    2.0771900E-04    0.0000000E+00    2.0771900E-04
0.79    130.0    480.00    1.7634500E-04    0.0000000E+00    1.7634500E-04
0.79    140.0    480.00    1.6597000E-04    0.0000000E+00    1.6597000E-04
0.79    150.0    480.00    1.6202200E-04    0.0000000E+00    1.6202200E-04
0.79    160.0    480.00    1.6039400E-04    0.0000000E+00    1.6039400E-04
0.79    170.0    480.00    1.5973500E-04    0.0000000E+00    1.5973500E-04
0.79    180.0    480.00    1.5953400E-04    0.0000000E+00    1.5953400E-04
0.80    0.0    480.00    3.1993900E-03    0.0000000E+00    3.1993900E-03
0.80    10.0    480.00    3.1610200E-03    0.0000000E+00    3.1610200E-03
0.80    20.0    480.00    3.0546200E-03    0.0000000E+00    3.0546200E-03
0.80    30.0    480.00    2.8849900E-03    0.0000000E+00    2.8849900E-03
0.80    40.0    480.00    2.6611800E-03    0.0000000E+00    2.6611800E-03
0.80    50.0    480.00    2.3928500E-03    0.0000000E+00    2.3928500E-03
0.80    60.0    480.00    2.0874500E-03    0.0000000E+00    2.0874500E-03
0.80    70.0    480.00    1.7456500E-03    0.0000000E+00    1.7456500E-03
0.80    80.0    480.00    1.3504200E-03    0.0000000E+00    1.3504200E-03
0.80    90.0    480.00    6.0671800E-04    0.0000000E+00    6.0671800E-04
0.80    100.0    480.00    1.9249300E-04    0.0000000E+00    1.9249300E-04
0.80    110.0    480.00    1.4645700E-04    0.0000000E+00    1.4645700E-04
0.80    120.0    480.00    1.4078200E-04    0.0000000E+00    1.4078200E-04
0.80    130.0    480.00    1.4224000E-04    0.0000000E+00    1.4224000E-04
0.80    140.0    480.00    1.4445500E-04    0.0000000E+00    1.4445500E-04
0.80    150.0    480.00    1.4629500E-04    0.0000000E+00    1.4629500E-04
0.80    160.0    480.00    1.4759000E-04    0.0000000E+00    1.4759000E-04
0.80    170.0    480.00    1.4834700E-04    0.0000000E+00    1.4834700E-04
0.80    180.0    480.00    1.4862400E-04    0.0000000E+00    1.4862400E-04
0.81    0.0    480.00    3.1645300E-03    0.0000000E+00    3.1645300E-03
0.81    10.0    480.00    3.1259900E-03    0.0000000E+00    3.1259900E-03
0.81    20.0    480.00    3.0192300E-03    0.0000000E+00    3.0192300E-03
0.81    30.0    480.00    2.8488700E-03    0.0000000E+00    2.8488700E-03
0.81    40.0    480.00    2.6237000E-03    0.0000000E+00    2.6237000E-03
0.81    50.0    480.00    2.3529100E-03    0.0000000E+00    2.3529100E-03
0.81    60.0    480.00    2.0428500E-03    0.0000000E+00    2.0428500E-03
0.81    70.0    480.00    1.6911400E-03    0.0000000E+00    1.6911400E-03
0.81    80.0    480.00    1.2668600E-03    0.0000000E+00    1.2668600E-03
0.81    90.0    480.00    5.2133300E-04    0.0000000E+00    5.2133300E-04
0.81    100.0    480.00    1.8719500E-04    0.0000000E+00    1.8719500E-04
0.81    110.0    480.00    1.4605200E-04    0.0000000E+00    1.4605200E-04
0.81    120.0    480.00    1.4157200E-04    0.0000000E+00    1.4157200E-04
0.81    130.0    480.00    1.4331100E-04    0.0000000E+00    1.4331100E-04
0.81    140.0    480.00    1.4557500E-04    0.0000000E+00    1.4557500E-04
0.81    150.0    480.00    1.4740700E-04    0.0000000E+00    1.4740700E-04
0.81    160.0    480.00    1.4868200E-04    0.0000000E+00    1.4868200E-04
0.81    170.0    480.00    1.4942400E-04    0.0000000E+00    1.4942400E-04
0.81    180.0    480.00    1.4969500E-04    0.0000000E+00    1.4969500E-04
0.82    0.0    480.00    3.1299200E-03    0.0000000E+00    3.1299200E-03
0.82    10.0    480.00    3.0912400E-03    0.0000000E+00    3.0912400E-03
0.82    20.0    480.00    2.9841400E-03    0.0000000E+00    2.9841400E-03
0.82    30.0    480.00    2.8130800E-03    0.0000000E+00    2.8130800E-03
0.82    40.0    480.00    2.5866200E-03    0.0000000E+00    2.5866200E-03
0.82    50.0    480.00    2.3134700E-03    0.0000000E+00    2.3134700E-03
0.82    60.0    480.00    1.9990000E-03    0.0000000E+00    1.9990000E-03
0.82    70.0    480.00    1.6380000E-03    0.0000000E+00    1.6380000E-03
0.82    80.0    480.00    1.1889700E-03    0.0000000E+00    1.1889700E-03
0.82    90.0    480.00    4.6643150E-04    0.0000000E+00    4.6643150E-04
0.82    100.0    480.00    1.8258200E-04    0.0000000E+00    1.8258200E-04
0.82    110.0    480.00    1.4584100E-04    0.0000000E+00    1.4584100E-04
0.82    120.0    480.00    1.4245300E-04    0.0000000E+00    1.4245300E-04
0.82    130.0    480.00    1.4443400E-04    0.0000000E+00    1.4443400E-04
0.82    140.0    480.00    1.4673200E-04    0.0000000E+00    1.4673200E-04
0.82    150.0    480.00    1.4854700E-04    0.0000000E+00    1.4854700E-04
0.82    160.0    480.00    1.4979700E-04    0.0000000E+00    1.4979700E-04
0.82    170.0    480.00    1.5052200E-04    0.0000000E+00    1.5052200E-04
0.82    180.0    480.00    1.5078700E-04    0.0000000E+00    1.5078700E-04
0.83    0.0    480.00    3.0956300E-03    0.0000000E+00    3.0956300E-03
0.83    10.0    480.00    3.0568000E-03    0.0000000E+00    3.0568000E-03
0.83    20.0    480.00    2.9493900E-03    0.0000000E+00    2.9493900E-03
0.83    30.0    480.00    2.7776700E-03    0.0000000E+00    2.7776700E-03
0.83    40.0    480.00    2.5499800E-03    0.0000000E+00    2.5499800E-03
0.83    50.0    480.00    2.2746100E-03    0.0000000E+00    2.2746100E-03
0.83    60.0    480.00    1.9559700E-03    0.0000000E+00    1.9559700E-03
0.83    70.0    480.00    1.5863200E-03    0.0000000E+00    1.5863200E-03
0.83    80.0    480.00    1.1170700E-03    0.0000000E+00    1.1170700E-03
0.83    90.0    480.00    4.2865700E-04    0.0000000E+00    4.2865700E-04
0.83    100.0    480.00    1.7865500E-04    0.0000000E+00    1.7865500E-04
0.83    110.0    480.00    1.4586100E-04    0.0000000E+00    1.4586100E-04
0.83    120.0    480.00    1.4344600E-04    0.0000000E+00    1.4344600E-04
0.83    130.0    480.00    1.4562300E-04    0.0000000E+00    1.4562300E-04
0.83    140.0    480.00    1.4793400E-04    0.0000000E+00    1.4793400E-04
0.83    150.0    480.00    1.4972100E-04    0.0000000E+00    1.4972100E-04
0.83    160.0    480.00    1.5094100E-04    0.0000000E+00    1.5094100E-04
0.83    170.0    480.00    1.5164600E-04    0.0000000E+00    1.5164600E-04
0.83    180.0    480.00    1.5190200E-04    0.0000000E+00    1.5190200E-04
0.84    0.0    480.00    3.0617100E-03    0.0000000E+00    3.0617100E-03
0.84    10.0    480.00    3.0227500E-03    0.0000000E+00    3.0227500E-03
0.84    20.0    480.00    2.9150300E-03    0.0000000E+00    2.9150300E-03
0.84    30.0    480.00    2.7426900E-03    0.0000000E+00    2.7426900E-03
0.84    40.0    480.00    2.5138400E-03    0.0000000E+00    2.5138400E-03
0.84    50.0    480.00    2.2363600E-03    0.0000000E+00    2.2363600E-03
0.84    60.0    480.00    1.9137900E-03    0.0000000E+00    1.9137900E-03
0.84    70.0    480.00    1.5362000E-03    0.0000000E+00    1.5362000E-03
0.84    80.0    480.00    1.0510900E-03    0.0000000E+00    1.0510900E-03
0.84    90.0    480.00    4.0070450E-04    0.0000000E+00    4.0070450E-04
0.84    100.0    480.00    1.7527300E-04    0.0000000E+00    1.7527300E-04
0.84    110.0    480.00    1.4609700E-04    0.0000000E+00    1.4609700E-04
0.84    120.0    480.00    1.4454800E-04    0.0000000E+00    1.4454800E-04
0.84    130.0    480.00    1.4688000E-04    0.0000000E+00    1.4688000E-04
0.84    140.0    480.00    1.4918400E-04    0.0000000E+00    1.4918400E-04
0.84    150.0    480.00    1.5093300E-04    0.0000000E+00    1.5093300E-04
0.84    160.0    480.00    1.5211800E-04    0.0000000E+00    1.5211800E-04
0.84    170.0    480.00    1.5280000E-04    0.0000000E+00    1.5280000E-04
0.84    180.0    480.00    1.5304800E-04    0.0000000E+00    1.5304800E-04
0.85    0.0    480.00    3.0281100E-03    0.0000000E+00    3.0281100E-03
0.85    10.0    480.00    2.9890200E-03    0.0000000E+00    2.9890200E-03
0.85    20.0    480.00    2.8810300E-03    0.0000000E+00    2.8810300E-03
0.85    30.0    480.00    2.7081000E-03    0.0000000E+00    2.7081000E-03
0.85    40.0    480.00    2.4781500E-03    0.0000000E+00    2.4781500E-03
0.85    50.0    480.00    2.1986800E-03    0.0000000E+00    2.1986800E-03
0.85    60.0    480.00    1.8724400E-03    0.0000000E+00    1.8724400E-03
0.85    70.0    480.00    1.4876100E-03    0.0000000E+00    1.4876100E-03
0.85    80.0    480.00    9.9057300E-04    0.0000000E+00    9.9057300E-04
0.85    90.0    480.00    3.7857100E-04    0.0000000E+00    3.7857100E-04
0.85    100.0    480.00    1.7234200E-04    0.0000000E+00    1.7234200E-04
0.85    110.0    480.00    1.4652700E-04    0.0000000E+00    1.4652700E-04
0.85    120.0    480.00    1.4574700E-04    0.0000000E+00    1.4574700E-04
0.85    130.0    480.00    1.4819400E-04    0.0000000E+00    1.4819400E-04
0.85    140.0    480.00    1.5047400E-04    0.0000000E+00    1.5047400E-04
0.85    150.0    480.00    1.5217500E-04    0.0000000E+00    1.5217500E-04
0.85    160.0    480.00    1.5332000E-04    0.0000000E+00    1.5332000E-04
0.85    170.0    480.00    1.5397600E-04    0.0000000E+00    1.5397600E-04
0.85    180.0    480.00    1.5421500E-04    0.0000000E+00    1.5421500E-04
0.86    0.0    480.00    2.9948400E-03    0.0000000E+00    2.9948400E-03
0.86    10.0    480.00    2.9556300E-03    0.0000000E+00    2.9556300E-03
0.86    20.0    480.00    2.8473700E-03    0.0000000E+00    2.8473700E-03
0.86    30.0    480.00    2.6738900E-03    0.0000000E+00    2.6738900E-03
0.86    40.0    480.00    2.4429100E-03    0.0000000E+00    2.4429100E-03
0.86    50.0    480.00    2.1615700E-03    0.0000000E+00    2.1615700E-03
0.86    60.0    480.00    1.8319000E-03    0.0000000E+00    1.8319000E-03
0.86    70.0    480.00    1.4405500E-03    0.0000000E+00    1.4405500E-03
0.86    80.0    480.00    9.3509600E-04    0.0000000E+00    9.3509600E-04
0.86    90.0    480.00    3.6010450E-04    0.0000000E+00    3.6010450E-04
0.86    100.0    480.00    1.6981500E-04    0.0000000E+00    1.6981500E-04
0.86    110.0    480.00    1.4714400E-04    0.0000000E+00    1.4714400E-04
0.86    120.0    480.00    1.4704200E-04    0.0000000E+00    1.4704200E-04
0.86    130.0    480.00    1.4956600E-04    0.0000000E+00    1.4956600E-04
0.86    140.0    480.00    1.5180400E-04    0.0000000E+00    1.5180400E-04
0.86    150.0    480.00    1.5344900E-04    0.0000000E+00    1.5344900E-04
0.86    160.0    480.00    1.5454900E-04    0.0000000E+00    1.5454900E-04
0.86    170.0    480.00    1.5517700E-04    0.0000000E+00    1.5517700E-04
0.86    180.0    480.00    1.5540500E-04    0.0000000E+00    1.5540500E-04
0.87    0.0    480.00    2.9619000E-03    0.0000000E+00    2.9619000E-03
0.87    10.0    480.00    2.9225700E-03    0.0000000E+00    2.9225700E-03
0.87    20.0    480.00    2.8140700E-03    0.0000000E+00    2.8140700E-03
0.87    30.0    480.00    2.6400700E-03    0.0000000E+00    2.6400700E-03
0.87    40.0    480.00    2.4081200E-03    0.0000000E+00    2.4081200E-03
0.87    50.0    480.00    2.1250300E-03    0.0000000E+00    2.1250300E-03
0.87    60.0    480.00    1.7921800E-03    0.0000000E+00    1.7921800E-03
0.87    70.0    480.00    1.3950200E-03    0.0000000E+00    1.3950200E-03
0.87    80.0    480.00    8.8422200E-04    0.0000000E+00    8.8422200E-04
0.87    90.0    480.00    3.4410950E-04    0.0000000E+00    3.4410950E-04
0.87    100.0    480.00    1.6766300E-04    0.0000000E+00    1.6766300E-04
0.87    110.0    480.00    1.4794400E-04    0.0000000E+00    1.4794400E-04
0.87    120.0    480.00    1.4843100E-04    0.0000000E+00    1.4843100E-04
0.87    130.0    480.00    1.5099500E-04    0.0000000E+00    1.5099500E-04
0.87    140.0    480.00    1.5317500E-04    0.0000000E+00    1.5317500E-04
0.87    150.0    480.00    1.5475500E-04    0.0000000E+00    1.5475500E-04
0.87    160.0    480.00    1.5580500E-04    0.0000000E+00    1.5580500E-04
0.87    170.0    480.00    1.5640200E-04    0.0000000E+00    1.5640200E-04
0.87    180.0    480.00    1.5661900E-04    0.0000000E+00    1.5661900E-04
0.88    0.0    480.00    2.9292800E-03    0.0000000E+00    2.9292800E-03
0.88    10.0    480.00    2.8898400E-03    0.0000000E+00    2.8898400E-03
0.88    20.0    480.00    2.7811200E-03    0.0000000E+00    2.7811200E-03
0.88    30.0    480.00    2.6066400E-03    0.0000000E+00    2.6066400E-03
0.88    40.0    480.00    2.3737800E-03    0.0000000E+00    2.3737800E-03
0.88    50.0    480.00    2.0890500E-03    0.0000000E+00    2.0890500E-03
0.88    60.0    480.00    1.7532600E-03    0.0000000E+00    1.7532600E-03
0.88    70.0    480.00    1.3509800E-03    0.0000000E+00    1.3509800E-03
0.88    80.0    480.00    8.3751600E-04    0.0000000E+00    8.3751600E-04
0.88    90.0    480.00    3.2990250E-04    0.0000000E+00    3.2990250E-04
0.88    100.0    480.00    1.6586900E-04    0.0000000E+00    1.6586900E-04
0.88    110.0    480.00    1.4892400E-04    0.0000000E+00    1.4892400E-04
0.88    120.0    480.00    1.4991200E-04    0.0000000E+00    1.4991200E-04
0.88    130.0    480.00    1.5248100E-04    0.0000000E+00    1.5248100E-04
0.88    140.0    480.00    1.5458500E-04    0.0000000E+00    1.5458500E-04
0.88    150.0    480.00    1.5609200E-04    0.0000000E+00    1.5609200E-04
0.88    160.0    480.00    1.5708700E-04    0.0000000E+00    1.5708700E-04
0.88    170.0    480.00    1.5765200E-04    0.0000000E+00    1.5765200E-04
0.88    180.0    480.00    1.5785600E-04    0.0000000E+00    1.5785600E-04
0.89    0.0    480.00    2.8969900E-03    0.0000000E+00    2.8969900E-03
0.89    10.0    480.00    2.8574600E-03    0.0000000E+00    2.8574600E-03
0.89    20.0    480.00    2.7485300E-03    0.0000000E+00    2.7485300E-03
0.89    30.0    480.00    2.5736000E-03    0.0000000E+00    2.5736000E-03
0.89    40.0    480.00    2.3399000E-03    0.0000000E+00    2.3399000E-03
0.89    50.0    480.00    2.0536500E-03    0.0000000E+00    2.0536500E-03
0.89    60.0    480.00    1.7151700E-03    0.0000000E+00    1.7151700E-03
0.89    70.0    480.00    1.3084500E-03    0.0000000E+00    1.3084500E-03
0.89    80.0    480.00    7.9460900E-04    0.0000000E+00    7.9460900E-04
0.89    90.0    480.00    3.1708900E-04    0.0000000E+00    3.1708900E-04
0.89    100.0    480.00    1.6442500E-04    0.0000000E+00    1.6442500E-04
0.89    110.0    480.00    1.5008100E-04    0.0000000E+00    1.5008100E-04
0.89    120.0    480.00    1.5148300E-04    0.0000000E+00    1.5148300E-04
0.89    130.0    480.00    1.5402200E-04    0.0000000E+00    1.5402200E-04
0.89    140.0    480.00    1.5603500E-04    0.0000000E+00    1.5603500E-04
0.89    150.0    480.00    1.5746000E-04    0.0000000E+00    1.5746000E-04
0.89    160.0    480.00    1.5839600E-04    0.0000000E+00    1.5839600E-04
0.89    170.0    480.00    1.5892500E-04    0.0000000E+00    1.5892500E-04
0.89    180.0    480.00    1.5911700E-04    0.0000000E+00    1.5911700E-04
0.90    0.0    480.00    2.8650300E-03    0.0000000E+00    2.8650300E-03
0.90    10.0    480.00    2.8254100E-03    0.0000000E+00    2.8254100E-03
0.90    20.0    480.00    2.7162900E-03    0.0000000E+00    2.7162900E-03
0.90    30.0    480.00    2.5409500E-03    0.0000000E+00    2.5409500E-03
0.90    40.0    480.00    2.3064700E-03    0.0000000E+00    2.3064700E-03
0.90    50.0    480.00    2.0188100E-03    0.0000000E+00    2.0188100E-03
0.90    60.0    480.00    1.6778600E-03    0.0000000E+00    1.6778600E-03
0.90    70.0    480.00    1.2673800E-03    0.0000000E+00    1.2673800E-03
0.90    80.0    480.00    7.5511800E-04    0.0000000E+00    7.5511800E-04
0.90    90.0    480.00    3.0541050E-04    0.0000000E+00    3.0541050E-04
0.90    100.0    480.00    1.6332900E-04    0.0000000E+00    1.6332900E-04
0.90    110.0    480.00    1.5141500E-04    0.0000000E+00    1.5141500E-04
0.90    120.0    480.00    1.5314300E-04    0.0000000E+00    1.5314300E-04
0.90    130.0    480.00    1.5561800E-04    0.0000000E+00    1.5561800E-04
0.90    140.0    480.00    1.5752300E-04    0.0000000E+00    1.5752300E-04
0.90    150.0    480.00    1.5885800E-04    0.0000000E+00    1.5885800E-04
0.90    160.0    480.00    1.5973000E-04    0.0000000E+00    1.5973000E-04
0.90    170.0    480.00    1.6022200E-04    0.0000000E+00    1.6022200E-04
0.90    180.0    480.00    1.6040000E-04    0.0000000E+00    1.6040000E-04
0.91    0.0    480.00    2.8333800E-03    0.0000000E+00    2.8333800E-03
0.91    10.0    480.00    2.7936800E-03    0.0000000E+00    2.7936800E-03
0.91    20.0    480.00    2.6843800E-03    0.0000000E+00    2.6843800E-03
0.91    30.0    480.00    2.5086700E-03    0.0000000E+00    2.5086700E-03
0.91    40.0    480.00    2.2734600E-03    0.0000000E+00    2.2734600E-03
0.91    50.0    480.00    1.9845000E-03    0.0000000E+00    1.9845000E-03
0.91    60.0    480.00    1.6413400E-03    0.0000000E+00    1.6413400E-03
0.91    70.0    480.00    1.2277300E-03    0.0000000E+00    1.2277300E-03
0.91    80.0    480.00    7.1870200E-04    0.0000000E+00    7.1870200E-04
0.91    90.0    480.00    2.9469600E-04    0.0000000E+00    2.9469600E-04
0.91    100.0    480.00    1.6258000E-04    0.0000000E+00    1.6258000E-04
0.91    110.0    480.00    1.5292200E-04    0.0000000E+00    1.5292200E-04
0.91    120.0    480.00    1.5488900E-04    0.0000000E+00    1.5488900E-04
0.91    130.0    480.00    1.5726500E-04    0.0000000E+00    1.5726500E-04
0.91    140.0    480.00    1.5904700E-04    0.0000000E+00    1.5904700E-04
0.91    150.0    480.00    1.6028400E-04    0.0000000E+00    1.6028400E-04
0.91    160.0    480.00    1.6108800E-04    0.0000000E+00    1.6108800E-04
0.91    170.0    480.00    1.6154000E-04    0.0000000E+00    1.6154000E-04
0.91    180.0    480.00    1.6170400E-04    0.0000000E+00    1.6170400E-04
0.92    0.0    480.00    2.8020500E-03    0.0000000E+00    2.8020500E-03
0.92    10.0    480.00    2.7622700E-03    0.0000000E+00    2.7622700E-03
0.92    20.0    480.00    2.6528200E-03    0.0000000E+00    2.6528200E-03
0.92    30.0    480.00    2.4767600E-03    0.0000000E+00    2.4767600E-03
0.92    40.0    480.00    2.2409000E-03    0.0000000E+00    2.2409000E-03
0.92    50.0    480.00    1.9507500E-03    0.0000000E+00    1.9507500E-03
0.92    60.0    480.00    1.6055900E-03    0.0000000E+00    1.6055900E-03
0.92    70.0    480.00    1.1894700E-03    0.0000000E+00    1.1894700E-03
0.92    80.0    480.00    6.8508200E-04    0.0000000E+00    6.8508200E-04
0.92    90.0    480.00    2.8482800E-04    0.0000000E+00    2.8482800E-04
0.92    100.0    480.00    1.6218500E-04    0.0000000E+00    1.6218500E-04
0.92    110.0    480.00    1.5460300E-04    0.0000000E+00    1.5460300E-04
0.92    120.0    480.00    1.5672000E-04    0.0000000E+00    1.5672000E-04
0.92    130.0    480.00    1.5896300E-04    0.0000000E+00    1.5896300E-04
0.92    140.0    480.00    1.6060800E-04    0.0000000E+00    1.6060800E-04
0.92    150.0    480.00    1.6173800E-04    0.0000000E+00    1.6173800E-04
0.92    160.0    480.00    1.6246900E-04    0.0000000E+00    1.6246900E-04
0.92    170.0    480.00    1.6288000E-04    0.0000000E+00    1.6288000E-04
0.92    180.0    480.00    1.6302800E-04    0.0000000E+00    1.6302800E-04
0.93    0.0    480.00    2.7710500E-03    0.0000000E+00    2.7710500E-03
0.93    10.0    480.00    2.7311900E-03    0.0000000E+00    2.7311900E-03
0.93    20.0    480.00    2.6216000E-03    0.0000000E+00    2.6216000E-03
0.93    30.0    480.00    2.4452400E-03    0.0000000E+00    2.4452400E-03
0.93    40.0    480.00    2.2087700E-03    0.0000000E+00    2.2087700E-03
0.93    50.0    480.00    1.9175500E-03    0.0000000E+00    1.9175500E-03
0.93    60.0    480.00    1.5706200E-03    0.0000000E+00    1.5706200E-03
0.93    70.0    480.00    1.1525700E-03    0.0000000E+00    1.1525700E-03
0.93    80.0    480.00    6.5399800E-04    0.0000000E+00    6.5399800E-04
0.93    90.0    480.00    2.7571200E-04    0.0000000E+00    2.7571200E-04
0.93    100.0    480.00    1.6215400E-04    0.0000000E+00    1.6215400E-04
0.93    110.0    480.00    1.5645800E-04    0.0000000E+00    1.5645800E-04
0.93    120.0    480.00    1.5863600E-04    0.0000000E+00    1.5863600E-04
0.93    130.0    480.00    1.6071400E-04    0.0000000E+00    1.6071400E-04
0.93    140.0    480.00    1.6220400E-04    0.0000000E+00    1.6220400E-04
0.93    150.0    480.00    1.6322000E-04    0.0000000E+00    1.6322000E-04
0.93    160.0    480.00    1.6387500E-04    0.0000000E+00    1.6387500E-04
0.93    170.0    480.00    1.6424200E-04    0.0000000E+00    1.6424200E-04
0.93    180.0    480.00    1.6437400E-04    0.0000000E+00    1.6437400E-04
0.94    0.0    480.00    2.7403500E-03    0.0000000E+00    2.7403500E-03
0.94    10.0    480.00    2.7004300E-03    0.0000000E+00    2.7004300E-03
0.94    20.0    480.00    2.5907200E-03    0.0000000E+00    2.5907200E-03
0.94    30.0    480.00    2.4140800E-03    0.0000000E+00    2.4140800E-03
0.94    40.0    480.00    2.1770700E-03    0.0000000E+00    2.1770700E-03
0.94    50.0    480.00    1.8848700E-03    0.0000000E+00    1.8848700E-03
0.94    60.0    480.00    1.5363900E-03    0.0000000E+00    1.5363900E-03
0.94    70.0    480.00    1.1169900E-03    0.0000000E+00    1.1169900E-03
0.94    80.0    480.00    6.2520100E-04    0.0000000E+00    6.2520100E-04
0.94    90.0    480.00    2.6725650E-04    0.0000000E+00    2.6725650E-04
0.94    100.0    480.00    1.6250300E-04    0.0000000E+00    1.6250300E-04
0.94    110.0    480.00    1.5848900E-04    0.0000000E+00    1.5848900E-04
0.94    120.0    480.00    1.6063700E-04    0.0000000E+00    1.6063700E-04
0.94    130.0    480.00    1.6251600E-04    0.0000000E+00    1.6251600E-04
0.94    140.0    480.00    1.6383800E-04    0.0000000E+00    1.6383800E-04
0.94    150.0    480.00    1.6473200E-04    0.0000000E+00    1.6473200E-04
0.94    160.0    480.00    1.6530500E-04    0.0000000E+00    1.6530500E-04
0.94    170.0    480.00    1.6562600E-04    0.0000000E+00    1.6562600E-04
0.94    180.0    480.00    1.6574200E-04    0.0000000E+00    1.6574200E-04
0.95    0.0    480.00    2.7099700E-03    0.0000000E+00    2.7099700E-03
0.95    10.0    480.00    2.6699900E-03    0.0000000E+00    2.6699900E-03
0.95    20.0    480.00    2.5601800E-03    0.0000000E+00    2.5601800E-03
0.95    30.0    480.00    2.3832900E-03    0.0000000E+00    2.3832900E-03
0.95    40.0    480.00    2.1457900E-03    0.0000000E+00    2.1457900E-03
0.95    50.0    480.00    1.8527300E-03    0.0000000E+00    1.8527300E-03
0.95    60.0    480.00    1.5029200E-03    0.0000000E+00    1.5029200E-03
0.95    70.0    480.00    1.0826900E-03    0.0000000E+00    1.0826900E-03
0.95    80.0    480.00    5.9848200E-04    0.0000000E+00    5.9848200E-04
0.95    90.0    480.00    2.5937050E-04    0.0000000E+00    2.5937050E-04
0.95    100.0    480.00    1.6325200E-04    0.0000000E+00    1.6325200E-04
0.95    110.0    480.00    1.6069600E-04    0.0000000E+00    1.6069600E-04
0.95    120.0    480.00    1.6272300E-04    0.0000000E+00    1.6272300E-04
0.95    130.0    480.00    1.6437000E-04    0.0000000E+00    1.6437000E-04
0.95    140.0    480.00    1.6550800E-04    0.0000000E+00    1.6550800E-04
0.95    150.0    480.00    1.6627200E-04    0.0000000E+00    1.6627200E-04
0.95    160.0    480.00    1.6676100E-04    0.0000000E+00    1.6676100E-04
0.95    170.0    480.00    1.6703300E-04    0.0000000E+00    1.6703300E-04
0.95    180.0    480.00    1.6713200E-04    0.0000000E+00    1.6713200E-04
0.96    0.0    480.00    2.6799000E-03    0.0000000E+00    2.6799000E-03
0.96    10.0    480.00    2.6398700E-03    0.0000000E+00    2.6398700E-03
0.96    20.0    480.00    2.5299600E-03    0.0000000E+00    2.5299600E-03
0.96    30.0    480.00    2.3528600E-03    0.0000000E+00    2.3528600E-03
0.96    40.0    480.00    2.1149400E-03    0.0000000E+00    2.1149400E-03
0.96    50.0    480.00    1.8211100E-03    0.0000000E+00    1.8211100E-03
0.96    60.0    480.00    1.4701800E-03    0.0000000E+00    1.4701800E-03
0.96    70.0    480.00    1.0496300E-03    0.0000000E+00    1.0496300E-03
0.96    80.0    480.00    5.7365400E-04    0.0000000E+00    5.7365400E-04
0.96    90.0    480.00    2.5193600E-04    0.0000000E+00    2.5193600E-04
0.96    100.0    480.00    1.6442500E-04    0.0000000E+00    1.6442500E-04
0.96    110.0    480.00    1.6307800E-04    0.0000000E+00    1.6307800E-04
0.96    120.0    480.00    1.6489000E-04    0.0000000E+00    1.6489000E-04
0.96    130.0    480.00    1.6627300E-04    0.0000000E+00    1.6627300E-04
0.96    140.0    480.00    1.6721300E-04    0.0000000E+00    1.6721300E-04
0.96    150.0    480.00    1.6783900E-04    0.0000000E+00    1.6783900E-04
0.96    160.0    480.00    1.6823800E-04    0.0000000E+00    1.6823800E-04
0.96    170.0    480.00    1.6846000E-04    0.0000000E+00    1.6846000E-04
0.96    180.0    480.00    1.6854100E-04    0.0000000E+00    1.6854100E-04
0.97    0.0    480.00    2.6501400E-03    0.0000000E+00    2.6501400E-03
0.97    10.0    480.00    2.6100700E-03    0.0000000E+00    2.6100700E-03
0.97    20.0    480.00    2.5000900E-03    0.0000000E+00    2.5000900E-03
0.97    30.0    480.00    2.3228100E-03    0.0000000E+00    2.3228100E-03
0.97    40.0    480.00    2.0845100E-03    0.0000000E+00    2.0845100E-03
0.97    50.0    480.00    1.7900200E-03    0.0000000E+00    1.7900200E-03
0.97    60.0    480.00    1.4381700E-03    0.0000000E+00    1.4381700E-03
0.97    70.0    480.00    1.0177800E-03    0.0000000E+00    1.0177800E-03
0.97    80.0    480.00    5.5054700E-04    0.0000000E+00    5.5054700E-04
0.97    90.0    480.00    2.4477550E-04    0.0000000E+00    2.4477550E-04
0.97    100.0    480.00    1.6606200E-04    0.0000000E+00    1.6606200E-04
0.97    110.0    480.00    1.6563800E-04    0.0000000E+00    1.6563800E-04
0.97    120.0    480.00    1.6714200E-04    0.0000000E+00    1.6714200E-04
0.97    130.0    480.00    1.6822700E-04    0.0000000E+00    1.6822700E-04
0.97    140.0    480.00    1.6895400E-04    0.0000000E+00    1.6895400E-04
0.97    150.0    480.00    1.6943500E-04    0.0000000E+00    1.6943500E-04
0.97    160.0    480.00    1.6974100E-04    0.0000000E+00    1.6974100E-04
0.97    170.0    480.00    1.6991100E-04    0.0000000E+00    1.6991100E-04
0.97    180.0    480.00    1.6997200E-04    0.0000000E+00    1.6997200E-04
0.98    0.0    480.00    2.6206800E-03    0.0000000E+00    2.6206800E-03
0.98    10.0    480.00    2.5805700E-03    0.0000000E+00    2.5805700E-03
0.98    20.0    480.00    2.4705400E-03    0.0000000E+00    2.4705400E-03
0.98    30.0    480.00    2.2931000E-03    0.0000000E+00    2.2931000E-03
0.98    40.0    480.00    2.0544800E-03    0.0000000E+00    2.0544800E-03
0.98    50.0    480.00    1.7594300E-03    0.0000000E+00    1.7594300E-03
0.98    60.0    480.00    1.4068700E-03    0.0000000E+00    1.4068700E-03
0.98    70.0    480.00    9.8708000E-04    0.0000000E+00    9.8708000E-04
0.98    80.0    480.00    5.2899100E-04    0.0000000E+00    5.2899100E-04
0.98    90.0    480.00    2.3759600E-04    0.0000000E+00    2.3759600E-04
0.98    100.0    480.00    1.6821300E-04    0.0000000E+00    1.6821300E-04
0.98    110.0    480.00    1.6837700E-04    0.0000000E+00    1.6837700E-04
0.98    120.0    480.00    1.6947600E-04    0.0000000E+00    1.6947600E-04
0.98    130.0    480.00    1.7023200E-04    0.0000000E+00    1.7023200E-04
0.98    140.0    480.00    1.7073100E-04    0.0000000E+00    1.7073100E-04
0.98    150.0    480.00    1.7106000E-04    0.0000000E+00    1.7106000E-04
0.98    160.0    480.00    1.7126700E-04    0.0000000E+00    1.7126700E-04
0.98    170.0    480.00    1.7138300E-04    0.0000000E+00    1.7138300E-04
0.98    180.0    480.00    1.7142400E-04    0.0000000E+00    1.7142400E-04
0.99    0.0    480.00    2.5915200E-03    0.0000000E+00    2.5915200E-03
0.99    10.0    480.00    2.5513800E-03    0.0000000E+00    2.5513800E-03
0.99    20.0    480.00    2.4413000E-03    0.0000000E+00    2.4413000E-03
0.99    30.0    480.00    2.2637400E-03    0.0000000E+00    2.2637400E-03
0.99    40.0    480.00    2.0248600E-03    0.0000000E+00    2.0248600E-03
0.99    50.0    480.00    1.7293400E-03    0.0000000E+00    1.7293400E-03
0.99    60.0    480.00    1.3762600E-03    0.0000000E+00    1.3762600E-03
0.99    70.0    480.00    9.5749300E-04    0.0000000E+00    9.5749300E-04
0.99    80.0    480.00    5.0884400E-04    0.0000000E+00    5.0884400E-04
0.99    90.0    480.00    2.2988550E-04    0.0000000E+00    2.2988550E-04
0.99    100.0    480.00    1.7095000E-04    0.0000000E+00    1.7095000E-04
0.99    110.0    480.00    1.7129200E-04    0.0000000E+00    1.7129200E-04
0.99    120.0    480.00    1.7189100E-04    0.0000000E+00    1.7189100E-04
0.99    130.0    480.00    1.7228500E-04    0.0000000E+00    1.7228500E-04
0.99    140.0    480.00    1.7254200E-04    0.0000000E+00    1.7254200E-04
0.99    150.0    480.00    1.7271000E-04    0.0000000E+00    1.7271000E-04
0.99    160.0    480.00    1.7281600E-04    0.0000000E+00    1.7281600E-04
0.99    170.0    480.00    1.7287400E-04    0.0000000E+00    1.7287400E-04
0.99    180.0    480.00    1.7289500E-04    0.0000000E+00    1.7289500E-04
1.00    0.0    480.00    2.5626700E-03    0.0000000E+00    2.5626700E-03
1.00    10.0    480.00    2.5225000E-03    0.0000000E+00    2.5225000E-03
1.00    20.0    480.00    2.4123900E-03    0.0000000E+00    2.4123900E-03
1.00    30.0    480.00    2.2347500E-03    0.0000000E+00    2.2347500E-03
1.00    40.0    480.00    1.9956500E-03    0.0000000E+00    1.9956500E-03
1.00    50.0    480.00    1.6997600E-03    0.0000000E+00    1.6997600E-03
1.00    60.0    480.00    1.3463500E-03    0.0000000E+00    1.3463500E-03
1.00    70.0    480.00    9.2899700E-04    0.0000000E+00    9.2899700E-04
1.00    80.0    480.00    4.8998200E-04    0.0000000E+00    4.8998200E-04
1.00    90.0    480.00    2.2070500E-04    0.0000000E+00    2.2070500E-04
1.00    100.0    480.00    1.7438600E-04    0.0000000E+00    1.7438600E-04
1.00    110.0    480.00    1.7438600E-04    0.0000000E+00    1.7438600E-04
1.00    120.0    480.00    1.7438600E-04    0.0000000E+00    1.7438600E-04
1.00    130.0    480.00    1.7438600E-04    0.0000000E+00    1.7438600E-04
1.00    140.0    480.00    1.7438600E-04    0.0000000E+00    1.7438600E-04
1.00    150.0    480.00    1.7438600E-04    0.0000000E+00    1.7438600E-04
1.00    160.0    480.00    1.7438600E-04    0.0000000E+00    1.7438600E-04
1.00    170.0    480.00    1.7438600E-04    0.0000000E+00    1.7438600E-04
1.00    180.0    480.00    1.7438600E-04    0.0000000E+00    1.7438600E-04
-1.00    0.0    540.00    5.0269800E-02    5.0269800E-02    0.0000000E+00
-1.00    10.0    540.00    5.2943160E-02    5.2943160E-02    0.0000000E+00
-1.00    20.0    540.00    6.2694656E-02    6.2694656E-02    0.0000000E+00
-1.00    30.0    540.00    8.4565936E-02    8.4565936E-02    0.0000000E+00
-1.00    40.0    540.00    1.2346701E-01    1.2346701E-01    0.0000000E+00
-1.00    50.0    540.00    1.4315702E+00    1.4315702E+00    0.0000000E+00
-1.00    60.0    540.00    1.1167976E-01    1.1167976E-01    0.0000000E+00
-1.00    70.0    540.00    1.1165696E-01    1.1165696E-01    0.0000000E+00
-1.00    80.0    540.00    1.4700304E-01    1.4700304E-01    0.0000000E+00
-1.00    90.0    540.00    2.2411682E-01    9.8849220E-02    1.2526760E-01
-1.00    100.0    540.00    2.7467292E-01    0.0000000E+00    2.7467292E-01
-1.00    110.0    540.00    2.8320356E-01    0.0000000E+00    2.8320356E-01
-1.00    120.0    540.00    2.8084172E-01    0.0000000E+00    2.8084172E-01
-1.00    130.0    540.00    2.7507476E-01    0.0000000E+00    2.7507476E-01
-1.00    140.0    540.00    2.6897320E-01    0.0000000E+00    2.6897320E-01
-1.00    150.0    540.00    2.6376304E-01    0.0000000E+00    2.6376304E-01
-1.00    160.0    540.00    2.5992548E-01    0.0000000E+00    2.5992548E-01
-1.00    170.0    540.00    2.5764664E-01    0.0000000E+00    2.5764664E-01
-1.00    180.0    540.00    2.5694200E-01    0.0000000E+00    2.5694200E-01
0.00    0.0    540.00    5.0269800E-02    5.0269800E-02    0.0000000E+00
0.00    10.0    540.00    5.2943160E-02    5.2943160E-02    0.0000000E+00
0.00    20.0    540.00    6.2694656E-02    6.2694656E-02    0.0000000E+00
0.00    30.0    540.00    8.4565936E-02    8.4565936E-02    0.0000000E+00
0.00    40.0    540.00    1.2346701E-01    1.2346701E-01    0.0000000E+00
0.00    50.0    540.00    1.4315702E+00    1.4315702E+00    0.0000000E+00
0.00    60.0    540.00    1.1167976E-01    1.1167976E-01    0.0000000E+00
0.00    70.0    540.00    1.1165696E-01    1.1165696E-01    0.0000000E+00
0.00    80.0    540.00    1.4700304E-01    1.4700304E-01    0.0000000E+00
0.00    90.0    540.00    2.2411682E-01    9.8849220E-02    1.2526760E-01
0.00    100.0    540.00    2.7467292E-01    0.0000000E+00    2.7467292E-01
0.00    110.0    540.00    2.8320356E-01    0.0000000E+00    2.8320356E-01
0.00    120.0    540.00    2.8084172E-01    0.0000000E+00    2.8084172E-01
0.00    130.0    540.00    2.7507476E-01    0.0000000E+00    2.7507476E-01
0.00    140.0    540.00    2.6897320E-01    0.0000000E+00    2.6897320E-01
0.00    150.0    540.00    2.6376304E-01    0.0000000E+00    2.6376304E-01
0.00    160.0    540.00    2.5992548E-01    0.0000000E+00    2.5992548E-01
0.00    170.0    540.00    2.5764664E-01    0.0000000E+00    2.5764664E-01
0.00    180.0    540.00    2.5694200E-01    0.0000000E+00    2.5694200E-01
0.01    0.0    540.00    2.0787300E-01    4.0944600E-03    2.0377900E-01
0.01    10.0    540.00    2.1407096E-01    4.1284340E-03    2.0994248E-01
0.01    20.0    540.00    2.3510204E-01    4.3252328E-03    2.3077672E-01
0.01    30.0    540.00    2.7279068E-01    4.6472540E-03    2.6814336E-01
0.01    40.0    540.00    3.2498852E-01    4.6462444E-03    3.2034216E-01
0.01    50.0    540.00    3.8558064E-01    2.8722380E-02    3.5685828E-01
0.01    60.0    540.00    3.4358800E-01    7.3382420E-04    3.4285424E-01
0.01    70.0    540.00    3.2517420E-01    7.2020428E-05    3.2510232E-01
0.01    80.0    540.00    3.1092736E-01    7.6455144E-08    3.1092736E-01
0.01    90.0    540.00    2.9662808E-01    1.1226476E-26    2.9662808E-01
0.01    100.0    540.00    2.8315432E-01    0.0000000E+00    2.8315432E-01
0.01    110.0    540.00    2.7156740E-01    0.0000000E+00    2.7156740E-01
0.01    120.0    540.00    2.6167736E-01    0.0000000E+00    2.6167736E-01
0.01    130.0    540.00    2.5345792E-01    0.0000000E+00    2.5345792E-01
0.01    140.0    540.00    2.4683216E-01    0.0000000E+00    2.4683216E-01
0.01    150.0    540.00    2.4173432E-01    0.0000000E+00    2.4173432E-01
0.01    160.0    540.00    2.3812668E-01    0.0000000E+00    2.3812668E-01
0.01    170.0    540.00    2.3599132E-01    0.0000000E+00    2.3599132E-01
0.01    180.0    540.00    2.3525200E-01    0.0000000E+00    2.3525200E-01
0.02    0.0    540.00    2.6698000E-01    3.3349200E-04    2.6664700E-01
0.02    10.0    540.00    2.6937244E-01    3.2192932E-04    2.6905052E-01
0.02    20.0    540.00    2.7764112E-01    2.9839248E-04    2.7734276E-01
0.02    30.0    540.00    2.8915112E-01    2.5538602E-04    2.8889568E-01
0.02    40.0    540.00    2.9887500E-01    1.7484493E-04    2.9870012E-01
0.02    50.0    540.00    3.0122760E-01    5.7627322E-04    3.0065124E-01
0.02    60.0    540.00    2.9425876E-01    4.8218044E-06    2.9425400E-01
0.02    70.0    540.00    2.8477376E-01    4.6454312E-08    2.8477376E-01
0.02    80.0    540.00    2.7446860E-01    3.9763804E-14    2.7446860E-01
0.02    90.0    540.00    2.6410196E-01    0.0000000E+00    2.6410196E-01
0.02    100.0    540.00    2.5440696E-01    0.0000000E+00    2.5440696E-01
0.02    110.0    540.00    2.4587860E-01    0.0000000E+00    2.4587860E-01
0.02    120.0    540.00    2.3831984E-01    0.0000000E+00    2.3831984E-01
0.02    130.0    540.00    2.3179600E-01    0.0000000E+00    2.3179600E-01
0.02    140.0    540.00    2.2636704E-01    0.0000000E+00    2.2636704E-01
0.02    150.0    540.00    2.2208568E-01    0.0000000E+00    2.2208568E-01
0.02    160.0    540.00    2.1899764E-01    0.0000000E+00    2.1899764E-01
0.02    170.0    540.00    2.1713800E-01    0.0000000E+00    2.1713800E-01
0.02    180.0    540.00    2.1646000E-01    0.0000000E+00    2.1646000E-01
0.03    0.0    540.00    2.7495000E-01    2.7162800E-05    2.7492300E-01
0.03    10.0    540.00    2.7512640E-01    2.5103576E-05    2.7510112E-01
0.03    20.0    540.00    2.7645892E-01    2.0585752E-05    2.7643840E-01
0.03    30.0    540.00    2.7747916E-01    1.4034534E-05    2.7746524E-01
0.03    40.0    540.00    2.7647948E-01    6.5796700E-06    2.7647288E-01
0.03    50.0    540.00    2.7256572E-01    1.1562072E-05    2.7255412E-01
0.03    60.0    540.00    2.6624716E-01    3.1683036E-08    2.6624700E-01
0.03    70.0    540.00    2.5864780E-01    2.9963728E-11    2.5864780E-01
0.03    80.0    540.00    2.5055944E-01    2.0680860E-20    2.5055944E-01
0.03    90.0    540.00    2.4226522E-01    0.0000000E+00    2.4226522E-01
0.03    100.0    540.00    2.3427048E-01    0.0000000E+00    2.3427048E-01
0.03    110.0    540.00    2.2699824E-01    0.0000000E+00    2.2699824E-01
0.03    120.0    540.00    2.2037968E-01    0.0000000E+00    2.2037968E-01
0.03    130.0    540.00    2.1455324E-01    0.0000000E+00    2.1455324E-01
0.03    140.0    540.00    2.0963508E-01    0.0000000E+00    2.0963508E-01
0.03    150.0    540.00    2.0571692E-01    0.0000000E+00    2.0571692E-01
0.03    160.0    540.00    2.0287008E-01    0.0000000E+00    2.0287008E-01
0.03    170.0    540.00    2.0114384E-01    0.0000000E+00    2.0114384E-01
0.03    180.0    540.00    2.0050100E-01    0.0000000E+00    2.0050100E-01
0.04    0.0    540.00    2.6491600E-01    2.2123900E-06    2.6491400E-01
0.04    10.0    540.00    2.6435616E-01    1.9575420E-06    2.6435436E-01
0.04    20.0    540.00    2.6329092E-01    1.4201841E-06    2.6328936E-01
0.04    30.0    540.00    2.6118188E-01    7.7125624E-07    2.6118104E-01
0.04    40.0    540.00    2.5762628E-01    2.4760214E-07    2.5762604E-01
0.04    50.0    540.00    2.5258644E-01    2.3197616E-07    2.5258624E-01
0.04    60.0    540.00    2.4638628E-01    2.0818240E-10    2.4638628E-01
0.04    70.0    540.00    2.3946408E-01    1.9327072E-14    2.3946408E-01
0.04    80.0    540.00    2.3220856E-01    1.0755970E-26    2.3220856E-01
0.04    90.0    540.00    2.2472206E-01    0.0000000E+00    2.2472206E-01
0.04    100.0    540.00    2.1742828E-01    0.0000000E+00    2.1742828E-01
0.04    110.0    540.00    2.1071900E-01    0.0000000E+00    2.1071900E-01
0.04    120.0    540.00    2.0456080E-01    0.0000000E+00    2.0456080E-01
0.04    130.0    540.00    1.9910520E-01    0.0000000E+00    1.9910520E-01
0.04    140.0    540.00    1.9447952E-01    0.0000000E+00    1.9447952E-01
0.04    150.0    540.00    1.9078268E-01    0.0000000E+00    1.9078268E-01
0.04    160.0    540.00    1.8809004E-01    0.0000000E+00    1.8809004E-01
0.04    170.0    540.00    1.8645316E-01    0.0000000E+00    1.8645316E-01
0.04    180.0    540.00    1.8583900E-01    0.0000000E+00    1.8583900E-01
0.05    0.0    540.00    2.4975700E-01    1.8019800E-07    2.4975700E-01
0.05    10.0    540.00    2.4903108E-01    1.5264620E-07    2.4903084E-01
0.05    20.0    540.00    2.4730628E-01    9.7976784E-08    2.4730624E-01
0.05    30.0    540.00    2.4441408E-01    4.2383788E-08    2.4441408E-01
0.05    40.0    540.00    2.4033632E-01    9.3176280E-09    2.4033632E-01
0.05    50.0    540.00    2.3519348E-01    4.6542530E-09    2.3519348E-01
0.05    60.0    540.00    2.2922120E-01    1.3679229E-12    2.2922120E-01
0.05    70.0    540.00    2.2269776E-01    1.2466252E-17    2.2269776E-01
0.05    80.0    540.00    2.1589448E-01    5.5941124E-33    2.1589448E-01
0.05    90.0    540.00    2.0886296E-01    0.0000000E+00    2.0886296E-01
0.05    100.0    540.00    2.0199088E-01    0.0000000E+00    2.0199088E-01
0.05    110.0    540.00    1.9564792E-01    0.0000000E+00    1.9564792E-01
0.05    120.0    540.00    1.8981012E-01    0.0000000E+00    1.8981012E-01
0.05    130.0    540.00    1.8462796E-01    0.0000000E+00    1.8462796E-01
0.05    140.0    540.00    1.8022692E-01    0.0000000E+00    1.8022692E-01
0.05    150.0    540.00    1.7670548E-01    0.0000000E+00    1.7670548E-01
0.05    160.0    540.00    1.7413796E-01    0.0000000E+00    1.7413796E-01
0.05    170.0    540.00    1.7257608E-01    0.0000000E+00    1.7257608E-01
0.05    180.0    540.00    1.7198800E-01    0.0000000E+00    1.7198800E-01
0.06    0.0    540.00    2.3365800E-01    1.4677100E-08    2.3365800E-01
0.06    10.0    540.00    2.3292716E-01    1.1903143E-08    2.3292708E-01
0.06    20.0    540.00    2.3108672E-01    6.7593112E-09    2.3108672E-01
0.06    30.0    540.00    2.2808744E-01    2.3291662E-09    2.2808744E-01
0.06    40.0    540.00    2.2401500E-01    3.5063617E-10    2.2401500E-01
0.06    50.0    540.00    2.1902032E-01    9.3380996E-11    2.1902032E-01
0.06    60.0    540.00    2.1330704E-01    8.9883248E-15    2.1330704E-01
0.06    70.0    540.00    2.0710400E-01    8.0409268E-21    2.0710400E-01
0.06    80.0    540.00    2.0064360E-01    2.9094512E-39    2.0064360E-01
0.06    90.0    540.00    1.9396226E-01    0.0000000E+00    1.9396226E-01
0.06    100.0    540.00    1.8742464E-01    0.0000000E+00    1.8742464E-01
0.06    110.0    540.00    1.8138248E-01    0.0000000E+00    1.8138248E-01
0.06    120.0    540.00    1.7581512E-01    0.0000000E+00    1.7581512E-01
0.06    130.0    540.00    1.7086828E-01    0.0000000E+00    1.7086828E-01
0.06    140.0    540.00    1.6666380E-01    0.0000000E+00    1.6666380E-01
0.06    150.0    540.00    1.6329732E-01    0.0000000E+00    1.6329732E-01
0.06    160.0    540.00    1.6084128E-01    0.0000000E+00    1.6084128E-01
0.06    170.0    540.00    1.5934640E-01    0.0000000E+00    1.5934640E-01
0.06    180.0    540.00    1.5878300E-01    0.0000000E+00    1.5878300E-01
0.07    0.0    540.00    2.1784700E-01    1.1954400E-09    2.1784700E-01
0.07    10.0    540.00    2.1714836E-01    9.2818884E-10    2.1714836E-01
0.07    20.0    540.00    2.1534308E-01    4.6631568E-10    2.1534308E-01
0.07    30.0    540.00    2.1241944E-01    1.2799706E-10    2.1241944E-01
0.07    40.0    540.00    2.0848680E-01    1.3194918E-11    2.0848680E-01
0.07    50.0    540.00    2.0369892E-01    1.8735558E-12    2.0369892E-01
0.07    60.0    540.00    1.9824348E-01    5.9060236E-17    1.9824348E-01
0.07    70.0    540.00    1.9232900E-01    5.1864976E-24    1.9232900E-01
0.07    80.0    540.00    1.8616964E-01    1.4013000E-45    1.8616964E-01
0.07    90.0    540.00    1.7979560E-01    0.0000000E+00    1.7979560E-01
0.07    100.0    540.00    1.7355448E-01    0.0000000E+00    1.7355448E-01
0.07    110.0    540.00    1.6778164E-01    0.0000000E+00    1.6778164E-01
0.07    120.0    540.00    1.6245800E-01    0.0000000E+00    1.6245800E-01
0.07    130.0    540.00    1.5772436E-01    0.0000000E+00    1.5772436E-01
0.07    140.0    540.00    1.5369848E-01    0.0000000E+00    1.5369848E-01
0.07    150.0    540.00    1.5047284E-01    0.0000000E+00    1.5047284E-01
0.07    160.0    540.00    1.4811908E-01    0.0000000E+00    1.4811908E-01
0.07    170.0    540.00    1.4668568E-01    0.0000000E+00    1.4668568E-01
0.07    180.0    540.00    1.4614500E-01    0.0000000E+00    1.4614500E-01
0.08    0.0    540.00    2.0264800E-01    9.7368100E-11    2.0264800E-01
0.08    10.0    540.00    2.0198388E-01    7.2378896E-11    2.0198388E-01
0.08    20.0    540.00    2.0025000E-01    3.2170504E-11    2.0025000E-01
0.08    30.0    540.00    1.9744504E-01    7.0339776E-12    1.9744504E-01
0.08    40.0    540.00    1.9368044E-01    4.9654316E-13    1.9368044E-01
0.08    50.0    540.00    1.8910432E-01    3.7590095E-14    1.8910432E-01
0.08    60.0    540.00    1.8389492E-01    3.8807176E-19    1.8389492E-01
0.08    70.0    540.00    1.7824696E-01    3.3453656E-27    1.7824696E-01
0.08    80.0    540.00    1.7236308E-01    0.0000000E+00    1.7236308E-01
0.08    90.0    540.00    1.6627052E-01    0.0000000E+00    1.6627052E-01
0.08    100.0    540.00    1.6030068E-01    0.0000000E+00    1.6030068E-01
0.08    110.0    540.00    1.5477436E-01    0.0000000E+00    1.5477436E-01
0.08    120.0    540.00    1.4967436E-01    0.0000000E+00    1.4967436E-01
0.08    130.0    540.00    1.4513624E-01    0.0000000E+00    1.4513624E-01
0.08    140.0    540.00    1.4127412E-01    0.0000000E+00    1.4127412E-01
0.08    150.0    540.00    1.3817812E-01    0.0000000E+00    1.3817812E-01
0.08    160.0    540.00    1.3591756E-01    0.0000000E+00    1.3591756E-01
0.08    170.0    540.00    1.3454068E-01    0.0000000E+00    1.3454068E-01
0.08    180.0    540.00    1.3402200E-01    0.0000000E+00    1.3402200E-01
0.09    0.0    540.00    1.8811300E-01    7.9305800E-12    1.8811300E-01
0.09    10.0    540.00    1.8748180E-01    5.6439820E-12    1.8748180E-01
0.09    20.0    540.00    1.8582460E-01    2.2194008E-12    1.8582460E-01
0.09    30.0    540.00    1.8314280E-01    3.8654508E-13    1.8314280E-01
0.09    40.0    540.00    1.7954460E-01    1.8685596E-14    1.7954460E-01
0.09    50.0    540.00    1.7517172E-01    7.5418770E-16    1.7517172E-01
0.09    60.0    540.00    1.7019236E-01    2.5499304E-21    1.7019236E-01
0.09    70.0    540.00    1.6479180E-01    2.1577948E-30    1.6479180E-01
0.09    80.0    540.00    1.5916248E-01    0.0000000E+00    1.5916248E-01
0.09    90.0    540.00    1.5332924E-01    0.0000000E+00    1.5332924E-01
0.09    100.0    540.00    1.4760900E-01    0.0000000E+00    1.4760900E-01
0.09    110.0    540.00    1.4230944E-01    0.0000000E+00    1.4230944E-01
0.09    120.0    540.00    1.3741504E-01    0.0000000E+00    1.3741504E-01
0.09    130.0    540.00    1.3305624E-01    0.0000000E+00    1.3305624E-01
0.09    140.0    540.00    1.2934428E-01    0.0000000E+00    1.2934428E-01
0.09    150.0    540.00    1.2636696E-01    0.0000000E+00    1.2636696E-01
0.09    160.0    540.00    1.2419200E-01    0.0000000E+00    1.2419200E-01
0.09    170.0    540.00    1.2286688E-01    0.0000000E+00    1.2286688E-01
0.09    180.0    540.00    1.2236700E-01    0.0000000E+00    1.2236700E-01
0.10    0.0    540.00    1.7422400E-01    6.4594200E-13    1.7422400E-01
0.10    10.0    540.00    1.7362180E-01    4.4010956E-13    1.7362180E-01
0.10    20.0    540.00    1.7203808E-01    1.5311344E-13    1.7203808E-01
0.10    30.0    540.00    1.6947416E-01    2.1242271E-14    1.6947416E-01
0.10    40.0    540.00    1.6603292E-01    7.0316380E-16    1.6603292E-01
0.10    50.0    540.00    1.6185016E-01    1.5131674E-17    1.6185016E-01
0.10    60.0    540.00    1.5708448E-01    1.6755023E-23    1.5708448E-01
0.10    70.0    540.00    1.5191308E-01    1.3918087E-33    1.5191308E-01
0.10    80.0    540.00    1.4651856E-01    0.0000000E+00    1.4651856E-01
0.10    90.0    540.00    1.4092382E-01    0.0000000E+00    1.4092382E-01
0.10    100.0    540.00    1.3543324E-01    0.0000000E+00    1.3543324E-01
0.10    110.0    540.00    1.3034208E-01    0.0000000E+00    1.3034208E-01
0.10    120.0    540.00    1.2563592E-01    0.0000000E+00    1.2563592E-01
0.10    130.0    540.00    1.2144152E-01    0.0000000E+00    1.2144152E-01
0.10    140.0    540.00    1.1786668E-01    0.0000000E+00    1.1786668E-01
0.10    150.0    540.00    1.1499772E-01    0.0000000E+00    1.1499772E-01
0.10    160.0    540.00    1.1290052E-01    0.0000000E+00    1.1290052E-01
0.10    170.0    540.00    1.1162244E-01    0.0000000E+00    1.1162244E-01
0.10    180.0    540.00    1.1114000E-01    0.0000000E+00    1.1114000E-01
0.11    0.0    540.00    1.6094000E-01    5.2611700E-14    1.6094000E-01
0.11    10.0    540.00    1.6036468E-01    3.4319132E-14    1.6036468E-01
0.11    20.0    540.00    1.5884924E-01    1.0563114E-14    1.5884924E-01
0.11    30.0    540.00    1.5639512E-01    1.1673527E-15    1.5639512E-01
0.11    40.0    540.00    1.5310032E-01    2.6461082E-17    1.5310032E-01
0.11    50.0    540.00    1.4909312E-01    3.0359527E-19    1.4909312E-01
0.11    60.0    540.00    1.4452544E-01    1.1009349E-25    1.4452544E-01
0.11    70.0    540.00    1.3956488E-01    8.9773796E-37    1.3956488E-01
0.11    80.0    540.00    1.3438640E-01    0.0000000E+00    1.3438640E-01
0.11    90.0    540.00    1.2901110E-01    0.0000000E+00    1.2901110E-01
0.11    100.0    540.00    1.2373116E-01    0.0000000E+00    1.2373116E-01
0.11    110.0    540.00    1.1883028E-01    0.0000000E+00    1.1883028E-01
0.11    120.0    540.00    1.1429600E-01    0.0000000E+00    1.1429600E-01
0.11    130.0    540.00    1.1025112E-01    0.0000000E+00    1.1025112E-01
0.11    140.0    540.00    1.0680120E-01    0.0000000E+00    1.0680120E-01
0.11    150.0    540.00    1.0403028E-01    0.0000000E+00    1.0403028E-01
0.11    160.0    540.00    1.0200400E-01    0.0000000E+00    1.0200400E-01
0.11    170.0    540.00    1.0076800E-01    0.0000000E+00    1.0076800E-01
0.11    180.0    540.00    1.0030200E-01    0.0000000E+00    1.0030200E-01
0.12    0.0    540.00    1.4821800E-01    4.2852000E-15    1.4821800E-01
0.12    10.0    540.00    1.4766668E-01    2.6761524E-15    1.4766668E-01
0.12    20.0    540.00    1.4621440E-01    7.2873620E-16    1.4621440E-01
0.12    30.0    540.00    1.4386168E-01    6.4150800E-17    1.4386168E-01
0.12    40.0    540.00    1.4070168E-01    9.9576960E-19    1.4070168E-01
0.12    50.0    540.00    1.3685672E-01    6.0912018E-21    1.3685672E-01
0.12    60.0    540.00    1.3247080E-01    7.2339920E-28    1.3247080E-01
0.12    70.0    540.00    1.2770408E-01    5.7905452E-40    1.2770408E-01
0.12    80.0    540.00    1.2272372E-01    0.0000000E+00    1.2272372E-01
0.12    90.0    540.00    1.1754884E-01    0.0000000E+00    1.1754884E-01
0.12    100.0    540.00    1.1246096E-01    0.0000000E+00    1.1246096E-01
0.12    110.0    540.00    1.0773364E-01    0.0000000E+00    1.0773364E-01
0.12    120.0    540.00    1.0335544E-01    0.0000000E+00    1.0335544E-01
0.12    130.0    540.00    9.9445992E-02    0.0000000E+00    9.9445992E-02
0.12    140.0    540.00    9.6108628E-02    0.0000000E+00    9.6108628E-02
0.12    150.0    540.00    9.3426240E-02    0.0000000E+00    9.3426240E-02
0.12    160.0    540.00    9.1463480E-02    0.0000000E+00    9.1463480E-02
0.12    170.0    540.00    9.0266152E-02    0.0000000E+00    9.0266152E-02
0.12    180.0    540.00    8.9814300E-02    0.0000000E+00    8.9814300E-02
0.13    0.0    540.00    1.3601300E-01    3.4902800E-16    1.3601300E-01
0.13    10.0    540.00    1.3548408E-01    2.0868292E-16    1.3548408E-01
0.13    20.0    540.00    1.3408988E-01    5.0274700E-17    1.3408988E-01
0.13    30.0    540.00    1.3183072E-01    3.5253692E-18    1.3183072E-01
0.13    40.0    540.00    1.2879480E-01    3.7472312E-20    1.2879480E-01
0.13    50.0    540.00    1.2509828E-01    1.2221120E-22    1.2509828E-01
0.13    60.0    540.00    1.2087884E-01    4.7533156E-30    1.2087884E-01
0.13    70.0    540.00    1.1628956E-01    3.7336180E-43    1.1628956E-01
0.13    80.0    540.00    1.1148972E-01    0.0000000E+00    1.1148972E-01
0.13    90.0    540.00    1.0649738E-01    0.0000000E+00    1.0649738E-01
0.13    100.0    540.00    1.0158368E-01    0.0000000E+00    1.0158368E-01
0.13    110.0    540.00    9.7013316E-02    0.0000000E+00    9.7013316E-02
0.13    120.0    540.00    9.2775712E-02    0.0000000E+00    9.2775712E-02
0.13    130.0    540.00    8.8988164E-02    0.0000000E+00    8.8988164E-02
0.13    140.0    540.00    8.5751820E-02    0.0000000E+00    8.5751820E-02
0.13    150.0    540.00    8.3148680E-02    0.0000000E+00    8.3148680E-02
0.13    160.0    540.00    8.1242752E-02    0.0000000E+00    8.1242752E-02
0.13    170.0    540.00    8.0079676E-02    0.0000000E+00    8.0079676E-02
0.13    180.0    540.00    7.9640600E-02    0.0000000E+00    7.9640600E-02
0.14    0.0    540.00    1.2428400E-01    2.8428100E-17    1.2428400E-01
0.14    10.0    540.00    1.2377480E-01    1.6272764E-17    1.2377480E-01
0.14    20.0    540.00    1.2243388E-01    3.4683836E-18    1.2243388E-01
0.14    30.0    540.00    1.2025996E-01    1.9373264E-19    1.2025996E-01
0.14    40.0    540.00    1.1733748E-01    1.4101305E-21    1.1733748E-01
0.14    50.0    540.00    1.1377688E-01    2.4519800E-24    1.1377688E-01
0.14    60.0    540.00    1.0970944E-01    3.1232928E-32    1.0970944E-01
0.14    70.0    540.00    1.0528136E-01    0.0000000E+00    1.0528136E-01
0.14    80.0    540.00    1.0064520E-01    0.0000000E+00    1.0064520E-01
0.14    90.0    540.00    9.5817908E-02    0.0000000E+00    9.5817908E-02
0.14    100.0    540.00    9.1061416E-02    0.0000000E+00    9.1061416E-02
0.14    110.0    540.00    8.6631732E-02    0.0000000E+00    8.6631732E-02
0.14    120.0    540.00    8.2520012E-02    0.0000000E+00    8.2520012E-02
0.14    130.0    540.00    7.8841052E-02    0.0000000E+00    7.8841052E-02
0.14    140.0    540.00    7.5694560E-02    0.0000000E+00    7.5694560E-02
0.14    150.0    540.00    7.3161800E-02    0.0000000E+00    7.3161800E-02
0.14    160.0    540.00    7.1306400E-02    0.0000000E+00    7.1306400E-02
0.14    170.0    540.00    7.0173800E-02    0.0000000E+00    7.0173800E-02
0.14    180.0    540.00    6.9746300E-02    0.0000000E+00    6.9746300E-02
0.15    0.0    540.00    1.1298800E-01    2.3154500E-18    1.1298800E-01
0.15    10.0    540.00    1.1249800E-01    1.2689258E-18    1.1249800E-01
0.15    20.0    540.00    1.1120552E-01    2.3927844E-19    1.1120552E-01
0.15    30.0    540.00    1.0910952E-01    1.0646414E-20    1.0910952E-01
0.15    40.0    540.00    1.0629028E-01    5.3065068E-23    1.0629028E-01
0.15    50.0    540.00    1.0285292E-01    4.9195302E-26    1.0285292E-01
0.15    60.0    540.00    9.8922996E-02    2.0522468E-34    9.8922996E-02
0.15    70.0    540.00    9.4640492E-02    0.0000000E+00    9.4640492E-02
0.15    80.0    540.00    9.0152040E-02    0.0000000E+00    9.0152040E-02
0.15    90.0    540.00    8.5472742E-02    0.0000000E+00    8.5472742E-02
0.15    100.0    540.00    8.0856588E-02    0.0000000E+00    8.0856588E-02
0.15    110.0    540.00    7.6552052E-02    0.0000000E+00    7.6552052E-02
0.15    120.0    540.00    7.2551668E-02    0.0000000E+00    7.2551668E-02
0.15    130.0    540.00    6.8968500E-02    0.0000000E+00    6.8968500E-02
0.15    140.0    540.00    6.5901244E-02    0.0000000E+00    6.5901244E-02
0.15    150.0    540.00    6.3430960E-02    0.0000000E+00    6.3430960E-02
0.15    160.0    540.00    6.1621000E-02    0.0000000E+00    6.1621000E-02
0.15    170.0    540.00    6.0516100E-02    0.0000000E+00    6.0516100E-02
0.15    180.0    540.00    6.0099000E-02    0.0000000E+00    6.0099000E-02
0.16    0.0    540.00    1.0208800E-01    1.8859300E-19    1.0208800E-01
0.16    10.0    540.00    1.0161400E-01    9.8949188E-20    1.0161400E-01
0.16    20.0    540.00    1.0036500E-01    1.6507562E-20    1.0036500E-01
0.16    30.0    540.00    9.8339792E-02    5.8506628E-22    9.8339792E-02
0.16    40.0    540.00    9.5613676E-02    1.9969254E-24    9.5613676E-02
0.16    50.0    540.00    9.2287624E-02    9.8703354E-28    9.2287624E-02
0.16    60.0    540.00    8.8481480E-02    1.3484851E-36    8.8481480E-02
0.16    70.0    540.00    8.4329364E-02    0.0000000E+00    8.4329364E-02
0.16    80.0    540.00    7.9972444E-02    0.0000000E+00    7.9972444E-02
0.16    90.0    540.00    7.5424336E-02    0.0000000E+00    7.5424336E-02
0.16    100.0    540.00    7.0931684E-02    0.0000000E+00    7.0931684E-02
0.16    110.0    540.00    6.6736500E-02    0.0000000E+00    6.6736500E-02
0.16    120.0    540.00    6.2832900E-02    0.0000000E+00    6.2832900E-02
0.16    130.0    540.00    5.9333028E-02    0.0000000E+00    5.9333028E-02
0.16    140.0    540.00    5.6335900E-02    0.0000000E+00    5.6335900E-02
0.16    150.0    540.00    5.3922800E-02    0.0000000E+00    5.3922800E-02
0.16    160.0    540.00    5.2156400E-02    0.0000000E+00    5.2156400E-02
0.16    170.0    540.00    5.1079400E-02    0.0000000E+00    5.1079400E-02
0.16    180.0    540.00    5.0673200E-02    0.0000000E+00    5.0673200E-02
0.17    0.0    540.00    9.1542300E-02    1.5360800E-20    9.1542300E-02
0.17    10.0    540.00    9.1083744E-02    7.7158784E-21    9.1083744E-02
0.17    20.0    540.00    8.9874636E-02    1.1388345E-21    8.9874636E-02
0.17    30.0    540.00    8.7912404E-02    3.2151676E-23    8.7912404E-02
0.17    40.0    540.00    8.5269796E-02    7.5146804E-26    8.5269796E-02
0.17    50.0    540.00    8.2042944E-02    1.9803259E-29    8.2042944E-02
0.17    60.0    540.00    7.8346584E-02    8.8605880E-39    7.8346584E-02
0.17    70.0    540.00    7.4309560E-02    0.0000000E+00    7.4309560E-02
0.17    80.0    540.00    7.0067700E-02    0.0000000E+00    7.0067700E-02
0.17    90.0    540.00    6.5632900E-02    0.0000000E+00    6.5632900E-02
0.17    100.0    540.00    6.1245500E-02    0.0000000E+00    6.1245500E-02
0.17    110.0    540.00    5.7142300E-02    0.0000000E+00    5.7142300E-02
0.17    120.0    540.00    5.3319700E-02    0.0000000E+00    5.3319700E-02
0.17    130.0    540.00    4.9891600E-02    0.0000000E+00    4.9891600E-02
0.17    140.0    540.00    4.6960276E-02    0.0000000E+00    4.6960276E-02
0.17    150.0    540.00    4.4608400E-02    0.0000000E+00    4.4608400E-02
0.17    160.0    540.00    4.2895100E-02    0.0000000E+00    4.2895100E-02
0.17    170.0    540.00    4.1855100E-02    0.0000000E+00    4.1855100E-02
0.17    180.0    540.00    4.1463900E-02    0.0000000E+00    4.1463900E-02
0.18    0.0    540.00    8.1313200E-02    1.2511300E-21    8.1313200E-02
0.18    10.0    540.00    8.0868000E-02    6.0167172E-22    8.0868000E-02
0.18    20.0    540.00    7.9693800E-02    7.8566764E-23    7.9693800E-02
0.18    30.0    540.00    7.7787360E-02    1.7668677E-24    7.7787360E-02
0.18    40.0    540.00    7.5218004E-02    2.8278763E-27    7.5218004E-02
0.18    50.0    540.00    7.2077620E-02    3.9732343E-31    7.2077620E-02
0.18    60.0    540.00    6.8475928E-02    5.8221536E-41    6.8475928E-02
0.18    70.0    540.00    6.4536400E-02    0.0000000E+00    6.4536400E-02
0.18    80.0    540.00    6.0389700E-02    0.0000000E+00    6.0389700E-02
0.18    90.0    540.00    5.6045100E-02    0.0000000E+00    5.6045100E-02
0.18    100.0    540.00    5.1737900E-02    0.0000000E+00    5.1737900E-02
0.18    110.0    540.00    4.7701000E-02    0.0000000E+00    4.7701000E-02
0.18    120.0    540.00    4.3938100E-02    0.0000000E+00    4.3938100E-02
0.18    130.0    540.00    4.0575100E-02    0.0000000E+00    4.0575100E-02
0.18    140.0    540.00    3.7727100E-02    0.0000000E+00    3.7727100E-02
0.18    150.0    540.00    3.5475000E-02    0.0000000E+00    3.5475000E-02
0.18    160.0    540.00    3.3859100E-02    0.0000000E+00    3.3859100E-02
0.18    170.0    540.00    3.2890000E-02    0.0000000E+00    3.2890000E-02
0.18    180.0    540.00    3.2528000E-02    0.0000000E+00    3.2528000E-02
0.19    0.0    540.00    7.1353300E-02    1.0190400E-22    7.1353300E-02
0.19    10.0    540.00    7.0919400E-02    4.6917600E-23    7.0919400E-02
0.19    20.0    540.00    6.9774800E-02    5.4202144E-24    6.9774800E-02
0.19    30.0    540.00    6.7915000E-02    9.7096948E-26    6.7915000E-02
0.19    40.0    540.00    6.5406000E-02    1.0641706E-28    6.5406000E-02
0.19    50.0    540.00    6.2334900E-02    7.9716948E-33    6.2334900E-02
0.19    60.0    540.00    5.8805620E-02    3.8227388E-43    5.8805620E-02
0.19    70.0    540.00    5.4935100E-02    0.0000000E+00    5.4935100E-02
0.19    80.0    540.00    5.0846368E-02    0.0000000E+00    5.0846368E-02
0.19    90.0    540.00    4.6541650E-02    0.0000000E+00    4.6541650E-02
0.19    100.0    540.00    4.2250900E-02    0.0000000E+00    4.2250900E-02
0.19    110.0    540.00    3.8211400E-02    0.0000000E+00    3.8211400E-02
0.19    120.0    540.00    3.4470800E-02    0.0000000E+00    3.4470800E-02
0.19    130.0    540.00    3.1224200E-02    0.0000000E+00    3.1224200E-02
0.19    140.0    540.00    2.8591800E-02    0.0000000E+00    2.8591800E-02
0.19    150.0    540.00    2.6596400E-02    0.0000000E+00    2.6596400E-02
0.19    160.0    540.00    2.5210700E-02    0.0000000E+00    2.5210700E-02
0.19    170.0    540.00    2.4397100E-02    0.0000000E+00    2.4397100E-02
0.19    180.0    540.00    2.4097000E-02    0.0000000E+00    2.4097000E-02
0.20    0.0    540.00    6.0790200E-02    6.8235600E-24    6.0790200E-02
0.20    10.0    540.00    6.0363500E-02    2.9975568E-24    6.0363500E-02
0.20    20.0    540.00    5.9236600E-02    3.0345648E-25    5.9236600E-02
0.20    30.0    540.00    5.7401800E-02    4.2539380E-27    5.7401800E-02
0.20    40.0    540.00    5.4917200E-02    3.0995945E-30    5.4917200E-02
0.20    50.0    540.00    5.1857500E-02    1.1786011E-34    5.1857500E-02
0.20    60.0    540.00    4.8305200E-02    1.4573508E-45    4.8305200E-02
0.20    70.0    540.00    4.4337000E-02    0.0000000E+00    4.4337000E-02
0.20    80.0    540.00    3.9985800E-02    0.0000000E+00    3.9985800E-02
0.20    90.0    540.00    3.4589200E-02    0.0000000E+00    3.4589200E-02
0.20    100.0    540.00    2.9391300E-02    0.0000000E+00    2.9391300E-02
0.20    110.0    540.00    2.6051800E-02    0.0000000E+00    2.6051800E-02
0.20    120.0    540.00    2.3264200E-02    0.0000000E+00    2.3264200E-02
0.20    130.0    540.00    2.1015700E-02    0.0000000E+00    2.1015700E-02
0.20    140.0    540.00    1.9259800E-02    0.0000000E+00    1.9259800E-02
0.20    150.0    540.00    1.7948900E-02    0.0000000E+00    1.7948900E-02
0.20    160.0    540.00    1.7042800E-02    0.0000000E+00    1.7042800E-02
0.20    170.0    540.00    1.6510500E-02    0.0000000E+00    1.6510500E-02
0.20    180.0    540.00    1.6324300E-02    0.0000000E+00    1.6324300E-02
0.21    0.0    540.00    5.8004600E-02    1.1055400E-26    5.8004600E-02
0.21    10.0    540.00    5.7589200E-02    4.3438128E-27    5.7589200E-02
0.21    20.0    540.00    5.6437000E-02    3.2129444E-28    5.6437000E-02
0.21    30.0    540.00    5.4556200E-02    2.5148793E-30    5.4556200E-02
0.21    40.0    540.00    5.1989700E-02    6.9452772E-34    5.1989700E-02
0.21    50.0    540.00    4.8787700E-02    5.2714036E-39    4.8787700E-02
0.21    60.0    540.00    4.5008300E-02    0.0000000E+00    4.5008300E-02
0.21    70.0    540.00    4.0784800E-02    0.0000000E+00    4.0784800E-02
0.21    80.0    540.00    3.6500800E-02    0.0000000E+00    3.6500800E-02
0.21    90.0    540.00    3.1684750E-02    0.0000000E+00    3.1684750E-02
0.21    100.0    540.00    2.7366100E-02    0.0000000E+00    2.7366100E-02
0.21    110.0    540.00    2.4388200E-02    0.0000000E+00    2.4388200E-02
0.21    120.0    540.00    2.1845700E-02    0.0000000E+00    2.1845700E-02
0.21    130.0    540.00    1.9771900E-02    0.0000000E+00    1.9771900E-02
0.21    140.0    540.00    1.8142400E-02    0.0000000E+00    1.8142400E-02
0.21    150.0    540.00    1.6921700E-02    0.0000000E+00    1.6921700E-02
0.21    160.0    540.00    1.6076300E-02    0.0000000E+00    1.6076300E-02
0.21    170.0    540.00    1.5579000E-02    0.0000000E+00    1.5579000E-02
0.21    180.0    540.00    1.5405000E-02    0.0000000E+00    1.5405000E-02
0.22    0.0    540.00    5.5265700E-02    1.7911600E-29    5.5265700E-02
0.22    10.0    540.00    5.4846400E-02    6.2946480E-30    5.4846400E-02
0.22    20.0    540.00    5.3671800E-02    3.4017840E-31    5.3671800E-02
0.22    30.0    540.00    5.1749100E-02    1.4867611E-33    5.1749100E-02
0.22    40.0    540.00    4.9118600E-02    1.5562229E-37    4.9118600E-02
0.22    50.0    540.00    4.5844200E-02    2.3676338E-43    4.5844200E-02
0.22    60.0    540.00    4.2050000E-02    0.0000000E+00    4.2050000E-02
0.22    70.0    540.00    3.7981700E-02    0.0000000E+00    3.7981700E-02
0.22    80.0    540.00    3.4021300E-02    0.0000000E+00    3.4021300E-02
0.22    90.0    540.00    2.9631250E-02    0.0000000E+00    2.9631250E-02
0.22    100.0    540.00    2.5681300E-02    0.0000000E+00    2.5681300E-02
0.22    110.0    540.00    2.2934700E-02    0.0000000E+00    2.2934700E-02
0.22    120.0    540.00    2.0575600E-02    0.0000000E+00    2.0575600E-02
0.22    130.0    540.00    1.8643500E-02    0.0000000E+00    1.8643500E-02
0.22    140.0    540.00    1.7121200E-02    0.0000000E+00    1.7121200E-02
0.22    150.0    540.00    1.5978900E-02    0.0000000E+00    1.5978900E-02
0.22    160.0    540.00    1.5187000E-02    0.0000000E+00    1.5187000E-02
0.22    170.0    540.00    1.4720900E-02    0.0000000E+00    1.4720900E-02
0.22    180.0    540.00    1.4557900E-02    0.0000000E+00    1.4557900E-02
0.23    0.0    540.00    5.2569100E-02    2.9019700E-32    5.2569100E-02
0.23    10.0    540.00    5.2145000E-02    9.1216592E-33    5.2145000E-02
0.23    20.0    540.00    5.0954800E-02    3.6017348E-34    5.0954800E-02
0.23    30.0    540.00    4.9008400E-02    8.7894500E-37    4.9008400E-02
0.23    40.0    540.00    4.6358400E-02    3.4869502E-41    4.6358400E-02
0.23    50.0    540.00    4.3103000E-02    0.0000000E+00    4.3103000E-02
0.23    60.0    540.00    3.9418800E-02    0.0000000E+00    3.9418800E-02
0.23    70.0    540.00    3.5571100E-02    0.0000000E+00    3.5571100E-02
0.23    80.0    540.00    3.1887700E-02    0.0000000E+00    3.1887700E-02
0.23    90.0    540.00    2.7824350E-02    0.0000000E+00    2.7824350E-02
0.23    100.0    540.00    2.4162800E-02    0.0000000E+00    2.4162800E-02
0.23    110.0    540.00    2.1606800E-02    0.0000000E+00    2.1606800E-02
0.23    120.0    540.00    1.9404800E-02    0.0000000E+00    1.9404800E-02
0.23    130.0    540.00    1.7597400E-02    0.0000000E+00    1.7597400E-02
0.23    140.0    540.00    1.6171300E-02    0.0000000E+00    1.6171300E-02
0.23    150.0    540.00    1.5100200E-02    0.0000000E+00    1.5100200E-02
0.23    160.0    540.00    1.4357200E-02    0.0000000E+00    1.4357200E-02
0.23    170.0    540.00    1.3919800E-02    0.0000000E+00    1.3919800E-02
0.23    180.0    540.00    1.3766800E-02    0.0000000E+00    1.3766800E-02
0.24    0.0    540.00    4.9929200E-02    4.7017200E-35    4.9929200E-02
0.24    10.0    540.00    4.9503200E-02    1.3218299E-35    4.9503200E-02
0.24    20.0    540.00    4.8308800E-02    3.8134392E-37    4.8308800E-02
0.24    30.0    540.00    4.6363800E-02    5.1962432E-40    4.6363800E-02
0.24    40.0    540.00    4.3739800E-02    8.1275376E-45    4.3739800E-02
0.24    50.0    540.00    4.0564700E-02    0.0000000E+00    4.0564700E-02
0.24    60.0    540.00    3.7037600E-02    0.0000000E+00    3.7037600E-02
0.24    70.0    540.00    3.3411600E-02    0.0000000E+00    3.3411600E-02
0.24    80.0    540.00    2.9970300E-02    0.0000000E+00    2.9970300E-02
0.24    90.0    540.00    2.6183250E-02    0.0000000E+00    2.6183250E-02
0.24    100.0    540.00    2.2767700E-02    0.0000000E+00    2.2767700E-02
0.24    110.0    540.00    2.0378400E-02    0.0000000E+00    2.0378400E-02
0.24    120.0    540.00    1.8316600E-02    0.0000000E+00    1.8316600E-02
0.24    130.0    540.00    1.6622100E-02    0.0000000E+00    1.6622100E-02
0.24    140.0    540.00    1.5284000E-02    0.0000000E+00    1.5284000E-02
0.24    150.0    540.00    1.4278400E-02    0.0000000E+00    1.4278400E-02
0.24    160.0    540.00    1.3580700E-02    0.0000000E+00    1.3580700E-02
0.24    170.0    540.00    1.3169900E-02    0.0000000E+00    1.3169900E-02
0.24    180.0    540.00    1.3026100E-02    0.0000000E+00    1.3026100E-02
0.25    0.0    540.00    4.7361000E-02    7.6175200E-38    4.7361000E-02
0.25    10.0    540.00    4.6937200E-02    1.9154644E-38    4.6937200E-02
0.25    20.0    540.00    4.5751700E-02    4.0375592E-40    4.5751700E-02
0.25    30.0    540.00    4.3832800E-02    3.0744492E-43    4.3832800E-02
0.25    40.0    540.00    4.1269600E-02    0.0000000E+00    4.1269600E-02
0.25    50.0    540.00    3.8208900E-02    0.0000000E+00    3.8208900E-02
0.25    60.0    540.00    3.4853900E-02    0.0000000E+00    3.4853900E-02
0.25    70.0    540.00    3.1438900E-02    0.0000000E+00    3.1438900E-02
0.25    80.0    540.00    2.8214500E-02    0.0000000E+00    2.8214500E-02
0.25    90.0    540.00    2.4671200E-02    0.0000000E+00    2.4671200E-02
0.25    100.0    540.00    2.1474100E-02    0.0000000E+00    2.1474100E-02
0.25    110.0    540.00    1.9234900E-02    0.0000000E+00    1.9234900E-02
0.25    120.0    540.00    1.7300700E-02    0.0000000E+00    1.7300700E-02
0.25    130.0    540.00    1.5709900E-02    0.0000000E+00    1.5709900E-02
0.25    140.0    540.00    1.4453100E-02    0.0000000E+00    1.4453100E-02
0.25    150.0    540.00    1.3508500E-02    0.0000000E+00    1.3508500E-02
0.25    160.0    540.00    1.2852900E-02    0.0000000E+00    1.2852900E-02
0.25    170.0    540.00    1.2466900E-02    0.0000000E+00    1.2466900E-02
0.25    180.0    540.00    1.2331800E-02    0.0000000E+00    1.2331800E-02
0.26    0.0    540.00    4.4877400E-02    1.2341700E-40    4.4877400E-02
0.26    10.0    540.00    4.4460100E-02    2.7758028E-41    4.4460100E-02
0.26    20.0    540.00    4.3295800E-02    4.2767628E-43    4.3295800E-02
0.26    30.0    540.00    4.1423000E-02    0.0000000E+00    4.1423000E-02
0.26    40.0    540.00    3.8943900E-02    0.0000000E+00    3.8943900E-02
0.26    50.0    540.00    3.6014500E-02    0.0000000E+00    3.6014500E-02
0.26    60.0    540.00    3.2833800E-02    0.0000000E+00    3.2833800E-02
0.26    70.0    540.00    2.9617300E-02    0.0000000E+00    2.9617300E-02
0.26    80.0    540.00    2.6590300E-02    0.0000000E+00    2.6590300E-02
0.26    90.0    540.00    2.3267250E-02    0.0000000E+00    2.3267250E-02
0.26    100.0    540.00    2.0268300E-02    0.0000000E+00    2.0268300E-02
0.26    110.0    540.00    1.8166300E-02    0.0000000E+00    1.8166300E-02
0.26    120.0    540.00    1.6349800E-02    0.0000000E+00    1.6349800E-02
0.26    130.0    540.00    1.4855200E-02    0.0000000E+00    1.4855200E-02
0.26    140.0    540.00    1.3674200E-02    0.0000000E+00    1.3674200E-02
0.26    150.0    540.00    1.2786400E-02    0.0000000E+00    1.2786400E-02
0.26    160.0    540.00    1.2170300E-02    0.0000000E+00    1.2170300E-02
0.26    170.0    540.00    1.1807500E-02    0.0000000E+00    1.1807500E-02
0.26    180.0    540.00    1.1680500E-02    0.0000000E+00    1.1680500E-02
0.27    0.0    540.00    4.2488500E-02    2.0038600E-43    4.2488500E-02
0.27    10.0    540.00    4.2081300E-02    4.0133204E-44    4.2081300E-02
0.27    20.0    540.00    4.0948400E-02    0.0000000E+00    4.0948400E-02
0.27    30.0    540.00    3.9136000E-02    0.0000000E+00    3.9136000E-02
0.27    40.0    540.00    3.6755100E-02    0.0000000E+00    3.6755100E-02
0.27    50.0    540.00    3.3964200E-02    0.0000000E+00    3.3964200E-02
0.27    60.0    540.00    3.0954200E-02    0.0000000E+00    3.0954200E-02
0.27    70.0    540.00    2.7923900E-02    0.0000000E+00    2.7923900E-02
0.27    80.0    540.00    2.5078700E-02    0.0000000E+00    2.5078700E-02
0.27    90.0    540.00    2.1957550E-02    0.0000000E+00    2.1957550E-02
0.27    100.0    540.00    1.9140600E-02    0.0000000E+00    1.9140600E-02
0.27    110.0    540.00    1.7165500E-02    0.0000000E+00    1.7165500E-02
0.27    120.0    540.00    1.5458300E-02    0.0000000E+00    1.5458300E-02
0.27    130.0    540.00    1.4053500E-02    0.0000000E+00    1.4053500E-02
0.27    140.0    540.00    1.2943300E-02    0.0000000E+00    1.2943300E-02
0.27    150.0    540.00    1.2108800E-02    0.0000000E+00    1.2108800E-02
0.27    160.0    540.00    1.1529700E-02    0.0000000E+00    1.1529700E-02
0.27    170.0    540.00    1.1188600E-02    0.0000000E+00    1.1188600E-02
0.27    180.0    540.00    1.1069300E-02    0.0000000E+00    1.1069300E-02
0.28    0.0    540.00    4.0200800E-02    0.0000000E+00    4.0200800E-02
0.28    10.0    540.00    3.9806600E-02    0.0000000E+00    3.9806600E-02
0.28    20.0    540.00    3.8712300E-02    0.0000000E+00    3.8712300E-02
0.28    30.0    540.00    3.6970000E-02    0.0000000E+00    3.6970000E-02
0.28    40.0    540.00    3.4694800E-02    0.0000000E+00    3.4694800E-02
0.28    50.0    540.00    3.2043700E-02    0.0000000E+00    3.2043700E-02
0.28    60.0    540.00    2.9198500E-02    0.0000000E+00    2.9198500E-02
0.28    70.0    540.00    2.6343100E-02    0.0000000E+00    2.6343100E-02
0.28    80.0    540.00    2.3666400E-02    0.0000000E+00    2.3666400E-02
0.28    90.0    540.00    2.0732000E-02    0.0000000E+00    2.0732000E-02
0.28    100.0    540.00    1.8083800E-02    0.0000000E+00    1.8083800E-02
0.28    110.0    540.00    1.6226900E-02    0.0000000E+00    1.6226900E-02
0.28    120.0    540.00    1.4621700E-02    0.0000000E+00    1.4621700E-02
0.28    130.0    540.00    1.3301000E-02    0.0000000E+00    1.3301000E-02
0.28    140.0    540.00    1.2257300E-02    0.0000000E+00    1.2257300E-02
0.28    150.0    540.00    1.1472800E-02    0.0000000E+00    1.1472800E-02
0.28    160.0    540.00    1.0928400E-02    0.0000000E+00    1.0928400E-02
0.28    170.0    540.00    1.0607700E-02    0.0000000E+00    1.0607700E-02
0.28    180.0    540.00    1.0495500E-02    0.0000000E+00    1.0495500E-02
0.29    0.0    540.00    3.8017900E-02    0.0000000E+00    3.8017900E-02
0.29    10.0    540.00    3.7638700E-02    0.0000000E+00    3.7638700E-02
0.29    20.0    540.00    3.6587900E-02    0.0000000E+00    3.6587900E-02
0.29    30.0    540.00    3.4921200E-02    0.0000000E+00    3.4921200E-02
0.29    40.0    540.00    3.2754700E-02    0.0000000E+00    3.2754700E-02
0.29    50.0    540.00    3.0241600E-02    0.0000000E+00    3.0241600E-02
0.29    60.0    540.00    2.7554000E-02    0.0000000E+00    2.7554000E-02
0.29    70.0    540.00    2.4863100E-02    0.0000000E+00    2.4863100E-02
0.29    80.0    540.00    2.2343600E-02    0.0000000E+00    2.2343600E-02
0.29    90.0    540.00    1.9583050E-02    0.0000000E+00    1.9583050E-02
0.29    100.0    540.00    1.7092100E-02    0.0000000E+00    1.7092100E-02
0.29    110.0    540.00    1.5345700E-02    0.0000000E+00    1.5345700E-02
0.29    120.0    540.00    1.3836300E-02    0.0000000E+00    1.3836300E-02
0.29    130.0    540.00    1.2594500E-02    0.0000000E+00    1.2594500E-02
0.29    140.0    540.00    1.1613400E-02    0.0000000E+00    1.1613400E-02
0.29    150.0    540.00    1.0875900E-02    0.0000000E+00    1.0875900E-02
0.29    160.0    540.00    1.0364000E-02    0.0000000E+00    1.0364000E-02
0.29    170.0    540.00    1.0062500E-02    0.0000000E+00    1.0062500E-02
0.29    180.0    540.00    9.9569300E-03    0.0000000E+00    9.9569300E-03
0.30    0.0    540.00    3.5940800E-02    0.0000000E+00    3.5940800E-02
0.30    10.0    540.00    3.5577800E-02    0.0000000E+00    3.5577800E-02
0.30    20.0    540.00    3.4573400E-02    0.0000000E+00    3.4573400E-02
0.30    30.0    540.00    3.2984800E-02    0.0000000E+00    3.2984800E-02
0.30    40.0    540.00    3.0927200E-02    0.0000000E+00    3.0927200E-02
0.30    50.0    540.00    2.8548400E-02    0.0000000E+00    2.8548400E-02
0.30    60.0    540.00    2.6011000E-02    0.0000000E+00    2.6011000E-02
0.30    70.0    540.00    2.3474800E-02    0.0000000E+00    2.3474800E-02
0.30    80.0    540.00    2.1102500E-02    0.0000000E+00    2.1102500E-02
0.30    90.0    540.00    1.8504550E-02    0.0000000E+00    1.8504550E-02
0.30    100.0    540.00    1.6160800E-02    0.0000000E+00    1.6160800E-02
0.30    110.0    540.00    1.4518200E-02    0.0000000E+00    1.4518200E-02
0.30    120.0    540.00    1.3098800E-02    0.0000000E+00    1.3098800E-02
0.30    130.0    540.00    1.1931400E-02    0.0000000E+00    1.1931400E-02
0.30    140.0    540.00    1.1009100E-02    0.0000000E+00    1.1009100E-02
0.30    150.0    540.00    1.0315800E-02    0.0000000E+00    1.0315800E-02
0.30    160.0    540.00    9.8343400E-03    0.0000000E+00    9.8343400E-03
0.30    170.0    540.00    9.5506400E-03    0.0000000E+00    9.5506400E-03
0.30    180.0    540.00    9.4513100E-03    0.0000000E+00    9.4513100E-03
0.31    0.0    540.00    3.3968800E-02    0.0000000E+00    3.3968800E-02
0.31    10.0    540.00    3.3622600E-02    0.0000000E+00    3.3622600E-02
0.31    20.0    540.00    3.2665700E-02    0.0000000E+00    3.2665700E-02
0.31    30.0    540.00    3.1155800E-02    0.0000000E+00    3.1155800E-02
0.31    40.0    540.00    2.9205300E-02    0.0000000E+00    2.9205300E-02
0.31    50.0    540.00    2.6955900E-02    0.0000000E+00    2.6955900E-02
0.31    60.0    540.00    2.4561200E-02    0.0000000E+00    2.4561200E-02
0.31    70.0    540.00    2.2170800E-02    0.0000000E+00    2.2170800E-02
0.31    80.0    540.00    1.9936600E-02    0.0000000E+00    1.9936600E-02
0.31    90.0    540.00    1.7491250E-02    0.0000000E+00    1.7491250E-02
0.31    100.0    540.00    1.5285900E-02    0.0000000E+00    1.5285900E-02
0.31    110.0    540.00    1.3740900E-02    0.0000000E+00    1.3740900E-02
0.31    120.0    540.00    1.2406400E-02    0.0000000E+00    1.2406400E-02
0.31    130.0    540.00    1.1309100E-02    0.0000000E+00    1.1309100E-02
0.31    140.0    540.00    1.0442200E-02    0.0000000E+00    1.0442200E-02
0.31    150.0    540.00    9.7902300E-03    0.0000000E+00    9.7902300E-03
0.31    160.0    540.00    9.3372500E-03    0.0000000E+00    9.3372500E-03
0.31    170.0    540.00    9.0701300E-03    0.0000000E+00    9.0701300E-03
0.31    180.0    540.00    8.9765600E-03    0.0000000E+00    8.9765600E-03
0.32    0.0    540.00    3.2099500E-02    0.0000000E+00    3.2099500E-02
0.32    10.0    540.00    3.1770300E-02    0.0000000E+00    3.1770300E-02
0.32    20.0    540.00    3.0861100E-02    0.0000000E+00    3.0861100E-02
0.32    30.0    540.00    2.9428900E-02    0.0000000E+00    2.9428900E-02
0.32    40.0    540.00    2.7582500E-02    0.0000000E+00    2.7582500E-02
0.32    50.0    540.00    2.5457100E-02    0.0000000E+00    2.5457100E-02
0.32    60.0    540.00    2.3197900E-02    0.0000000E+00    2.3197900E-02
0.32    70.0    540.00    2.0945000E-02    0.0000000E+00    2.0945000E-02
0.32    80.0    540.00    1.8840800E-02    0.0000000E+00    1.8840800E-02
0.32    90.0    540.00    1.6539000E-02    0.0000000E+00    1.6539000E-02
0.32    100.0    540.00    1.4464000E-02    0.0000000E+00    1.4464000E-02
0.32    110.0    540.00    1.3011100E-02    0.0000000E+00    1.3011100E-02
0.32    120.0    540.00    1.1756700E-02    0.0000000E+00    1.1756700E-02
0.32    130.0    540.00    1.0725500E-02    0.0000000E+00    1.0725500E-02
0.32    140.0    540.00    9.9106300E-03    0.0000000E+00    9.9106300E-03
0.32    150.0    540.00    9.2973500E-03    0.0000000E+00    9.2973500E-03
0.32    160.0    540.00    8.8707600E-03    0.0000000E+00    8.8707600E-03
0.32    170.0    540.00    8.6189000E-03    0.0000000E+00    8.6189000E-03
0.32    180.0    540.00    8.5306300E-03    0.0000000E+00    8.5306300E-03
0.33    0.0    540.00    3.0330000E-02    0.0000000E+00    3.0330000E-02
0.33    10.0    540.00    3.0017500E-02    0.0000000E+00    3.0017500E-02
0.33    20.0    540.00    2.9155300E-02    0.0000000E+00    2.9155300E-02
0.33    30.0    540.00    2.7798900E-02    0.0000000E+00    2.7798900E-02
0.33    40.0    540.00    2.6052900E-02    0.0000000E+00    2.6052900E-02
0.33    50.0    540.00    2.4046000E-02    0.0000000E+00    2.4046000E-02
0.33    60.0    540.00    2.1915100E-02    0.0000000E+00    2.1915100E-02
0.33    70.0    540.00    1.9792000E-02    0.0000000E+00    1.9792000E-02
0.33    80.0    540.00    1.7810300E-02    0.0000000E+00    1.7810300E-02
0.33    90.0    540.00    1.5643900E-02    0.0000000E+00    1.5643900E-02
0.33    100.0    540.00    1.3692000E-02    0.0000000E+00    1.3692000E-02
0.33    110.0    540.00    1.2326200E-02    0.0000000E+00    1.2326200E-02
0.33    120.0    540.00    1.1147600E-02    0.0000000E+00    1.1147600E-02
0.33    130.0    540.00    1.0178700E-02    0.0000000E+00    1.0178700E-02
0.33    140.0    540.00    9.4126500E-03    0.0000000E+00    9.4126500E-03
0.33    150.0    540.00    8.8352600E-03    0.0000000E+00    8.8352600E-03
0.33    160.0    540.00    8.4328900E-03    0.0000000E+00    8.4328900E-03
0.33    170.0    540.00    8.1949400E-03    0.0000000E+00    8.1949400E-03
0.33    180.0    540.00    8.1114700E-03    0.0000000E+00    8.1114700E-03
0.34    0.0    540.00    2.8656500E-02    0.0000000E+00    2.8656500E-02
0.34    10.0    540.00    2.8360500E-02    0.0000000E+00    2.8360500E-02
0.34    20.0    540.00    2.7544000E-02    0.0000000E+00    2.7544000E-02
0.34    30.0    540.00    2.6260900E-02    0.0000000E+00    2.6260900E-02
0.34    40.0    540.00    2.4611100E-02    0.0000000E+00    2.4611100E-02
0.34    50.0    540.00    2.2717000E-02    0.0000000E+00    2.2717000E-02
0.34    60.0    540.00    2.0707700E-02    0.0000000E+00    2.0707700E-02
0.34    70.0    540.00    1.8707200E-02    0.0000000E+00    1.8707200E-02
0.34    80.0    540.00    1.6841200E-02    0.0000000E+00    1.6841200E-02
0.34    90.0    540.00    1.4802800E-02    0.0000000E+00    1.4802800E-02
0.34    100.0    540.00    1.2967300E-02    0.0000000E+00    1.2967300E-02
0.34    110.0    540.00    1.1684200E-02    0.0000000E+00    1.1684200E-02
0.34    120.0    540.00    1.0577300E-02    0.0000000E+00    1.0577300E-02
0.34    130.0    540.00    9.6671700E-03    0.0000000E+00    9.6671700E-03
0.34    140.0    540.00    8.9465600E-03    0.0000000E+00    8.9465600E-03
0.34    150.0    540.00    8.4021100E-03    0.0000000E+00    8.4021100E-03
0.34    160.0    540.00    8.0216500E-03    0.0000000E+00    8.0216500E-03
0.34    170.0    540.00    7.7961400E-03    0.0000000E+00    7.7961400E-03
0.34    180.0    540.00    7.7169500E-03    0.0000000E+00    7.7169500E-03
0.35    0.0    540.00    2.7075000E-02    0.0000000E+00    2.7075000E-02
0.35    10.0    540.00    2.6794900E-02    0.0000000E+00    2.6794900E-02
0.35    20.0    540.00    2.6022700E-02    0.0000000E+00    2.6022700E-02
0.35    30.0    540.00    2.4810000E-02    0.0000000E+00    2.4810000E-02
0.35    40.0    540.00    2.3252200E-02    0.0000000E+00    2.3252200E-02
0.35    50.0    540.00    2.1465200E-02    0.0000000E+00    2.1465200E-02
0.35    60.0    540.00    1.9571100E-02    0.0000000E+00    1.9571100E-02
0.35    70.0    540.00    1.7686700E-02    0.0000000E+00    1.7686700E-02
0.35    80.0    540.00    1.5930000E-02    0.0000000E+00    1.5930000E-02
0.35    90.0    540.00    1.4012850E-02    0.0000000E+00    1.4012850E-02
0.35    100.0    540.00    1.2288000E-02    0.0000000E+00    1.2288000E-02
0.35    110.0    540.00    1.1083300E-02    0.0000000E+00    1.1083300E-02
0.35    120.0    540.00    1.0044500E-02    0.0000000E+00    1.0044500E-02
0.35    130.0    540.00    9.1895500E-03    0.0000000E+00    9.1895500E-03
0.35    140.0    540.00    8.5107900E-03    0.0000000E+00    8.5107900E-03
0.35    150.0    540.00    7.9960200E-03    0.0000000E+00    7.9960200E-03
0.35    160.0    540.00    7.6349400E-03    0.0000000E+00    7.6349400E-03
0.35    170.0    540.00    7.4203500E-03    0.0000000E+00    7.4203500E-03
0.35    180.0    540.00    7.3449000E-03    0.0000000E+00    7.3449000E-03
0.36    0.0    540.00    2.5581400E-02    0.0000000E+00    2.5581400E-02
0.36    10.0    540.00    2.5316600E-02    0.0000000E+00    2.5316600E-02
0.36    20.0    540.00    2.4586900E-02    0.0000000E+00    2.4586900E-02
0.36    30.0    540.00    2.3441600E-02    0.0000000E+00    2.3441600E-02
0.36    40.0    540.00    2.1971400E-02    0.0000000E+00    2.1971400E-02
0.36    50.0    540.00    2.0286200E-02    0.0000000E+00    2.0286200E-02
0.36    60.0    540.00    1.8501200E-02    0.0000000E+00    1.8501200E-02
0.36    70.0    540.00    1.6726700E-02    0.0000000E+00    1.6726700E-02
0.36    80.0    540.00    1.5073800E-02    0.0000000E+00    1.5073800E-02
0.36    90.0    540.00    1.3271900E-02    0.0000000E+00    1.3271900E-02
0.36    100.0    540.00    1.1652500E-02    0.0000000E+00    1.1652500E-02
0.36    110.0    540.00    1.0522800E-02    0.0000000E+00    1.0522800E-02
0.36    120.0    540.00    9.5485700E-03    0.0000000E+00    9.5485700E-03
0.36    130.0    540.00    8.7448200E-03    0.0000000E+00    8.7448200E-03
0.36    140.0    540.00    8.1037600E-03    0.0000000E+00    8.1037600E-03
0.36    150.0    540.00    7.6149200E-03    0.0000000E+00    7.6149200E-03
0.36    160.0    540.00    7.2705100E-03    0.0000000E+00    7.2705100E-03
0.36    170.0    540.00    7.0652800E-03    0.0000000E+00    7.0652800E-03
0.36    180.0    540.00    6.9930300E-03    0.0000000E+00    6.9930300E-03
0.37    0.0    540.00    2.4171500E-02    0.0000000E+00    2.4171500E-02
0.37    10.0    540.00    2.3921400E-02    0.0000000E+00    2.3921400E-02
0.37    20.0    540.00    2.3232300E-02    0.0000000E+00    2.3232300E-02
0.37    30.0    540.00    2.2151300E-02    0.0000000E+00    2.2151300E-02
0.37    40.0    540.00    2.0764500E-02    0.0000000E+00    2.0764500E-02
0.37    50.0    540.00    1.9175900E-02    0.0000000E+00    1.9175900E-02
0.37    60.0    540.00    1.7494500E-02    0.0000000E+00    1.7494500E-02
0.37    70.0    540.00    1.5824200E-02    0.0000000E+00    1.5824200E-02
0.37    80.0    540.00    1.4270000E-02    0.0000000E+00    1.4270000E-02
0.37    90.0    540.00    1.2578450E-02    0.0000000E+00    1.2578450E-02
0.37    100.0    540.00    1.1060300E-02    0.0000000E+00    1.1060300E-02
0.37    110.0    540.00    1.0002800E-02    0.0000000E+00    1.0002800E-02
0.37    120.0    540.00    9.0895300E-03    0.0000000E+00    9.0895300E-03
0.37    130.0    540.00    8.3322200E-03    0.0000000E+00    8.3322200E-03
0.37    140.0    540.00    7.7235900E-03    0.0000000E+00    7.7235900E-03
0.37    150.0    540.00    7.2563700E-03    0.0000000E+00    7.2563700E-03
0.37    160.0    540.00    6.9258600E-03    0.0000000E+00    6.9258600E-03
0.37    170.0    540.00    6.7285300E-03    0.0000000E+00    6.7285300E-03
0.37    180.0    540.00    6.6590300E-03    0.0000000E+00    6.6590300E-03
0.38    0.0    540.00    2.2841300E-02    0.0000000E+00    2.2841300E-02
0.38    10.0    540.00    2.2605300E-02    0.0000000E+00    2.2605300E-02
0.38    20.0    540.00    2.1954900E-02    0.0000000E+00    2.1954900E-02
0.38    30.0    540.00    2.0935100E-02    0.0000000E+00    2.0935100E-02
0.38    40.0    540.00    1.9627600E-02    0.0000000E+00    1.9627600E-02
0.38    50.0    540.00    1.8130800E-02    0.0000000E+00    1.8130800E-02
0.38    60.0    540.00    1.6547800E-02    0.0000000E+00    1.6547800E-02
0.38    70.0    540.00    1.4976900E-02    0.0000000E+00    1.4976900E-02
0.38    80.0    540.00    1.3517300E-02    0.0000000E+00    1.3517300E-02
0.38    90.0    540.00    1.1932550E-02    0.0000000E+00    1.1932550E-02
0.38    100.0    540.00    1.0513300E-02    0.0000000E+00    1.0513300E-02
0.38    110.0    540.00    9.5258600E-03    0.0000000E+00    9.5258600E-03
0.38    120.0    540.00    8.6690100E-03    0.0000000E+00    8.6690100E-03
0.38    130.0    540.00    7.9507900E-03    0.0000000E+00    7.9507900E-03
0.38    140.0    540.00    7.3675800E-03    0.0000000E+00    7.3675800E-03
0.38    150.0    540.00    6.9173600E-03    0.0000000E+00    6.9173600E-03
0.38    160.0    540.00    6.5982800E-03    0.0000000E+00    6.5982800E-03
0.38    170.0    540.00    6.4077200E-03    0.0000000E+00    6.4077200E-03
0.38    180.0    540.00    6.3406200E-03    0.0000000E+00    6.3406200E-03
0.39    0.0    540.00    2.1586900E-02    0.0000000E+00    2.1586900E-02
0.39    10.0    540.00    2.1364200E-02    0.0000000E+00    2.1364200E-02
0.39    20.0    540.00    2.0750800E-02    0.0000000E+00    2.0750800E-02
0.39    30.0    540.00    1.9789400E-02    0.0000000E+00    1.9789400E-02
0.39    40.0    540.00    1.8557200E-02    0.0000000E+00    1.8557200E-02
0.39    50.0    540.00    1.7147800E-02    0.0000000E+00    1.7147800E-02
0.39    60.0    540.00    1.5658800E-02    0.0000000E+00    1.5658800E-02
0.39    70.0    540.00    1.4183300E-02    0.0000000E+00    1.4183300E-02
0.39    80.0    540.00    1.2815900E-02    0.0000000E+00    1.2815900E-02
0.39    90.0    540.00    1.1338200E-02    0.0000000E+00    1.1338200E-02
0.39    100.0    540.00    1.0020300E-02    0.0000000E+00    1.0020300E-02
0.39    110.0    540.00    9.1014800E-03    0.0000000E+00    9.1014800E-03
0.39    120.0    540.00    8.2898700E-03    0.0000000E+00    8.2898700E-03
0.39    130.0    540.00    7.5972700E-03    0.0000000E+00    7.5972700E-03
0.39    140.0    540.00    7.0311300E-03    0.0000000E+00    7.0311300E-03
0.39    150.0    540.00    6.5941600E-03    0.0000000E+00    6.5941600E-03
0.39    160.0    540.00    6.2849700E-03    0.0000000E+00    6.2849700E-03
0.39    170.0    540.00    6.1005400E-03    0.0000000E+00    6.1005400E-03
0.39    180.0    540.00    6.0356400E-03    0.0000000E+00    6.0356400E-03
0.40    0.0    540.00    2.0401400E-02    0.0000000E+00    2.0401400E-02
0.40    10.0    540.00    2.0191600E-02    0.0000000E+00    2.0191600E-02
0.40    20.0    540.00    1.9613700E-02    0.0000000E+00    1.9613700E-02
0.40    30.0    540.00    1.8708300E-02    0.0000000E+00    1.8708300E-02
0.40    40.0    540.00    1.7549000E-02    0.0000000E+00    1.7549000E-02
0.40    50.0    540.00    1.6224300E-02    0.0000000E+00    1.6224300E-02
0.40    60.0    540.00    1.4827700E-02    0.0000000E+00    1.4827700E-02
0.40    70.0    540.00    1.3450100E-02    0.0000000E+00    1.3450100E-02
0.40    80.0    540.00    1.2188500E-02    0.0000000E+00    1.2188500E-02
0.40    90.0    540.00    1.0859300E-02    0.0000000E+00    1.0859300E-02
0.40    100.0    540.00    9.6433000E-03    0.0000000E+00    9.6433000E-03
0.40    110.0    540.00    8.7438000E-03    0.0000000E+00    8.7438000E-03
0.40    120.0    540.00    7.9389100E-03    0.0000000E+00    7.9389100E-03
0.40    130.0    540.00    7.2568000E-03    0.0000000E+00    7.2568000E-03
0.40    140.0    540.00    6.7040200E-03    0.0000000E+00    6.7040200E-03
0.40    150.0    540.00    6.2796400E-03    0.0000000E+00    6.2796400E-03
0.40    160.0    540.00    5.9802500E-03    0.0000000E+00    5.9802500E-03
0.40    170.0    540.00    5.8019400E-03    0.0000000E+00    5.8019400E-03
0.40    180.0    540.00    5.7392200E-03    0.0000000E+00    5.7392200E-03
0.41    0.0    540.00    1.9227100E-02    0.0000000E+00    1.9227100E-02
0.41    10.0    540.00    1.9031400E-02    0.0000000E+00    1.9031400E-02
0.41    20.0    540.00    1.8492800E-02    0.0000000E+00    1.8492800E-02
0.41    30.0    540.00    1.7650000E-02    0.0000000E+00    1.7650000E-02
0.41    40.0    540.00    1.6573600E-02    0.0000000E+00    1.6573600E-02
0.41    50.0    540.00    1.5349000E-02    0.0000000E+00    1.5349000E-02
0.41    60.0    540.00    1.4066600E-02    0.0000000E+00    1.4066600E-02
0.41    70.0    540.00    1.2807700E-02    0.0000000E+00    1.2807700E-02
0.41    80.0    540.00    1.1638600E-02    0.0000000E+00    1.1638600E-02
0.41    90.0    540.00    1.0337740E-02    0.0000000E+00    1.0337740E-02
0.41    100.0    540.00    9.1381600E-03    0.0000000E+00    9.1381600E-03
0.41    110.0    540.00    8.2699400E-03    0.0000000E+00    8.2699400E-03
0.41    120.0    540.00    7.4985800E-03    0.0000000E+00    7.4985800E-03
0.41    130.0    540.00    6.8471100E-03    0.0000000E+00    6.8471100E-03
0.41    140.0    540.00    6.3200200E-03    0.0000000E+00    6.3200200E-03
0.41    150.0    540.00    5.9156700E-03    0.0000000E+00    5.9156700E-03
0.41    160.0    540.00    5.6304900E-03    0.0000000E+00    5.6304900E-03
0.41    170.0    540.00    5.4606600E-03    0.0000000E+00    5.4606600E-03
0.41    180.0    540.00    5.4009200E-03    0.0000000E+00    5.4009200E-03
0.42    0.0    540.00    1.8129600E-02    0.0000000E+00    1.8129600E-02
0.42    10.0    540.00    1.7947300E-02    0.0000000E+00    1.7947300E-02
0.42    20.0    540.00    1.7445800E-02    0.0000000E+00    1.7445800E-02
0.42    30.0    540.00    1.6662100E-02    0.0000000E+00    1.6662100E-02
0.42    40.0    540.00    1.5662500E-02    0.0000000E+00    1.5662500E-02
0.42    50.0    540.00    1.4526100E-02    0.0000000E+00    1.4526100E-02
0.42    60.0    540.00    1.3331900E-02    0.0000000E+00    1.3331900E-02
0.42    70.0    540.00    1.2146600E-02    0.0000000E+00    1.2146600E-02
0.42    80.0    540.00    1.1032200E-02    0.0000000E+00    1.1032200E-02
0.42    90.0    540.00    9.7864150E-03    0.0000000E+00    9.7864150E-03
0.42    100.0    540.00    8.6387700E-03    0.0000000E+00    8.6387700E-03
0.42    110.0    540.00    7.8100700E-03    0.0000000E+00    7.8100700E-03
0.42    120.0    540.00    7.0749200E-03    0.0000000E+00    7.0749200E-03
0.42    130.0    540.00    6.4545600E-03    0.0000000E+00    6.4545600E-03
0.42    140.0    540.00    5.9528300E-03    0.0000000E+00    5.9528300E-03
0.42    150.0    540.00    5.5679600E-03    0.0000000E+00    5.5679600E-03
0.42    160.0    540.00    5.2964900E-03    0.0000000E+00    5.2964900E-03
0.42    170.0    540.00    5.1348100E-03    0.0000000E+00    5.1348100E-03
0.42    180.0    540.00    5.0779300E-03    0.0000000E+00    5.0779300E-03
0.43    0.0    540.00    1.7102800E-02    0.0000000E+00    1.7102800E-02
0.43    10.0    540.00    1.6932900E-02    0.0000000E+00    1.6932900E-02
0.43    20.0    540.00    1.6465800E-02    0.0000000E+00    1.6465800E-02
0.43    30.0    540.00    1.5736000E-02    0.0000000E+00    1.5736000E-02
0.43    40.0    540.00    1.4804700E-02    0.0000000E+00    1.4804700E-02
0.43    50.0    540.00    1.3743000E-02    0.0000000E+00    1.3743000E-02
0.43    60.0    540.00    1.2620700E-02    0.0000000E+00    1.2620700E-02
0.43    70.0    540.00    1.1498800E-02    0.0000000E+00    1.1498800E-02
0.43    80.0    540.00    1.0438700E-02    0.0000000E+00    1.0438700E-02
0.43    90.0    540.00    9.2517850E-03    0.0000000E+00    9.2517850E-03
0.43    100.0    540.00    8.1585500E-03    0.0000000E+00    8.1585500E-03
0.43    110.0    540.00    7.3697000E-03    0.0000000E+00    7.3697000E-03
0.43    120.0    540.00    6.6702200E-03    0.0000000E+00    6.6702200E-03
0.43    130.0    540.00    6.0800500E-03    0.0000000E+00    6.0800500E-03
0.43    140.0    540.00    5.6026900E-03    0.0000000E+00    5.6026900E-03
0.43    150.0    540.00    5.2364300E-03    0.0000000E+00    5.2364300E-03
0.43    160.0    540.00    4.9780300E-03    0.0000000E+00    4.9780300E-03
0.43    170.0    540.00    4.8240900E-03    0.0000000E+00    4.8240900E-03
0.43    180.0    540.00    4.7699300E-03    0.0000000E+00    4.7699300E-03
0.44    0.0    540.00    1.6140400E-02    0.0000000E+00    1.6140400E-02
0.44    10.0    540.00    1.5982000E-02    0.0000000E+00    1.5982000E-02
0.44    20.0    540.00    1.5546200E-02    0.0000000E+00    1.5546200E-02
0.44    30.0    540.00    1.4864800E-02    0.0000000E+00    1.4864800E-02
0.44    40.0    540.00    1.3993600E-02    0.0000000E+00    1.3993600E-02
0.44    50.0    540.00    1.2996800E-02    0.0000000E+00    1.2996800E-02
0.44    60.0    540.00    1.1938000E-02    0.0000000E+00    1.1938000E-02
0.44    70.0    540.00    1.0874900E-02    0.0000000E+00    1.0874900E-02
0.44    80.0    540.00    9.8679100E-03    0.0000000E+00    9.8679100E-03
0.44    90.0    540.00    8.7393000E-03    0.0000000E+00    8.7393000E-03
0.44    100.0    540.00    7.6997100E-03    0.0000000E+00    7.6997100E-03
0.44    110.0    540.00    6.9496400E-03    0.0000000E+00    6.9496400E-03
0.44    120.0    540.00    6.2845200E-03    0.0000000E+00    6.2845200E-03
0.44    130.0    540.00    5.7232400E-03    0.0000000E+00    5.7232400E-03
0.44    140.0    540.00    5.2690900E-03    0.0000000E+00    5.2690900E-03
0.44    150.0    540.00    4.9205000E-03    0.0000000E+00    4.9205000E-03
0.44    160.0    540.00    4.6744600E-03    0.0000000E+00    4.6744600E-03
0.44    170.0    540.00    4.5278400E-03    0.0000000E+00    4.5278400E-03
0.44    180.0    540.00    4.4762500E-03    0.0000000E+00    4.4762500E-03
0.45    0.0    540.00    1.5236900E-02    0.0000000E+00    1.5236900E-02
0.45    10.0    540.00    1.5088900E-02    0.0000000E+00    1.5088900E-02
0.45    20.0    540.00    1.4681300E-02    0.0000000E+00    1.4681300E-02
0.45    30.0    540.00    1.4043200E-02    0.0000000E+00    1.4043200E-02
0.45    40.0    540.00    1.3225400E-02    0.0000000E+00    1.3225400E-02
0.45    50.0    540.00    1.2286600E-02    0.0000000E+00    1.2286600E-02
0.45    60.0    540.00    1.1285800E-02    0.0000000E+00    1.1285800E-02
0.45    70.0    540.00    1.0278300E-02    0.0000000E+00    1.0278300E-02
0.45    80.0    540.00    9.3224300E-03    0.0000000E+00    9.3224300E-03
0.45    90.0    540.00    8.2502900E-03    0.0000000E+00    8.2502900E-03
0.45    100.0    540.00    7.2624800E-03    0.0000000E+00    7.2624800E-03
0.45    110.0    540.00    6.5496000E-03    0.0000000E+00    6.5496000E-03
0.45    120.0    540.00    5.9172900E-03    0.0000000E+00    5.9172900E-03
0.45    130.0    540.00    5.3834600E-03    0.0000000E+00    5.3834600E-03
0.45    140.0    540.00    4.9513100E-03    0.0000000E+00    4.9513100E-03
0.45    150.0    540.00    4.6194200E-03    0.0000000E+00    4.6194200E-03
0.45    160.0    540.00    4.3850400E-03    0.0000000E+00    4.3850400E-03
0.45    170.0    540.00    4.2453200E-03    0.0000000E+00    4.2453200E-03
0.45    180.0    540.00    4.1961400E-03    0.0000000E+00    4.1961400E-03
0.46    0.0    540.00    1.4387200E-02    0.0000000E+00    1.4387200E-02
0.46    10.0    540.00    1.4248500E-02    0.0000000E+00    1.4248500E-02
0.46    20.0    540.00    1.3866400E-02    0.0000000E+00    1.3866400E-02
0.46    30.0    540.00    1.3267200E-02    0.0000000E+00    1.3267200E-02
0.46    40.0    540.00    1.2497400E-02    0.0000000E+00    1.2497400E-02
0.46    50.0    540.00    1.1611500E-02    0.0000000E+00    1.1611500E-02
0.46    60.0    540.00    1.0664700E-02    0.0000000E+00    1.0664700E-02
0.46    70.0    540.00    9.7097500E-03    0.0000000E+00    9.7097500E-03
0.46    80.0    540.00    8.8027100E-03    0.0000000E+00    8.8027100E-03
0.46    90.0    540.00    7.7846650E-03    0.0000000E+00    7.7846650E-03
0.46    100.0    540.00    6.8463700E-03    0.0000000E+00    6.8463700E-03
0.46    110.0    540.00    6.1689300E-03    0.0000000E+00    6.1689300E-03
0.46    120.0    540.00    5.5677600E-03    0.0000000E+00    5.5677600E-03
0.46    130.0    540.00    5.0599300E-03    0.0000000E+00    5.0599300E-03
0.46    140.0    540.00    4.6485400E-03    0.0000000E+00    4.6485400E-03
0.46    150.0    540.00    4.3323900E-03    0.0000000E+00    4.3323900E-03
0.46    160.0    540.00    4.1089900E-03    0.0000000E+00    4.1089900E-03
0.46    170.0    540.00    3.9757500E-03    0.0000000E+00    3.9757500E-03
0.46    180.0    540.00    3.9288500E-03    0.0000000E+00    3.9288500E-03
0.47    0.0    540.00    1.3586800E-02    0.0000000E+00    1.3586800E-02
0.47    10.0    540.00    1.3456500E-02    0.0000000E+00    1.3456500E-02
0.47    20.0    540.00    1.3097400E-02    0.0000000E+00    1.3097400E-02
0.47    30.0    540.00    1.2533400E-02    0.0000000E+00    1.2533400E-02
0.47    40.0    540.00    1.1807600E-02    0.0000000E+00    1.1807600E-02
0.47    50.0    540.00    1.0970400E-02    0.0000000E+00    1.0970400E-02
0.47    60.0    540.00    1.0074100E-02    0.0000000E+00    1.0074100E-02
0.47    70.0    540.00    9.1689100E-03    0.0000000E+00    9.1689100E-03
0.47    80.0    540.00    8.3083400E-03    0.0000000E+00    8.3083400E-03
0.47    90.0    540.00    7.3418050E-03    0.0000000E+00    7.3418050E-03
0.47    100.0    540.00    6.4506300E-03    0.0000000E+00    6.4506300E-03
0.47    110.0    540.00    5.8068000E-03    0.0000000E+00    5.8068000E-03
0.47    120.0    540.00    5.2350900E-03    0.0000000E+00    5.2350900E-03
0.47    130.0    540.00    4.7518000E-03    0.0000000E+00    4.7518000E-03
0.47    140.0    540.00    4.3599800E-03    0.0000000E+00    4.3599800E-03
0.47    150.0    540.00    4.0586200E-03    0.0000000E+00    4.0586200E-03
0.47    160.0    540.00    3.8455300E-03    0.0000000E+00    3.8455300E-03
0.47    170.0    540.00    3.7183600E-03    0.0000000E+00    3.7183600E-03
0.47    180.0    540.00    3.6735800E-03    0.0000000E+00    3.6735800E-03
0.48    0.0    540.00    1.2831800E-02    0.0000000E+00    1.2831800E-02
0.48    10.0    540.00    1.2709200E-02    0.0000000E+00    1.2709200E-02
0.48    20.0    540.00    1.2371000E-02    0.0000000E+00    1.2371000E-02
0.48    30.0    540.00    1.1839200E-02    0.0000000E+00    1.1839200E-02
0.48    40.0    540.00    1.1153800E-02    0.0000000E+00    1.1153800E-02
0.48    50.0    540.00    1.0362100E-02    0.0000000E+00    1.0362100E-02
0.48    60.0    540.00    9.5131900E-03    0.0000000E+00    9.5131900E-03
0.48    70.0    540.00    8.6549600E-03    0.0000000E+00    8.6549600E-03
0.48    80.0    540.00    7.8384800E-03    0.0000000E+00    7.8384800E-03
0.48    90.0    540.00    6.9208500E-03    0.0000000E+00    6.9208500E-03
0.48    100.0    540.00    6.0743100E-03    0.0000000E+00    6.0743100E-03
0.48    110.0    540.00    5.4622700E-03    0.0000000E+00    5.4622700E-03
0.48    120.0    540.00    4.9183900E-03    0.0000000E+00    4.9183900E-03
0.48    130.0    540.00    4.4582100E-03    0.0000000E+00    4.4582100E-03
0.48    140.0    540.00    4.0847900E-03    0.0000000E+00    4.0847900E-03
0.48    150.0    540.00    3.7973100E-03    0.0000000E+00    3.7973100E-03
0.48    160.0    540.00    3.5938700E-03    0.0000000E+00    3.5938700E-03
0.48    170.0    540.00    3.4723800E-03    0.0000000E+00    3.4723800E-03
0.48    180.0    540.00    3.4295900E-03    0.0000000E+00    3.4295900E-03
0.49    0.0    540.00    1.2118900E-02    0.0000000E+00    1.2118900E-02
0.49    10.0    540.00    1.2003200E-02    0.0000000E+00    1.2003200E-02
0.49    20.0    540.00    1.1684200E-02    0.0000000E+00    1.1684200E-02
0.49    30.0    540.00    1.1182200E-02    0.0000000E+00    1.1182200E-02
0.49    40.0    540.00    1.0534300E-02    0.0000000E+00    1.0534300E-02
0.49    50.0    540.00    9.7849000E-03    0.0000000E+00    9.7849000E-03
0.49    60.0    540.00    8.9806500E-03    0.0000000E+00    8.9806500E-03
0.49    70.0    540.00    8.1668500E-03    0.0000000E+00    8.1668500E-03
0.49    80.0    540.00    7.3921100E-03    0.0000000E+00    7.3921100E-03
0.49    90.0    540.00    6.5207700E-03    0.0000000E+00    6.5207700E-03
0.49    100.0    540.00    5.7164600E-03    0.0000000E+00    5.7164600E-03
0.49    110.0    540.00    5.1344300E-03    0.0000000E+00    5.1344300E-03
0.49    120.0    540.00    4.6167600E-03    0.0000000E+00    4.6167600E-03
0.49    130.0    540.00    4.1783300E-03    0.0000000E+00    4.1783300E-03
0.49    140.0    540.00    3.8221600E-03    0.0000000E+00    3.8221600E-03
0.49    150.0    540.00    3.5476900E-03    0.0000000E+00    3.5476900E-03
0.49    160.0    540.00    3.3532500E-03    0.0000000E+00    3.3532500E-03
0.49    170.0    540.00    3.2370600E-03    0.0000000E+00    3.2370600E-03
0.49    180.0    540.00    3.1961200E-03    0.0000000E+00    3.1961200E-03
0.50    0.0    540.00    1.1445000E-02    0.0000000E+00    1.1445000E-02
0.50    10.0    540.00    1.1335900E-02    0.0000000E+00    1.1335900E-02
0.50    20.0    540.00    1.1034600E-02    0.0000000E+00    1.1034600E-02
0.50    30.0    540.00    1.0560000E-02    0.0000000E+00    1.0560000E-02
0.50    40.0    540.00    9.9470800E-03    0.0000000E+00    9.9470800E-03
0.50    50.0    540.00    9.2374900E-03    0.0000000E+00    9.2374900E-03
0.50    60.0    540.00    8.4752600E-03    0.0000000E+00    8.4752600E-03
0.50    70.0    540.00    7.7034100E-03    0.0000000E+00    7.7034100E-03
0.50    80.0    540.00    6.9681300E-03    0.0000000E+00    6.9681300E-03
0.50    90.0    540.00    6.1405350E-03    0.0000000E+00    6.1405350E-03
0.50    100.0    540.00    5.3761000E-03    0.0000000E+00    5.3761000E-03
0.50    110.0    540.00    4.8223700E-03    0.0000000E+00    4.8223700E-03
0.50    120.0    540.00    4.3293600E-03    0.0000000E+00    4.3293600E-03
0.50    130.0    540.00    3.9113400E-03    0.0000000E+00    3.9113400E-03
0.50    140.0    540.00    3.5713400E-03    0.0000000E+00    3.5713400E-03
0.50    150.0    540.00    3.3089900E-03    0.0000000E+00    3.3089900E-03
0.50    160.0    540.00    3.1229400E-03    0.0000000E+00    3.1229400E-03
0.50    170.0    540.00    3.0116700E-03    0.0000000E+00    3.0116700E-03
0.50    180.0    540.00    2.9724500E-03    0.0000000E+00    2.9724500E-03
0.51    0.0    540.00    1.0807700E-02    0.0000000E+00    1.0807700E-02
0.51    10.0    540.00    1.0704600E-02    0.0000000E+00    1.0704600E-02
0.51    20.0    540.00    1.0419700E-02    0.0000000E+00    1.0419700E-02
0.51    30.0    540.00    9.9708200E-03    0.0000000E+00    9.9708200E-03
0.51    40.0    540.00    9.3905700E-03    0.0000000E+00    9.3905700E-03
0.51    50.0    540.00    8.7183100E-03    0.0000000E+00    8.7183100E-03
0.51    60.0    540.00    7.9956800E-03    0.0000000E+00    7.9956800E-03
0.51    70.0    540.00    7.2634400E-03    0.0000000E+00    7.2634400E-03
0.51    80.0    540.00    6.5654300E-03    0.0000000E+00    6.5654300E-03
0.51    90.0    540.00    5.7791200E-03    0.0000000E+00    5.7791200E-03
0.51    100.0    540.00    5.0522900E-03    0.0000000E+00    5.0522900E-03
0.51    110.0    540.00    4.5251800E-03    0.0000000E+00    4.5251800E-03
0.51    120.0    540.00    4.0553400E-03    0.0000000E+00    4.0553400E-03
0.51    130.0    540.00    3.6564500E-03    0.0000000E+00    3.6564500E-03
0.51    140.0    540.00    3.3315500E-03    0.0000000E+00    3.3315500E-03
0.51    150.0    540.00    3.0805000E-03    0.0000000E+00    3.0805000E-03
0.51    160.0    540.00    2.9022200E-03    0.0000000E+00    2.9022200E-03
0.51    170.0    540.00    2.7955000E-03    0.0000000E+00    2.7955000E-03
0.51    180.0    540.00    2.7578600E-03    0.0000000E+00    2.7578600E-03
0.52    0.0    540.00    1.0204600E-02    0.0000000E+00    1.0204600E-02
0.52    10.0    540.00    1.0107000E-02    0.0000000E+00    1.0107000E-02
0.52    20.0    540.00    9.8375100E-03    0.0000000E+00    9.8375100E-03
0.52    30.0    540.00    9.4126100E-03    0.0000000E+00    9.4126100E-03
0.52    40.0    540.00    8.8630300E-03    0.0000000E+00    8.8630300E-03
0.52    50.0    540.00    8.2258900E-03    0.0000000E+00    8.2258900E-03
0.52    60.0    540.00    7.5405700E-03    0.0000000E+00    7.5405700E-03
0.52    70.0    540.00    6.8456900E-03    0.0000000E+00    6.8456900E-03
0.52    80.0    540.00    6.1828500E-03    0.0000000E+00    6.1828500E-03
0.52    90.0    540.00    5.4354800E-03    0.0000000E+00    5.4354800E-03
0.52    100.0    540.00    4.7440600E-03    0.0000000E+00    4.7440600E-03
0.52    110.0    540.00    4.2420000E-03    0.0000000E+00    4.2420000E-03
0.52    120.0    540.00    3.7939100E-03    0.0000000E+00    3.7939100E-03
0.52    130.0    540.00    3.4129100E-03    0.0000000E+00    3.4129100E-03
0.52    140.0    540.00    3.1020800E-03    0.0000000E+00    3.1020800E-03
0.52    150.0    540.00    2.8614900E-03    0.0000000E+00    2.8614900E-03
0.52    160.0    540.00    2.6903800E-03    0.0000000E+00    2.6903800E-03
0.52    170.0    540.00    2.5878300E-03    0.0000000E+00    2.5878300E-03
0.52    180.0    540.00    2.5516400E-03    0.0000000E+00    2.5516400E-03
0.53    0.0    540.00    9.6336600E-03    0.0000000E+00    9.6336600E-03
0.53    10.0    540.00    9.5412700E-03    0.0000000E+00    9.5412700E-03
0.53    20.0    540.00    9.2861100E-03    0.0000000E+00    9.2861100E-03
0.53    30.0    540.00    8.8836800E-03    0.0000000E+00    8.8836800E-03
0.53    40.0    540.00    8.3628900E-03    0.0000000E+00    8.3628900E-03
0.53    50.0    540.00    7.7588100E-03    0.0000000E+00    7.7588100E-03
0.53    60.0    540.00    7.1086600E-03    0.0000000E+00    7.1086600E-03
0.53    70.0    540.00    6.4490200E-03    0.0000000E+00    6.4490200E-03
0.53    80.0    540.00    5.8193300E-03    0.0000000E+00    5.8193300E-03
0.53    90.0    540.00    5.1086450E-03    0.0000000E+00    5.1086450E-03
0.53    100.0    540.00    4.4505700E-03    0.0000000E+00    4.4505700E-03
0.53    110.0    540.00    3.9720400E-03    0.0000000E+00    3.9720400E-03
0.53    120.0    540.00    3.5443300E-03    0.0000000E+00    3.5443300E-03
0.53    130.0    540.00    3.1800300E-03    0.0000000E+00    3.1800300E-03
0.53    140.0    540.00    2.8822400E-03    0.0000000E+00    2.8822400E-03
0.53    150.0    540.00    2.6512800E-03    0.0000000E+00    2.6512800E-03
0.53    160.0    540.00    2.4867300E-03    0.0000000E+00    2.4867300E-03
0.53    170.0    540.00    2.3879800E-03    0.0000000E+00    2.3879800E-03
0.53    180.0    540.00    2.3531100E-03    0.0000000E+00    2.3531100E-03
0.54    0.0    540.00    9.0928500E-03    0.0000000E+00    9.0928500E-03
0.54    10.0    540.00    9.0053500E-03    0.0000000E+00    9.0053500E-03
0.54    20.0    540.00    8.7636400E-03    0.0000000E+00    8.7636400E-03
0.54    30.0    540.00    8.3823100E-03    0.0000000E+00    8.3823100E-03
0.54    40.0    540.00    7.8886200E-03    0.0000000E+00    7.8886200E-03
0.54    50.0    540.00    7.3156600E-03    0.0000000E+00    7.3156600E-03
0.54    60.0    540.00    6.6986500E-03    0.0000000E+00    6.6986500E-03
0.54    70.0    540.00    6.0722300E-03    0.0000000E+00    6.0722300E-03
0.54    80.0    540.00    5.4738000E-03    0.0000000E+00    5.4738000E-03
0.54    90.0    540.00    4.7976700E-03    0.0000000E+00    4.7976700E-03
0.54    100.0    540.00    4.1709600E-03    0.0000000E+00    4.1709600E-03
0.54    110.0    540.00    3.7145200E-03    0.0000000E+00    3.7145200E-03
0.54    120.0    540.00    3.3058700E-03    0.0000000E+00    3.3058700E-03
0.54    130.0    540.00    2.9571100E-03    0.0000000E+00    2.9571100E-03
0.54    140.0    540.00    2.6713500E-03    0.0000000E+00    2.6713500E-03
0.54    150.0    540.00    2.4491800E-03    0.0000000E+00    2.4491800E-03
0.54    160.0    540.00    2.2905700E-03    0.0000000E+00    2.2905700E-03
0.54    170.0    540.00    2.1952500E-03    0.0000000E+00    2.1952500E-03
0.54    180.0    540.00    2.1615700E-03    0.0000000E+00    2.1615700E-03
0.55    0.0    540.00    8.5804300E-03    0.0000000E+00    8.5804300E-03
0.55    10.0    540.00    8.4975200E-03    0.0000000E+00    8.4975200E-03
0.55    20.0    540.00    8.2684600E-03    0.0000000E+00    8.2684600E-03
0.55    30.0    540.00    7.9069600E-03    0.0000000E+00    7.9069600E-03
0.55    40.0    540.00    7.4387600E-03    0.0000000E+00    7.4387600E-03
0.55    50.0    540.00    6.8951300E-03    0.0000000E+00    6.8951300E-03
0.55    60.0    540.00    6.3093600E-03    0.0000000E+00    6.3093600E-03
0.55    70.0    540.00    5.7142400E-03    0.0000000E+00    5.7142400E-03
0.55    80.0    540.00    5.1452600E-03    0.0000000E+00    5.1452600E-03
0.55    90.0    540.00    4.5016550E-03    0.0000000E+00    4.5016550E-03
0.55    100.0    540.00    3.9044700E-03    0.0000000E+00    3.9044700E-03
0.55    110.0    540.00    3.4687700E-03    0.0000000E+00    3.4687700E-03
0.55    120.0    540.00    3.0779400E-03    0.0000000E+00    3.0779400E-03
0.55    130.0    540.00    2.7435500E-03    0.0000000E+00    2.7435500E-03
0.55    140.0    540.00    2.4687400E-03    0.0000000E+00    2.4687400E-03
0.55    150.0    540.00    2.2544800E-03    0.0000000E+00    2.2544800E-03
0.55    160.0    540.00    2.1011800E-03    0.0000000E+00    2.1011800E-03
0.55    170.0    540.00    2.0089300E-03    0.0000000E+00    2.0089300E-03
0.55    180.0    540.00    1.9763300E-03    0.0000000E+00    1.9763300E-03
0.56    0.0    540.00    8.0947600E-03    0.0000000E+00    8.0947600E-03
0.56    10.0    540.00    8.0161600E-03    0.0000000E+00    8.0161600E-03
0.56    20.0    540.00    7.7989800E-03    0.0000000E+00    7.7989800E-03
0.56    30.0    540.00    7.4561600E-03    0.0000000E+00    7.4561600E-03
0.56    40.0    540.00    7.0119700E-03    0.0000000E+00    7.0119700E-03
0.56    50.0    540.00    6.4959600E-03    0.0000000E+00    6.4959600E-03
0.56    60.0    540.00    5.9396200E-03    0.0000000E+00    5.9396200E-03
0.56    70.0    540.00    5.3740100E-03    0.0000000E+00    5.3740100E-03
0.56    80.0    540.00    4.8327900E-03    0.0000000E+00    4.8327900E-03
0.56    90.0    540.00    4.2198400E-03    0.0000000E+00    4.2198400E-03
0.56    100.0    540.00    3.6504600E-03    0.0000000E+00    3.6504600E-03
0.56    110.0    540.00    3.2342600E-03    0.0000000E+00    3.2342600E-03
0.56    120.0    540.00    2.8600200E-03    0.0000000E+00    2.8600200E-03
0.56    130.0    540.00    2.5387800E-03    0.0000000E+00    2.5387800E-03
0.56    140.0    540.00    2.2737600E-03    0.0000000E+00    2.2737600E-03
0.56    150.0    540.00    2.0664400E-03    0.0000000E+00    2.0664400E-03
0.56    160.0    540.00    1.9178300E-03    0.0000000E+00    1.9178300E-03
0.56    170.0    540.00    1.8283700E-03    0.0000000E+00    1.8283700E-03
0.56    180.0    540.00    1.7967500E-03    0.0000000E+00    1.7967500E-03
0.57    0.0    540.00    7.6342900E-03    0.0000000E+00    7.6342900E-03
0.57    10.0    540.00    7.5597500E-03    0.0000000E+00    7.5597500E-03
0.57    20.0    540.00    7.3537600E-03    0.0000000E+00    7.3537600E-03
0.57    30.0    540.00    7.0285100E-03    0.0000000E+00    7.0285100E-03
0.57    40.0    540.00    6.6069300E-03    0.0000000E+00    6.6069300E-03
0.57    50.0    540.00    6.1169600E-03    0.0000000E+00    6.1169600E-03
0.57    60.0    540.00    5.5883700E-03    0.0000000E+00    5.5883700E-03
0.57    70.0    540.00    5.0505800E-03    0.0000000E+00    5.0505800E-03
0.57    80.0    540.00    4.5355600E-03    0.0000000E+00    4.5355600E-03
0.57    90.0    540.00    3.9515900E-03    0.0000000E+00    3.9515900E-03
0.57    100.0    540.00    3.4085200E-03    0.0000000E+00    3.4085200E-03
0.57    110.0    540.00    3.0106800E-03    0.0000000E+00    3.0106800E-03
0.57    120.0    540.00    2.6518100E-03    0.0000000E+00    2.6518100E-03
0.57    130.0    540.00    2.3422800E-03    0.0000000E+00    2.3422800E-03
0.57    140.0    540.00    2.0856300E-03    0.0000000E+00    2.0856300E-03
0.57    150.0    540.00    1.8842200E-03    0.0000000E+00    1.8842200E-03
0.57    160.0    540.00    1.7397900E-03    0.0000000E+00    1.7397900E-03
0.57    170.0    540.00    1.6529400E-03    0.0000000E+00    1.6529400E-03
0.57    180.0    540.00    1.6222800E-03    0.0000000E+00    1.6222800E-03
0.58    0.0    540.00    7.1976100E-03    0.0000000E+00    7.1976100E-03
0.58    10.0    540.00    7.1268800E-03    0.0000000E+00    7.1268800E-03
0.58    20.0    540.00    6.9314300E-03    0.0000000E+00    6.9314300E-03
0.58    30.0    540.00    6.6227400E-03    0.0000000E+00    6.6227400E-03
0.58    40.0    540.00    6.2224700E-03    0.0000000E+00    6.2224700E-03
0.58    50.0    540.00    5.7570500E-03    0.0000000E+00    5.7570500E-03
0.58    60.0    540.00    5.2546500E-03    0.0000000E+00    5.2546500E-03
0.58    70.0    540.00    4.7431600E-03    0.0000000E+00    4.7431600E-03
0.58    80.0    540.00    4.2529600E-03    0.0000000E+00    4.2529600E-03
0.58    90.0    540.00    3.6966400E-03    0.0000000E+00    3.6966400E-03
0.58    100.0    540.00    3.1787700E-03    0.0000000E+00    3.1787700E-03
0.58    110.0    540.00    2.7983700E-03    0.0000000E+00    2.7983700E-03
0.58    120.0    540.00    2.4533700E-03    0.0000000E+00    2.4533700E-03
0.58    130.0    540.00    2.1534500E-03    0.0000000E+00    2.1534500E-03
0.58    140.0    540.00    1.9032900E-03    0.0000000E+00    1.9032900E-03
0.58    150.0    540.00    1.7067800E-03    0.0000000E+00    1.7067800E-03
0.58    160.0    540.00    1.5662800E-03    0.0000000E+00    1.5662800E-03
0.58    170.0    540.00    1.4821500E-03    0.0000000E+00    1.4821500E-03
0.58    180.0    540.00    1.4525200E-03    0.0000000E+00    1.4525200E-03
0.59    0.0    540.00    6.7833500E-03    0.0000000E+00    6.7833500E-03
0.59    10.0    540.00    6.7162300E-03    0.0000000E+00    6.7162300E-03
0.59    20.0    540.00    6.5307100E-03    0.0000000E+00    6.5307100E-03
0.59    30.0    540.00    6.2376300E-03    0.0000000E+00    6.2376300E-03
0.59    40.0    540.00    5.8574800E-03    0.0000000E+00    5.8574800E-03
0.59    50.0    540.00    5.4152500E-03    0.0000000E+00    5.4152500E-03
0.59    60.0    540.00    4.9376500E-03    0.0000000E+00    4.9376500E-03
0.59    70.0    540.00    4.4512000E-03    0.0000000E+00    4.4512000E-03
0.59    80.0    540.00    3.9849100E-03    0.0000000E+00    3.9849100E-03
0.59    90.0    540.00    3.4558400E-03    0.0000000E+00    3.4558400E-03
0.59    100.0    540.00    2.9632500E-03    0.0000000E+00    2.9632500E-03
0.59    110.0    540.00    2.5995500E-03    0.0000000E+00    2.5995500E-03
0.59    120.0    540.00    2.2651900E-03    0.0000000E+00    2.2651900E-03
0.59    130.0    540.00    1.9709400E-03    0.0000000E+00    1.9709400E-03
0.59    140.0    540.00    1.7249900E-03    0.0000000E+00    1.7249900E-03
0.59    150.0    540.00    1.5328600E-03    0.0000000E+00    1.5328600E-03
0.59    160.0    540.00    1.3966500E-03    0.0000000E+00    1.3966500E-03
0.59    170.0    540.00    1.3157500E-03    0.0000000E+00    1.3157500E-03
0.59    180.0    540.00    1.2873800E-03    0.0000000E+00    1.2873800E-03
0.60    0.0    540.00    6.4027900E-03    0.0000000E+00    6.4027900E-03
0.60    10.0    540.00    6.3389700E-03    0.0000000E+00    6.3389700E-03
0.60    20.0    540.00    6.1625700E-03    0.0000000E+00    6.1625700E-03
0.60    30.0    540.00    5.8838400E-03    0.0000000E+00    5.8838400E-03
0.60    40.0    540.00    5.5222300E-03    0.0000000E+00    5.5222300E-03
0.60    50.0    540.00    5.1015100E-03    0.0000000E+00    5.1015100E-03
0.60    60.0    540.00    4.6472300E-03    0.0000000E+00    4.6472300E-03
0.60    70.0    540.00    4.1852000E-03    0.0000000E+00    4.1852000E-03
0.60    80.0    540.00    3.7448400E-03    0.0000000E+00    3.7448400E-03
0.60    90.0    540.00    3.2545500E-03    0.0000000E+00    3.2545500E-03
0.60    100.0    540.00    2.7864900E-03    0.0000000E+00    2.7864900E-03
0.60    110.0    540.00    2.4251000E-03    0.0000000E+00    2.4251000E-03
0.60    120.0    540.00    2.0893500E-03    0.0000000E+00    2.0893500E-03
0.60    130.0    540.00    1.7957700E-03    0.0000000E+00    1.7957700E-03
0.60    140.0    540.00    1.5532000E-03    0.0000000E+00    1.5532000E-03
0.60    150.0    540.00    1.3662100E-03    0.0000000E+00    1.3662100E-03
0.60    160.0    540.00    1.2354200E-03    0.0000000E+00    1.2354200E-03
0.60    170.0    540.00    1.1586200E-03    0.0000000E+00    1.1586200E-03
0.60    180.0    540.00    1.1318500E-03    0.0000000E+00    1.1318500E-03
0.61    0.0    540.00    6.2634400E-03    0.0000000E+00    6.2634400E-03
0.61    10.0    540.00    6.2009600E-03    0.0000000E+00    6.2009600E-03
0.61    20.0    540.00    6.0282400E-03    0.0000000E+00    6.0282400E-03
0.61    30.0    540.00    5.7554000E-03    0.0000000E+00    5.7554000E-03
0.61    40.0    540.00    5.4015700E-03    0.0000000E+00    5.4015700E-03
0.61    50.0    540.00    4.9902900E-03    0.0000000E+00    4.9902900E-03
0.61    60.0    540.00    4.5472500E-03    0.0000000E+00    4.5472500E-03
0.61    70.0    540.00    4.0989300E-03    0.0000000E+00    4.0989300E-03
0.61    80.0    540.00    3.6725700E-03    0.0000000E+00    3.6725700E-03
0.61    90.0    540.00    3.1801050E-03    0.0000000E+00    3.1801050E-03
0.61    100.0    540.00    2.7075900E-03    0.0000000E+00    2.7075900E-03
0.61    110.0    540.00    2.3467800E-03    0.0000000E+00    2.3467800E-03
0.61    120.0    540.00    2.0127200E-03    0.0000000E+00    2.0127200E-03
0.61    130.0    540.00    1.7214300E-03    0.0000000E+00    1.7214300E-03
0.61    140.0    540.00    1.4816900E-03    0.0000000E+00    1.4816900E-03
0.61    150.0    540.00    1.2978700E-03    0.0000000E+00    1.2978700E-03
0.61    160.0    540.00    1.1701100E-03    0.0000000E+00    1.1701100E-03
0.61    170.0    540.00    1.0955000E-03    0.0000000E+00    1.0955000E-03
0.61    180.0    540.00    1.0695700E-03    0.0000000E+00    1.0695700E-03
0.62    0.0    540.00    6.1269300E-03    0.0000000E+00    6.1269300E-03
0.62    10.0    540.00    6.0657600E-03    0.0000000E+00    6.0657600E-03
0.62    20.0    540.00    5.8966600E-03    0.0000000E+00    5.8966600E-03
0.62    30.0    540.00    5.6295900E-03    0.0000000E+00    5.6295900E-03
0.62    40.0    540.00    5.2834100E-03    0.0000000E+00    5.2834100E-03
0.62    50.0    540.00    4.8814000E-03    0.0000000E+00    4.8814000E-03
0.62    60.0    540.00    4.4489300E-03    0.0000000E+00    4.4489300E-03
0.62    70.0    540.00    4.0107200E-03    0.0000000E+00    4.0107200E-03
0.62    80.0    540.00    3.5895100E-03    0.0000000E+00    3.5895100E-03
0.62    90.0    540.00    3.0981950E-03    0.0000000E+00    3.0981950E-03
0.62    100.0    540.00    2.6269400E-03    0.0000000E+00    2.6269400E-03
0.62    110.0    540.00    2.2677900E-03    0.0000000E+00    2.2677900E-03
0.62    120.0    540.00    1.9357700E-03    0.0000000E+00    1.9357700E-03
0.62    130.0    540.00    1.6469800E-03    0.0000000E+00    1.6469800E-03
0.62    140.0    540.00    1.4103300E-03    0.0000000E+00    1.4103300E-03
0.62    150.0    540.00    1.2300200E-03    0.0000000E+00    1.2300200E-03
0.62    160.0    540.00    1.1056100E-03    0.0000000E+00    1.1056100E-03
0.62    170.0    540.00    1.0334200E-03    0.0000000E+00    1.0334200E-03
0.62    180.0    540.00    1.0084200E-03    0.0000000E+00    1.0084200E-03
0.63    0.0    540.00    5.9931400E-03    0.0000000E+00    5.9931400E-03
0.63    10.0    540.00    5.9332500E-03    0.0000000E+00    5.9332500E-03
0.63    20.0    540.00    5.7677000E-03    0.0000000E+00    5.7677000E-03
0.63    30.0    540.00    5.5062800E-03    0.0000000E+00    5.5062800E-03
0.63    40.0    540.00    5.1675500E-03    0.0000000E+00    5.1675500E-03
0.63    50.0    540.00    4.7743900E-03    0.0000000E+00    4.7743900E-03
0.63    60.0    540.00    4.3512100E-03    0.0000000E+00    4.3512100E-03
0.63    70.0    540.00    3.9205500E-03    0.0000000E+00    3.9205500E-03
0.63    80.0    540.00    3.5033400E-03    0.0000000E+00    3.5033400E-03
0.63    90.0    540.00    3.0146000E-03    0.0000000E+00    3.0146000E-03
0.63    100.0    540.00    2.5456700E-03    0.0000000E+00    2.5456700E-03
0.63    110.0    540.00    2.1884500E-03    0.0000000E+00    2.1884500E-03
0.63    120.0    540.00    1.8585900E-03    0.0000000E+00    1.8585900E-03
0.63    130.0    540.00    1.5724400E-03    0.0000000E+00    1.5724400E-03
0.63    140.0    540.00    1.3391600E-03    0.0000000E+00    1.3391600E-03
0.63    150.0    540.00    1.1627400E-03    0.0000000E+00    1.1627400E-03
0.63    160.0    540.00    1.0420400E-03    0.0000000E+00    1.0420400E-03
0.63    170.0    540.00    9.7252200E-04    0.0000000E+00    9.7252200E-04
0.63    180.0    540.00    9.4853300E-04    0.0000000E+00    9.4853300E-04
0.64    0.0    540.00    5.8619800E-03    0.0000000E+00    5.8619800E-03
0.64    10.0    540.00    5.8033300E-03    0.0000000E+00    5.8033300E-03
0.64    20.0    540.00    5.6412400E-03    0.0000000E+00    5.6412400E-03
0.64    30.0    540.00    5.3853200E-03    0.0000000E+00    5.3853200E-03
0.64    40.0    540.00    5.0537800E-03    0.0000000E+00    5.0537800E-03
0.64    50.0    540.00    4.6688600E-03    0.0000000E+00    4.6688600E-03
0.64    60.0    540.00    4.2538000E-03    0.0000000E+00    4.2538000E-03
0.64    70.0    540.00    3.8293800E-03    0.0000000E+00    3.8293800E-03
0.64    80.0    540.00    3.4159900E-03    0.0000000E+00    3.4159900E-03
0.64    90.0    540.00    2.9303450E-03    0.0000000E+00    2.9303450E-03
0.64    100.0    540.00    2.4640800E-03    0.0000000E+00    2.4640800E-03
0.64    110.0    540.00    2.1088400E-03    0.0000000E+00    2.1088400E-03
0.64    120.0    540.00    1.7811500E-03    0.0000000E+00    1.7811500E-03
0.64    130.0    540.00    1.4977800E-03    0.0000000E+00    1.4977800E-03
0.64    140.0    540.00    1.2681700E-03    0.0000000E+00    1.2681700E-03
0.64    150.0    540.00    1.0960700E-03    0.0000000E+00    1.0960700E-03
0.64    160.0    540.00    9.7949800E-04    0.0000000E+00    9.7949800E-04
0.64    170.0    540.00    9.1292800E-04    0.0000000E+00    9.1292800E-04
0.64    180.0    540.00    8.9005500E-04    0.0000000E+00    8.9005500E-04
0.65    0.0    540.00    5.7333500E-03    0.0000000E+00    5.7333500E-03
0.65    10.0    540.00    5.6759200E-03    0.0000000E+00    5.6759200E-03
0.65    20.0    540.00    5.5171900E-03    0.0000000E+00    5.5171900E-03
0.65    30.0    540.00    5.2665900E-03    0.0000000E+00    5.2665900E-03
0.65    40.0    540.00    4.9418900E-03    0.0000000E+00    4.9418900E-03
0.65    50.0    540.00    4.5646000E-03    0.0000000E+00    4.5646000E-03
0.65    60.0    540.00    4.1567200E-03    0.0000000E+00    4.1567200E-03
0.65    70.0    540.00    3.7378200E-03    0.0000000E+00    3.7378200E-03
0.65    80.0    540.00    3.3281800E-03    0.0000000E+00    3.3281800E-03
0.65    90.0    540.00    2.8458000E-03    0.0000000E+00    2.8458000E-03
0.65    100.0    540.00    2.3822300E-03    0.0000000E+00    2.3822300E-03
0.65    110.0    540.00    2.0289100E-03    0.0000000E+00    2.0289100E-03
0.65    120.0    540.00    1.7033600E-03    0.0000000E+00    1.7033600E-03
0.65    130.0    540.00    1.4229100E-03    0.0000000E+00    1.4229100E-03
0.65    140.0    540.00    1.1973700E-03    0.0000000E+00    1.1973700E-03
0.65    150.0    540.00    1.0301000E-03    0.0000000E+00    1.0301000E-03
0.65    160.0    540.00    9.1811000E-04    0.0000000E+00    9.1811000E-04
0.65    170.0    540.00    8.5478000E-04    0.0000000E+00    8.5478000E-04
0.65    180.0    540.00    8.3312700E-04    0.0000000E+00    8.3312700E-04
0.66    0.0    540.00    5.6071500E-03    0.0000000E+00    5.6071500E-03
0.66    10.0    540.00    5.5509000E-03    0.0000000E+00    5.5509000E-03
0.66    20.0    540.00    5.3954200E-03    0.0000000E+00    5.3954200E-03
0.66    30.0    540.00    5.1499300E-03    0.0000000E+00    5.1499300E-03
0.66    40.0    540.00    4.8317100E-03    0.0000000E+00    4.8317100E-03
0.66    50.0    540.00    4.4614600E-03    0.0000000E+00    4.4614600E-03
0.66    60.0    540.00    4.0600500E-03    0.0000000E+00    4.0600500E-03
0.66    70.0    540.00    3.6462100E-03    0.0000000E+00    3.6462100E-03
0.66    80.0    540.00    3.2402200E-03    0.0000000E+00    3.2402200E-03
0.66    90.0    540.00    2.7610750E-03    0.0000000E+00    2.7610750E-03
0.66    100.0    540.00    2.3001000E-03    0.0000000E+00    2.3001000E-03
0.66    110.0    540.00    1.9485400E-03    0.0000000E+00    1.9485400E-03
0.66    120.0    540.00    1.6250800E-03    0.0000000E+00    1.6250800E-03
0.66    130.0    540.00    1.3477500E-03    0.0000000E+00    1.3477500E-03
0.66    140.0    540.00    1.1267500E-03    0.0000000E+00    1.1267500E-03
0.66    150.0    540.00    9.6490400E-04    0.0000000E+00    9.6490400E-04
0.66    160.0    540.00    8.5800600E-04    0.0000000E+00    8.5800600E-04
0.66    170.0    540.00    7.9822800E-04    0.0000000E+00    7.9822800E-04
0.66    180.0    540.00    7.7790200E-04    0.0000000E+00    7.7790200E-04
0.67    0.0    540.00    5.4832800E-03    0.0000000E+00    5.4832800E-03
0.67    10.0    540.00    5.4281600E-03    0.0000000E+00    5.4281600E-03
0.67    20.0    540.00    5.2758300E-03    0.0000000E+00    5.2758300E-03
0.67    30.0    540.00    5.0352300E-03    0.0000000E+00    5.0352300E-03
0.67    40.0    540.00    4.7231200E-03    0.0000000E+00    4.7231200E-03
0.67    50.0    540.00    4.3593700E-03    0.0000000E+00    4.3593700E-03
0.67    60.0    540.00    3.9638700E-03    0.0000000E+00    3.9638700E-03
0.67    70.0    540.00    3.5547400E-03    0.0000000E+00    3.5547400E-03
0.67    80.0    540.00    3.1522800E-03    0.0000000E+00    3.1522800E-03
0.67    90.0    540.00    2.6762000E-03    0.0000000E+00    2.6762000E-03
0.67    100.0    540.00    2.2175800E-03    0.0000000E+00    2.2175800E-03
0.67    110.0    540.00    1.8675700E-03    0.0000000E+00    1.8675700E-03
0.67    120.0    540.00    1.5461300E-03    0.0000000E+00    1.5461300E-03
0.67    130.0    540.00    1.2721900E-03    0.0000000E+00    1.2721900E-03
0.67    140.0    540.00    1.0563000E-03    0.0000000E+00    1.0563000E-03
0.67    150.0    540.00    9.0058500E-04    0.0000000E+00    9.0058500E-04
0.67    160.0    540.00    7.9934300E-04    0.0000000E+00    7.9934300E-04
0.67    170.0    540.00    7.4343800E-04    0.0000000E+00    7.4343800E-04
0.67    180.0    540.00    7.2454500E-04    0.0000000E+00    7.2454500E-04
0.68    0.0    540.00    5.3616500E-03    0.0000000E+00    5.3616500E-03
0.68    10.0    540.00    5.3076300E-03    0.0000000E+00    5.3076300E-03
0.68    20.0    540.00    5.1583100E-03    0.0000000E+00    5.1583100E-03
0.68    30.0    540.00    4.9223700E-03    0.0000000E+00    4.9223700E-03
0.68    40.0    540.00    4.6160000E-03    0.0000000E+00    4.6160000E-03
0.68    50.0    540.00    4.2582700E-03    0.0000000E+00    4.2582700E-03
0.68    60.0    540.00    3.8682300E-03    0.0000000E+00    3.8682300E-03
0.68    70.0    540.00    3.4635300E-03    0.0000000E+00    3.4635300E-03
0.68    80.0    540.00    3.0643900E-03    0.0000000E+00    3.0643900E-03
0.68    90.0    540.00    2.5911150E-03    0.0000000E+00    2.5911150E-03
0.68    100.0    540.00    2.1345100E-03    0.0000000E+00    2.1345100E-03
0.68    110.0    540.00    1.7857800E-03    0.0000000E+00    1.7857800E-03
0.68    120.0    540.00    1.4662900E-03    0.0000000E+00    1.4662900E-03
0.68    130.0    540.00    1.1960800E-03    0.0000000E+00    1.1960800E-03
0.68    140.0    540.00    9.8604500E-04    0.0000000E+00    9.8604500E-04
0.68    150.0    540.00    8.3727600E-04    0.0000000E+00    8.3727600E-04
0.68    160.0    540.00    7.4229700E-04    0.0000000E+00    7.4229700E-04
0.68    170.0    540.00    6.9058800E-04    0.0000000E+00    6.9058800E-04
0.68    180.0    540.00    6.7323000E-04    0.0000000E+00    6.7323000E-04
0.69    0.0    540.00    5.2421500E-03    0.0000000E+00    5.2421500E-03
0.69    10.0    540.00    5.1891900E-03    0.0000000E+00    5.1891900E-03
0.69    20.0    540.00    5.0427500E-03    0.0000000E+00    5.0427500E-03
0.69    30.0    540.00    4.8112300E-03    0.0000000E+00    4.8112300E-03
0.69    40.0    540.00    4.5102600E-03    0.0000000E+00    4.5102600E-03
0.69    50.0    540.00    4.1581200E-03    0.0000000E+00    4.1581200E-03
0.69    60.0    540.00    3.7731500E-03    0.0000000E+00    3.7731500E-03
0.69    70.0    540.00    3.3725900E-03    0.0000000E+00    3.3725900E-03
0.69    80.0    540.00    2.9765500E-03    0.0000000E+00    2.9765500E-03
0.69    90.0    540.00    2.5057000E-03    0.0000000E+00    2.5057000E-03
0.69    100.0    540.00    2.0506500E-03    0.0000000E+00    2.0506500E-03
0.69    110.0    540.00    1.7028500E-03    0.0000000E+00    1.7028500E-03
0.69    120.0    540.00    1.3852800E-03    0.0000000E+00    1.3852800E-03
0.69    130.0    540.00    1.1192800E-03    0.0000000E+00    1.1192800E-03
0.69    140.0    540.00    9.1602600E-04    0.0000000E+00    9.1602600E-04
0.69    150.0    540.00    7.7514600E-04    0.0000000E+00    7.7514600E-04
0.69    160.0    540.00    6.8707100E-04    0.0000000E+00    6.8707100E-04
0.69    170.0    540.00    6.3986600E-04    0.0000000E+00    6.3986600E-04
0.69    180.0    540.00    6.2413200E-04    0.0000000E+00    6.2413200E-04
0.70    0.0    540.00    5.1247000E-03    0.0000000E+00    5.1247000E-03
0.70    10.0    540.00    5.0727500E-03    0.0000000E+00    5.0727500E-03
0.70    20.0    540.00    4.9290500E-03    0.0000000E+00    4.9290500E-03
0.70    30.0    540.00    4.7017200E-03    0.0000000E+00    4.7017200E-03
0.70    40.0    540.00    4.4058100E-03    0.0000000E+00    4.4058100E-03
0.70    50.0    540.00    4.0588800E-03    0.0000000E+00    4.0588800E-03
0.70    60.0    540.00    3.6786200E-03    0.0000000E+00    3.6786200E-03
0.70    70.0    540.00    3.2819100E-03    0.0000000E+00    3.2819100E-03
0.70    80.0    540.00    2.8886600E-03    0.0000000E+00    2.8886600E-03
0.70    90.0    540.00    2.4197550E-03    0.0000000E+00    2.4197550E-03
0.70    100.0    540.00    1.9656700E-03    0.0000000E+00    1.9656700E-03
0.70    110.0    540.00    1.6184000E-03    0.0000000E+00    1.6184000E-03
0.70    120.0    540.00    1.3027200E-03    0.0000000E+00    1.3027200E-03
0.70    130.0    540.00    1.0416200E-03    0.0000000E+00    1.0416200E-03
0.70    140.0    540.00    8.4632000E-04    0.0000000E+00    8.4632000E-04
0.70    150.0    540.00    7.1440900E-04    0.0000000E+00    7.1440900E-04
0.70    160.0    540.00    6.3389000E-04    0.0000000E+00    6.3389000E-04
0.70    170.0    540.00    5.9146600E-04    0.0000000E+00    5.9146600E-04
0.70    180.0    540.00    5.7743200E-04    0.0000000E+00    5.7743200E-04
0.71    0.0    540.00    5.0091900E-03    0.0000000E+00    5.0091900E-03
0.71    10.0    540.00    4.9582000E-03    0.0000000E+00    4.9582000E-03
0.71    20.0    540.00    4.8171200E-03    0.0000000E+00    4.8171200E-03
0.71    30.0    540.00    4.5937500E-03    0.0000000E+00    4.5937500E-03
0.71    40.0    540.00    4.3025700E-03    0.0000000E+00    4.3025700E-03
0.71    50.0    540.00    3.9605000E-03    0.0000000E+00    3.9605000E-03
0.71    60.0    540.00    3.5846200E-03    0.0000000E+00    3.5846200E-03
0.71    70.0    540.00    3.1914300E-03    0.0000000E+00    3.1914300E-03
0.71    80.0    540.00    2.8006100E-03    0.0000000E+00    2.8006100E-03
0.71    90.0    540.00    2.3330100E-03    0.0000000E+00    2.3330100E-03
0.71    100.0    540.00    1.8791500E-03    0.0000000E+00    1.8791500E-03
0.71    110.0    540.00    1.5318900E-03    0.0000000E+00    1.5318900E-03
0.71    120.0    540.00    1.2181800E-03    0.0000000E+00    1.2181800E-03
0.71    130.0    540.00    9.6295000E-04    0.0000000E+00    9.6295000E-04
0.71    140.0    540.00    7.7706900E-04    0.0000000E+00    7.7706900E-04
0.71    150.0    540.00    6.5533700E-04    0.0000000E+00    6.5533700E-04
0.71    160.0    540.00    5.8300800E-04    0.0000000E+00    5.8300800E-04
0.71    170.0    540.00    5.4558800E-04    0.0000000E+00    5.4558800E-04
0.71    180.0    540.00    5.3330300E-04    0.0000000E+00    5.3330300E-04
0.72    0.0    540.00    4.8955400E-03    0.0000000E+00    4.8955400E-03
0.72    10.0    540.00    4.8454600E-03    0.0000000E+00    4.8454600E-03
0.72    20.0    540.00    4.7068500E-03    0.0000000E+00    4.7068500E-03
0.72    30.0    540.00    4.4872100E-03    0.0000000E+00    4.4872100E-03
0.72    40.0    540.00    4.2004600E-03    0.0000000E+00    4.2004600E-03
0.72    50.0    540.00    3.8629100E-03    0.0000000E+00    3.8629100E-03
0.72    60.0    540.00    3.4910700E-03    0.0000000E+00    3.4910700E-03
0.72    70.0    540.00    3.1010400E-03    0.0000000E+00    3.1010400E-03
0.72    80.0    540.00    2.7121800E-03    0.0000000E+00    2.7121800E-03
0.72    90.0    540.00    2.2450850E-03    0.0000000E+00    2.2450850E-03
0.72    100.0    540.00    1.7904800E-03    0.0000000E+00    1.7904800E-03
0.72    110.0    540.00    1.4426200E-03    0.0000000E+00    1.4426200E-03
0.72    120.0    540.00    1.1310900E-03    0.0000000E+00    1.1310900E-03
0.72    130.0    540.00    8.8311000E-04    0.0000000E+00    8.8311000E-04
0.72    140.0    540.00    7.0850300E-04    0.0000000E+00    7.0850300E-04
0.72    150.0    540.00    5.9826500E-04    0.0000000E+00    5.9826500E-04
0.72    160.0    540.00    5.3469700E-04    0.0000000E+00    5.3469700E-04
0.72    170.0    540.00    5.0242700E-04    0.0000000E+00    5.0242700E-04
0.72    180.0    540.00    4.9190800E-04    0.0000000E+00    4.9190800E-04
0.73    0.0    540.00    4.7836200E-03    0.0000000E+00    4.7836200E-03
0.73    10.0    540.00    4.7344100E-03    0.0000000E+00    4.7344100E-03
0.73    20.0    540.00    4.5981500E-03    0.0000000E+00    4.5981500E-03
0.73    30.0    540.00    4.3820000E-03    0.0000000E+00    4.3820000E-03
0.73    40.0    540.00    4.0994100E-03    0.0000000E+00    4.0994100E-03
0.73    50.0    540.00    3.7660400E-03    0.0000000E+00    3.7660400E-03
0.73    60.0    540.00    3.3978800E-03    0.0000000E+00    3.3978800E-03
0.73    70.0    540.00    3.0105700E-03    0.0000000E+00    3.0105700E-03
0.73    80.0    540.00    2.6230900E-03    0.0000000E+00    2.6230900E-03
0.73    90.0    540.00    2.1554400E-03    0.0000000E+00    2.1554400E-03
0.73    100.0    540.00    1.6988300E-03    0.0000000E+00    1.6988300E-03
0.73    110.0    540.00    1.3496100E-03    0.0000000E+00    1.3496100E-03
0.73    120.0    540.00    1.0407200E-03    0.0000000E+00    1.0407200E-03
0.73    130.0    540.00    8.0201400E-04    0.0000000E+00    8.0201400E-04
0.73    140.0    540.00    6.4098300E-04    0.0000000E+00    6.4098300E-04
0.73    150.0    540.00    5.4360800E-04    0.0000000E+00    5.4360800E-04
0.73    160.0    540.00    4.8924800E-04    0.0000000E+00    4.8924800E-04
0.73    170.0    540.00    4.6216600E-04    0.0000000E+00    4.6216600E-04
0.73    180.0    540.00    4.5339500E-04    0.0000000E+00    4.5339500E-04
0.74    0.0    540.00    4.6733500E-03    0.0000000E+00    4.6733500E-03
0.74    10.0    540.00    4.6249500E-03    0.0000000E+00    4.6249500E-03
0.74    20.0    540.00    4.4908900E-03    0.0000000E+00    4.4908900E-03
0.74    30.0    540.00    4.2780300E-03    0.0000000E+00    4.2780300E-03
0.74    40.0    540.00    3.9993000E-03    0.0000000E+00    3.9993000E-03
0.74    50.0    540.00    3.6697700E-03    0.0000000E+00    3.6697700E-03
0.74    60.0    540.00    3.3049000E-03    0.0000000E+00    3.3049000E-03
0.74    70.0    540.00    2.9198000E-03    0.0000000E+00    2.9198000E-03
0.74    80.0    540.00    2.5329400E-03    0.0000000E+00    2.5329400E-03
0.74    90.0    540.00    2.0633100E-03    0.0000000E+00    2.0633100E-03
0.74    100.0    540.00    1.6029700E-03    0.0000000E+00    1.6029700E-03
0.74    110.0    540.00    1.2514600E-03    0.0000000E+00    1.2514600E-03
0.74    120.0    540.00    9.4617000E-04    0.0000000E+00    9.4617000E-04
0.74    130.0    540.00    7.1971100E-04    0.0000000E+00    7.1971100E-04
0.74    140.0    540.00    5.7505500E-04    0.0000000E+00    5.7505500E-04
0.74    150.0    540.00    4.9185200E-04    0.0000000E+00    4.9185200E-04
0.74    160.0    540.00    4.4695000E-04    0.0000000E+00    4.4695000E-04
0.74    170.0    540.00    4.2497100E-04    0.0000000E+00    4.2497100E-04
0.74    180.0    540.00    4.1788700E-04    0.0000000E+00    4.1788700E-04
0.75    0.0    540.00    4.5645900E-03    0.0000000E+00    4.5645900E-03
0.75    10.0    540.00    4.5169600E-03    0.0000000E+00    4.5169600E-03
0.75    20.0    540.00    4.3849700E-03    0.0000000E+00    4.3849700E-03
0.75    30.0    540.00    4.1751800E-03    0.0000000E+00    4.1751800E-03
0.75    40.0    540.00    3.9000100E-03    0.0000000E+00    3.9000100E-03
0.75    50.0    540.00    3.5739800E-03    0.0000000E+00    3.5739800E-03
0.75    60.0    540.00    3.2119300E-03    0.0000000E+00    3.2119300E-03
0.75    70.0    540.00    2.8283700E-03    0.0000000E+00    2.8283700E-03
0.75    80.0    540.00    2.4411300E-03    0.0000000E+00    2.4411300E-03
0.75    90.0    540.00    1.9675200E-03    0.0000000E+00    1.9675200E-03
0.75    100.0    540.00    1.5010200E-03    0.0000000E+00    1.5010200E-03
0.75    110.0    540.00    1.1460800E-03    0.0000000E+00    1.1460800E-03
0.75    120.0    540.00    8.4634900E-04    0.0000000E+00    8.4634900E-04
0.75    130.0    540.00    6.3652400E-04    0.0000000E+00    6.3652400E-04
0.75    140.0    540.00    5.1150200E-04    0.0000000E+00    5.1150200E-04
0.75    150.0    540.00    4.4355000E-04    0.0000000E+00    4.4355000E-04
0.75    160.0    540.00    4.0808300E-04    0.0000000E+00    4.0808300E-04
0.75    170.0    540.00    3.9097600E-04    0.0000000E+00    3.9097600E-04
0.75    180.0    540.00    3.8547700E-04    0.0000000E+00    3.8547700E-04
0.76    0.0    540.00    4.4572400E-03    0.0000000E+00    4.4572400E-03
0.76    10.0    540.00    4.4103300E-03    0.0000000E+00    4.4103300E-03
0.76    20.0    540.00    4.2802700E-03    0.0000000E+00    4.2802700E-03
0.76    30.0    540.00    4.0733300E-03    0.0000000E+00    4.0733300E-03
0.76    40.0    540.00    3.8014200E-03    0.0000000E+00    3.8014200E-03
0.76    50.0    540.00    3.4784700E-03    0.0000000E+00    3.4784700E-03
0.76    60.0    540.00    3.1186800E-03    0.0000000E+00    3.1186800E-03
0.76    70.0    540.00    2.7357900E-03    0.0000000E+00    2.7357900E-03
0.76    80.0    540.00    2.3467600E-03    0.0000000E+00    2.3467600E-03
0.76    90.0    540.00    1.8662100E-03    0.0000000E+00    1.8662100E-03
0.76    100.0    540.00    1.3898900E-03    0.0000000E+00    1.3898900E-03
0.76    110.0    540.00    1.0302200E-03    0.0000000E+00    1.0302200E-03
0.76    120.0    540.00    7.4006800E-04    0.0000000E+00    7.4006800E-04
0.76    130.0    540.00    5.5332100E-04    0.0000000E+00    5.5332100E-04
0.76    140.0    540.00    4.5141100E-04    0.0000000E+00    4.5141100E-04
0.76    150.0    540.00    3.9930200E-04    0.0000000E+00    3.9930200E-04
0.76    160.0    540.00    3.7289700E-04    0.0000000E+00    3.7289700E-04
0.76    170.0    540.00    3.6029200E-04    0.0000000E+00    3.6029200E-04
0.76    180.0    540.00    3.5623900E-04    0.0000000E+00    3.5623900E-04
0.77    0.0    540.00    4.3511500E-03    0.0000000E+00    4.3511500E-03
0.77    10.0    540.00    4.3049100E-03    0.0000000E+00    4.3049100E-03
0.77    20.0    540.00    4.1766400E-03    0.0000000E+00    4.1766400E-03
0.77    30.0    540.00    3.9723000E-03    0.0000000E+00    3.9723000E-03
0.77    40.0    540.00    3.7033100E-03    0.0000000E+00    3.7033100E-03
0.77    50.0    540.00    3.3829800E-03    0.0000000E+00    3.3829800E-03
0.77    60.0    540.00    3.0247300E-03    0.0000000E+00    3.0247300E-03
0.77    70.0    540.00    2.6413000E-03    0.0000000E+00    2.6413000E-03
0.77    80.0    540.00    2.2483300E-03    0.0000000E+00    2.2483300E-03
0.77    90.0    540.00    1.7560900E-03    0.0000000E+00    1.7560900E-03
0.77    100.0    540.00    1.2639500E-03    0.0000000E+00    1.2639500E-03
0.77    110.0    540.00    8.9849300E-04    0.0000000E+00    8.9849300E-04
0.77    120.0    540.00    6.2649700E-04    0.0000000E+00    6.2649700E-04
0.77    130.0    540.00    4.7191800E-04    0.0000000E+00    4.7191800E-04
0.77    140.0    540.00    3.9617800E-04    0.0000000E+00    3.9617800E-04
0.77    150.0    540.00    3.5969400E-04    0.0000000E+00    3.5969400E-04
0.77    160.0    540.00    3.4159500E-04    0.0000000E+00    3.4159500E-04
0.77    170.0    540.00    3.3299400E-04    0.0000000E+00    3.3299400E-04
0.77    180.0    540.00    3.3021800E-04    0.0000000E+00    3.3021800E-04
0.78    0.0    540.00    4.2461400E-03    0.0000000E+00    4.2461400E-03
0.78    10.0    540.00    4.2005100E-03    0.0000000E+00    4.2005100E-03
0.78    20.0    540.00    4.0738800E-03    0.0000000E+00    4.0738800E-03
0.78    30.0    540.00    3.8718800E-03    0.0000000E+00    3.8718800E-03
0.78    40.0    540.00    3.6054200E-03    0.0000000E+00    3.6054200E-03
0.78    50.0    540.00    3.2871000E-03    0.0000000E+00    3.2871000E-03
0.78    60.0    540.00    2.9293800E-03    0.0000000E+00    2.9293800E-03
0.78    70.0    540.00    2.5435500E-03    0.0000000E+00    2.5435500E-03
0.78    80.0    540.00    2.1431100E-03    0.0000000E+00    2.1431100E-03
0.78    90.0    540.00    1.6303000E-03    0.0000000E+00    1.6303000E-03
0.78    100.0    540.00    1.1111300E-03    0.0000000E+00    1.1111300E-03
0.78    110.0    540.00    7.4182600E-04    0.0000000E+00    7.4182600E-04
0.78    120.0    540.00    5.0671400E-04    0.0000000E+00    5.0671400E-04
0.78    130.0    540.00    3.9562600E-04    0.0000000E+00    3.9562600E-04
0.78    140.0    540.00    3.4741300E-04    0.0000000E+00    3.4741300E-04
0.78    150.0    540.00    3.2523900E-04    0.0000000E+00    3.2523900E-04
0.78    160.0    540.00    3.1433200E-04    0.0000000E+00    3.1433200E-04
0.78    170.0    540.00    3.0914500E-04    0.0000000E+00    3.0914500E-04
0.78    180.0    540.00    3.0746000E-04    0.0000000E+00    3.0746000E-04
0.79    0.0    540.00    4.1419600E-03    0.0000000E+00    4.1419600E-03
0.79    10.0    540.00    4.0968800E-03    0.0000000E+00    4.0968800E-03
0.79    20.0    540.00    3.9717100E-03    0.0000000E+00    3.9717100E-03
0.79    30.0    540.00    3.7717300E-03    0.0000000E+00    3.7717300E-03
0.79    40.0    540.00    3.5072800E-03    0.0000000E+00    3.5072800E-03
0.79    50.0    540.00    3.1901200E-03    0.0000000E+00    3.1901200E-03
0.79    60.0    540.00    2.8313600E-03    0.0000000E+00    2.8313600E-03
0.79    70.0    540.00    2.4398500E-03    0.0000000E+00    2.4398500E-03
0.79    80.0    540.00    2.0247500E-03    0.0000000E+00    2.0247500E-03
0.79    90.0    540.00    1.4700000E-03    0.0000000E+00    1.4700000E-03
0.79    100.0    540.00    8.9606000E-04    0.0000000E+00    8.9606000E-04
0.79    110.0    540.00    5.4755500E-04    0.0000000E+00    5.4755500E-04
0.79    120.0    540.00    3.8800600E-04    0.0000000E+00    3.8800600E-04
0.79    130.0    540.00    3.2955000E-04    0.0000000E+00    3.2955000E-04
0.79    140.0    540.00    3.0666700E-04    0.0000000E+00    3.0666700E-04
0.79    150.0    540.00    2.9633500E-04    0.0000000E+00    2.9633500E-04
0.79    160.0    540.00    2.9125100E-04    0.0000000E+00    2.9125100E-04
0.79    170.0    540.00    2.8883500E-04    0.0000000E+00    2.8883500E-04
0.79    180.0    540.00    2.8804400E-04    0.0000000E+00    2.8804400E-04
0.80    0.0    540.00    4.0335000E-03    0.0000000E+00    4.0335000E-03
0.80    10.0    540.00    3.9888000E-03    0.0000000E+00    3.9888000E-03
0.80    20.0    540.00    3.8646100E-03    0.0000000E+00    3.8646100E-03
0.80    30.0    540.00    3.6658100E-03    0.0000000E+00    3.6658100E-03
0.80    40.0    540.00    3.4019800E-03    0.0000000E+00    3.4019800E-03
0.80    50.0    540.00    3.0836200E-03    0.0000000E+00    3.0836200E-03
0.80    60.0    540.00    2.7192900E-03    0.0000000E+00    2.7192900E-03
0.80    70.0    540.00    2.3116400E-03    0.0000000E+00    2.3116400E-03
0.80    80.0    540.00    1.8503600E-03    0.0000000E+00    1.8503600E-03
0.80    90.0    540.00    1.0755210E-03    0.0000000E+00    1.0755210E-03
0.80    100.0    540.00    5.0493100E-04    0.0000000E+00    5.0493100E-04
0.80    110.0    540.00    3.4119600E-04    0.0000000E+00    3.4119600E-04
0.80    120.0    540.00    2.9500900E-04    0.0000000E+00    2.9500900E-04
0.80    130.0    540.00    2.8121400E-04    0.0000000E+00    2.8121400E-04
0.80    140.0    540.00    2.7615500E-04    0.0000000E+00    2.7615500E-04
0.80    150.0    540.00    2.7401700E-04    0.0000000E+00    2.7401700E-04
0.80    160.0    540.00    2.7305000E-04    0.0000000E+00    2.7305000E-04
0.80    170.0    540.00    2.7262600E-04    0.0000000E+00    2.7262600E-04
0.80    180.0    540.00    2.7249300E-04    0.0000000E+00    2.7249300E-04
0.81    0.0    540.00    4.0179100E-03    0.0000000E+00    4.0179100E-03
0.81    10.0    540.00    3.9731400E-03    0.0000000E+00    3.9731400E-03
0.81    20.0    540.00    3.8488000E-03    0.0000000E+00    3.8488000E-03
0.81    30.0    540.00    3.6496900E-03    0.0000000E+00    3.6496900E-03
0.81    40.0    540.00    3.3852700E-03    0.0000000E+00    3.3852700E-03
0.81    50.0    540.00    3.0658100E-03    0.0000000E+00    3.0658100E-03
0.81    60.0    540.00    2.6993300E-03    0.0000000E+00    2.6993300E-03
0.81    70.0    540.00    2.2869500E-03    0.0000000E+00    2.2869500E-03
0.81    80.0    540.00    1.8107500E-03    0.0000000E+00    1.8107500E-03
0.81    90.0    540.00    1.0311740E-03    0.0000000E+00    1.0311740E-03
0.81    100.0    540.00    4.9510000E-04    0.0000000E+00    4.9510000E-04
0.81    110.0    540.00    3.3722700E-04    0.0000000E+00    3.3722700E-04
0.81    120.0    540.00    2.9371200E-04    0.0000000E+00    2.9371200E-04
0.81    130.0    540.00    2.8082400E-04    0.0000000E+00    2.8082400E-04
0.81    140.0    540.00    2.7610800E-04    0.0000000E+00    2.7610800E-04
0.81    150.0    540.00    2.7411800E-04    0.0000000E+00    2.7411800E-04
0.81    160.0    540.00    2.7322100E-04    0.0000000E+00    2.7322100E-04
0.81    170.0    540.00    2.7282800E-04    0.0000000E+00    2.7282800E-04
0.81    180.0    540.00    2.7270500E-04    0.0000000E+00    2.7270500E-04
0.82    0.0    540.00    4.0022600E-03    0.0000000E+00    4.0022600E-03
0.82    10.0    540.00    3.9574100E-03    0.0000000E+00    3.9574100E-03
0.82    20.0    540.00    3.8329400E-03    0.0000000E+00    3.8329400E-03
0.82    30.0    540.00    3.6335100E-03    0.0000000E+00    3.6335100E-03
0.82    40.0    540.00    3.3685100E-03    0.0000000E+00    3.3685100E-03
0.82    50.0    540.00    3.0479500E-03    0.0000000E+00    3.0479500E-03
0.82    60.0    540.00    2.6793400E-03    0.0000000E+00    2.6793400E-03
0.82    70.0    540.00    2.2622300E-03    0.0000000E+00    2.2622300E-03
0.82    80.0    540.00    1.7720200E-03    0.0000000E+00    1.7720200E-03
0.82    90.0    540.00    9.9621550E-04    0.0000000E+00    9.9621550E-04
0.82    100.0    540.00    4.8488000E-04    0.0000000E+00    4.8488000E-04
0.82    110.0    540.00    3.3314300E-04    0.0000000E+00    3.3314300E-04
0.82    120.0    540.00    2.9237700E-04    0.0000000E+00    2.9237700E-04
0.82    130.0    540.00    2.8041300E-04    0.0000000E+00    2.8041300E-04
0.82    140.0    540.00    2.7604600E-04    0.0000000E+00    2.7604600E-04
0.82    150.0    540.00    2.7420700E-04    0.0000000E+00    2.7420700E-04
0.82    160.0    540.00    2.7338100E-04    0.0000000E+00    2.7338100E-04
0.82    170.0    540.00    2.7302100E-04    0.0000000E+00    2.7302100E-04
0.82    180.0    540.00    2.7290800E-04    0.0000000E+00    2.7290800E-04
0.83    0.0    540.00    3.9866400E-03    0.0000000E+00    3.9866400E-03
0.83    10.0    540.00    3.9417300E-03    0.0000000E+00    3.9417300E-03
0.83    20.0    540.00    3.8171100E-03    0.0000000E+00    3.8171100E-03
0.83    30.0    540.00    3.6173800E-03    0.0000000E+00    3.6173800E-03
0.83    40.0    540.00    3.3518100E-03    0.0000000E+00    3.3518100E-03
0.83    50.0    540.00    3.0301600E-03    0.0000000E+00    3.0301600E-03
0.83    60.0    540.00    2.6594300E-03    0.0000000E+00    2.6594300E-03
0.83    70.0    540.00    2.2376300E-03    0.0000000E+00    2.2376300E-03
0.83    80.0    540.00    1.7346100E-03    0.0000000E+00    1.7346100E-03
0.83    90.0    540.00    9.6798950E-04    0.0000000E+00    9.6798950E-04
0.83    100.0    540.00    4.7475200E-04    0.0000000E+00    4.7475200E-04
0.83    110.0    540.00    3.2916000E-04    0.0000000E+00    3.2916000E-04
0.83    120.0    540.00    2.9110400E-04    0.0000000E+00    2.9110400E-04
0.83    130.0    540.00    2.8003500E-04    0.0000000E+00    2.8003500E-04
0.83    140.0    540.00    2.7600400E-04    0.0000000E+00    2.7600400E-04
0.83    150.0    540.00    2.7431200E-04    0.0000000E+00    2.7431200E-04
0.83    160.0    540.00    2.7355400E-04    0.0000000E+00    2.7355400E-04
0.83    170.0    540.00    2.7322400E-04    0.0000000E+00    2.7322400E-04
0.83    180.0    540.00    2.7312100E-04    0.0000000E+00    2.7312100E-04
0.84    0.0    540.00    3.9710800E-03    0.0000000E+00    3.9710800E-03
0.84    10.0    540.00    3.9260900E-03    0.0000000E+00    3.9260900E-03
0.84    20.0    540.00    3.8013300E-03    0.0000000E+00    3.8013300E-03
0.84    30.0    540.00    3.6013100E-03    0.0000000E+00    3.6013100E-03
0.84    40.0    540.00    3.3351600E-03    0.0000000E+00    3.3351600E-03
0.84    50.0    540.00    3.0124300E-03    0.0000000E+00    3.0124300E-03
0.84    60.0    540.00    2.6396100E-03    0.0000000E+00    2.6396100E-03
0.84    70.0    540.00    2.2132100E-03    0.0000000E+00    2.2132100E-03
0.84    80.0    540.00    1.6986600E-03    0.0000000E+00    1.6986600E-03
0.84    90.0    540.00    9.4416400E-04    0.0000000E+00    9.4416400E-04
0.84    100.0    540.00    4.6462700E-04    0.0000000E+00    4.6462700E-04
0.84    110.0    540.00    3.2526900E-04    0.0000000E+00    3.2526900E-04
0.84    120.0    540.00    2.8989200E-04    0.0000000E+00    2.8989200E-04
0.84    130.0    540.00    2.7969200E-04    0.0000000E+00    2.7969200E-04
0.84    140.0    540.00    2.7598600E-04    0.0000000E+00    2.7598600E-04
0.84    150.0    540.00    2.7443400E-04    0.0000000E+00    2.7443400E-04
0.84    160.0    540.00    2.7374100E-04    0.0000000E+00    2.7374100E-04
0.84    170.0    540.00    2.7344100E-04    0.0000000E+00    2.7344100E-04
0.84    180.0    540.00    2.7334700E-04    0.0000000E+00    2.7334700E-04
0.85    0.0    540.00    3.9555500E-03    0.0000000E+00    3.9555500E-03
0.85    10.0    540.00    3.9105000E-03    0.0000000E+00    3.9105000E-03
0.85    20.0    540.00    3.7856000E-03    0.0000000E+00    3.7856000E-03
0.85    30.0    540.00    3.5852800E-03    0.0000000E+00    3.5852800E-03
0.85    40.0    540.00    3.3185600E-03    0.0000000E+00    3.3185600E-03
0.85    50.0    540.00    2.9947800E-03    0.0000000E+00    2.9947800E-03
0.85    60.0    540.00    2.6198900E-03    0.0000000E+00    2.6198900E-03
0.85    70.0    540.00    2.1889700E-03    0.0000000E+00    2.1889700E-03
0.85    80.0    540.00    1.6641600E-03    0.0000000E+00    1.6641600E-03
0.85    90.0    540.00    9.2323850E-04    0.0000000E+00    9.2323850E-04
0.85    100.0    540.00    4.5444000E-04    0.0000000E+00    4.5444000E-04
0.85    110.0    540.00    3.2146800E-04    0.0000000E+00    3.2146800E-04
0.85    120.0    540.00    2.8873700E-04    0.0000000E+00    2.8873700E-04
0.85    130.0    540.00    2.7937900E-04    0.0000000E+00    2.7937900E-04
0.85    140.0    540.00    2.7598700E-04    0.0000000E+00    2.7598700E-04
0.85    150.0    540.00    2.7457000E-04    0.0000000E+00    2.7457000E-04
0.85    160.0    540.00    2.7393900E-04    0.0000000E+00    2.7393900E-04
0.85    170.0    540.00    2.7366700E-04    0.0000000E+00    2.7366700E-04
0.85    180.0    540.00    2.7358300E-04    0.0000000E+00    2.7358300E-04
0.86    0.0    540.00    3.9400600E-03    0.0000000E+00    3.9400600E-03
0.86    10.0    540.00    3.8949400E-03    0.0000000E+00    3.8949400E-03
0.86    20.0    540.00    3.7699000E-03    0.0000000E+00    3.7699000E-03
0.86    30.0    540.00    3.5692900E-03    0.0000000E+00    3.5692900E-03
0.86    40.0    540.00    3.3020200E-03    0.0000000E+00    3.3020200E-03
0.86    50.0    540.00    2.9771800E-03    0.0000000E+00    2.9771800E-03
0.86    60.0    540.00    2.6002400E-03    0.0000000E+00    2.6002400E-03
0.86    70.0    540.00    2.1649200E-03    0.0000000E+00    2.1649200E-03
0.86    80.0    540.00    1.6310800E-03    0.0000000E+00    1.6310800E-03
0.86    90.0    540.00    9.0425400E-04    0.0000000E+00    9.0425400E-04
0.86    100.0    540.00    4.4413400E-04    0.0000000E+00    4.4413400E-04
0.86    110.0    540.00    3.1775300E-04    0.0000000E+00    3.1775300E-04
0.86    120.0    540.00    2.8763800E-04    0.0000000E+00    2.8763800E-04
0.86    130.0    540.00    2.7909600E-04    0.0000000E+00    2.7909600E-04
0.86    140.0    540.00    2.7600600E-04    0.0000000E+00    2.7600600E-04
0.86    150.0    540.00    2.7471900E-04    0.0000000E+00    2.7471900E-04
0.86    160.0    540.00    2.7414800E-04    0.0000000E+00    2.7414800E-04
0.86    170.0    540.00    2.7390300E-04    0.0000000E+00    2.7390300E-04
0.86    180.0    540.00    2.7382600E-04    0.0000000E+00    2.7382600E-04
0.87    0.0    540.00    3.9246200E-03    0.0000000E+00    3.9246200E-03
0.87    10.0    540.00    3.8794300E-03    0.0000000E+00    3.8794300E-03
0.87    20.0    540.00    3.7542600E-03    0.0000000E+00    3.7542600E-03
0.87    30.0    540.00    3.5533600E-03    0.0000000E+00    3.5533600E-03
0.87    40.0    540.00    3.2855300E-03    0.0000000E+00    3.2855300E-03
0.87    50.0    540.00    2.9596500E-03    0.0000000E+00    2.9596500E-03
0.87    60.0    540.00    2.5807000E-03    0.0000000E+00    2.5807000E-03
0.87    70.0    540.00    2.1411000E-03    0.0000000E+00    2.1411000E-03
0.87    80.0    540.00    1.5994000E-03    0.0000000E+00    1.5994000E-03
0.87    90.0    540.00    8.8660250E-04    0.0000000E+00    8.8660250E-04
0.87    100.0    540.00    4.3366600E-04    0.0000000E+00    4.3366600E-04
0.87    110.0    540.00    3.1412800E-04    0.0000000E+00    3.1412800E-04
0.87    120.0    540.00    2.8659400E-04    0.0000000E+00    2.8659400E-04
0.87    130.0    540.00    2.7884400E-04    0.0000000E+00    2.7884400E-04
0.87    140.0    540.00    2.7604500E-04    0.0000000E+00    2.7604500E-04
0.87    150.0    540.00    2.7488300E-04    0.0000000E+00    2.7488300E-04
0.87    160.0    540.00    2.7436900E-04    0.0000000E+00    2.7436900E-04
0.87    170.0    540.00    2.7414900E-04    0.0000000E+00    2.7414900E-04
0.87    180.0    540.00    2.7408100E-04    0.0000000E+00    2.7408100E-04
0.88    0.0    540.00    3.9092200E-03    0.0000000E+00    3.9092200E-03
0.88    10.0    540.00    3.8639600E-03    0.0000000E+00    3.8639600E-03
0.88    20.0    540.00    3.7386600E-03    0.0000000E+00    3.7386600E-03
0.88    30.0    540.00    3.5374800E-03    0.0000000E+00    3.5374800E-03
0.88    40.0    540.00    3.2691000E-03    0.0000000E+00    3.2691000E-03
0.88    50.0    540.00    2.9422000E-03    0.0000000E+00    2.9422000E-03
0.88    60.0    540.00    2.5612600E-03    0.0000000E+00    2.5612600E-03
0.88    70.0    540.00    2.1175200E-03    0.0000000E+00    2.1175200E-03
0.88    80.0    540.00    1.5690400E-03    0.0000000E+00    1.5690400E-03
0.88    90.0    540.00    8.6985900E-04    0.0000000E+00    8.6985900E-04
0.88    100.0    540.00    4.2299600E-04    0.0000000E+00    4.2299600E-04
0.88    110.0    540.00    3.1059400E-04    0.0000000E+00    3.1059400E-04
0.88    120.0    540.00    2.8560700E-04    0.0000000E+00    2.8560700E-04
0.88    130.0    540.00    2.7862200E-04    0.0000000E+00    2.7862200E-04
0.88    140.0    540.00    2.7610400E-04    0.0000000E+00    2.7610400E-04
0.88    150.0    540.00    2.7506100E-04    0.0000000E+00    2.7506100E-04
0.88    160.0    540.00    2.7460200E-04    0.0000000E+00    2.7460200E-04
0.88    170.0    540.00    2.7440600E-04    0.0000000E+00    2.7440600E-04
0.88    180.0    540.00    2.7434600E-04    0.0000000E+00    2.7434600E-04
0.89    0.0    540.00    3.8938600E-03    0.0000000E+00    3.8938600E-03
0.89    10.0    540.00    3.8485300E-03    0.0000000E+00    3.8485300E-03
0.89    20.0    540.00    3.7231000E-03    0.0000000E+00    3.7231000E-03
0.89    30.0    540.00    3.5216400E-03    0.0000000E+00    3.5216400E-03
0.89    40.0    540.00    3.2527200E-03    0.0000000E+00    3.2527200E-03
0.89    50.0    540.00    2.9248000E-03    0.0000000E+00    2.9248000E-03
0.89    60.0    540.00    2.5419100E-03    0.0000000E+00    2.5419100E-03
0.89    70.0    540.00    2.0941600E-03    0.0000000E+00    2.0941600E-03
0.89    80.0    540.00    1.5399000E-03    0.0000000E+00    1.5399000E-03
0.89    90.0    540.00    8.5370900E-04    0.0000000E+00    8.5370900E-04
0.89    100.0    540.00    4.1208800E-04    0.0000000E+00    4.1208800E-04
0.89    110.0    540.00    3.0715500E-04    0.0000000E+00    3.0715500E-04
0.89    120.0    540.00    2.8467300E-04    0.0000000E+00    2.8467300E-04
0.89    130.0    540.00    2.7842700E-04    0.0000000E+00    2.7842700E-04
0.89    140.0    540.00    2.7617900E-04    0.0000000E+00    2.7617900E-04
0.89    150.0    540.00    2.7525000E-04    0.0000000E+00    2.7525000E-04
0.89    160.0    540.00    2.7484400E-04    0.0000000E+00    2.7484400E-04
0.89    170.0    540.00    2.7467100E-04    0.0000000E+00    2.7467100E-04
0.89    180.0    540.00    2.7461800E-04    0.0000000E+00    2.7461800E-04
0.90    0.0    540.00    3.8785400E-03    0.0000000E+00    3.8785400E-03
0.90    10.0    540.00    3.8331500E-03    0.0000000E+00    3.8331500E-03
0.90    20.0    540.00    3.7075900E-03    0.0000000E+00    3.7075900E-03
0.90    30.0    540.00    3.5058500E-03    0.0000000E+00    3.5058500E-03
0.90    40.0    540.00    3.2364000E-03    0.0000000E+00    3.2364000E-03
0.90    50.0    540.00    2.9074800E-03    0.0000000E+00    2.9074800E-03
0.90    60.0    540.00    2.5226700E-03    0.0000000E+00    2.5226700E-03
0.90    70.0    540.00    2.0710600E-03    0.0000000E+00    2.0710600E-03
0.90    80.0    540.00    1.5119500E-03    0.0000000E+00    1.5119500E-03
0.90    90.0    540.00    8.3791200E-04    0.0000000E+00    8.3791200E-04
0.90    100.0    540.00    4.0090800E-04    0.0000000E+00    4.0090800E-04
0.90    110.0    540.00    3.0381700E-04    0.0000000E+00    3.0381700E-04
0.90    120.0    540.00    2.8379400E-04    0.0000000E+00    2.8379400E-04
0.90    130.0    540.00    2.7826100E-04    0.0000000E+00    2.7826100E-04
0.90    140.0    540.00    2.7627200E-04    0.0000000E+00    2.7627200E-04
0.90    150.0    540.00    2.7545400E-04    0.0000000E+00    2.7545400E-04
0.90    160.0    540.00    2.7509700E-04    0.0000000E+00    2.7509700E-04
0.90    170.0    540.00    2.7494600E-04    0.0000000E+00    2.7494600E-04
0.90    180.0    540.00    2.7490000E-04    0.0000000E+00    2.7490000E-04
0.91    0.0    540.00    3.8632700E-03    0.0000000E+00    3.8632700E-03
0.91    10.0    540.00    3.8178200E-03    0.0000000E+00    3.8178200E-03
0.91    20.0    540.00    3.6921300E-03    0.0000000E+00    3.6921300E-03
0.91    30.0    540.00    3.4901200E-03    0.0000000E+00    3.4901200E-03
0.91    40.0    540.00    3.2201400E-03    0.0000000E+00    3.2201400E-03
0.91    50.0    540.00    2.8902400E-03    0.0000000E+00    2.8902400E-03
0.91    60.0    540.00    2.5035300E-03    0.0000000E+00    2.5035300E-03
0.91    70.0    540.00    2.0482300E-03    0.0000000E+00    2.0482300E-03
0.91    80.0    540.00    1.4851000E-03    0.0000000E+00    1.4851000E-03
0.91    90.0    540.00    8.2221800E-04    0.0000000E+00    8.2221800E-04
0.91    100.0    540.00    3.8942400E-04    0.0000000E+00    3.8942400E-04
0.91    110.0    540.00    3.0058600E-04    0.0000000E+00    3.0058600E-04
0.91    120.0    540.00    2.8297100E-04    0.0000000E+00    2.8297100E-04
0.91    130.0    540.00    2.7812500E-04    0.0000000E+00    2.7812500E-04
0.91    140.0    540.00    2.7638500E-04    0.0000000E+00    2.7638500E-04
0.91    150.0    540.00    2.7567200E-04    0.0000000E+00    2.7567200E-04
0.91    160.0    540.00    2.7536200E-04    0.0000000E+00    2.7536200E-04
0.91    170.0    540.00    2.7523200E-04    0.0000000E+00    2.7523200E-04
0.91    180.0    540.00    2.7519200E-04    0.0000000E+00    2.7519200E-04
0.92    0.0    540.00    3.8480400E-03    0.0000000E+00    3.8480400E-03
0.92    10.0    540.00    3.8025300E-03    0.0000000E+00    3.8025300E-03
0.92    20.0    540.00    3.6767200E-03    0.0000000E+00    3.6767200E-03
0.92    30.0    540.00    3.4744300E-03    0.0000000E+00    3.4744300E-03
0.92    40.0    540.00    3.2039400E-03    0.0000000E+00    3.2039400E-03
0.92    50.0    540.00    2.8730700E-03    0.0000000E+00    2.8730700E-03
0.92    60.0    540.00    2.4845100E-03    0.0000000E+00    2.4845100E-03
0.92    70.0    540.00    2.0256600E-03    0.0000000E+00    2.0256600E-03
0.92    80.0    540.00    1.4592800E-03    0.0000000E+00    1.4592800E-03
0.92    90.0    540.00    8.0634100E-04    0.0000000E+00    8.0634100E-04
0.92    100.0    540.00    3.7761400E-04    0.0000000E+00    3.7761400E-04
0.92    110.0    540.00    2.9746900E-04    0.0000000E+00    2.9746900E-04
0.92    120.0    540.00    2.8220400E-04    0.0000000E+00    2.8220400E-04
0.92    130.0    540.00    2.7801800E-04    0.0000000E+00    2.7801800E-04
0.92    140.0    540.00    2.7651700E-04    0.0000000E+00    2.7651700E-04
0.92    150.0    540.00    2.7590300E-04    0.0000000E+00    2.7590300E-04
0.92    160.0    540.00    2.7563800E-04    0.0000000E+00    2.7563800E-04
0.92    170.0    540.00    2.7552700E-04    0.0000000E+00    2.7552700E-04
0.92    180.0    540.00    2.7549400E-04    0.0000000E+00    2.7549400E-04
0.93    0.0    540.00    3.8328500E-03    0.0000000E+00    3.8328500E-03
0.93    10.0    540.00    3.7872800E-03    0.0000000E+00    3.7872800E-03
0.93    20.0    540.00    3.6613400E-03    0.0000000E+00    3.6613400E-03
0.93    30.0    540.00    3.4588000E-03    0.0000000E+00    3.4588000E-03
0.93    40.0    540.00    3.1877900E-03    0.0000000E+00    3.1877900E-03
0.93    50.0    540.00    2.8559600E-03    0.0000000E+00    2.8559600E-03
0.93    60.0    540.00    2.4655900E-03    0.0000000E+00    2.4655900E-03
0.93    70.0    540.00    2.0033500E-03    0.0000000E+00    2.0033500E-03
0.93    80.0    540.00    1.4343900E-03    0.0000000E+00    1.4343900E-03
0.93    90.0    540.00    7.8989700E-04    0.0000000E+00    7.8989700E-04
0.93    100.0    540.00    3.6546900E-04    0.0000000E+00    3.6546900E-04
0.93    110.0    540.00    2.9447700E-04    0.0000000E+00    2.9447700E-04
0.93    120.0    540.00    2.8149300E-04    0.0000000E+00    2.8149300E-04
0.93    130.0    540.00    2.7793800E-04    0.0000000E+00    2.7793800E-04
0.93    140.0    540.00    2.7666400E-04    0.0000000E+00    2.7666400E-04
0.93    150.0    540.00    2.7614600E-04    0.0000000E+00    2.7614600E-04
0.93    160.0    540.00    2.7592300E-04    0.0000000E+00    2.7592300E-04
0.93    170.0    540.00    2.7583100E-04    0.0000000E+00    2.7583100E-04
0.93    180.0    540.00    2.7580300E-04    0.0000000E+00    2.7580300E-04
0.94    0.0    540.00    3.8177100E-03    0.0000000E+00    3.8177100E-03
0.94    10.0    540.00    3.7720800E-03    0.0000000E+00    3.7720800E-03
0.94    20.0    540.00    3.6460200E-03    0.0000000E+00    3.6460200E-03
0.94    30.0    540.00    3.4432100E-03    0.0000000E+00    3.4432100E-03
0.94    40.0    540.00    3.1717000E-03    0.0000000E+00    3.1717000E-03
0.94    50.0    540.00    2.8389300E-03    0.0000000E+00    2.8389300E-03
0.94    60.0    540.00    2.4467800E-03    0.0000000E+00    2.4467800E-03
0.94    70.0    540.00    1.9813200E-03    0.0000000E+00    1.9813200E-03
0.94    80.0    540.00    1.4103800E-03    0.0000000E+00    1.4103800E-03
0.94    90.0    540.00    7.7232700E-04    0.0000000E+00    7.7232700E-04
0.94    100.0    540.00    3.5298300E-04    0.0000000E+00    3.5298300E-04
0.94    110.0    540.00    2.9161900E-04    0.0000000E+00    2.9161900E-04
0.94    120.0    540.00    2.8083900E-04    0.0000000E+00    2.8083900E-04
0.94    130.0    540.00    2.7788800E-04    0.0000000E+00    2.7788800E-04
0.94    140.0    540.00    2.7683200E-04    0.0000000E+00    2.7683200E-04
0.94    150.0    540.00    2.7640300E-04    0.0000000E+00    2.7640300E-04
0.94    160.0    540.00    2.7622000E-04    0.0000000E+00    2.7622000E-04
0.94    170.0    540.00    2.7614500E-04    0.0000000E+00    2.7614500E-04
0.94    180.0    540.00    2.7612200E-04    0.0000000E+00    2.7612200E-04
0.95    0.0    540.00    3.8026000E-03    0.0000000E+00    3.8026000E-03
0.95    10.0    540.00    3.7569100E-03    0.0000000E+00    3.7569100E-03
0.95    20.0    540.00    3.6307400E-03    0.0000000E+00    3.6307400E-03
0.95    30.0    540.00    3.4276700E-03    0.0000000E+00    3.4276700E-03
0.95    40.0    540.00    3.1556700E-03    0.0000000E+00    3.1556700E-03
0.95    50.0    540.00    2.8219700E-03    0.0000000E+00    2.8219700E-03
0.95    60.0    540.00    2.4280800E-03    0.0000000E+00    2.4280800E-03
0.95    70.0    540.00    1.9595500E-03    0.0000000E+00    1.9595500E-03
0.95    80.0    540.00    1.3871600E-03    0.0000000E+00    1.3871600E-03
0.95    90.0    540.00    7.5278000E-04    0.0000000E+00    7.5278000E-04
0.95    100.0    540.00    3.4019400E-04    0.0000000E+00    3.4019400E-04
0.95    110.0    540.00    2.8890800E-04    0.0000000E+00    2.8890800E-04
0.95    120.0    540.00    2.8024200E-04    0.0000000E+00    2.8024200E-04
0.95    130.0    540.00    2.7786600E-04    0.0000000E+00    2.7786600E-04
0.95    140.0    540.00    2.7701600E-04    0.0000000E+00    2.7701600E-04
0.95    150.0    540.00    2.7667300E-04    0.0000000E+00    2.7667300E-04
0.95    160.0    540.00    2.7652700E-04    0.0000000E+00    2.7652700E-04
0.95    170.0    540.00    2.7646800E-04    0.0000000E+00    2.7646800E-04
0.95    180.0    540.00    2.7645000E-04    0.0000000E+00    2.7645000E-04
0.96    0.0    540.00    3.7875400E-03    0.0000000E+00    3.7875400E-03
0.96    10.0    540.00    3.7417900E-03    0.0000000E+00    3.7417900E-03
0.96    20.0    540.00    3.6155000E-03    0.0000000E+00    3.6155000E-03
0.96    30.0    540.00    3.4121800E-03    0.0000000E+00    3.4121800E-03
0.96    40.0    540.00    3.1396900E-03    0.0000000E+00    3.1396900E-03
0.96    50.0    540.00    2.8050800E-03    0.0000000E+00    2.8050800E-03
0.96    60.0    540.00    2.4094900E-03    0.0000000E+00    2.4094900E-03
0.96    70.0    540.00    1.9380500E-03    0.0000000E+00    1.9380500E-03
0.96    80.0    540.00    1.3646400E-03    0.0000000E+00    1.3646400E-03
0.96    90.0    540.00    7.2992650E-04    0.0000000E+00    7.2992650E-04
0.96    100.0    540.00    3.2717900E-04    0.0000000E+00    3.2717900E-04
0.96    110.0    540.00    2.8636000E-04    0.0000000E+00    2.8636000E-04
0.96    120.0    540.00    2.7970500E-04    0.0000000E+00    2.7970500E-04
0.96    130.0    540.00    2.7787400E-04    0.0000000E+00    2.7787400E-04
0.96    140.0    540.00    2.7721900E-04    0.0000000E+00    2.7721900E-04
0.96    150.0    540.00    2.7695600E-04    0.0000000E+00    2.7695600E-04
0.96    160.0    540.00    2.7684500E-04    0.0000000E+00    2.7684500E-04
0.96    170.0    540.00    2.7680000E-04    0.0000000E+00    2.7680000E-04
0.96    180.0    540.00    2.7678700E-04    0.0000000E+00    2.7678700E-04
0.97    0.0    540.00    3.7725200E-03    0.0000000E+00    3.7725200E-03
0.97    10.0    540.00    3.7267200E-03    0.0000000E+00    3.7267200E-03
0.97    20.0    540.00    3.6003100E-03    0.0000000E+00    3.6003100E-03
0.97    30.0    540.00    3.3967400E-03    0.0000000E+00    3.3967400E-03
0.97    40.0    540.00    3.1237700E-03    0.0000000E+00    3.1237700E-03
0.97    50.0    540.00    2.7882600E-03    0.0000000E+00    2.7882600E-03
0.97    60.0    540.00    2.3910100E-03    0.0000000E+00    2.3910100E-03
0.97    70.0    540.00    1.9168100E-03    0.0000000E+00    1.9168100E-03
0.97    80.0    540.00    1.3427100E-03    0.0000000E+00    1.3427100E-03
0.97    90.0    540.00    7.0167150E-04    0.0000000E+00    7.0167150E-04
0.97    100.0    540.00    3.1408500E-04    0.0000000E+00    3.1408500E-04
0.97    110.0    540.00    2.8399300E-04    0.0000000E+00    2.8399300E-04
0.97    120.0    540.00    2.7923200E-04    0.0000000E+00    2.7923200E-04
0.97    130.0    540.00    2.7791300E-04    0.0000000E+00    2.7791300E-04
0.97    140.0    540.00    2.7744200E-04    0.0000000E+00    2.7744200E-04
0.97    150.0    540.00    2.7725400E-04    0.0000000E+00    2.7725400E-04
0.97    160.0    540.00    2.7717500E-04    0.0000000E+00    2.7717500E-04
0.97    170.0    540.00    2.7714400E-04    0.0000000E+00    2.7714400E-04
0.97    180.0    540.00    2.7713500E-04    0.0000000E+00    2.7713500E-04
0.98    0.0    540.00    3.7575500E-03    0.0000000E+00    3.7575500E-03
0.98    10.0    540.00    3.7116900E-03    0.0000000E+00    3.7116900E-03
0.98    20.0    540.00    3.5851700E-03    0.0000000E+00    3.5851700E-03
0.98    30.0    540.00    3.3813500E-03    0.0000000E+00    3.3813500E-03
0.98    40.0    540.00    3.1079000E-03    0.0000000E+00    3.1079000E-03
0.98    50.0    540.00    2.7715100E-03    0.0000000E+00    2.7715100E-03
0.98    60.0    540.00    2.3726300E-03    0.0000000E+00    2.3726300E-03
0.98    70.0    540.00    1.8958000E-03    0.0000000E+00    1.8958000E-03
0.98    80.0    540.00    1.3212300E-03    0.0000000E+00    1.3212300E-03
0.98    90.0    540.00    6.6469400E-04    0.0000000E+00    6.6469400E-04
0.98    100.0    540.00    3.0119100E-04    0.0000000E+00    3.0119100E-04
0.98    110.0    540.00    2.8182900E-04    0.0000000E+00    2.8182900E-04
0.98    120.0    540.00    2.7882500E-04    0.0000000E+00    2.7882500E-04
0.98    130.0    540.00    2.7798500E-04    0.0000000E+00    2.7798500E-04
0.98    140.0    540.00    2.7768500E-04    0.0000000E+00    2.7768500E-04
0.98    150.0    540.00    2.7756600E-04    0.0000000E+00    2.7756600E-04
0.98    160.0    540.00    2.7751700E-04    0.0000000E+00    2.7751700E-04
0.98    170.0    540.00    2.7749800E-04    0.0000000E+00    2.7749800E-04
0.98    180.0    540.00    2.7749200E-04    0.0000000E+00    2.7749200E-04
0.99    0.0    540.00    3.7426100E-03    0.0000000E+00    3.7426100E-03
0.99    10.0    540.00    3.6967000E-03    0.0000000E+00    3.6967000E-03
0.99    20.0    540.00    3.5700600E-03    0.0000000E+00    3.5700600E-03
0.99    30.0    540.00    3.3660100E-03    0.0000000E+00    3.3660100E-03
0.99    40.0    540.00    3.0920900E-03    0.0000000E+00    3.0920900E-03
0.99    50.0    540.00    2.7548300E-03    0.0000000E+00    2.7548300E-03
0.99    60.0    540.00    2.3543500E-03    0.0000000E+00    2.3543500E-03
0.99    70.0    540.00    1.8750200E-03    0.0000000E+00    1.8750200E-03
0.99    80.0    540.00    1.3000300E-03    0.0000000E+00    1.3000300E-03
0.99    90.0    540.00    6.1372300E-04    0.0000000E+00    6.1372300E-04
0.99    100.0    540.00    2.8897800E-04    0.0000000E+00    2.8897800E-04
0.99    110.0    540.00    2.7989800E-04    0.0000000E+00    2.7989800E-04
0.99    120.0    540.00    2.7849000E-04    0.0000000E+00    2.7849000E-04
0.99    130.0    540.00    2.7809200E-04    0.0000000E+00    2.7809200E-04
0.99    140.0    540.00    2.7794900E-04    0.0000000E+00    2.7794900E-04
0.99    150.0    540.00    2.7789300E-04    0.0000000E+00    2.7789300E-04
0.99    160.0    540.00    2.7787100E-04    0.0000000E+00    2.7787100E-04
0.99    170.0    540.00    2.7786200E-04    0.0000000E+00    2.7786200E-04
0.99    180.0    540.00    2.7785900E-04    0.0000000E+00    2.7785900E-04
1.00    0.0    540.00    3.7277100E-03    0.0000000E+00    3.7277100E-03
1.00    10.0    540.00    3.6817500E-03    0.0000000E+00    3.6817500E-03
1.00    20.0    540.00    3.5550000E-03    0.0000000E+00    3.5550000E-03
1.00    30.0    540.00    3.3507100E-03    0.0000000E+00    3.3507100E-03
1.00    40.0    540.00    3.0763300E-03    0.0000000E+00    3.0763300E-03
1.00    50.0    540.00    2.7382100E-03    0.0000000E+00    2.7382100E-03
1.00    60.0    540.00    2.3361700E-03    0.0000000E+00    2.3361700E-03
1.00    70.0    540.00    1.8544400E-03    0.0000000E+00    1.8544400E-03
1.00    80.0    540.00    1.2788300E-03    0.0000000E+00    1.2788300E-03
1.00    90.0    540.00    5.4031750E-04    0.0000000E+00    5.4031750E-04
1.00    100.0    540.00    2.7823800E-04    0.0000000E+00    2.7823800E-04
1.00    110.0    540.00    2.7823800E-04    0.0000000E+00    2.7823800E-04
1.00    120.0    540.00    2.7823800E-04    0.0000000E+00    2.7823800E-04
1.00    130.0    540.00    2.7823800E-04    0.0000000E+00    2.7823800E-04
1.00    140.0    540.00    2.7823800E-04    0.0000000E+00    2.7823800E-04
1.00    150.0    540.00    2.7823800E-04    0.0000000E+00    2.7823800E-04
1.00    160.0    540.00    2.7823800E-04    0.0000000E+00    2.7823800E-04
1.00    170.0    540.00    2.7823800E-04    0.0000000E+00    2.7823800E-04
1.00    180.0    540.00    2.7823800E-04    0.0000000E+00    2.7823800E-04
-1.00    0.0    600.00    4.1984200E-02    4.1984200E-02    0.0000000E+00
-1.00    10.0    600.00    4.4216928E-02    4.4216928E-02    0.0000000E+00
-1.00    20.0    600.00    5.2361184E-02    5.2361184E-02    0.0000000E+00
-1.00    30.0    600.00    7.0627568E-02    7.0627568E-02    0.0000000E+00
-1.00    40.0    600.00    1.0311687E-01    1.0311687E-01    0.0000000E+00
-1.00    50.0    600.00    1.4478943E+00    1.4478943E+00    0.0000000E+00
-1.00    60.0    600.00    9.3272492E-02    9.3272492E-02    0.0000000E+00
-1.00    70.0    600.00    9.3253428E-02    9.3253428E-02    0.0000000E+00
-1.00    80.0    600.00    1.2277346E-01    1.2277346E-01    0.0000000E+00
-1.00    90.0    600.00    2.0004052E-01    8.2556600E-02    1.1748392E-01
-1.00    100.0    600.00    2.6246952E-01    0.0000000E+00    2.6246952E-01
-1.00    110.0    600.00    2.7277336E-01    0.0000000E+00    2.7277336E-01
-1.00    120.0    600.00    2.7123632E-01    0.0000000E+00    2.7123632E-01
-1.00    130.0    600.00    2.6592960E-01    0.0000000E+00    2.6592960E-01
-1.00    140.0    600.00    2.6011504E-01    0.0000000E+00    2.6011504E-01
-1.00    150.0    600.00    2.5509380E-01    0.0000000E+00    2.5509380E-01
-1.00    160.0    600.00    2.5137824E-01    0.0000000E+00    2.5137824E-01
-1.00    170.0    600.00    2.4916892E-01    0.0000000E+00    2.4916892E-01
-1.00    180.0    600.00    2.4848900E-01    0.0000000E+00    2.4848900E-01
0.00    0.0    600.00    4.1984200E-02    4.1984200E-02    0.0000000E+00
0.00    10.0    600.00    4.4216928E-02    4.4216928E-02    0.0000000E+00
0.00    20.0    600.00    5.2361184E-02    5.2361184E-02    0.0000000E+00
0.00    30.0    600.00    7.0627568E-02    7.0627568E-02    0.0000000E+00
0.00    40.0    600.00    1.0311687E-01    1.0311687E-01    0.0000000E+00
0.00    50.0    600.00    1.4478943E+00    1.4478943E+00    0.0000000E+00
0.00    60.0    600.00    9.3272492E-02    9.3272492E-02    0.0000000E+00
0.00    70.0    600.00    9.3253428E-02    9.3253428E-02    0.0000000E+00
0.00    80.0    600.00    1.2277346E-01    1.2277346E-01    0.0000000E+00
0.00    90.0    600.00    2.0004052E-01    8.2556600E-02    1.1748392E-01
0.00    100.0    600.00    2.6246952E-01    0.0000000E+00    2.6246952E-01
0.00    110.0    600.00    2.7277336E-01    0.0000000E+00    2.7277336E-01
0.00    120.0    600.00    2.7123632E-01    0.0000000E+00    2.7123632E-01
0.00    130.0    600.00    2.6592960E-01    0.0000000E+00    2.6592960E-01
0.00    140.0    600.00    2.6011504E-01    0.0000000E+00    2.6011504E-01
0.00    150.0    600.00    2.5509380E-01    0.0000000E+00    2.5509380E-01
0.00    160.0    600.00    2.5137824E-01    0.0000000E+00    2.5137824E-01
0.00    170.0    600.00    2.4916892E-01    0.0000000E+00    2.4916892E-01
0.00    180.0    600.00    2.4848900E-01    0.0000000E+00    2.4848900E-01
0.01    0.0    600.00    1.9779800E-01    3.4196000E-03    1.9437900E-01
0.01    10.0    600.00    2.0390404E-01    3.4479740E-03    2.0045588E-01
0.01    20.0    600.00    2.2464808E-01    3.6123364E-03    2.2103556E-01
0.01    30.0    600.00    2.6210564E-01    3.8812768E-03    2.5822432E-01
0.01    40.0    600.00    3.1463880E-01    3.8804348E-03    3.1075852E-01
0.01    50.0    600.00    3.7681384E-01    2.9049932E-02    3.4776376E-01
0.01    60.0    600.00    3.3401260E-01    6.1287352E-04    3.3339976E-01
0.01    70.0    600.00    3.1565368E-01    6.0149840E-05    3.1559364E-01
0.01    80.0    600.00    3.0167200E-01    6.3853624E-08    3.0167196E-01
0.01    90.0    600.00    2.8763132E-01    9.3760960E-27    2.8763132E-01
0.01    100.0    600.00    2.7438268E-01    0.0000000E+00    2.7438268E-01
0.01    110.0    600.00    2.6298900E-01    0.0000000E+00    2.6298900E-01
0.01    120.0    600.00    2.5327188E-01    0.0000000E+00    2.5327188E-01
0.01    130.0    600.00    2.4520464E-01    0.0000000E+00    2.4520464E-01
0.01    140.0    600.00    2.3870792E-01    0.0000000E+00    2.3870792E-01
0.01    150.0    600.00    2.3371288E-01    0.0000000E+00    2.3371288E-01
0.01    160.0    600.00    2.3018024E-01    0.0000000E+00    2.3018024E-01
0.01    170.0    600.00    2.2809028E-01    0.0000000E+00    2.2809028E-01
0.01    180.0    600.00    2.2736800E-01    0.0000000E+00    2.2736800E-01
0.02    0.0    600.00    2.5713700E-01    2.7852500E-04    2.5685800E-01
0.02    10.0    600.00    2.5954368E-01    2.6886808E-04    2.5927492E-01
0.02    20.0    600.00    2.6783520E-01    2.4921076E-04    2.6758600E-01
0.02    30.0    600.00    2.7944076E-01    2.1329262E-04    2.7922756E-01
0.02    40.0    600.00    2.8937056E-01    1.4602645E-04    2.8922480E-01
0.02    50.0    600.00    2.9197144E-01    5.8284550E-04    2.9138852E-01
0.02    60.0    600.00    2.8516136E-01    4.0270628E-06    2.8515736E-01
0.02    70.0    600.00    2.7585580E-01    3.8797604E-08    2.7585580E-01
0.02    80.0    600.00    2.6573916E-01    3.3209828E-14    2.6573916E-01
0.02    90.0    600.00    2.5556796E-01    0.0000000E+00    2.5556796E-01
0.02    100.0    600.00    2.4606476E-01    0.0000000E+00    2.4606476E-01
0.02    110.0    600.00    2.3771456E-01    0.0000000E+00    2.3771456E-01
0.02    120.0    600.00    2.3031980E-01    0.0000000E+00    2.3031980E-01
0.02    130.0    600.00    2.2394148E-01    0.0000000E+00    2.2394148E-01
0.02    140.0    600.00    2.1863572E-01    0.0000000E+00    2.1863572E-01
0.02    150.0    600.00    2.1445236E-01    0.0000000E+00    2.1445236E-01
0.02    160.0    600.00    2.1143564E-01    0.0000000E+00    2.1143564E-01
0.02    170.0    600.00    2.0961908E-01    0.0000000E+00    2.0961908E-01
0.02    180.0    600.00    2.0895700E-01    0.0000000E+00    2.0895700E-01
0.03    0.0    600.00    2.6560600E-01    2.2685700E-05    2.6558400E-01
0.03    10.0    600.00    2.6580904E-01    2.0965952E-05    2.6578836E-01
0.03    20.0    600.00    2.6720176E-01    1.7192750E-05    2.6718480E-01
0.03    30.0    600.00    2.6832528E-01    1.1721329E-05    2.6831356E-01
0.03    40.0    600.00    2.6746640E-01    5.4951892E-06    2.6746096E-01
0.03    50.0    600.00    2.6371388E-01    1.1693934E-05    2.6370216E-01
0.03    60.0    600.00    2.5756596E-01    2.6460952E-08    2.5756588E-01
0.03    70.0    600.00    2.5014716E-01    2.5025028E-11    2.5014716E-01
0.03    80.0    600.00    2.4224460E-01    1.7272180E-20    2.4224460E-01
0.03    90.0    600.00    2.3414170E-01    0.0000000E+00    2.3414170E-01
0.03    100.0    600.00    2.2633284E-01    0.0000000E+00    2.2633284E-01
0.03    110.0    600.00    2.1923168E-01    0.0000000E+00    2.1923168E-01
0.03    120.0    600.00    2.1276952E-01    0.0000000E+00    2.1276952E-01
0.03    130.0    600.00    2.0708084E-01    0.0000000E+00    2.0708084E-01
0.03    140.0    600.00    2.0227896E-01    0.0000000E+00    2.0227896E-01
0.03    150.0    600.00    1.9845336E-01    0.0000000E+00    1.9845336E-01
0.03    160.0    600.00    1.9567352E-01    0.0000000E+00    1.9567352E-01
0.03    170.0    600.00    1.9398792E-01    0.0000000E+00    1.9398792E-01
0.03    180.0    600.00    1.9336100E-01    0.0000000E+00    1.9336100E-01
0.04    0.0    600.00    2.5606500E-01    1.8477400E-06    2.5606300E-01
0.04    10.0    600.00    2.5552904E-01    1.6348952E-06    2.5552740E-01
0.04    20.0    600.00    2.5452104E-01    1.1861064E-06    2.5451980E-01
0.04    30.0    600.00    2.5250396E-01    6.4413540E-07    2.5250340E-01
0.04    40.0    600.00    2.4906980E-01    2.0679191E-07    2.4906976E-01
0.04    50.0    600.00    2.4417348E-01    2.3462170E-07    2.4417324E-01
0.04    60.0    600.00    2.3813352E-01    1.7386940E-10    2.3813352E-01
0.04    70.0    600.00    2.3138284E-01    1.6141539E-14    2.3138284E-01
0.04    80.0    600.00    2.2430404E-01    8.9831540E-27    2.2430404E-01
0.04    90.0    600.00    2.1699866E-01    0.0000000E+00    2.1699866E-01
0.04    100.0    600.00    2.0988072E-01    0.0000000E+00    2.0988072E-01
0.04    110.0    600.00    2.0333232E-01    0.0000000E+00    2.0333232E-01
0.04    120.0    600.00    1.9732084E-01    0.0000000E+00    1.9732084E-01
0.04    130.0    600.00    1.9199432E-01    0.0000000E+00    1.9199432E-01
0.04    140.0    600.00    1.8747724E-01    0.0000000E+00    1.8747724E-01
0.04    150.0    600.00    1.8386676E-01    0.0000000E+00    1.8386676E-01
0.04    160.0    600.00    1.8123648E-01    0.0000000E+00    1.8123648E-01
0.04    170.0    600.00    1.7963780E-01    0.0000000E+00    1.7963780E-01
0.04    180.0    600.00    1.7903800E-01    0.0000000E+00    1.7903800E-01
0.05    0.0    600.00    2.4136500E-01    1.5049800E-07    2.4136500E-01
0.05    10.0    600.00    2.4065892E-01    1.2748675E-07    2.4065860E-01
0.05    20.0    600.00    2.3898672E-01    8.1827960E-08    2.3898664E-01
0.05    30.0    600.00    2.3617848E-01    3.5397980E-08    2.3617848E-01
0.05    40.0    600.00    2.3221132E-01    7.7818692E-09    2.3221132E-01
0.05    50.0    600.00    2.2720176E-01    4.7073454E-09    2.2720176E-01
0.05    60.0    600.00    2.2137972E-01    1.1424581E-12    2.2137972E-01
0.05    70.0    600.00    2.1501688E-01    1.0411535E-17    2.1501688E-01
0.05    80.0    600.00    2.0837940E-01    4.6720764E-33    2.0837940E-01
0.05    90.0    600.00    2.0151770E-01    0.0000000E+00    2.0151770E-01
0.05    100.0    600.00    1.9481020E-01    0.0000000E+00    1.9481020E-01
0.05    110.0    600.00    1.8861772E-01    0.0000000E+00    1.8861772E-01
0.05    120.0    600.00    1.8291676E-01    0.0000000E+00    1.8291676E-01
0.05    130.0    600.00    1.7785496E-01    0.0000000E+00    1.7785496E-01
0.05    140.0    600.00    1.7355512E-01    0.0000000E+00    1.7355512E-01
0.05    150.0    600.00    1.7011396E-01    0.0000000E+00    1.7011396E-01
0.05    160.0    600.00    1.6760476E-01    0.0000000E+00    1.6760476E-01
0.05    170.0    600.00    1.6607816E-01    0.0000000E+00    1.6607816E-01
0.05    180.0    600.00    1.6550400E-01    0.0000000E+00    1.6550400E-01
0.06    0.0    600.00    2.2569000E-01    1.2258000E-08    2.2569000E-01
0.06    10.0    600.00    2.2497848E-01    9.9412372E-09    2.2497848E-01
0.06    20.0    600.00    2.2318620E-01    5.6452188E-09    2.2318620E-01
0.06    30.0    600.00    2.2026476E-01    1.9452674E-09    2.2026476E-01
0.06    40.0    600.00    2.1629540E-01    2.9284345E-10    2.1629540E-01
0.06    50.0    600.00    2.1142512E-01    9.4445836E-11    2.1142512E-01
0.06    60.0    600.00    2.0585196E-01    7.5068524E-15    2.0585196E-01
0.06    70.0    600.00    1.9979936E-01    6.7155928E-21    1.9979936E-01
0.06    80.0    600.00    1.9349396E-01    2.4299080E-39    1.9349396E-01
0.06    90.0    600.00    1.8697092E-01    0.0000000E+00    1.8697092E-01
0.06    100.0    600.00    1.8058688E-01    0.0000000E+00    1.8058688E-01
0.06    110.0    600.00    1.7468464E-01    0.0000000E+00    1.7468464E-01
0.06    120.0    600.00    1.6924476E-01    0.0000000E+00    1.6924476E-01
0.06    130.0    600.00    1.6440948E-01    0.0000000E+00    1.6440948E-01
0.06    140.0    600.00    1.6029928E-01    0.0000000E+00    1.6029928E-01
0.06    150.0    600.00    1.5700720E-01    0.0000000E+00    1.5700720E-01
0.06    160.0    600.00    1.5460528E-01    0.0000000E+00    1.5460528E-01
0.06    170.0    600.00    1.5314308E-01    0.0000000E+00    1.5314308E-01
0.06    180.0    600.00    1.5259200E-01    0.0000000E+00    1.5259200E-01
0.07    0.0    600.00    2.1027700E-01    9.9840600E-10    2.1027700E-01
0.07    10.0    600.00    2.0959488E-01    7.7520212E-10    2.0959488E-01
0.07    20.0    600.00    2.0783428E-01    3.8945632E-10    2.0783428E-01
0.07    30.0    600.00    2.0498312E-01    1.0690024E-10    2.0498312E-01
0.07    40.0    600.00    2.0114644E-01    1.1020098E-11    2.0114644E-01
0.07    50.0    600.00    1.9647440E-01    1.8949202E-12    1.9647440E-01
0.07    60.0    600.00    1.9114972E-01    4.9325828E-17    1.9114972E-01
0.07    70.0    600.00    1.8537572E-01    4.3316468E-24    1.8537572E-01
0.07    80.0    600.00    1.7936080E-01    1.4013000E-45    1.7936080E-01
0.07    90.0    600.00    1.7313422E-01    0.0000000E+00    1.7313422E-01
0.07    100.0    600.00    1.6703568E-01    0.0000000E+00    1.6703568E-01
0.07    110.0    600.00    1.6139304E-01    0.0000000E+00    1.6139304E-01
0.07    120.0    600.00    1.5618792E-01    0.0000000E+00    1.5618792E-01
0.07    130.0    600.00    1.5155792E-01    0.0000000E+00    1.5155792E-01
0.07    140.0    600.00    1.4761892E-01    0.0000000E+00    1.4761892E-01
0.07    150.0    600.00    1.4446276E-01    0.0000000E+00    1.4446276E-01
0.07    160.0    600.00    1.4215872E-01    0.0000000E+00    1.4215872E-01
0.07    170.0    600.00    1.4075552E-01    0.0000000E+00    1.4075552E-01
0.07    180.0    600.00    1.4022700E-01    0.0000000E+00    1.4022700E-01
0.08    0.0    600.00    1.9544700E-01    8.1319700E-11    1.9544700E-01
0.08    10.0    600.00    1.9479864E-01    6.0449204E-11    1.9479864E-01
0.08    20.0    600.00    1.9310664E-01    2.6868076E-11    1.9310664E-01
0.08    30.0    600.00    1.9036884E-01    5.8746268E-12    1.9036884E-01
0.08    40.0    600.00    1.8669384E-01    4.1470152E-13    1.8669384E-01
0.08    50.0    600.00    1.8222608E-01    3.8018776E-14    1.8222608E-01
0.08    60.0    600.00    1.7713816E-01    3.2410884E-19    1.7713816E-01
0.08    70.0    600.00    1.7162108E-01    2.7939732E-27    1.7162108E-01
0.08    80.0    600.00    1.6587132E-01    0.0000000E+00    1.6587132E-01
0.08    90.0    600.00    1.5991570E-01    0.0000000E+00    1.5991570E-01
0.08    100.0    600.00    1.5407832E-01    0.0000000E+00    1.5407832E-01
0.08    110.0    600.00    1.4867260E-01    0.0000000E+00    1.4867260E-01
0.08    120.0    600.00    1.4368228E-01    0.0000000E+00    1.4368228E-01
0.08    130.0    600.00    1.3924020E-01    0.0000000E+00    1.3924020E-01
0.08    140.0    600.00    1.3545856E-01    0.0000000E+00    1.3545856E-01
0.08    150.0    600.00    1.3242668E-01    0.0000000E+00    1.3242668E-01
0.08    160.0    600.00    1.3021212E-01    0.0000000E+00    1.3021212E-01
0.08    170.0    600.00    1.2886312E-01    0.0000000E+00    1.2886312E-01
0.08    180.0    600.00    1.2835400E-01    0.0000000E+00    1.2835400E-01
0.09    0.0    600.00    1.8125700E-01    6.6234400E-12    1.8125700E-01
0.09    10.0    600.00    1.8063996E-01    4.7137256E-12    1.8063996E-01
0.09    20.0    600.00    1.7902156E-01    1.8535932E-12    1.7902156E-01
0.09    30.0    600.00    1.7640244E-01    3.2283404E-13    1.7640244E-01
0.09    40.0    600.00    1.7288748E-01    1.5605772E-14    1.7288748E-01
0.09    50.0    600.00    1.6861512E-01    7.6278802E-16    1.6861512E-01
0.09    60.0    600.00    1.6374916E-01    2.1296465E-21    1.6374916E-01
0.09    70.0    600.00    1.5847016E-01    1.8021412E-30    1.5847016E-01
0.09    80.0    600.00    1.5296524E-01    0.0000000E+00    1.5296524E-01
0.09    90.0    600.00    1.4725896E-01    0.0000000E+00    1.4725896E-01
0.09    100.0    600.00    1.4166116E-01    0.0000000E+00    1.4166116E-01
0.09    110.0    600.00    1.3647352E-01    0.0000000E+00    1.3647352E-01
0.09    120.0    600.00    1.3168012E-01    0.0000000E+00    1.3168012E-01
0.09    130.0    600.00    1.2741000E-01    0.0000000E+00    1.2741000E-01
0.09    140.0    600.00    1.2377236E-01    0.0000000E+00    1.2377236E-01
0.09    150.0    600.00    1.2085388E-01    0.0000000E+00    1.2085388E-01
0.09    160.0    600.00    1.1872132E-01    0.0000000E+00    1.1872132E-01
0.09    170.0    600.00    1.1742180E-01    0.0000000E+00    1.1742180E-01
0.09    180.0    600.00    1.1693200E-01    0.0000000E+00    1.1693200E-01
0.10    0.0    600.00    1.6768800E-01    5.3947600E-13    1.6768800E-01
0.10    10.0    600.00    1.6709964E-01    3.6756960E-13    1.6709964E-01
0.10    20.0    600.00    1.6555168E-01    1.2787696E-13    1.6555168E-01
0.10    30.0    600.00    1.6304592E-01    1.7741066E-14    1.6304592E-01
0.10    40.0    600.00    1.5968240E-01    5.8726656E-16    1.5968240E-01
0.10    50.0    600.00    1.5559252E-01    1.5304246E-17    1.5559252E-01
0.10    60.0    600.00    1.5093232E-01    1.3993424E-23    1.5093232E-01
0.10    70.0    600.00    1.4587316E-01    1.1624076E-33    1.4587316E-01
0.10    80.0    600.00    1.4059392E-01    0.0000000E+00    1.4059392E-01
0.10    90.0    600.00    1.3511696E-01    0.0000000E+00    1.3511696E-01
0.10    100.0    600.00    1.2973980E-01    0.0000000E+00    1.2973980E-01
0.10    110.0    600.00    1.2475144E-01    0.0000000E+00    1.2475144E-01
0.10    120.0    600.00    1.2013876E-01    0.0000000E+00    1.2013876E-01
0.10    130.0    600.00    1.1602552E-01    0.0000000E+00    1.1602552E-01
0.10    140.0    600.00    1.1251900E-01    0.0000000E+00    1.1251900E-01
0.10    150.0    600.00    1.0970388E-01    0.0000000E+00    1.0970388E-01
0.10    160.0    600.00    1.0764560E-01    0.0000000E+00    1.0764560E-01
0.10    170.0    600.00    1.0639100E-01    0.0000000E+00    1.0639100E-01
0.10    180.0    600.00    1.0591800E-01    0.0000000E+00    1.0591800E-01
0.11    0.0    600.00    1.5470200E-01    4.3940100E-14    1.5470200E-01
0.11    10.0    600.00    1.5413884E-01    2.8662548E-14    1.5413884E-01
0.11    20.0    600.00    1.5265704E-01    8.8220760E-15    1.5265704E-01
0.11    30.0    600.00    1.5025676E-01    9.7494592E-16    1.5025676E-01
0.11    40.0    600.00    1.4703388E-01    2.2099728E-17    1.4703388E-01
0.11    50.0    600.00    1.4311304E-01    3.0705718E-19    1.4311304E-01
0.11    60.0    600.00    1.3864252E-01    9.1947608E-26    1.3864252E-01
0.11    70.0    600.00    1.3378612E-01    7.4977060E-37    1.3378612E-01
0.11    80.0    600.00    1.2871408E-01    0.0000000E+00    1.2871408E-01
0.11    90.0    600.00    1.2344722E-01    0.0000000E+00    1.2344722E-01
0.11    100.0    600.00    1.1827156E-01    0.0000000E+00    1.1827156E-01
0.11    110.0    600.00    1.1346528E-01    0.0000000E+00    1.1346528E-01
0.11    120.0    600.00    1.0901656E-01    0.0000000E+00    1.0901656E-01
0.11    130.0    600.00    1.0504648E-01    0.0000000E+00    1.0504648E-01
0.11    140.0    600.00    1.0165880E-01    0.0000000E+00    1.0165880E-01
0.11    150.0    600.00    9.8937172E-02    0.0000000E+00    9.8937172E-02
0.11    160.0    600.00    9.6946304E-02    0.0000000E+00    9.6946304E-02
0.11    170.0    600.00    9.5732096E-02    0.0000000E+00    9.5732096E-02
0.11    180.0    600.00    9.5273900E-02    0.0000000E+00    9.5273900E-02
0.12    0.0    600.00    1.4225500E-01    3.5789000E-15    1.4225500E-01
0.12    10.0    600.00    1.4171576E-01    2.2350612E-15    1.4171576E-01
0.12    20.0    600.00    1.4029464E-01    6.0862308E-16    1.4029464E-01
0.12    30.0    600.00    1.3799168E-01    5.3577376E-17    1.3799168E-01
0.12    40.0    600.00    1.3489852E-01    8.3164420E-19    1.3489852E-01
0.12    50.0    600.00    1.3113296E-01    6.1606491E-21    1.3113296E-01
0.12    60.0    600.00    1.2683692E-01    6.0416728E-28    1.2683692E-01
0.12    70.0    600.00    1.2216600E-01    4.8361200E-40    1.2216600E-01
0.12    80.0    600.00    1.1728372E-01    0.0000000E+00    1.1728372E-01
0.12    90.0    600.00    1.1220862E-01    0.0000000E+00    1.1220862E-01
0.12    100.0    600.00    1.0721648E-01    0.0000000E+00    1.0721648E-01
0.12    110.0    600.00    1.0257580E-01    0.0000000E+00    1.0257580E-01
0.12    120.0    600.00    9.8275652E-02    0.0000000E+00    9.8275652E-02
0.12    130.0    600.00    9.4434384E-02    0.0000000E+00    9.4434384E-02
0.12    140.0    600.00    9.1153836E-02    0.0000000E+00    9.1153836E-02
0.12    150.0    600.00    8.8516208E-02    0.0000000E+00    8.8516208E-02
0.12    160.0    600.00    8.6585680E-02    0.0000000E+00    8.6585680E-02
0.12    170.0    600.00    8.5407760E-02    0.0000000E+00    8.5407760E-02
0.12    180.0    600.00    8.4963200E-02    0.0000000E+00    8.4963200E-02
0.13    0.0    600.00    1.3030600E-01    2.9150100E-16    1.3030600E-01
0.13    10.0    600.00    1.2978724E-01    1.7428728E-16    1.2978724E-01
0.13    20.0    600.00    1.2842156E-01    4.1988280E-17    1.2842156E-01
0.13    30.0    600.00    1.2620840E-01    2.9443064E-18    1.2620840E-01
0.13    40.0    600.00    1.2323380E-01    3.1295975E-20    1.2323380E-01
0.13    50.0    600.00    1.1961096E-01    1.2360488E-22    1.1961096E-01
0.13    60.0    600.00    1.1547416E-01    3.9698620E-30    1.1547416E-01
0.13    70.0    600.00    1.1097308E-01    3.1232136E-43    1.1097308E-01
0.13    80.0    600.00    1.0626304E-01    0.0000000E+00    1.0626304E-01
0.13    90.0    600.00    1.0136202E-01    0.0000000E+00    1.0136202E-01
0.13    100.0    600.00    9.6535916E-02    0.0000000E+00    9.6535916E-02
0.13    110.0    600.00    9.2044372E-02    0.0000000E+00    9.2044372E-02
0.13    120.0    600.00    8.7877892E-02    0.0000000E+00    8.7877892E-02
0.13    130.0    600.00    8.4152140E-02    0.0000000E+00    8.4152140E-02
0.13    140.0    600.00    8.0967240E-02    0.0000000E+00    8.0967240E-02
0.13    150.0    600.00    7.8404544E-02    0.0000000E+00    7.8404544E-02
0.13    160.0    600.00    7.6527676E-02    0.0000000E+00    7.6527676E-02
0.13    170.0    600.00    7.5382100E-02    0.0000000E+00    7.5382100E-02
0.13    180.0    600.00    7.4949600E-02    0.0000000E+00    7.4949600E-02
0.14    0.0    600.00    1.1881100E-01    2.3742500E-17    1.1881100E-01
0.14    10.0    600.00    1.1831212E-01    1.3590640E-17    1.1831212E-01
0.14    20.0    600.00    1.1699740E-01    2.8967168E-18    1.1699740E-01
0.14    30.0    600.00    1.1486596E-01    1.6180109E-19    1.1486596E-01
0.14    40.0    600.00    1.1199988E-01    1.1777094E-21    1.1199988E-01
0.14    50.0    600.00    1.0850688E-01    2.4799396E-24    1.0850688E-01
0.14    60.0    600.00    1.0451496E-01    2.6085072E-32    1.0451496E-01
0.14    70.0    600.00    1.0016752E-01    0.0000000E+00    1.0016752E-01
0.14    80.0    600.00    9.5613668E-02    0.0000000E+00    9.5613668E-02
0.14    90.0    600.00    9.0869516E-02    0.0000000E+00    9.0869516E-02
0.14    100.0    600.00    8.6192508E-02    0.0000000E+00    8.6192508E-02
0.14    110.0    600.00    8.1834364E-02    0.0000000E+00    8.1834364E-02
0.14    120.0    600.00    7.7786904E-02    0.0000000E+00    7.7786904E-02
0.14    130.0    600.00    7.4163644E-02    0.0000000E+00    7.4163644E-02
0.14    140.0    600.00    7.1063376E-02    0.0000000E+00    7.1063376E-02
0.14    150.0    600.00    6.8566900E-02    0.0000000E+00    6.8566900E-02
0.14    160.0    600.00    6.6737600E-02    0.0000000E+00    6.6737600E-02
0.14    170.0    600.00    6.5620700E-02    0.0000000E+00    6.5620700E-02
0.14    180.0    600.00    6.5199000E-02    0.0000000E+00    6.5199000E-02
0.15    0.0    600.00    1.0773200E-01    1.9338100E-18    1.0773200E-01
0.15    10.0    600.00    1.0725028E-01    1.0597772E-18    1.0725028E-01
0.15    20.0    600.00    1.0598200E-01    1.9983984E-19    1.0598200E-01
0.15    30.0    600.00    1.0392476E-01    8.8916380E-21    1.0392476E-01
0.15    40.0    600.00    1.0115712E-01    4.4318752E-23    1.0115712E-01
0.15    50.0    600.00    9.7781576E-02    4.9755982E-26    9.7781576E-02
0.15    60.0    600.00    9.3920780E-02    1.7139907E-34    9.3920780E-02
0.15    70.0    600.00    8.9711652E-02    0.0000000E+00    8.9711652E-02
0.15    80.0    600.00    8.5297924E-02    0.0000000E+00    8.5297924E-02
0.15    90.0    600.00    8.0693896E-02    0.0000000E+00    8.0693896E-02
0.15    100.0    600.00    7.6149452E-02    0.0000000E+00    7.6149452E-02
0.15    110.0    600.00    7.1909296E-02    0.0000000E+00    7.1909296E-02
0.15    120.0    600.00    6.7966536E-02    0.0000000E+00    6.7966536E-02
0.15    130.0    600.00    6.4433100E-02    0.0000000E+00    6.4433100E-02
0.15    140.0    600.00    6.1407100E-02    0.0000000E+00    6.1407100E-02
0.15    150.0    600.00    5.8969200E-02    0.0000000E+00    5.8969200E-02
0.15    160.0    600.00    5.7182600E-02    0.0000000E+00    5.7182600E-02
0.15    170.0    600.00    5.6091800E-02    0.0000000E+00    5.6091800E-02
0.15    180.0    600.00    5.5680000E-02    0.0000000E+00    5.5680000E-02
0.16    0.0    600.00    9.7028100E-02    1.5750800E-19    9.7028100E-02
0.16    10.0    600.00    9.6562904E-02    8.2640172E-20    9.6562904E-02
0.16    20.0    600.00    9.5336416E-02    1.3786744E-20    9.5336416E-02
0.16    30.0    600.00    9.3346324E-02    4.8863404E-22    9.3346324E-02
0.16    40.0    600.00    9.0667232E-02    1.6677863E-24    9.0667232E-02
0.16    50.0    600.00    8.7397348E-02    9.9828680E-28    8.7397348E-02
0.16    60.0    600.00    8.3653932E-02    1.1262243E-36    8.3653932E-02
0.16    70.0    600.00    7.9568296E-02    0.0000000E+00    7.9568296E-02
0.16    80.0    600.00    7.5278752E-02    0.0000000E+00    7.5278752E-02
0.16    90.0    600.00    7.0798260E-02    0.0000000E+00    7.0798260E-02
0.16    100.0    600.00    6.6369800E-02    0.0000000E+00    6.6369800E-02
0.16    110.0    600.00    6.2231944E-02    0.0000000E+00    6.2231944E-02
0.16    120.0    600.00    5.8379400E-02    0.0000000E+00    5.8379400E-02
0.16    130.0    600.00    5.4923600E-02    0.0000000E+00    5.4923600E-02
0.16    140.0    600.00    5.1963100E-02    0.0000000E+00    5.1963100E-02
0.16    150.0    600.00    4.9579100E-02    0.0000000E+00    4.9579100E-02
0.16    160.0    600.00    4.7834000E-02    0.0000000E+00    4.7834000E-02
0.16    170.0    600.00    4.6770100E-02    0.0000000E+00    4.6770100E-02
0.16    180.0    600.00    4.6368800E-02    0.0000000E+00    4.6368800E-02
0.17    0.0    600.00    8.6662600E-02    1.2829000E-20    8.6662600E-02
0.17    10.0    600.00    8.6211628E-02    6.4441228E-21    8.6211628E-02
0.17    20.0    600.00    8.5022552E-02    9.5112860E-22    8.5022552E-02
0.17    30.0    600.00    8.3092444E-02    2.6852360E-23    8.3092444E-02
0.17    40.0    600.00    8.0492360E-02    6.2760992E-26    8.0492360E-02
0.17    50.0    600.00    7.7316252E-02    2.0029085E-29    7.7316252E-02
0.17    60.0    600.00    7.3676376E-02    7.4001688E-39    7.3676376E-02
0.17    70.0    600.00    6.9698960E-02    0.0000000E+00    6.9698960E-02
0.17    80.0    600.00    6.5517200E-02    0.0000000E+00    6.5517200E-02
0.17    90.0    600.00    6.1142400E-02    0.0000000E+00    6.1142400E-02
0.17    100.0    600.00    5.6811500E-02    0.0000000E+00    5.6811500E-02
0.17    110.0    600.00    5.2758400E-02    0.0000000E+00    5.2758400E-02
0.17    120.0    600.00    4.8980300E-02    0.0000000E+00    4.8980300E-02
0.17    130.0    600.00    4.5590700E-02    0.0000000E+00    4.5590700E-02
0.17    140.0    600.00    4.2692300E-02    0.0000000E+00    4.2692300E-02
0.17    150.0    600.00    4.0368000E-02    0.0000000E+00    4.0368000E-02
0.17    160.0    600.00    3.8676000E-02    0.0000000E+00    3.8676000E-02
0.17    170.0    600.00    3.7649900E-02    0.0000000E+00    3.7649900E-02
0.17    180.0    600.00    3.7264100E-02    0.0000000E+00    3.7264100E-02
0.18    0.0    600.00    7.6595700E-02    1.0449100E-21    7.6595700E-02
0.18    10.0    600.00    7.6157300E-02    5.0250252E-22    7.6157300E-02
0.18    20.0    600.00    7.5001176E-02    6.5617156E-23    7.5001176E-02
0.18    30.0    600.00    7.3123568E-02    1.4756471E-24    7.3123568E-02
0.18    40.0    600.00    7.0592328E-02    2.3617784E-27    7.0592328E-02
0.18    50.0    600.00    6.7497200E-02    4.0185460E-31    6.7497200E-02
0.18    60.0    600.00    6.3945628E-02    4.8625320E-41    6.3945628E-02
0.18    70.0    600.00    6.0058600E-02    0.0000000E+00    6.0058600E-02
0.18    80.0    600.00    5.5964300E-02    0.0000000E+00    5.5964300E-02
0.18    90.0    600.00    5.1671250E-02    0.0000000E+00    5.1671250E-02
0.18    100.0    600.00    4.7411700E-02    0.0000000E+00    4.7411700E-02
0.18    110.0    600.00    4.3416400E-02    0.0000000E+00    4.3416400E-02
0.18    120.0    600.00    3.9690400E-02    0.0000000E+00    3.9690400E-02
0.18    130.0    600.00    3.6361300E-02    0.0000000E+00    3.6361300E-02
0.18    140.0    600.00    3.3546500E-02    0.0000000E+00    3.3546500E-02
0.18    150.0    600.00    3.1326700E-02    0.0000000E+00    3.1326700E-02
0.18    160.0    600.00    2.9739000E-02    0.0000000E+00    2.9739000E-02
0.18    170.0    600.00    2.8789500E-02    0.0000000E+00    2.8789500E-02
0.18    180.0    600.00    2.8435300E-02    0.0000000E+00    2.8435300E-02
0.19    0.0    600.00    6.6779300E-02    8.5107700E-23    6.6779300E-02
0.19    10.0    600.00    6.6351500E-02    3.9184520E-23    6.6351500E-02
0.19    20.0    600.00    6.5222800E-02    4.5268372E-24    6.5222800E-02
0.19    30.0    600.00    6.3388400E-02    8.1093220E-26    6.3388400E-02
0.19    40.0    600.00    6.0912600E-02    8.8877128E-29    6.0912600E-02
0.19    50.0    600.00    5.7880600E-02    8.0626101E-33    5.7880600E-02
0.19    60.0    600.00    5.4394000E-02    3.1921592E-43    5.4394000E-02
0.19    70.0    600.00    5.0567000E-02    0.0000000E+00    5.0567000E-02
0.19    80.0    600.00    4.6520100E-02    0.0000000E+00    4.6520100E-02
0.19    90.0    600.00    4.2253850E-02    0.0000000E+00    4.2253850E-02
0.19    100.0    600.00    3.7995700E-02    0.0000000E+00    3.7995700E-02
0.19    110.0    600.00    3.3981700E-02    0.0000000E+00    3.3981700E-02
0.19    120.0    600.00    3.0267500E-02    0.0000000E+00    3.0267500E-02
0.19    130.0    600.00    2.7059000E-02    0.0000000E+00    2.7059000E-02
0.19    140.0    600.00    2.4479500E-02    0.0000000E+00    2.4479500E-02
0.19    150.0    600.00    2.2543400E-02    0.0000000E+00    2.2543400E-02
0.19    160.0    600.00    2.1210900E-02    0.0000000E+00    2.1210900E-02
0.19    170.0    600.00    2.0433900E-02    0.0000000E+00    2.0433900E-02
0.19    180.0    600.00    2.0148300E-02    0.0000000E+00    2.0148300E-02
0.20    0.0    600.00    5.6333300E-02    5.6976000E-24    5.6333300E-02
0.20    10.0    600.00    5.5911200E-02    2.5029108E-24    5.5911200E-02
0.20    20.0    600.00    5.4796600E-02    2.5337904E-25    5.4796600E-02
0.20    30.0    600.00    5.2980700E-02    3.5518572E-27    5.2980700E-02
0.20    40.0    600.00    5.0519700E-02    2.5879414E-30    5.0519700E-02
0.20    50.0    600.00    4.7485000E-02    1.1916206E-34    4.7485000E-02
0.20    60.0    600.00    4.3954300E-02    1.3452480E-45    4.3954300E-02
0.20    70.0    600.00    3.9996400E-02    0.0000000E+00    3.9996400E-02
0.20    80.0    600.00    3.5629200E-02    0.0000000E+00    3.5629200E-02
0.20    90.0    600.00    3.0119350E-02    0.0000000E+00    3.0119350E-02
0.20    100.0    600.00    2.4836000E-02    0.0000000E+00    2.4836000E-02
0.20    110.0    600.00    2.1582800E-02    0.0000000E+00    2.1582800E-02
0.20    120.0    600.00    1.8940000E-02    0.0000000E+00    1.8940000E-02
0.20    130.0    600.00    1.6858000E-02    0.0000000E+00    1.6858000E-02
0.20    140.0    600.00    1.5264900E-02    0.0000000E+00    1.5264900E-02
0.20    150.0    600.00    1.4095800E-02    0.0000000E+00    1.4095800E-02
0.20    160.0    600.00    1.3298400E-02    0.0000000E+00    1.3298400E-02
0.20    170.0    600.00    1.2834200E-02    0.0000000E+00    1.2834200E-02
0.20    180.0    600.00    1.2672500E-02    0.0000000E+00    1.2672500E-02
0.21    0.0    600.00    5.3371900E-02    9.1896200E-27    5.3371900E-02
0.21    10.0    600.00    5.2959100E-02    3.6104312E-27    5.2959100E-02
0.21    20.0    600.00    5.1813400E-02    2.6698692E-28    5.1813400E-02
0.21    30.0    600.00    4.9940800E-02    2.0889127E-30    4.9940800E-02
0.21    40.0    600.00    4.7379800E-02    5.7647644E-34    4.7379800E-02
0.21    50.0    600.00    4.4173200E-02    5.2923350E-39    4.4173200E-02
0.21    60.0    600.00    4.0367800E-02    0.0000000E+00    4.0367800E-02
0.21    70.0    600.00    3.6093400E-02    0.0000000E+00    3.6093400E-02
0.21    80.0    600.00    3.1764900E-02    0.0000000E+00    3.1764900E-02
0.21    90.0    600.00    2.6981300E-02    0.0000000E+00    2.6981300E-02
0.21    100.0    600.00    2.2771200E-02    0.0000000E+00    2.2771200E-02
0.21    110.0    600.00    1.9942600E-02    0.0000000E+00    1.9942600E-02
0.21    120.0    600.00    1.7580800E-02    0.0000000E+00    1.7580800E-02
0.21    130.0    600.00    1.5694800E-02    0.0000000E+00    1.5694800E-02
0.21    140.0    600.00    1.4241100E-02    0.0000000E+00    1.4241100E-02
0.21    150.0    600.00    1.3169900E-02    0.0000000E+00    1.3169900E-02
0.21    160.0    600.00    1.2437800E-02    0.0000000E+00    1.2437800E-02
0.21    170.0    600.00    1.2011100E-02    0.0000000E+00    1.2011100E-02
0.21    180.0    600.00    1.1862400E-02    0.0000000E+00    1.1862400E-02
0.22    0.0    600.00    5.0467800E-02    1.4821800E-29    5.0467800E-02
0.22    10.0    600.00    5.0049400E-02    5.2079664E-30    5.0049400E-02
0.22    20.0    600.00    4.8876400E-02    2.8132252E-31    4.8876400E-02
0.22    30.0    600.00    4.6953300E-02    1.2284983E-33    4.6953300E-02
0.22    40.0    600.00    4.4315800E-02    1.2841000E-37    4.4315800E-02
0.22    50.0    600.00    4.1023000E-02    2.3558648E-43    4.1023000E-02
0.22    60.0    600.00    3.7200700E-02    0.0000000E+00    3.7200700E-02
0.22    70.0    600.00    3.3113300E-02    0.0000000E+00    3.3113300E-02
0.22    80.0    600.00    2.9173400E-02    0.0000000E+00    2.9173400E-02
0.22    90.0    600.00    2.4893650E-02    0.0000000E+00    2.4893650E-02
0.22    100.0    600.00    2.1113100E-02    0.0000000E+00    2.1113100E-02
0.22    110.0    600.00    1.8547900E-02    0.0000000E+00    1.8547900E-02
0.22    120.0    600.00    1.6391300E-02    0.0000000E+00    1.6391300E-02
0.22    130.0    600.00    1.4661000E-02    0.0000000E+00    1.4661000E-02
0.22    140.0    600.00    1.3323400E-02    0.0000000E+00    1.3323400E-02
0.22    150.0    600.00    1.2336100E-02    0.0000000E+00    1.2336100E-02
0.22    160.0    600.00    1.1660700E-02    0.0000000E+00    1.1660700E-02
0.22    170.0    600.00    1.1267000E-02    0.0000000E+00    1.1267000E-02
0.22    180.0    600.00    1.1129800E-02    0.0000000E+00    1.1129800E-02
0.23    0.0    600.00    4.7621400E-02    2.3905700E-32    4.7621400E-02
0.23    10.0    600.00    4.7197000E-02    7.5123404E-33    4.7197000E-02
0.23    20.0    600.00    4.6005600E-02    2.9643004E-34    4.6005600E-02
0.23    30.0    600.00    4.4054900E-02    7.2249016E-37    4.4054900E-02
0.23    40.0    600.00    4.1395400E-02    2.8603569E-41    4.1395400E-02
0.23    50.0    600.00    3.8127300E-02    0.0000000E+00    3.8127300E-02
0.23    60.0    600.00    3.4438200E-02    0.0000000E+00    3.4438200E-02
0.23    70.0    600.00    3.0614600E-02    0.0000000E+00    3.0614600E-02
0.23    80.0    600.00    2.7001800E-02    0.0000000E+00    2.7001800E-02
0.23    90.0    600.00    2.3101100E-02    0.0000000E+00    2.3101100E-02
0.23    100.0    600.00    1.9649700E-02    0.0000000E+00    1.9649700E-02
0.23    110.0    600.00    1.7297900E-02    0.0000000E+00    1.7297900E-02
0.23    120.0    600.00    1.5314100E-02    0.0000000E+00    1.5314100E-02
0.23    130.0    600.00    1.3718900E-02    0.0000000E+00    1.3718900E-02
0.23    140.0    600.00    1.2484100E-02    0.0000000E+00    1.2484100E-02
0.23    150.0    600.00    1.1572100E-02    0.0000000E+00    1.1572100E-02
0.23    160.0    600.00    1.0948100E-02    0.0000000E+00    1.0948100E-02
0.23    170.0    600.00    1.0584200E-02    0.0000000E+00    1.0584200E-02
0.23    180.0    600.00    1.0457500E-02    0.0000000E+00    1.0457500E-02
0.24    0.0    600.00    4.4850100E-02    3.8557000E-35    4.4850100E-02
0.24    10.0    600.00    4.4423600E-02    1.0836425E-35    4.4423600E-02
0.24    20.0    600.00    4.3227800E-02    3.1234872E-37    4.3227800E-02
0.24    30.0    600.00    4.1280100E-02    4.2490572E-40    4.1280100E-02
0.24    40.0    600.00    3.8653400E-02    6.7822892E-45    3.8653400E-02
0.24    50.0    600.00    3.5482700E-02    0.0000000E+00    3.5482700E-02
0.24    60.0    600.00    3.1981400E-02    0.0000000E+00    3.1981400E-02
0.24    70.0    600.00    2.8419200E-02    0.0000000E+00    2.8419200E-02
0.24    80.0    600.00    2.5088300E-02    0.0000000E+00    2.5088300E-02
0.24    90.0    600.00    2.1502900E-02    0.0000000E+00    2.1502900E-02
0.24    100.0    600.00    1.8328300E-02    0.0000000E+00    1.8328300E-02
0.24    110.0    600.00    1.6160500E-02    0.0000000E+00    1.6160500E-02
0.24    120.0    600.00    1.4328900E-02    0.0000000E+00    1.4328900E-02
0.24    130.0    600.00    1.2854600E-02    0.0000000E+00    1.2854600E-02
0.24    140.0    600.00    1.1712800E-02    0.0000000E+00    1.1712800E-02
0.24    150.0    600.00    1.0869400E-02    0.0000000E+00    1.0869400E-02
0.24    160.0    600.00    1.0292400E-02    0.0000000E+00    1.0292400E-02
0.24    170.0    600.00    9.9560800E-03    0.0000000E+00    9.9560800E-03
0.24    180.0    600.00    9.8389000E-03    0.0000000E+00    9.8389000E-03
0.25    0.0    600.00    4.2171300E-02    6.2187800E-38    4.2171300E-02
0.25    10.0    600.00    4.1747800E-02    1.5631236E-38    4.1747800E-02
0.25    20.0    600.00    4.0563400E-02    3.2912028E-40    4.0563400E-02
0.25    30.0    600.00    3.8647900E-02    2.4982352E-43    3.8647900E-02
0.25    40.0    600.00    3.6095000E-02    0.0000000E+00    3.6095000E-02
0.25    50.0    600.00    3.3061000E-02    0.0000000E+00    3.3061000E-02
0.25    60.0    600.00    2.9762800E-02    0.0000000E+00    2.9762800E-02
0.25    70.0    600.00    2.6446500E-02    0.0000000E+00    2.6446500E-02
0.25    80.0    600.00    2.3364600E-02    0.0000000E+00    2.3364600E-02
0.25    90.0    600.00    2.0053950E-02    0.0000000E+00    2.0053950E-02
0.25    100.0    600.00    1.7121900E-02    0.0000000E+00    1.7121900E-02
0.25    110.0    600.00    1.5117600E-02    0.0000000E+00    1.5117600E-02
0.25    120.0    600.00    1.3423100E-02    0.0000000E+00    1.3423100E-02
0.25    130.0    600.00    1.2058700E-02    0.0000000E+00    1.2058700E-02
0.25    140.0    600.00    1.1002100E-02    0.0000000E+00    1.1002100E-02
0.25    150.0    600.00    1.0222000E-02    0.0000000E+00    1.0222000E-02
0.25    160.0    600.00    9.6884300E-03    0.0000000E+00    9.6884300E-03
0.25    170.0    600.00    9.3774800E-03    0.0000000E+00    9.3774800E-03
0.25    180.0    600.00    9.2691800E-03    0.0000000E+00    9.2691800E-03
0.26    0.0    600.00    3.9599700E-02    1.0030200E-40    3.9599700E-02
0.26    10.0    600.00    3.9184100E-02    2.2548680E-41    3.9184100E-02
0.26    20.0    600.00    3.8025700E-02    3.4668120E-43    3.8025700E-02
0.26    30.0    600.00    3.6165800E-02    0.0000000E+00    3.6165800E-02
0.26    40.0    600.00    3.3713300E-02    0.0000000E+00    3.3713300E-02
0.26    50.0    600.00    3.0834300E-02    0.0000000E+00    3.0834300E-02
0.26    60.0    600.00    2.7739400E-02    0.0000000E+00    2.7739400E-02
0.26    70.0    600.00    2.4651500E-02    0.0000000E+00    2.4651500E-02
0.26    80.0    600.00    2.1793600E-02    0.0000000E+00    2.1793600E-02
0.26    90.0    600.00    1.8728250E-02    0.0000000E+00    1.8728250E-02
0.26    100.0    600.00    1.6013600E-02    0.0000000E+00    1.6013600E-02
0.26    110.0    600.00    1.4157400E-02    0.0000000E+00    1.4157400E-02
0.26    120.0    600.00    1.2588000E-02    0.0000000E+00    1.2588000E-02
0.26    130.0    600.00    1.1324600E-02    0.0000000E+00    1.1324600E-02
0.26    140.0    600.00    1.0346700E-02    0.0000000E+00    1.0346700E-02
0.26    150.0    600.00    9.6251000E-03    0.0000000E+00    9.6251000E-03
0.26    160.0    600.00    9.1318300E-03    0.0000000E+00    9.1318300E-03
0.26    170.0    600.00    8.8444800E-03    0.0000000E+00    8.8444800E-03
0.26    180.0    600.00    8.7444100E-03    0.0000000E+00    8.7444100E-03
0.27    0.0    600.00    3.7145900E-02    1.6114900E-43    3.7145900E-02
0.27    10.0    600.00    3.6742500E-02    3.1893576E-44    3.6742500E-02
0.27    20.0    600.00    3.5621600E-02    0.0000000E+00    3.5621600E-02
0.27    30.0    600.00    3.3833700E-02    0.0000000E+00    3.3833700E-02
0.27    40.0    600.00    3.1497000E-02    0.0000000E+00    3.1497000E-02
0.27    50.0    600.00    2.8779600E-02    0.0000000E+00    2.8779600E-02
0.27    60.0    600.00    2.5881500E-02    0.0000000E+00    2.5881500E-02
0.27    70.0    600.00    2.3005800E-02    0.0000000E+00    2.3005800E-02
0.27    80.0    600.00    2.0351800E-02    0.0000000E+00    2.0351800E-02
0.27    90.0    600.00    1.7508750E-02    0.0000000E+00    1.7508750E-02
0.27    100.0    600.00    1.4991700E-02    0.0000000E+00    1.4991700E-02
0.27    110.0    600.00    1.3271100E-02    0.0000000E+00    1.3271100E-02
0.27    120.0    600.00    1.1816800E-02    0.0000000E+00    1.1816800E-02
0.27    130.0    600.00    1.0646900E-02    0.0000000E+00    1.0646900E-02
0.27    140.0    600.00    9.7420700E-03    0.0000000E+00    9.7420700E-03
0.27    150.0    600.00    9.0748800E-03    0.0000000E+00    9.0748800E-03
0.27    160.0    600.00    8.6191000E-03    0.0000000E+00    8.6191000E-03
0.27    170.0    600.00    8.3536800E-03    0.0000000E+00    8.3536800E-03
0.27    180.0    600.00    8.2612600E-03    0.0000000E+00    8.2612600E-03
0.28    0.0    600.00    3.4816100E-02    0.0000000E+00    3.4816100E-02
0.28    10.0    600.00    3.4428200E-02    0.0000000E+00    3.4428200E-02
0.28    20.0    600.00    3.3353100E-02    0.0000000E+00    3.3353100E-02
0.28    30.0    600.00    3.1647600E-02    0.0000000E+00    3.1647600E-02
0.28    40.0    600.00    2.9434100E-02    0.0000000E+00    2.9434100E-02
0.28    50.0    600.00    2.6878200E-02    0.0000000E+00    2.6878200E-02
0.28    60.0    600.00    2.4168100E-02    0.0000000E+00    2.4168100E-02
0.28    70.0    600.00    2.1489400E-02    0.0000000E+00    2.1489400E-02
0.28    80.0    600.00    1.9022600E-02    0.0000000E+00    1.9022600E-02
0.28    90.0    600.00    1.6383050E-02    0.0000000E+00    1.6383050E-02
0.28    100.0    600.00    1.4047400E-02    0.0000000E+00    1.4047400E-02
0.28    110.0    600.00    1.2451900E-02    0.0000000E+00    1.2451900E-02
0.28    120.0    600.00    1.1104300E-02    0.0000000E+00    1.1104300E-02
0.28    130.0    600.00    1.0021300E-02    0.0000000E+00    1.0021300E-02
0.28    140.0    600.00    9.1845300E-03    0.0000000E+00    9.1845300E-03
0.28    150.0    600.00    8.5680600E-03    0.0000000E+00    8.5680600E-03
0.28    160.0    600.00    8.1471600E-03    0.0000000E+00    8.1471600E-03
0.28    170.0    600.00    7.9021300E-03    0.0000000E+00    7.9021300E-03
0.28    180.0    600.00    7.8168100E-03    0.0000000E+00    7.8168100E-03
0.29    0.0    600.00    3.2613400E-02    0.0000000E+00    3.2613400E-02
0.29    10.0    600.00    3.2243000E-02    0.0000000E+00    3.2243000E-02
0.29    20.0    600.00    3.1218800E-02    0.0000000E+00    3.1218800E-02
0.29    30.0    600.00    2.9601300E-02    0.0000000E+00    2.9601300E-02
0.29    40.0    600.00    2.7513300E-02    0.0000000E+00    2.7513300E-02
0.29    50.0    600.00    2.5115100E-02    0.0000000E+00    2.5115100E-02
0.29    60.0    600.00    2.2583200E-02    0.0000000E+00    2.2583200E-02
0.29    70.0    600.00    2.0087700E-02    0.0000000E+00    2.0087700E-02
0.29    80.0    600.00    1.7793700E-02    0.0000000E+00    1.7793700E-02
0.29    90.0    600.00    1.5341950E-02    0.0000000E+00    1.5341950E-02
0.29    100.0    600.00    1.3173900E-02    0.0000000E+00    1.3173900E-02
0.29    110.0    600.00    1.1694300E-02    0.0000000E+00    1.1694300E-02
0.29    120.0    600.00    1.0446100E-02    0.0000000E+00    1.0446100E-02
0.29    130.0    600.00    9.4441800E-03    0.0000000E+00    9.4441800E-03
0.29    140.0    600.00    8.6709600E-03    0.0000000E+00    8.6709600E-03
0.29    150.0    600.00    8.1017800E-03    0.0000000E+00    8.1017800E-03
0.29    160.0    600.00    7.7133200E-03    0.0000000E+00    7.7133200E-03
0.29    170.0    600.00    7.4871600E-03    0.0000000E+00    7.4871600E-03
0.29    180.0    600.00    7.4084100E-03    0.0000000E+00    7.4084100E-03
0.30    0.0    600.00    3.0537300E-02    0.0000000E+00    3.0537300E-02
0.30    10.0    600.00    3.0185800E-02    0.0000000E+00    3.0185800E-02
0.30    20.0    600.00    2.9215200E-02    0.0000000E+00    2.9215200E-02
0.30    30.0    600.00    2.7687700E-02    0.0000000E+00    2.7687700E-02
0.30    40.0    600.00    2.5724200E-02    0.0000000E+00    2.5724200E-02
0.30    50.0    600.00    2.3477900E-02    0.0000000E+00    2.3477900E-02
0.30    60.0    600.00    2.1114000E-02    0.0000000E+00    2.1114000E-02
0.30    70.0    600.00    1.8789400E-02    0.0000000E+00    1.8789400E-02
0.30    80.0    600.00    1.6655600E-02    0.0000000E+00    1.6655600E-02
0.30    90.0    600.00    1.4377800E-02    0.0000000E+00    1.4377800E-02
0.30    100.0    600.00    1.2365400E-02    0.0000000E+00    1.2365400E-02
0.30    110.0    600.00    1.0993900E-02    0.0000000E+00    1.0993900E-02
0.30    120.0    600.00    9.8385700E-03    0.0000000E+00    9.8385700E-03
0.30    130.0    600.00    8.9124700E-03    0.0000000E+00    8.9124700E-03
0.30    140.0    600.00    8.1986500E-03    0.0000000E+00    8.1986500E-03
0.30    150.0    600.00    7.6735100E-03    0.0000000E+00    7.6735100E-03
0.30    160.0    600.00    7.3150700E-03    0.0000000E+00    7.3150700E-03
0.30    170.0    600.00    7.1062900E-03    0.0000000E+00    7.1062900E-03
0.30    180.0    600.00    7.0335700E-03    0.0000000E+00    7.0335700E-03
0.31    0.0    600.00    2.8585700E-02    0.0000000E+00    2.8585700E-02
0.31    10.0    600.00    2.8253500E-02    0.0000000E+00    2.8253500E-02
0.31    20.0    600.00    2.7337500E-02    0.0000000E+00    2.7337500E-02
0.31    30.0    600.00    2.5899700E-02    0.0000000E+00    2.5899700E-02
0.31    40.0    600.00    2.4057300E-02    0.0000000E+00    2.4057300E-02
0.31    50.0    600.00    2.1956100E-02    0.0000000E+00    2.1956100E-02
0.31    60.0    600.00    1.9750300E-02    0.0000000E+00    1.9750300E-02
0.31    70.0    600.00    1.7585100E-02    0.0000000E+00    1.7585100E-02
0.31    80.0    600.00    1.5600300E-02    0.0000000E+00    1.5600300E-02
0.31    90.0    600.00    1.3484500E-02    0.0000000E+00    1.3484500E-02
0.31    100.0    600.00    1.1617200E-02    0.0000000E+00    1.1617200E-02
0.31    110.0    600.00    1.0346900E-02    0.0000000E+00    1.0346900E-02
0.31    120.0    600.00    9.2785200E-03    0.0000000E+00    9.2785200E-03
0.31    130.0    600.00    8.4235300E-03    0.0000000E+00    8.4235300E-03
0.31    140.0    600.00    7.7652200E-03    0.0000000E+00    7.7652200E-03
0.31    150.0    600.00    7.2809400E-03    0.0000000E+00    7.2809400E-03
0.31    160.0    600.00    6.9500900E-03    0.0000000E+00    6.9500900E-03
0.31    170.0    600.00    6.7571300E-03    0.0000000E+00    6.7571300E-03
0.31    180.0    600.00    6.6898600E-03    0.0000000E+00    6.6898600E-03
0.32    0.0    600.00    2.6754600E-02    0.0000000E+00    2.6754600E-02
0.32    10.0    600.00    2.6441600E-02    0.0000000E+00    2.6441600E-02
0.32    20.0    600.00    2.5579800E-02    0.0000000E+00    2.5579800E-02
0.32    30.0    600.00    2.4229800E-02    0.0000000E+00    2.4229800E-02
0.32    40.0    600.00    2.2504100E-02    0.0000000E+00    2.2504100E-02
0.32    50.0    600.00    2.0540500E-02    0.0000000E+00    2.0540500E-02
0.32    60.0    600.00    1.8483300E-02    0.0000000E+00    1.8483300E-02
0.32    70.0    600.00    1.6467200E-02    0.0000000E+00    1.6467200E-02
0.32    80.0    600.00    1.4621500E-02    0.0000000E+00    1.4621500E-02
0.32    90.0    600.00    1.2656850E-02    0.0000000E+00    1.2656850E-02
0.32    100.0    600.00    1.0925400E-02    0.0000000E+00    1.0925400E-02
0.32    110.0    600.00    9.7499700E-03    0.0000000E+00    9.7499700E-03
0.32    120.0    600.00    8.7634100E-03    0.0000000E+00    8.7634100E-03
0.32    130.0    600.00    7.9751700E-03    0.0000000E+00    7.9751700E-03
0.32    140.0    600.00    7.3685900E-03    0.0000000E+00    7.3685900E-03
0.32    150.0    600.00    6.9219400E-03    0.0000000E+00    6.9219400E-03
0.32    160.0    600.00    6.6161100E-03    0.0000000E+00    6.6161100E-03
0.32    170.0    600.00    6.4372900E-03    0.0000000E+00    6.4372900E-03
0.32    180.0    600.00    6.3748600E-03    0.0000000E+00    6.3748600E-03
0.33    0.0    600.00    2.5039100E-02    0.0000000E+00    2.5039100E-02
0.33    10.0    600.00    2.4745100E-02    0.0000000E+00    2.4745100E-02
0.33    20.0    600.00    2.3936100E-02    0.0000000E+00    2.3936100E-02
0.33    30.0    600.00    2.2670900E-02    0.0000000E+00    2.2670900E-02
0.33    40.0    600.00    2.1056700E-02    0.0000000E+00    2.1056700E-02
0.33    50.0    600.00    1.9223400E-02    0.0000000E+00    1.9223400E-02
0.33    60.0    600.00    1.7305800E-02    0.0000000E+00    1.7305800E-02
0.33    70.0    600.00    1.5429200E-02    0.0000000E+00    1.5429200E-02
0.33    80.0    600.00    1.3713500E-02    0.0000000E+00    1.3713500E-02
0.33    90.0    600.00    1.1890550E-02    0.0000000E+00    1.1890550E-02
0.33    100.0    600.00    1.0286600E-02    0.0000000E+00    1.0286600E-02
0.33    110.0    600.00    9.2006400E-03    0.0000000E+00    9.2006400E-03
0.33    120.0    600.00    8.2911800E-03    0.0000000E+00    8.2911800E-03
0.33    130.0    600.00    7.5655700E-03    0.0000000E+00    7.5655700E-03
0.33    140.0    600.00    7.0069400E-03    0.0000000E+00    7.0069400E-03
0.33    150.0    600.00    6.5944700E-03    0.0000000E+00    6.5944700E-03
0.33    160.0    600.00    6.3108300E-03    0.0000000E+00    6.3108300E-03
0.33    170.0    600.00    6.1442900E-03    0.0000000E+00    6.1442900E-03
0.33    180.0    600.00    6.0860200E-03    0.0000000E+00    6.0860200E-03
0.34    0.0    600.00    2.3434000E-02    0.0000000E+00    2.3434000E-02
0.34    10.0    600.00    2.3158300E-02    0.0000000E+00    2.3158300E-02
0.34    20.0    600.00    2.2400400E-02    0.0000000E+00    2.2400400E-02
0.34    30.0    600.00    2.1216400E-02    0.0000000E+00    2.1216400E-02
0.34    40.0    600.00    1.9708100E-02    0.0000000E+00    1.9708100E-02
0.34    50.0    600.00    1.7997700E-02    0.0000000E+00    1.7997700E-02
0.34    60.0    600.00    1.6211300E-02    0.0000000E+00    1.6211300E-02
0.34    70.0    600.00    1.4465400E-02    0.0000000E+00    1.4465400E-02
0.34    80.0    600.00    1.2871700E-02    0.0000000E+00    1.2871700E-02
0.34    90.0    600.00    1.1181850E-02    0.0000000E+00    1.1181850E-02
0.34    100.0    600.00    9.6982300E-03    0.0000000E+00    9.6982300E-03
0.34    110.0    600.00    8.6969300E-03    0.0000000E+00    8.6969300E-03
0.34    120.0    600.00    7.8603700E-03    0.0000000E+00    7.8603700E-03
0.34    130.0    600.00    7.1933900E-03    0.0000000E+00    7.1933900E-03
0.34    140.0    600.00    6.6786800E-03    0.0000000E+00    6.6786800E-03
0.34    150.0    600.00    6.2964900E-03    0.0000000E+00    6.2964900E-03
0.34    160.0    600.00    6.0318200E-03    0.0000000E+00    6.0318200E-03
0.34    170.0    600.00    5.8754800E-03    0.0000000E+00    5.8754800E-03
0.34    180.0    600.00    5.8206200E-03    0.0000000E+00    5.8206200E-03
0.35    0.0    600.00    2.1933600E-02    0.0000000E+00    2.1933600E-02
0.35    10.0    600.00    2.1675600E-02    0.0000000E+00    2.1675600E-02
0.35    20.0    600.00    2.0966400E-02    0.0000000E+00    2.0966400E-02
0.35    30.0    600.00    1.9859800E-02    0.0000000E+00    1.9859800E-02
0.35    40.0    600.00    1.8451800E-02    0.0000000E+00    1.8451800E-02
0.35    50.0    600.00    1.6857200E-02    0.0000000E+00    1.6857200E-02
0.35    60.0    600.00    1.5194100E-02    0.0000000E+00    1.5194100E-02
0.35    70.0    600.00    1.3571100E-02    0.0000000E+00    1.3571100E-02
0.35    80.0    600.00    1.2092000E-02    0.0000000E+00    1.2092000E-02
0.35    90.0    600.00    1.0527900E-02    0.0000000E+00    1.0527900E-02
0.35    100.0    600.00    9.1584100E-03    0.0000000E+00    9.1584100E-03
0.35    110.0    600.00    8.2377100E-03    0.0000000E+00    8.2377100E-03
0.35    120.0    600.00    7.4702400E-03    0.0000000E+00    7.4702400E-03
0.35    130.0    600.00    6.8577600E-03    0.0000000E+00    6.8577600E-03
0.35    140.0    600.00    6.3823100E-03    0.0000000E+00    6.3823100E-03
0.35    150.0    600.00    6.0257900E-03    0.0000000E+00    6.0257900E-03
0.35    160.0    600.00    5.7763800E-03    0.0000000E+00    5.7763800E-03
0.35    170.0    600.00    5.6279500E-03    0.0000000E+00    5.6279500E-03
0.35    180.0    600.00    5.5756800E-03    0.0000000E+00    5.5756800E-03
0.36    0.0    600.00    2.0532200E-02    0.0000000E+00    2.0532200E-02
0.36    10.0    600.00    2.0291000E-02    0.0000000E+00    2.0291000E-02
0.36    20.0    600.00    1.9628300E-02    0.0000000E+00    1.9628300E-02
0.36    30.0    600.00    1.8595100E-02    0.0000000E+00    1.8595100E-02
0.36    40.0    600.00    1.7281900E-02    0.0000000E+00    1.7281900E-02
0.36    50.0    600.00    1.5796500E-02    0.0000000E+00    1.5796500E-02
0.36    60.0    600.00    1.4249300E-02    0.0000000E+00    1.4249300E-02
0.36    70.0    600.00    1.2741900E-02    0.0000000E+00    1.2741900E-02
0.36    80.0    600.00    1.1371100E-02    0.0000000E+00    1.1371100E-02
0.36    90.0    600.00    9.9267400E-03    0.0000000E+00    9.9267400E-03
0.36    100.0    600.00    8.6663300E-03    0.0000000E+00    8.6663300E-03
0.36    110.0    600.00    7.8230300E-03    0.0000000E+00    7.8230300E-03
0.36    120.0    600.00    7.1211300E-03    0.0000000E+00    7.1211300E-03
0.36    130.0    600.00    6.5583700E-03    0.0000000E+00    6.5583700E-03
0.36    140.0    600.00    6.1162500E-03    0.0000000E+00    6.1162500E-03
0.36    150.0    600.00    5.7797300E-03    0.0000000E+00    5.7797300E-03
0.36    160.0    600.00    5.5413800E-03    0.0000000E+00    5.5413800E-03
0.36    170.0    600.00    5.3984400E-03    0.0000000E+00    5.3984400E-03
0.36    180.0    600.00    5.3479500E-03    0.0000000E+00    5.3479500E-03
0.37    0.0    600.00    1.9224500E-02    0.0000000E+00    1.9224500E-02
0.37    10.0    600.00    1.8999200E-02    0.0000000E+00    1.8999200E-02
0.37    20.0    600.00    1.8380600E-02    0.0000000E+00    1.8380600E-02
0.37    30.0    600.00    1.7416800E-02    0.0000000E+00    1.7416800E-02
0.37    40.0    600.00    1.6193100E-02    0.0000000E+00    1.6193100E-02
0.37    50.0    600.00    1.4810600E-02    0.0000000E+00    1.4810600E-02
0.37    60.0    600.00    1.3372700E-02    0.0000000E+00    1.3372700E-02
0.37    70.0    600.00    1.1974700E-02    0.0000000E+00    1.1974700E-02
0.37    80.0    600.00    1.0706900E-02    0.0000000E+00    1.0706900E-02
0.37    90.0    600.00    9.3775350E-03    0.0000000E+00    9.3775350E-03
0.37    100.0    600.00    8.2231300E-03    0.0000000E+00    8.2231300E-03
0.37    110.0    600.00    7.4551900E-03    0.0000000E+00    7.4551900E-03
0.37    120.0    600.00    6.8151800E-03    0.0000000E+00    6.8151800E-03
0.37    130.0    600.00    6.2954300E-03    0.0000000E+00    6.2954300E-03
0.37    140.0    600.00    5.8783900E-03    0.0000000E+00    5.8783900E-03
0.37    150.0    600.00    5.5548900E-03    0.0000000E+00    5.5548900E-03
0.37    160.0    600.00    5.3231400E-03    0.0000000E+00    5.3231400E-03
0.37    170.0    600.00    5.1834400E-03    0.0000000E+00    5.1834400E-03
0.37    180.0    600.00    5.1340300E-03    0.0000000E+00    5.1340300E-03
0.38    0.0    600.00    1.8005100E-02    0.0000000E+00    1.8005100E-02
0.38    10.0    600.00    1.7795000E-02    0.0000000E+00    1.7795000E-02
0.38    20.0    600.00    1.7218100E-02    0.0000000E+00    1.7218100E-02
0.38    30.0    600.00    1.6319900E-02    0.0000000E+00    1.6319900E-02
0.38    40.0    600.00    1.5180700E-02    0.0000000E+00    1.5180700E-02
0.38    50.0    600.00    1.3895300E-02    0.0000000E+00    1.3895300E-02
0.38    60.0    600.00    1.2561000E-02    0.0000000E+00    1.2561000E-02
0.38    70.0    600.00    1.1267100E-02    0.0000000E+00    1.1267100E-02
0.38    80.0    600.00    1.0098600E-02    0.0000000E+00    1.0098600E-02
0.38    90.0    600.00    8.8824700E-03    0.0000000E+00    8.8824700E-03
0.38    100.0    600.00    7.8341900E-03    0.0000000E+00    7.8341900E-03
0.38    110.0    600.00    7.1412900E-03    0.0000000E+00    7.1412900E-03
0.38    120.0    600.00    6.5573800E-03    0.0000000E+00    6.5573800E-03
0.38    130.0    600.00    6.0687000E-03    0.0000000E+00    6.0687000E-03
0.38    140.0    600.00    5.6647700E-03    0.0000000E+00    5.6647700E-03
0.38    150.0    600.00    5.3465000E-03    0.0000000E+00    5.3465000E-03
0.38    160.0    600.00    5.1174200E-03    0.0000000E+00    5.1174200E-03
0.38    170.0    600.00    4.9792800E-03    0.0000000E+00    4.9792800E-03
0.38    180.0    600.00    4.9304400E-03    0.0000000E+00    4.9304400E-03
0.39    0.0    600.00    1.6869100E-02    0.0000000E+00    1.6869100E-02
0.39    10.0    600.00    1.6673400E-02    0.0000000E+00    1.6673400E-02
0.39    20.0    600.00    1.6136000E-02    0.0000000E+00    1.6136000E-02
0.39    30.0    600.00    1.5299900E-02    0.0000000E+00    1.5299900E-02
0.39    40.0    600.00    1.4240600E-02    0.0000000E+00    1.4240600E-02
0.39    50.0    600.00    1.3047500E-02    0.0000000E+00    1.3047500E-02
0.39    60.0    600.00    1.1812100E-02    0.0000000E+00    1.1812100E-02
0.39    70.0    600.00    1.0619200E-02    0.0000000E+00    1.0619200E-02
0.39    80.0    600.00    9.5494400E-03    0.0000000E+00    9.5494400E-03
0.39    90.0    600.00    8.4520150E-03    0.0000000E+00    8.4520150E-03
0.39    100.0    600.00    7.5193200E-03    0.0000000E+00    7.5193200E-03
0.39    110.0    600.00    6.9025000E-03    0.0000000E+00    6.9025000E-03
0.39    120.0    600.00    6.3557000E-03    0.0000000E+00    6.3557000E-03
0.39    130.0    600.00    5.8735300E-03    0.0000000E+00    5.8735300E-03
0.39    140.0    600.00    5.4676700E-03    0.0000000E+00    5.4676700E-03
0.39    150.0    600.00    5.1483400E-03    0.0000000E+00    5.1483400E-03
0.39    160.0    600.00    4.9197000E-03    0.0000000E+00    4.9197000E-03
0.39    170.0    600.00    4.7823900E-03    0.0000000E+00    4.7823900E-03
0.39    180.0    600.00    4.7339300E-03    0.0000000E+00    4.7339300E-03
0.40    0.0    600.00    1.5813600E-02    0.0000000E+00    1.5813600E-02
0.40    10.0    600.00    1.5631600E-02    0.0000000E+00    1.5631600E-02
0.40    20.0    600.00    1.5132000E-02    0.0000000E+00    1.5132000E-02
0.40    30.0    600.00    1.4355600E-02    0.0000000E+00    1.4355600E-02
0.40    40.0    600.00    1.3373500E-02    0.0000000E+00    1.3373500E-02
0.40    50.0    600.00    1.2270600E-02    0.0000000E+00    1.2270600E-02
0.40    60.0    600.00    1.1134700E-02    0.0000000E+00    1.1134700E-02
0.40    70.0    600.00    1.0050600E-02    0.0000000E+00    1.0050600E-02
0.40    80.0    600.00    9.1097400E-03    0.0000000E+00    9.1097400E-03
0.40    90.0    600.00    8.2282150E-03    0.0000000E+00    8.2282150E-03
0.40    100.0    600.00    7.4114600E-03    0.0000000E+00    7.4114600E-03
0.40    110.0    600.00    6.7746600E-03    0.0000000E+00    6.7746600E-03
0.40    120.0    600.00    6.1893200E-03    0.0000000E+00    6.1893200E-03
0.40    130.0    600.00    5.6844100E-03    0.0000000E+00    5.6844100E-03
0.40    140.0    600.00    5.2702300E-03    0.0000000E+00    5.2702300E-03
0.40    150.0    600.00    4.9495300E-03    0.0000000E+00    4.9495300E-03
0.40    160.0    600.00    4.7219500E-03    0.0000000E+00    4.7219500E-03
0.40    170.0    600.00    4.5859000E-03    0.0000000E+00    4.5859000E-03
0.40    180.0    600.00    4.5379600E-03    0.0000000E+00    4.5379600E-03
0.41    0.0    600.00    1.4865200E-02    0.0000000E+00    1.4865200E-02
0.41    10.0    600.00    1.4698600E-02    0.0000000E+00    1.4698600E-02
0.41    20.0    600.00    1.4241800E-02    0.0000000E+00    1.4241800E-02
0.41    30.0    600.00    1.3534100E-02    0.0000000E+00    1.3534100E-02
0.41    40.0    600.00    1.2644400E-02    0.0000000E+00    1.2644400E-02
0.41    50.0    600.00    1.1656400E-02    0.0000000E+00    1.1656400E-02
0.41    60.0    600.00    1.0657500E-02    0.0000000E+00    1.0657500E-02
0.41    70.0    600.00    9.7196100E-03    0.0000000E+00    9.7196100E-03
0.41    80.0    600.00    8.8787700E-03    0.0000000E+00    8.8787700E-03
0.41    90.0    600.00    7.9492300E-03    0.0000000E+00    7.9492300E-03
0.41    100.0    600.00    7.0838500E-03    0.0000000E+00    7.0838500E-03
0.41    110.0    600.00    6.4469000E-03    0.0000000E+00    6.4469000E-03
0.41    120.0    600.00    5.8735700E-03    0.0000000E+00    5.8735700E-03
0.41    130.0    600.00    5.3841100E-03    0.0000000E+00    5.3841100E-03
0.41    140.0    600.00    4.9847100E-03    0.0000000E+00    4.9847100E-03
0.41    150.0    600.00    4.6763200E-03    0.0000000E+00    4.6763200E-03
0.41    160.0    600.00    4.4577800E-03    0.0000000E+00    4.4577800E-03
0.41    170.0    600.00    4.3272300E-03    0.0000000E+00    4.3272300E-03
0.41    180.0    600.00    4.2812400E-03    0.0000000E+00    4.2812400E-03
0.42    0.0    600.00    1.3993700E-02    0.0000000E+00    1.3993700E-02
0.42    10.0    600.00    1.3841600E-02    0.0000000E+00    1.3841600E-02
0.42    20.0    600.00    1.3425000E-02    0.0000000E+00    1.3425000E-02
0.42    30.0    600.00    1.2781700E-02    0.0000000E+00    1.2781700E-02
0.42    40.0    600.00    1.1976400E-02    0.0000000E+00    1.1976400E-02
0.42    50.0    600.00    1.1084600E-02    0.0000000E+00    1.1084600E-02
0.42    60.0    600.00    1.0176300E-02    0.0000000E+00    1.0176300E-02
0.42    70.0    600.00    9.2992300E-03    0.0000000E+00    9.2992300E-03
0.42    80.0    600.00    8.4859700E-03    0.0000000E+00    8.4859700E-03
0.42    90.0    600.00    7.5756600E-03    0.0000000E+00    7.5756600E-03
0.42    100.0    600.00    6.7309100E-03    0.0000000E+00    6.7309100E-03
0.42    110.0    600.00    6.1137800E-03    0.0000000E+00    6.1137800E-03
0.42    120.0    600.00    5.5610300E-03    0.0000000E+00    5.5610300E-03
0.42    130.0    600.00    5.0906500E-03    0.0000000E+00    5.0906500E-03
0.42    140.0    600.00    4.7075400E-03    0.0000000E+00    4.7075400E-03
0.42    150.0    600.00    4.4120100E-03    0.0000000E+00    4.4120100E-03
0.42    160.0    600.00    4.2026900E-03    0.0000000E+00    4.2026900E-03
0.42    170.0    600.00    4.0776700E-03    0.0000000E+00    4.0776700E-03
0.42    180.0    600.00    4.0336300E-03    0.0000000E+00    4.0336300E-03
0.43    0.0    600.00    1.3190500E-02    0.0000000E+00    1.3190500E-02
0.43    10.0    600.00    1.3051600E-02    0.0000000E+00    1.3051600E-02
0.43    20.0    600.00    1.2671800E-02    0.0000000E+00    1.2671800E-02
0.43    30.0    600.00    1.2085700E-02    0.0000000E+00    1.2085700E-02
0.43    40.0    600.00    1.1351400E-02    0.0000000E+00    1.1351400E-02
0.43    50.0    600.00    1.0533400E-02    0.0000000E+00    1.0533400E-02
0.43    60.0    600.00    9.6879600E-03    0.0000000E+00    9.6879600E-03
0.43    70.0    600.00    8.8559200E-03    0.0000000E+00    8.8559200E-03
0.43    80.0    600.00    8.0742100E-03    0.0000000E+00    8.0742100E-03
0.43    90.0    600.00    7.1957100E-03    0.0000000E+00    7.1957100E-03
0.43    100.0    600.00    6.3814300E-03    0.0000000E+00    6.3814300E-03
0.43    110.0    600.00    5.7882400E-03    0.0000000E+00    5.7882400E-03
0.43    120.0    600.00    5.2580400E-03    0.0000000E+00    5.2580400E-03
0.43    130.0    600.00    4.8074400E-03    0.0000000E+00    4.8074400E-03
0.43    140.0    600.00    4.4407000E-03    0.0000000E+00    4.4407000E-03
0.43    150.0    600.00    4.1578800E-03    0.0000000E+00    4.1578800E-03
0.43    160.0    600.00    3.9575700E-03    0.0000000E+00    3.9575700E-03
0.43    170.0    600.00    3.8379300E-03    0.0000000E+00    3.8379300E-03
0.43    180.0    600.00    3.7957800E-03    0.0000000E+00    3.7957800E-03
0.44    0.0    600.00    1.2447500E-02    0.0000000E+00    1.2447500E-02
0.44    10.0    600.00    1.2320500E-02    0.0000000E+00    1.2320500E-02
0.44    20.0    600.00    1.1973000E-02    0.0000000E+00    1.1973000E-02
0.44    30.0    600.00    1.1435800E-02    0.0000000E+00    1.1435800E-02
0.44    40.0    600.00    1.0759900E-02    0.0000000E+00    1.0759900E-02
0.44    50.0    600.00    1.0000300E-02    0.0000000E+00    1.0000300E-02
0.44    60.0    600.00    9.2052700E-03    0.0000000E+00    9.2052700E-03
0.44    70.0    600.00    8.4139600E-03    0.0000000E+00    8.4139600E-03
0.44    80.0    600.00    7.6655700E-03    0.0000000E+00    7.6655700E-03
0.44    90.0    600.00    6.8227850E-03    0.0000000E+00    6.8227850E-03
0.44    100.0    600.00    6.0419200E-03    0.0000000E+00    6.0419200E-03
0.44    110.0    600.00    5.4737700E-03    0.0000000E+00    5.4737700E-03
0.44    120.0    600.00    4.9663700E-03    0.0000000E+00    4.9663700E-03
0.44    130.0    600.00    4.5353700E-03    0.0000000E+00    4.5353700E-03
0.44    140.0    600.00    4.1846100E-03    0.0000000E+00    4.1846100E-03
0.44    150.0    600.00    3.9141000E-03    0.0000000E+00    3.9141000E-03
0.44    160.0    600.00    3.7224600E-03    0.0000000E+00    3.7224600E-03
0.44    170.0    600.00    3.6079800E-03    0.0000000E+00    3.6079800E-03
0.44    180.0    600.00    3.5676500E-03    0.0000000E+00    3.5676500E-03
0.45    0.0    600.00    1.1757400E-02    0.0000000E+00    1.1757400E-02
0.45    10.0    600.00    1.1640700E-02    0.0000000E+00    1.1640700E-02
0.45    20.0    600.00    1.1320900E-02    0.0000000E+00    1.1320900E-02
0.45    30.0    600.00    1.0825100E-02    0.0000000E+00    1.0825100E-02
0.45    40.0    600.00    1.0197700E-02    0.0000000E+00    1.0197700E-02
0.45    50.0    600.00    9.4865400E-03    0.0000000E+00    9.4865400E-03
0.45    60.0    600.00    8.7355000E-03    0.0000000E+00    8.7355000E-03
0.45    70.0    600.00    7.9825900E-03    0.0000000E+00    7.9825900E-03
0.45    80.0    600.00    7.2677300E-03    0.0000000E+00    7.2677300E-03
0.45    90.0    600.00    6.4616200E-03    0.0000000E+00    6.4616200E-03
0.45    100.0    600.00    5.7147500E-03    0.0000000E+00    5.7147500E-03
0.45    110.0    600.00    5.1715600E-03    0.0000000E+00    5.1715600E-03
0.45    120.0    600.00    4.6865600E-03    0.0000000E+00    4.6865600E-03
0.45    130.0    600.00    4.2745700E-03    0.0000000E+00    4.2745700E-03
0.45    140.0    600.00    3.9392100E-03    0.0000000E+00    3.9392100E-03
0.45    150.0    600.00    3.6804800E-03    0.0000000E+00    3.6804800E-03
0.45    160.0    600.00    3.4971100E-03    0.0000000E+00    3.4971100E-03
0.45    170.0    600.00    3.3875300E-03    0.0000000E+00    3.3875300E-03
0.45    180.0    600.00    3.3489200E-03    0.0000000E+00    3.3489200E-03
0.46    0.0    600.00    1.1113500E-02    0.0000000E+00    1.1113500E-02
0.46    10.0    600.00    1.1005600E-02    0.0000000E+00    1.1005600E-02
0.46    20.0    600.00    1.0709600E-02    0.0000000E+00    1.0709600E-02
0.46    30.0    600.00    1.0248900E-02    0.0000000E+00    1.0248900E-02
0.46    40.0    600.00    9.6626200E-03    0.0000000E+00    9.6626200E-03
0.46    50.0    600.00    8.9934700E-03    0.0000000E+00    8.9934700E-03
0.46    60.0    600.00    8.2822000E-03    0.0000000E+00    8.2822000E-03
0.46    70.0    600.00    7.5658200E-03    0.0000000E+00    7.5658200E-03
0.46    80.0    600.00    6.8839100E-03    0.0000000E+00    6.8839100E-03
0.46    90.0    600.00    6.1141250E-03    0.0000000E+00    6.1141250E-03
0.46    100.0    600.00    5.4007800E-03    0.0000000E+00    5.4007800E-03
0.46    110.0    600.00    4.8819300E-03    0.0000000E+00    4.8819300E-03
0.46    120.0    600.00    4.4185800E-03    0.0000000E+00    4.4185800E-03
0.46    130.0    600.00    4.0248400E-03    0.0000000E+00    4.0248400E-03
0.46    140.0    600.00    3.7041800E-03    0.0000000E+00    3.7041800E-03
0.46    150.0    600.00    3.4566400E-03    0.0000000E+00    3.4566400E-03
0.46    160.0    600.00    3.2811200E-03    0.0000000E+00    3.2811200E-03
0.46    170.0    600.00    3.1761800E-03    0.0000000E+00    3.1761800E-03
0.46    180.0    600.00    3.1392000E-03    0.0000000E+00    3.1392000E-03
0.47    0.0    600.00    1.0510200E-02    0.0000000E+00    1.0510200E-02
0.47    10.0    600.00    1.0409900E-02    0.0000000E+00    1.0409900E-02
0.47    20.0    600.00    1.0134300E-02    0.0000000E+00    1.0134300E-02
0.47    30.0    600.00    9.7038100E-03    0.0000000E+00    9.7038100E-03
0.47    40.0    600.00    9.1532700E-03    0.0000000E+00    9.1532700E-03
0.47    50.0    600.00    8.5215900E-03    0.0000000E+00    8.5215900E-03
0.47    60.0    600.00    7.8470300E-03    0.0000000E+00    7.8470300E-03
0.47    70.0    600.00    7.1654200E-03    0.0000000E+00    7.1654200E-03
0.47    80.0    600.00    6.5154300E-03    0.0000000E+00    6.5154300E-03
0.47    90.0    600.00    5.7809850E-03    0.0000000E+00    5.7809850E-03
0.47    100.0    600.00    5.1001500E-03    0.0000000E+00    5.1001500E-03
0.47    110.0    600.00    4.6047400E-03    0.0000000E+00    4.6047400E-03
0.47    120.0    600.00    4.1621200E-03    0.0000000E+00    4.1621200E-03
0.47    130.0    600.00    3.7857800E-03    0.0000000E+00    3.7857800E-03
0.47    140.0    600.00    3.4790700E-03    0.0000000E+00    3.4790700E-03
0.47    150.0    600.00    3.2421300E-03    0.0000000E+00    3.2421300E-03
0.47    160.0    600.00    3.0740100E-03    0.0000000E+00    3.0740100E-03
0.47    170.0    600.00    2.9734600E-03    0.0000000E+00    2.9734600E-03
0.47    180.0    600.00    2.9380100E-03    0.0000000E+00    2.9380100E-03
0.48    0.0    600.00    9.9431800E-03    0.0000000E+00    9.9431800E-03
0.48    10.0    600.00    9.8494300E-03    0.0000000E+00    9.8494300E-03
0.48    20.0    600.00    9.5914400E-03    0.0000000E+00    9.5914400E-03
0.48    30.0    600.00    9.1873500E-03    0.0000000E+00    9.1873500E-03
0.48    40.0    600.00    8.6685500E-03    0.0000000E+00    8.6685500E-03
0.48    50.0    600.00    8.0709000E-03    0.0000000E+00    8.0709000E-03
0.48    60.0    600.00    7.4305500E-03    0.0000000E+00    7.4305500E-03
0.48    70.0    600.00    6.7819900E-03    0.0000000E+00    6.7819900E-03
0.48    80.0    600.00    6.1626700E-03    0.0000000E+00    6.1626700E-03
0.48    90.0    600.00    5.4622500E-03    0.0000000E+00    5.4622500E-03
0.48    100.0    600.00    4.8126500E-03    0.0000000E+00    4.8126500E-03
0.48    110.0    600.00    4.3396500E-03    0.0000000E+00    4.3396500E-03
0.48    120.0    600.00    3.9167700E-03    0.0000000E+00    3.9167700E-03
0.48    130.0    600.00    3.5569300E-03    0.0000000E+00    3.5569300E-03
0.48    140.0    600.00    3.2634200E-03    0.0000000E+00    3.2634200E-03
0.48    150.0    600.00    3.0364700E-03    0.0000000E+00    3.0364700E-03
0.48    160.0    600.00    2.8753300E-03    0.0000000E+00    2.8753300E-03
0.48    170.0    600.00    2.7788800E-03    0.0000000E+00    2.7788800E-03
0.48    180.0    600.00    2.7448700E-03    0.0000000E+00    2.7448700E-03
0.49    0.0    600.00    9.4085800E-03    0.0000000E+00    9.4085800E-03
0.49    10.0    600.00    9.3205900E-03    0.0000000E+00    9.3205900E-03
0.49    20.0    600.00    9.0781500E-03    0.0000000E+00    9.0781500E-03
0.49    30.0    600.00    8.6975100E-03    0.0000000E+00    8.6975100E-03
0.49    40.0    600.00    8.2073500E-03    0.0000000E+00    8.2073500E-03
0.49    50.0    600.00    7.6410100E-03    0.0000000E+00    7.6410100E-03
0.49    60.0    600.00    7.0327100E-03    0.0000000E+00    7.0327100E-03
0.49    70.0    600.00    6.4155400E-03    0.0000000E+00    6.4155400E-03
0.49    80.0    600.00    5.8255200E-03    0.0000000E+00    5.8255200E-03
0.49    90.0    600.00    5.1576550E-03    0.0000000E+00    5.1576550E-03
0.49    100.0    600.00    4.5378600E-03    0.0000000E+00    4.5378600E-03
0.49    110.0    600.00    4.0861800E-03    0.0000000E+00    4.0861800E-03
0.49    120.0    600.00    3.6820300E-03    0.0000000E+00    3.6820300E-03
0.49    130.0    600.00    3.3377900E-03    0.0000000E+00    3.3377900E-03
0.49    140.0    600.00    3.0567100E-03    0.0000000E+00    3.0567100E-03
0.49    150.0    600.00    2.8391600E-03    0.0000000E+00    2.8391600E-03
0.49    160.0    600.00    2.6845500E-03    0.0000000E+00    2.6845500E-03
0.49    170.0    600.00    2.5919500E-03    0.0000000E+00    2.5919500E-03
0.49    180.0    600.00    2.5592900E-03    0.0000000E+00    2.5592900E-03
0.50    0.0    600.00    8.9035000E-03    0.0000000E+00    8.9035000E-03
0.50    10.0    600.00    8.8206400E-03    0.0000000E+00    8.8206400E-03
0.50    20.0    600.00    8.5920900E-03    0.0000000E+00    8.5920900E-03
0.50    30.0    600.00    8.2325900E-03    0.0000000E+00    8.2325900E-03
0.50    40.0    600.00    7.7686100E-03    0.0000000E+00    7.7686100E-03
0.50    50.0    600.00    7.2313100E-03    0.0000000E+00    7.2313100E-03
0.50    60.0    600.00    6.6531400E-03    0.0000000E+00    6.6531400E-03
0.50    70.0    600.00    6.0657400E-03    0.0000000E+00    6.0657400E-03
0.50    80.0    600.00    5.5036200E-03    0.0000000E+00    5.5036200E-03
0.50    90.0    600.00    4.8667300E-03    0.0000000E+00    4.8667300E-03
0.50    100.0    600.00    4.2752800E-03    0.0000000E+00    4.2752800E-03
0.50    110.0    600.00    3.8438200E-03    0.0000000E+00    3.8438200E-03
0.50    120.0    600.00    3.4573600E-03    0.0000000E+00    3.4573600E-03
0.50    130.0    600.00    3.1278200E-03    0.0000000E+00    3.1278200E-03
0.50    140.0    600.00    2.8584300E-03    0.0000000E+00    2.8584300E-03
0.50    150.0    600.00    2.6496900E-03    0.0000000E+00    2.6496900E-03
0.50    160.0    600.00    2.5011900E-03    0.0000000E+00    2.5011900E-03
0.50    170.0    600.00    2.4121800E-03    0.0000000E+00    2.4121800E-03
0.50    180.0    600.00    2.3807800E-03    0.0000000E+00    2.3807800E-03
0.51    0.0    600.00    8.4255100E-03    0.0000000E+00    8.4255100E-03
0.51    10.0    600.00    8.3472600E-03    0.0000000E+00    8.3472600E-03
0.51    20.0    600.00    8.1312900E-03    0.0000000E+00    8.1312900E-03
0.51    30.0    600.00    7.7910900E-03    0.0000000E+00    7.7910900E-03
0.51    40.0    600.00    7.3512500E-03    0.0000000E+00    7.3512500E-03
0.51    50.0    600.00    6.8410600E-03    0.0000000E+00    6.8410600E-03
0.51    60.0    600.00    6.2912600E-03    0.0000000E+00    6.2912600E-03
0.51    70.0    600.00    5.7320500E-03    0.0000000E+00    5.7320500E-03
0.51    80.0    600.00    5.1964100E-03    0.0000000E+00    5.1964100E-03
0.51    90.0    600.00    4.5889400E-03    0.0000000E+00    4.5889400E-03
0.51    100.0    600.00    4.0243500E-03    0.0000000E+00    4.0243500E-03
0.51    110.0    600.00    3.6119900E-03    0.0000000E+00    3.6119900E-03
0.51    120.0    600.00    3.2422300E-03    0.0000000E+00    3.2422300E-03
0.51    130.0    600.00    2.9265100E-03    0.0000000E+00    2.9265100E-03
0.51    140.0    600.00    2.6680700E-03    0.0000000E+00    2.6680700E-03
0.51    150.0    600.00    2.4675600E-03    0.0000000E+00    2.4675600E-03
0.51    160.0    600.00    2.3247500E-03    0.0000000E+00    2.3247500E-03
0.51    170.0    600.00    2.2390800E-03    0.0000000E+00    2.2390800E-03
0.51    180.0    600.00    2.2088400E-03    0.0000000E+00    2.2088400E-03
0.52    0.0    600.00    7.9725600E-03    0.0000000E+00    7.9725600E-03
0.52    10.0    600.00    7.8985200E-03    0.0000000E+00    7.8985200E-03
0.52    20.0    600.00    7.6940600E-03    0.0000000E+00    7.6940600E-03
0.52    30.0    600.00    7.3716400E-03    0.0000000E+00    7.3716400E-03
0.52    40.0    600.00    6.9542300E-03    0.0000000E+00    6.9542300E-03
0.52    50.0    600.00    6.4694200E-03    0.0000000E+00    6.4694200E-03
0.52    60.0    600.00    5.9463600E-03    0.0000000E+00    5.9463600E-03
0.52    70.0    600.00    5.4138300E-03    0.0000000E+00    5.4138300E-03
0.52    80.0    600.00    4.9032800E-03    0.0000000E+00    4.9032800E-03
0.52    90.0    600.00    4.3236600E-03    0.0000000E+00    4.3236600E-03
0.52    100.0    600.00    3.7844800E-03    0.0000000E+00    3.7844800E-03
0.52    110.0    600.00    3.3901500E-03    0.0000000E+00    3.3901500E-03
0.52    120.0    600.00    3.0360800E-03    0.0000000E+00    3.0360800E-03
0.52    130.0    600.00    2.7333300E-03    0.0000000E+00    2.7333300E-03
0.52    140.0    600.00    2.4851300E-03    0.0000000E+00    2.4851300E-03
0.52    150.0    600.00    2.2922700E-03    0.0000000E+00    2.2922700E-03
0.52    160.0    600.00    2.1547500E-03    0.0000000E+00    2.1547500E-03
0.52    170.0    600.00    2.0721800E-03    0.0000000E+00    2.0721800E-03
0.52    180.0    600.00    2.0430200E-03    0.0000000E+00    2.0430200E-03
0.53    0.0    600.00    7.5429000E-03    0.0000000E+00    7.5429000E-03
0.53    10.0    600.00    7.4727400E-03    0.0000000E+00    7.4727400E-03
0.53    20.0    600.00    7.2789000E-03    0.0000000E+00    7.2789000E-03
0.53    30.0    600.00    6.9729700E-03    0.0000000E+00    6.9729700E-03
0.53    40.0    600.00    6.5765000E-03    0.0000000E+00    6.5765000E-03
0.53    50.0    600.00    6.1155300E-03    0.0000000E+00    6.1155300E-03
0.53    60.0    600.00    5.6177000E-03    0.0000000E+00    5.6177000E-03
0.53    70.0    600.00    5.1103800E-03    0.0000000E+00    5.1103800E-03
0.53    80.0    600.00    4.6235800E-03    0.0000000E+00    4.6235800E-03
0.53    90.0    600.00    4.0702850E-03    0.0000000E+00    4.0702850E-03
0.53    100.0    600.00    3.5550800E-03    0.0000000E+00    3.5550800E-03
0.53    110.0    600.00    3.1777200E-03    0.0000000E+00    3.1777200E-03
0.53    120.0    600.00    2.8384000E-03    0.0000000E+00    2.8384000E-03
0.53    130.0    600.00    2.5477800E-03    0.0000000E+00    2.5477800E-03
0.53    140.0    600.00    2.3091100E-03    0.0000000E+00    2.3091100E-03
0.53    150.0    600.00    2.1233500E-03    0.0000000E+00    2.1233500E-03
0.53    160.0    600.00    1.9907000E-03    0.0000000E+00    1.9907000E-03
0.53    170.0    600.00    1.9109900E-03    0.0000000E+00    1.9109900E-03
0.53    180.0    600.00    1.8828300E-03    0.0000000E+00    1.8828300E-03
0.54    0.0    600.00    7.1350100E-03    0.0000000E+00    7.1350100E-03
0.54    10.0    600.00    7.0684400E-03    0.0000000E+00    7.0684400E-03
0.54    20.0    600.00    6.8844700E-03    0.0000000E+00    6.8844700E-03
0.54    30.0    600.00    6.5939200E-03    0.0000000E+00    6.5939200E-03
0.54    40.0    600.00    6.2170600E-03    0.0000000E+00    6.2170600E-03
0.54    50.0    600.00    5.7785100E-03    0.0000000E+00    5.7785100E-03
0.54    60.0    600.00    5.3044800E-03    0.0000000E+00    5.3044800E-03
0.54    70.0    600.00    4.8209900E-03    0.0000000E+00    4.8209900E-03
0.54    80.0    600.00    4.3566200E-03    0.0000000E+00    4.3566200E-03
0.54    90.0    600.00    3.8281850E-03    0.0000000E+00    3.8281850E-03
0.54    100.0    600.00    3.3355800E-03    0.0000000E+00    3.3355800E-03
0.54    110.0    600.00    2.9741800E-03    0.0000000E+00    2.9741800E-03
0.54    120.0    600.00    2.6486700E-03    0.0000000E+00    2.6486700E-03
0.54    130.0    600.00    2.3693600E-03    0.0000000E+00    2.3693600E-03
0.54    140.0    600.00    2.1395200E-03    0.0000000E+00    2.1395200E-03
0.54    150.0    600.00    1.9603100E-03    0.0000000E+00    1.9603100E-03
0.54    160.0    600.00    1.8321500E-03    0.0000000E+00    1.8321500E-03
0.54    170.0    600.00    1.7550600E-03    0.0000000E+00    1.7550600E-03
0.54    180.0    600.00    1.7278100E-03    0.0000000E+00    1.7278100E-03
0.55    0.0    600.00    6.7475400E-03    0.0000000E+00    6.7475400E-03
0.55    10.0    600.00    6.6843200E-03    0.0000000E+00    6.6843200E-03
0.55    20.0    600.00    6.5095600E-03    0.0000000E+00    6.5095600E-03
0.55    30.0    600.00    6.2333900E-03    0.0000000E+00    6.2333900E-03
0.55    40.0    600.00    5.8749600E-03    0.0000000E+00    5.8749600E-03
0.55    50.0    600.00    5.4575200E-03    0.0000000E+00    5.4575200E-03
0.55    60.0    600.00    5.0059400E-03    0.0000000E+00    5.0059400E-03
0.55    70.0    600.00    4.5449400E-03    0.0000000E+00    4.5449400E-03
0.55    80.0    600.00    4.1017500E-03    0.0000000E+00    4.1017500E-03
0.55    90.0    600.00    3.5967500E-03    0.0000000E+00    3.5967500E-03
0.55    100.0    600.00    3.1254500E-03    0.0000000E+00    3.1254500E-03
0.55    110.0    600.00    2.7790300E-03    0.0000000E+00    2.7790300E-03
0.55    120.0    600.00    2.4664400E-03    0.0000000E+00    2.4664400E-03
0.55    130.0    600.00    2.1976200E-03    0.0000000E+00    2.1976200E-03
0.55    140.0    600.00    1.9759000E-03    0.0000000E+00    1.9759000E-03
0.55    150.0    600.00    1.8026700E-03    0.0000000E+00    1.8026700E-03
0.55    160.0    600.00    1.6786000E-03    0.0000000E+00    1.6786000E-03
0.55    170.0    600.00    1.6039400E-03    0.0000000E+00    1.6039400E-03
0.55    180.0    600.00    1.5775500E-03    0.0000000E+00    1.5775500E-03
0.56    0.0    600.00    6.3792400E-03    0.0000000E+00    6.3792400E-03
0.56    10.0    600.00    6.3191500E-03    0.0000000E+00    6.3191500E-03
0.56    20.0    600.00    6.1530100E-03    0.0000000E+00    6.1530100E-03
0.56    30.0    600.00    5.8903500E-03    0.0000000E+00    5.8903500E-03
0.56    40.0    600.00    5.5492400E-03    0.0000000E+00    5.5492400E-03
0.56    50.0    600.00    5.1517000E-03    0.0000000E+00    5.1517000E-03
0.56    60.0    600.00    4.7213000E-03    0.0000000E+00    4.7213000E-03
0.56    70.0    600.00    4.2815300E-03    0.0000000E+00    4.2815300E-03
0.56    80.0    600.00    3.8583300E-03    0.0000000E+00    3.8583300E-03
0.56    90.0    600.00    3.3754350E-03    0.0000000E+00    3.3754350E-03
0.56    100.0    600.00    2.9241700E-03    0.0000000E+00    2.9241700E-03
0.56    110.0    600.00    2.5918300E-03    0.0000000E+00    2.5918300E-03
0.56    120.0    600.00    2.2912700E-03    0.0000000E+00    2.2912700E-03
0.56    130.0    600.00    2.0321100E-03    0.0000000E+00    2.0321100E-03
0.56    140.0    600.00    1.8177500E-03    0.0000000E+00    1.8177500E-03
0.56    150.0    600.00    1.6499100E-03    0.0000000E+00    1.6499100E-03
0.56    160.0    600.00    1.5296000E-03    0.0000000E+00    1.5296000E-03
0.56    170.0    600.00    1.4572100E-03    0.0000000E+00    1.4572100E-03
0.56    180.0    600.00    1.4316300E-03    0.0000000E+00    1.4316300E-03
0.57    0.0    600.00    6.0290200E-03    0.0000000E+00    6.0290200E-03
0.57    10.0    600.00    5.9718700E-03    0.0000000E+00    5.9718700E-03
0.57    20.0    600.00    5.8138200E-03    0.0000000E+00    5.8138200E-03
0.57    30.0    600.00    5.5638600E-03    0.0000000E+00    5.5638600E-03
0.57    40.0    600.00    5.2390600E-03    0.0000000E+00    5.2390600E-03
0.57    50.0    600.00    4.8602700E-03    0.0000000E+00    4.8602700E-03
0.57    60.0    600.00    4.4498500E-03    0.0000000E+00    4.4498500E-03
0.57    70.0    600.00    4.0301200E-03    0.0000000E+00    4.0301200E-03
0.57    80.0    600.00    3.6257800E-03    0.0000000E+00    3.6257800E-03
0.57    90.0    600.00    3.1637400E-03    0.0000000E+00    3.1637400E-03
0.57    100.0    600.00    2.7314000E-03    0.0000000E+00    2.7314000E-03
0.57    110.0    600.00    2.4122600E-03    0.0000000E+00    2.4122600E-03
0.57    120.0    600.00    2.1228500E-03    0.0000000E+00    2.1228500E-03
0.57    130.0    600.00    1.8723900E-03    0.0000000E+00    1.8723900E-03
0.57    140.0    600.00    1.6645200E-03    0.0000000E+00    1.6645200E-03
0.57    150.0    600.00    1.5014800E-03    0.0000000E+00    1.5014800E-03
0.57    160.0    600.00    1.3846900E-03    0.0000000E+00    1.3846900E-03
0.57    170.0    600.00    1.3145200E-03    0.0000000E+00    1.3145200E-03
0.57    180.0    600.00    1.2897600E-03    0.0000000E+00    1.2897600E-03
0.58    0.0    600.00    5.6958100E-03    0.0000000E+00    5.6958100E-03
0.58    10.0    600.00    5.6414200E-03    0.0000000E+00    5.6414200E-03
0.58    20.0    600.00    5.4909900E-03    0.0000000E+00    5.4909900E-03
0.58    30.0    600.00    5.2529800E-03    0.0000000E+00    5.2529800E-03
0.58    40.0    600.00    4.9435500E-03    0.0000000E+00    4.9435500E-03
0.58    50.0    600.00    4.5824400E-03    0.0000000E+00    4.5824400E-03
0.58    60.0    600.00    4.1908800E-03    0.0000000E+00    4.1908800E-03
0.58    70.0    600.00    3.7900900E-03    0.0000000E+00    3.7900900E-03
0.58    80.0    600.00    3.4035900E-03    0.0000000E+00    3.4035900E-03
0.58    90.0    600.00    2.9613500E-03    0.0000000E+00    2.9613500E-03
0.58    100.0    600.00    2.5470100E-03    0.0000000E+00    2.5470100E-03
0.58    110.0    600.00    2.2403400E-03    0.0000000E+00    2.2403400E-03
0.58    120.0    600.00    1.9610300E-03    0.0000000E+00    1.9610300E-03
0.58    130.0    600.00    1.7179700E-03    0.0000000E+00    1.7179700E-03
0.58    140.0    600.00    1.5155000E-03    0.0000000E+00    1.5155000E-03
0.58    150.0    600.00    1.3567400E-03    0.0000000E+00    1.3567400E-03
0.58    160.0    600.00    1.2434100E-03    0.0000000E+00    1.2434100E-03
0.58    170.0    600.00    1.1756200E-03    0.0000000E+00    1.1756200E-03
0.58    180.0    600.00    1.1517600E-03    0.0000000E+00    1.1517600E-03
0.59    0.0    600.00    5.3786700E-03    0.0000000E+00    5.3786700E-03
0.59    10.0    600.00    5.3268800E-03    0.0000000E+00    5.3268800E-03
0.59    20.0    600.00    5.1836200E-03    0.0000000E+00    5.1836200E-03
0.59    30.0    600.00    4.9568700E-03    0.0000000E+00    4.9568700E-03
0.59    40.0    600.00    4.6619400E-03    0.0000000E+00    4.6619400E-03
0.59    50.0    600.00    4.3175400E-03    0.0000000E+00    4.3175400E-03
0.59    60.0    600.00    3.9438200E-03    0.0000000E+00    3.9438200E-03
0.59    70.0    600.00    3.5610000E-03    0.0000000E+00    3.5610000E-03
0.59    80.0    600.00    3.1915800E-03    0.0000000E+00    3.1915800E-03
0.59    90.0    600.00    2.7685950E-03    0.0000000E+00    2.7685950E-03
0.59    100.0    600.00    2.3719700E-03    0.0000000E+00    2.3719700E-03
0.59    110.0    600.00    2.0771000E-03    0.0000000E+00    2.0771000E-03
0.59    120.0    600.00    1.8058900E-03    0.0000000E+00    1.8058900E-03
0.59    130.0    600.00    1.5679100E-03    0.0000000E+00    1.5679100E-03
0.59    140.0    600.00    1.3695700E-03    0.0000000E+00    1.3695700E-03
0.59    150.0    600.00    1.2149400E-03    0.0000000E+00    1.2149400E-03
0.59    160.0    600.00    1.1054600E-03    0.0000000E+00    1.1054600E-03
0.59    170.0    600.00    1.0404800E-03    0.0000000E+00    1.0404800E-03
0.59    180.0    600.00    1.0177000E-03    0.0000000E+00    1.0177000E-03
0.60    0.0    600.00    5.0861400E-03    0.0000000E+00    5.0861400E-03
0.60    10.0    600.00    5.0367300E-03    0.0000000E+00    5.0367300E-03
0.60    20.0    600.00    4.9000400E-03    0.0000000E+00    4.9000400E-03
0.60    30.0    600.00    4.6836300E-03    0.0000000E+00    4.6836300E-03
0.60    40.0    600.00    4.4020400E-03    0.0000000E+00    4.4020400E-03
0.60    50.0    600.00    4.0730700E-03    0.0000000E+00    4.0730700E-03
0.60    60.0    600.00    3.7160200E-03    0.0000000E+00    3.7160200E-03
0.60    70.0    600.00    3.3504400E-03    0.0000000E+00    3.3504400E-03
0.60    80.0    600.00    2.9988500E-03    0.0000000E+00    2.9988500E-03
0.60    90.0    600.00    2.6009800E-03    0.0000000E+00    2.6009800E-03
0.60    100.0    600.00    2.2212300E-03    0.0000000E+00    2.2212300E-03
0.60    110.0    600.00    1.9297900E-03    0.0000000E+00    1.9297900E-03
0.60    120.0    600.00    1.6597300E-03    0.0000000E+00    1.6597300E-03
0.60    130.0    600.00    1.4239500E-03    0.0000000E+00    1.4239500E-03
0.60    140.0    600.00    1.2293400E-03    0.0000000E+00    1.2293400E-03
0.60    150.0    600.00    1.0794300E-03    0.0000000E+00    1.0794300E-03
0.60    160.0    600.00    9.7466600E-04    0.0000000E+00    9.7466600E-04
0.60    170.0    600.00    9.1318100E-04    0.0000000E+00    9.1318100E-04
0.60    180.0    600.00    8.9175500E-04    0.0000000E+00    8.9175500E-04
0.61    0.0    600.00    4.9770200E-03    0.0000000E+00    4.9770200E-03
0.61    10.0    600.00    4.9285700E-03    0.0000000E+00    4.9285700E-03
0.61    20.0    600.00    4.7945100E-03    0.0000000E+00    4.7945100E-03
0.61    30.0    600.00    4.5822800E-03    0.0000000E+00    4.5822800E-03
0.61    40.0    600.00    4.3061800E-03    0.0000000E+00    4.3061800E-03
0.61    50.0    600.00    3.9838200E-03    0.0000000E+00    3.9838200E-03
0.61    60.0    600.00    3.6344400E-03    0.0000000E+00    3.6344400E-03
0.61    70.0    600.00    3.2778900E-03    0.0000000E+00    3.2778900E-03
0.61    80.0    600.00    2.9353700E-03    0.0000000E+00    2.9353700E-03
0.61    90.0    600.00    2.5377200E-03    0.0000000E+00    2.5377200E-03
0.61    100.0    600.00    2.1566000E-03    0.0000000E+00    2.1566000E-03
0.61    110.0    600.00    1.8662700E-03    0.0000000E+00    1.8662700E-03
0.61    120.0    600.00    1.5978700E-03    0.0000000E+00    1.5978700E-03
0.61    130.0    600.00    1.3640800E-03    0.0000000E+00    1.3640800E-03
0.61    140.0    600.00    1.1718300E-03    0.0000000E+00    1.1718300E-03
0.61    150.0    600.00    1.0245300E-03    0.0000000E+00    1.0245300E-03
0.61    160.0    600.00    9.2223200E-04    0.0000000E+00    9.2223200E-04
0.61    170.0    600.00    8.6253000E-04    0.0000000E+00    8.6253000E-04
0.61    180.0    600.00    8.4178500E-04    0.0000000E+00    8.4178500E-04
0.62    0.0    600.00    4.8699600E-03    0.0000000E+00    4.8699600E-03
0.62    10.0    600.00    4.8224500E-03    0.0000000E+00    4.8224500E-03
0.62    20.0    600.00    4.6909700E-03    0.0000000E+00    4.6909700E-03
0.62    30.0    600.00    4.4828500E-03    0.0000000E+00    4.4828500E-03
0.62    40.0    600.00    4.2121400E-03    0.0000000E+00    4.2121400E-03
0.62    50.0    600.00    3.8962400E-03    0.0000000E+00    3.8962400E-03
0.62    60.0    600.00    3.5541200E-03    0.0000000E+00    3.5541200E-03
0.62    70.0    600.00    3.2045600E-03    0.0000000E+00    3.2045600E-03
0.62    80.0    600.00    2.8661400E-03    0.0000000E+00    2.8661400E-03
0.62    90.0    600.00    2.4704150E-03    0.0000000E+00    2.4704150E-03
0.62    100.0    600.00    2.0911100E-03    0.0000000E+00    2.0911100E-03
0.62    110.0    600.00    1.8024500E-03    0.0000000E+00    1.8024500E-03
0.62    120.0    600.00    1.5358800E-03    0.0000000E+00    1.5358800E-03
0.62    130.0    600.00    1.3041900E-03    0.0000000E+00    1.3041900E-03
0.62    140.0    600.00    1.1144900E-03    0.0000000E+00    1.1144900E-03
0.62    150.0    600.00    9.7006100E-04    0.0000000E+00    9.7006100E-04
0.62    160.0    600.00    8.7048500E-04    0.0000000E+00    8.7048500E-04
0.62    170.0    600.00    8.1274800E-04    0.0000000E+00    8.1274800E-04
0.62    180.0    600.00    7.9275400E-04    0.0000000E+00    7.9275400E-04
0.63    0.0    600.00    4.7648900E-03    0.0000000E+00    4.7648900E-03
0.63    10.0    600.00    4.7182800E-03    0.0000000E+00    4.7182800E-03
0.63    20.0    600.00    4.5893300E-03    0.0000000E+00    4.5893300E-03
0.63    30.0    600.00    4.3852200E-03    0.0000000E+00    4.3852200E-03
0.63    40.0    600.00    4.1197800E-03    0.0000000E+00    4.1197800E-03
0.63    50.0    600.00    3.8100700E-03    0.0000000E+00    3.8100700E-03
0.63    60.0    600.00    3.4744600E-03    0.0000000E+00    3.4744600E-03
0.63    70.0    600.00    3.1304100E-03    0.0000000E+00    3.1304100E-03
0.63    80.0    600.00    2.7954000E-03    0.0000000E+00    2.7954000E-03
0.63    90.0    600.00    2.4023400E-03    0.0000000E+00    2.4023400E-03
0.63    100.0    600.00    2.0253700E-03    0.0000000E+00    2.0253700E-03
0.63    110.0    600.00    1.7384800E-03    0.0000000E+00    1.7384800E-03
0.63    120.0    600.00    1.4737600E-03    0.0000000E+00    1.4737600E-03
0.63    130.0    600.00    1.2442700E-03    0.0000000E+00    1.2442700E-03
0.63    140.0    600.00    1.0573200E-03    0.0000000E+00    1.0573200E-03
0.63    150.0    600.00    9.1606000E-04    0.0000000E+00    9.1606000E-04
0.63    160.0    600.00    8.1950100E-04    0.0000000E+00    8.1950100E-04
0.63    170.0    600.00    7.6393100E-04    0.0000000E+00    7.6393100E-04
0.63    180.0    600.00    7.4476200E-04    0.0000000E+00    7.4476200E-04
0.64    0.0    600.00    4.6617200E-03    0.0000000E+00    4.6617200E-03
0.64    10.0    600.00    4.6160100E-03    0.0000000E+00    4.6160100E-03
0.64    20.0    600.00    4.4895200E-03    0.0000000E+00    4.4895200E-03
0.64    30.0    600.00    4.2893100E-03    0.0000000E+00    4.2893100E-03
0.64    40.0    600.00    4.0289500E-03    0.0000000E+00    4.0289500E-03
0.64    50.0    600.00    3.7250700E-03    0.0000000E+00    3.7250700E-03
0.64    60.0    600.00    3.3952700E-03    0.0000000E+00    3.3952700E-03
0.64    70.0    600.00    3.0559600E-03    0.0000000E+00    3.0559600E-03
0.64    80.0    600.00    2.7242100E-03    0.0000000E+00    2.7242100E-03
0.64    90.0    600.00    2.3340350E-03    0.0000000E+00    2.3340350E-03
0.64    100.0    600.00    1.9595100E-03    0.0000000E+00    1.9595100E-03
0.64    110.0    600.00    1.6743600E-03    0.0000000E+00    1.6743600E-03
0.64    120.0    600.00    1.4114700E-03    0.0000000E+00    1.4114700E-03
0.64    130.0    600.00    1.1842700E-03    0.0000000E+00    1.1842700E-03
0.64    140.0    600.00    1.0003200E-03    0.0000000E+00    1.0003200E-03
0.64    150.0    600.00    8.6257600E-04    0.0000000E+00    8.6257600E-04
0.64    160.0    600.00    7.6936300E-04    0.0000000E+00    7.6936300E-04
0.64    170.0    600.00    7.1618100E-04    0.0000000E+00    7.1618100E-04
0.64    180.0    600.00    6.9791500E-04    0.0000000E+00    6.9791500E-04
0.65    0.0    600.00    4.5604100E-03    0.0000000E+00    4.5604100E-03
0.65    10.0    600.00    4.5155600E-03    0.0000000E+00    4.5155600E-03
0.65    20.0    600.00    4.3914700E-03    0.0000000E+00    4.3914700E-03
0.65    30.0    600.00    4.1950500E-03    0.0000000E+00    4.1950500E-03
0.65    40.0    600.00    3.9395400E-03    0.0000000E+00    3.9395400E-03
0.65    50.0    600.00    3.6411100E-03    0.0000000E+00    3.6411100E-03
0.65    60.0    600.00    3.3165700E-03    0.0000000E+00    3.3165700E-03
0.65    70.0    600.00    2.9815400E-03    0.0000000E+00    2.9815400E-03
0.65    80.0    600.00    2.6529600E-03    0.0000000E+00    2.6529600E-03
0.65    90.0    600.00    2.2656750E-03    0.0000000E+00    2.2656750E-03
0.65    100.0    600.00    1.8935400E-03    0.0000000E+00    1.8935400E-03
0.65    110.0    600.00    1.6100300E-03    0.0000000E+00    1.6100300E-03
0.65    120.0    600.00    1.3489300E-03    0.0000000E+00    1.3489300E-03
0.65    130.0    600.00    1.1241300E-03    0.0000000E+00    1.1241300E-03
0.65    140.0    600.00    9.4348700E-04    0.0000000E+00    9.4348700E-04
0.65    150.0    600.00    8.0966300E-04    0.0000000E+00    8.0966300E-04
0.65    160.0    600.00    7.2016600E-04    0.0000000E+00    7.2016600E-04
0.65    170.0    600.00    6.6960700E-04    0.0000000E+00    6.6960700E-04
0.65    180.0    600.00    6.5233000E-04    0.0000000E+00    6.5233000E-04
0.66    0.0    600.00    4.4608800E-03    0.0000000E+00    4.4608800E-03
0.66    10.0    600.00    4.4168700E-03    0.0000000E+00    4.4168700E-03
0.66    20.0    600.00    4.2951000E-03    0.0000000E+00    4.2951000E-03
0.66    30.0    600.00    4.1023300E-03    0.0000000E+00    4.1023300E-03
0.66    40.0    600.00    3.8514600E-03    0.0000000E+00    3.8514600E-03
0.66    50.0    600.00    3.5581100E-03    0.0000000E+00    3.5581100E-03
0.66    60.0    600.00    3.2383700E-03    0.0000000E+00    3.2383700E-03
0.66    70.0    600.00    2.9073300E-03    0.0000000E+00    2.9073300E-03
0.66    80.0    600.00    2.5818100E-03    0.0000000E+00    2.5818100E-03
0.66    90.0    600.00    2.1973150E-03    0.0000000E+00    2.1973150E-03
0.66    100.0    600.00    1.8274100E-03    0.0000000E+00    1.8274100E-03
0.66    110.0    600.00    1.5453900E-03    0.0000000E+00    1.5453900E-03
0.66    120.0    600.00    1.2860100E-03    0.0000000E+00    1.2860100E-03
0.66    130.0    600.00    1.0637600E-03    0.0000000E+00    1.0637600E-03
0.66    140.0    600.00    8.8680100E-04    0.0000000E+00    8.8680100E-04
0.66    150.0    600.00    7.5738300E-04    0.0000000E+00    7.5738300E-04
0.66    160.0    600.00    6.7201500E-04    0.0000000E+00    6.7201500E-04
0.66    170.0    600.00    6.2433100E-04    0.0000000E+00    6.2433100E-04
0.66    180.0    600.00    6.0812700E-04    0.0000000E+00    6.0812700E-04
0.67    0.0    600.00    4.3630700E-03    0.0000000E+00    4.3630700E-03
0.67    10.0    600.00    4.3198800E-03    0.0000000E+00    4.3198800E-03
0.67    20.0    600.00    4.2003500E-03    0.0000000E+00    4.2003500E-03
0.67    30.0    600.00    4.0110800E-03    0.0000000E+00    4.0110800E-03
0.67    40.0    600.00    3.7646100E-03    0.0000000E+00    3.7646100E-03
0.67    50.0    600.00    3.4760000E-03    0.0000000E+00    3.4760000E-03
0.67    60.0    600.00    3.1607200E-03    0.0000000E+00    3.1607200E-03
0.67    70.0    600.00    2.8334200E-03    0.0000000E+00    2.8334200E-03
0.67    80.0    600.00    2.5108100E-03    0.0000000E+00    2.5108100E-03
0.67    90.0    600.00    2.1289200E-03    0.0000000E+00    2.1289200E-03
0.67    100.0    600.00    1.7610200E-03    0.0000000E+00    1.7610200E-03
0.67    110.0    600.00    1.4802900E-03    0.0000000E+00    1.4802900E-03
0.67    120.0    600.00    1.2225600E-03    0.0000000E+00    1.2225600E-03
0.67    130.0    600.00    1.0030600E-03    0.0000000E+00    1.0030600E-03
0.67    140.0    600.00    8.3026700E-04    0.0000000E+00    8.3026700E-04
0.67    150.0    600.00    7.0582100E-04    0.0000000E+00    7.0582100E-04
0.67    160.0    600.00    6.2503700E-04    0.0000000E+00    6.2503700E-04
0.67    170.0    600.00    5.8048600E-04    0.0000000E+00    5.8048600E-04
0.67    180.0    600.00    5.6544000E-04    0.0000000E+00    5.6544000E-04
0.68    0.0    600.00    4.2669200E-03    0.0000000E+00    4.2669200E-03
0.68    10.0    600.00    4.2245100E-03    0.0000000E+00    4.2245100E-03
0.68    20.0    600.00    4.1071500E-03    0.0000000E+00    4.1071500E-03
0.68    30.0    600.00    3.9212200E-03    0.0000000E+00    3.9212200E-03
0.68    40.0    600.00    3.6789100E-03    0.0000000E+00    3.6789100E-03
0.68    50.0    600.00    3.3947400E-03    0.0000000E+00    3.3947400E-03
0.68    60.0    600.00    3.0836200E-03    0.0000000E+00    3.0836200E-03
0.68    70.0    600.00    2.7598300E-03    0.0000000E+00    2.7598300E-03
0.68    80.0    600.00    2.4399600E-03    0.0000000E+00    2.4399600E-03
0.68    90.0    600.00    2.0604250E-03    0.0000000E+00    2.0604250E-03
0.68    100.0    600.00    1.6942000E-03    0.0000000E+00    1.6942000E-03
0.68    110.0    600.00    1.4145300E-03    0.0000000E+00    1.4145300E-03
0.68    120.0    600.00    1.1583900E-03    0.0000000E+00    1.1583900E-03
0.68    130.0    600.00    9.4192800E-04    0.0000000E+00    9.4192800E-04
0.68    140.0    600.00    7.7389300E-04    0.0000000E+00    7.7389300E-04
0.68    150.0    600.00    6.5508300E-04    0.0000000E+00    6.5508300E-04
0.68    160.0    600.00    5.7937100E-04    0.0000000E+00    5.7937100E-04
0.68    170.0    600.00    5.3821100E-04    0.0000000E+00    5.3821100E-04
0.68    180.0    600.00    5.2440400E-04    0.0000000E+00    5.2440400E-04
0.69    0.0    600.00    4.1723500E-03    0.0000000E+00    4.1723500E-03
0.69    10.0    600.00    4.1307000E-03    0.0000000E+00    4.1307000E-03
0.69    20.0    600.00    4.0154100E-03    0.0000000E+00    4.0154100E-03
0.69    30.0    600.00    3.8326800E-03    0.0000000E+00    3.8326800E-03
0.69    40.0    600.00    3.5943000E-03    0.0000000E+00    3.5943000E-03
0.69    50.0    600.00    3.3143000E-03    0.0000000E+00    3.3143000E-03
0.69    60.0    600.00    3.0070700E-03    0.0000000E+00    3.0070700E-03
0.69    70.0    600.00    2.6865700E-03    0.0000000E+00    2.6865700E-03
0.69    80.0    600.00    2.3692300E-03    0.0000000E+00    2.3692300E-03
0.69    90.0    600.00    1.9917000E-03    0.0000000E+00    1.9917000E-03
0.69    100.0    600.00    1.6267700E-03    0.0000000E+00    1.6267700E-03
0.69    110.0    600.00    1.3478600E-03    0.0000000E+00    1.3478600E-03
0.69    120.0    600.00    1.0932700E-03    0.0000000E+00    1.0932700E-03
0.69    130.0    600.00    8.8023500E-04    0.0000000E+00    8.8023500E-04
0.69    140.0    600.00    7.1771400E-04    0.0000000E+00    7.1771400E-04
0.69    150.0    600.00    6.0530600E-04    0.0000000E+00    6.0530600E-04
0.69    160.0    600.00    5.3518100E-04    0.0000000E+00    5.3518100E-04
0.69    170.0    600.00    4.9765900E-04    0.0000000E+00    4.9765900E-04
0.69    180.0    600.00    4.8516400E-04    0.0000000E+00    4.8516400E-04
0.70    0.0    600.00    4.0792900E-03    0.0000000E+00    4.0792900E-03
0.70    10.0    600.00    4.0383700E-03    0.0000000E+00    4.0383700E-03
0.70    20.0    600.00    3.9250700E-03    0.0000000E+00    3.9250700E-03
0.70    30.0    600.00    3.7453800E-03    0.0000000E+00    3.7453800E-03
0.70    40.0    600.00    3.5107200E-03    0.0000000E+00    3.5107200E-03
0.70    50.0    600.00    3.2346200E-03    0.0000000E+00    3.2346200E-03
0.70    60.0    600.00    2.9310300E-03    0.0000000E+00    2.9310300E-03
0.70    70.0    600.00    2.6135900E-03    0.0000000E+00    2.6135900E-03
0.70    80.0    600.00    2.2985200E-03    0.0000000E+00    2.2985200E-03
0.70    90.0    600.00    1.9225800E-03    0.0000000E+00    1.9225800E-03
0.70    100.0    600.00    1.5584400E-03    0.0000000E+00    1.5584400E-03
0.70    110.0    600.00    1.2799400E-03    0.0000000E+00    1.2799400E-03
0.70    120.0    600.00    1.0269000E-03    0.0000000E+00    1.0269000E-03
0.70    130.0    600.00    8.1784800E-04    0.0000000E+00    8.1784800E-04
0.70    140.0    600.00    6.6179400E-04    0.0000000E+00    6.6179400E-04
0.70    150.0    600.00    5.5666300E-04    0.0000000E+00    5.5666300E-04
0.70    160.0    600.00    4.9265000E-04    0.0000000E+00    4.9265000E-04
0.70    170.0    600.00    4.5898700E-04    0.0000000E+00    4.5898700E-04
0.70    180.0    600.00    4.4786000E-04    0.0000000E+00    4.4786000E-04
0.71    0.0    600.00    3.9876900E-03    0.0000000E+00    3.9876900E-03
0.71    10.0    600.00    3.9474600E-03    0.0000000E+00    3.9474600E-03
0.71    20.0    600.00    3.8360600E-03    0.0000000E+00    3.8360600E-03
0.71    30.0    600.00    3.6592600E-03    0.0000000E+00    3.6592600E-03
0.71    40.0    600.00    3.4281100E-03    0.0000000E+00    3.4281100E-03
0.71    50.0    600.00    3.1556700E-03    0.0000000E+00    3.1556700E-03
0.71    60.0    600.00    2.8554700E-03    0.0000000E+00    2.8554700E-03
0.71    70.0    600.00    2.5408200E-03    0.0000000E+00    2.5408200E-03
0.71    80.0    600.00    2.2277100E-03    0.0000000E+00    2.2277100E-03
0.71    90.0    600.00    1.8528300E-03    0.0000000E+00    1.8528300E-03
0.71    100.0    600.00    1.4888600E-03    0.0000000E+00    1.4888600E-03
0.71    110.0    600.00    1.2103600E-03    0.0000000E+00    1.2103600E-03
0.71    120.0    600.00    9.5890400E-04    0.0000000E+00    9.5890400E-04
0.71    130.0    600.00    7.5463500E-04    0.0000000E+00    7.5463500E-04
0.71    140.0    600.00    6.0625200E-04    0.0000000E+00    6.0625200E-04
0.71    150.0    600.00    5.0937700E-04    0.0000000E+00    5.0937700E-04
0.71    160.0    600.00    4.5198300E-04    0.0000000E+00    4.5198300E-04
0.71    170.0    600.00    4.2235300E-04    0.0000000E+00    4.2235300E-04
0.71    180.0    600.00    4.1263400E-04    0.0000000E+00    4.1263400E-04
0.72    0.0    600.00    3.8974700E-03    0.0000000E+00    3.8974700E-03
0.72    10.0    600.00    3.8579100E-03    0.0000000E+00    3.8579100E-03
0.72    20.0    600.00    3.7483100E-03    0.0000000E+00    3.7483100E-03
0.72    30.0    600.00    3.5742500E-03    0.0000000E+00    3.5742500E-03
0.72    40.0    600.00    3.3464000E-03    0.0000000E+00    3.3464000E-03
0.72    50.0    600.00    3.0773900E-03    0.0000000E+00    3.0773900E-03
0.72    60.0    600.00    2.7803200E-03    0.0000000E+00    2.7803200E-03
0.72    70.0    600.00    2.4681700E-03    0.0000000E+00    2.4681700E-03
0.72    80.0    600.00    2.1566300E-03    0.0000000E+00    2.1566300E-03
0.72    90.0    600.00    1.7821300E-03    0.0000000E+00    1.7821300E-03
0.72    100.0    600.00    1.4175200E-03    0.0000000E+00    1.4175200E-03
0.72    110.0    600.00    1.1385100E-03    0.0000000E+00    1.1385100E-03
0.72    120.0    600.00    8.8881900E-04    0.0000000E+00    8.8881900E-04
0.72    130.0    600.00    6.9047700E-04    0.0000000E+00    6.9047700E-04
0.72    140.0    600.00    5.5127600E-04    0.0000000E+00    5.5127600E-04
0.72    150.0    600.00    4.6372100E-04    0.0000000E+00    4.6372100E-04
0.72    160.0    600.00    4.1340000E-04    0.0000000E+00    4.1340000E-04
0.72    170.0    600.00    3.8791400E-04    0.0000000E+00    3.8791400E-04
0.72    180.0    600.00    3.7961500E-04    0.0000000E+00    3.7961500E-04
0.73    0.0    600.00    3.8085600E-03    0.0000000E+00    3.8085600E-03
0.73    10.0    600.00    3.7696300E-03    0.0000000E+00    3.7696300E-03
0.73    20.0    600.00    3.6617400E-03    0.0000000E+00    3.6617400E-03
0.73    30.0    600.00    3.4902800E-03    0.0000000E+00    3.4902800E-03
0.73    40.0    600.00    3.2655200E-03    0.0000000E+00    3.2655200E-03
0.73    50.0    600.00    2.9997000E-03    0.0000000E+00    2.9997000E-03
0.73    60.0    600.00    2.7054800E-03    0.0000000E+00    2.7054800E-03
0.73    70.0    600.00    2.3954800E-03    0.0000000E+00    2.3954800E-03
0.73    80.0    600.00    2.0850200E-03    0.0000000E+00    2.0850200E-03
0.73    90.0    600.00    1.7100300E-03    0.0000000E+00    1.7100300E-03
0.73    100.0    600.00    1.3437400E-03    0.0000000E+00    1.3437400E-03
0.73    110.0    600.00    1.0635900E-03    0.0000000E+00    1.0635900E-03
0.73    120.0    600.00    8.1605400E-04    0.0000000E+00    8.1605400E-04
0.73    130.0    600.00    6.2530500E-04    0.0000000E+00    6.2530500E-04
0.73    140.0    600.00    4.9716600E-04    0.0000000E+00    4.9716600E-04
0.73    150.0    600.00    4.2003100E-04    0.0000000E+00    4.2003100E-04
0.73    160.0    600.00    3.7713300E-04    0.0000000E+00    3.7713300E-04
0.73    170.0    600.00    3.5581600E-04    0.0000000E+00    3.5581600E-04
0.73    180.0    600.00    3.4891900E-04    0.0000000E+00    3.4891900E-04
0.74    0.0    600.00    3.7208800E-03    0.0000000E+00    3.7208800E-03
0.74    10.0    600.00    3.6825500E-03    0.0000000E+00    3.6825500E-03
0.74    20.0    600.00    3.5762900E-03    0.0000000E+00    3.5762900E-03
0.74    30.0    600.00    3.4072600E-03    0.0000000E+00    3.4072600E-03
0.74    40.0    600.00    3.1854000E-03    0.0000000E+00    3.1854000E-03
0.74    50.0    600.00    2.9225100E-03    0.0000000E+00    2.9225100E-03
0.74    60.0    600.00    2.6308400E-03    0.0000000E+00    2.6308400E-03
0.74    70.0    600.00    2.3225600E-03    0.0000000E+00    2.3225600E-03
0.74    80.0    600.00    2.0125600E-03    0.0000000E+00    2.0125600E-03
0.74    90.0    600.00    1.6358950E-03    0.0000000E+00    1.6358950E-03
0.74    100.0    600.00    1.2665000E-03    0.0000000E+00    1.2665000E-03
0.74    110.0    600.00    9.8443700E-04    0.0000000E+00    9.8443700E-04
0.74    120.0    600.00    7.3987200E-04    0.0000000E+00    7.3987200E-04
0.74    130.0    600.00    5.5916900E-04    0.0000000E+00    5.5916900E-04
0.74    140.0    600.00    4.4437200E-04    0.0000000E+00    4.4437200E-04
0.74    150.0    600.00    3.7870300E-04    0.0000000E+00    3.7870300E-04
0.74    160.0    600.00    3.4341600E-04    0.0000000E+00    3.4341600E-04
0.74    170.0    600.00    3.2619000E-04    0.0000000E+00    3.2619000E-04
0.74    180.0    600.00    3.2064400E-04    0.0000000E+00    3.2064400E-04
0.75    0.0    600.00    3.6343500E-03    0.0000000E+00    3.6343500E-03
0.75    10.0    600.00    3.5965900E-03    0.0000000E+00    3.5965900E-03
0.75    20.0    600.00    3.4918600E-03    0.0000000E+00    3.4918600E-03
0.75    30.0    600.00    3.3251100E-03    0.0000000E+00    3.3251100E-03
0.75    40.0    600.00    3.1059400E-03    0.0000000E+00    3.1059400E-03
0.75    50.0    600.00    2.8457200E-03    0.0000000E+00    2.8457200E-03
0.75    60.0    600.00    2.5562200E-03    0.0000000E+00    2.5562200E-03
0.75    70.0    600.00    2.2491200E-03    0.0000000E+00    2.2491200E-03
0.75    80.0    600.00    1.9387500E-03    0.0000000E+00    1.9387500E-03
0.75    90.0    600.00    1.5587550E-03    0.0000000E+00    1.5587550E-03
0.75    100.0    600.00    1.1842300E-03    0.0000000E+00    1.1842300E-03
0.75    110.0    600.00    8.9933100E-04    0.0000000E+00    8.9933100E-04
0.75    120.0    600.00    6.5938100E-04    0.0000000E+00    6.5938100E-04
0.75    130.0    600.00    4.9235300E-04    0.0000000E+00    4.9235300E-04
0.75    140.0    600.00    3.9354200E-04    0.0000000E+00    3.9354200E-04
0.75    150.0    600.00    3.4018800E-04    0.0000000E+00    3.4018800E-04
0.75    160.0    600.00    3.1247300E-04    0.0000000E+00    3.1247300E-04
0.75    170.0    600.00    2.9914500E-04    0.0000000E+00    2.9914500E-04
0.75    180.0    600.00    2.9486500E-04    0.0000000E+00    2.9486500E-04
0.76    0.0    600.00    3.5488800E-03    0.0000000E+00    3.5488800E-03
0.76    10.0    600.00    3.5116500E-03    0.0000000E+00    3.5116500E-03
0.76    20.0    600.00    3.4083600E-03    0.0000000E+00    3.4083600E-03
0.76    30.0    600.00    3.2437300E-03    0.0000000E+00    3.2437300E-03
0.76    40.0    600.00    3.0270200E-03    0.0000000E+00    3.0270200E-03
0.76    50.0    600.00    2.7691500E-03    0.0000000E+00    2.7691500E-03
0.76    60.0    600.00    2.4813800E-03    0.0000000E+00    2.4813800E-03
0.76    70.0    600.00    2.1747400E-03    0.0000000E+00    2.1747400E-03
0.76    80.0    600.00    1.8628200E-03    0.0000000E+00    1.8628200E-03
0.76    90.0    600.00    1.4770350E-03    0.0000000E+00    1.4770350E-03
0.76    100.0    600.00    1.0943500E-03    0.0000000E+00    1.0943500E-03
0.76    110.0    600.00    8.0556100E-04    0.0000000E+00    8.0556100E-04
0.76    120.0    600.00    5.7362400E-04    0.0000000E+00    5.7362400E-04
0.76    130.0    600.00    4.2559200E-04    0.0000000E+00    4.2559200E-04
0.76    140.0    600.00    3.4556800E-04    0.0000000E+00    3.4556800E-04
0.76    150.0    600.00    3.0496800E-04    0.0000000E+00    3.0496800E-04
0.76    160.0    600.00    2.8450300E-04    0.0000000E+00    2.8450300E-04
0.76    170.0    600.00    2.7476600E-04    0.0000000E+00    2.7476600E-04
0.76    180.0    600.00    2.7163800E-04    0.0000000E+00    2.7163800E-04
0.77    0.0    600.00    3.4643600E-03    0.0000000E+00    3.4643600E-03
0.77    10.0    600.00    3.4276300E-03    0.0000000E+00    3.4276300E-03
0.77    20.0    600.00    3.3256600E-03    0.0000000E+00    3.3256600E-03
0.77    30.0    600.00    3.1629900E-03    0.0000000E+00    3.1629900E-03
0.77    40.0    600.00    2.9484800E-03    0.0000000E+00    2.9484800E-03
0.77    50.0    600.00    2.6925900E-03    0.0000000E+00    2.6925900E-03
0.77    60.0    600.00    2.4059600E-03    0.0000000E+00    2.4059600E-03
0.77    70.0    600.00    2.0987700E-03    0.0000000E+00    2.0987700E-03
0.77    80.0    600.00    1.7835300E-03    0.0000000E+00    1.7835300E-03
0.77    90.0    600.00    1.3879650E-03    0.0000000E+00    1.3879650E-03
0.77    100.0    600.00    9.9212200E-04    0.0000000E+00    9.9212200E-04
0.77    110.0    600.00    6.9864700E-04    0.0000000E+00    6.9864700E-04
0.77    120.0    600.00    4.8197500E-04    0.0000000E+00    4.8197500E-04
0.77    130.0    600.00    3.6041400E-04    0.0000000E+00    3.6041400E-04
0.77    140.0    600.00    3.0158900E-04    0.0000000E+00    3.0158900E-04
0.77    150.0    600.00    2.7351100E-04    0.0000000E+00    2.7351100E-04
0.77    160.0    600.00    2.5966500E-04    0.0000000E+00    2.5966500E-04
0.77    170.0    600.00    2.5311100E-04    0.0000000E+00    2.5311100E-04
0.77    180.0    600.00    2.5099700E-04    0.0000000E+00    2.5099700E-04
0.78    0.0    600.00    3.3806500E-03    0.0000000E+00    3.3806500E-03
0.78    10.0    600.00    3.3443700E-03    0.0000000E+00    3.3443700E-03
0.78    20.0    600.00    3.2436200E-03    0.0000000E+00    3.2436200E-03
0.78    30.0    600.00    3.0827000E-03    0.0000000E+00    3.0827000E-03
0.78    40.0    600.00    2.8700900E-03    0.0000000E+00    2.8700900E-03
0.78    50.0    600.00    2.6156900E-03    0.0000000E+00    2.6156900E-03
0.78    60.0    600.00    2.3293700E-03    0.0000000E+00    2.3293700E-03
0.78    70.0    600.00    2.0201000E-03    0.0000000E+00    2.0201000E-03
0.78    80.0    600.00    1.6985700E-03    0.0000000E+00    1.6985700E-03
0.78    90.0    600.00    1.2857750E-03    0.0000000E+00    1.2857750E-03
0.78    100.0    600.00    8.6727400E-04    0.0000000E+00    8.6727400E-04
0.78    110.0    600.00    5.7098200E-04    0.0000000E+00    5.7098200E-04
0.78    120.0    600.00    3.8547600E-04    0.0000000E+00    3.8547600E-04
0.78    130.0    600.00    2.9958600E-04    0.0000000E+00    2.9958600E-04
0.78    140.0    600.00    2.6290800E-04    0.0000000E+00    2.6290800E-04
0.78    150.0    600.00    2.4622500E-04    0.0000000E+00    2.4622500E-04
0.78    160.0    600.00    2.3808100E-04    0.0000000E+00    2.3808100E-04
0.78    170.0    600.00    2.3423000E-04    0.0000000E+00    2.3423000E-04
0.78    180.0    600.00    2.3298000E-04    0.0000000E+00    2.3298000E-04
0.79    0.0    600.00    3.2975400E-03    0.0000000E+00    3.2975400E-03
0.79    10.0    600.00    3.2616700E-03    0.0000000E+00    3.2616700E-03
0.79    20.0    600.00    3.1620000E-03    0.0000000E+00    3.1620000E-03
0.79    30.0    600.00    3.0025800E-03    0.0000000E+00    3.0025800E-03
0.79    40.0    600.00    2.7914600E-03    0.0000000E+00    2.7914600E-03
0.79    50.0    600.00    2.5378600E-03    0.0000000E+00    2.5378600E-03
0.79    60.0    600.00    2.2505500E-03    0.0000000E+00    2.2505500E-03
0.79    70.0    600.00    1.9364300E-03    0.0000000E+00    1.9364300E-03
0.79    80.0    600.00    1.6025100E-03    0.0000000E+00    1.6025100E-03
0.79    90.0    600.00    1.1540600E-03    0.0000000E+00    1.1540600E-03
0.79    100.0    600.00    6.8900700E-04    0.0000000E+00    6.8900700E-04
0.79    110.0    600.00    4.1237400E-04    0.0000000E+00    4.1237400E-04
0.79    120.0    600.00    2.9054200E-04    0.0000000E+00    2.9054200E-04
0.79    130.0    600.00    2.4731500E-04    0.0000000E+00    2.4731500E-04
0.79    140.0    600.00    2.3076300E-04    0.0000000E+00    2.3076300E-04
0.79    150.0    600.00    2.2342300E-04    0.0000000E+00    2.2342300E-04
0.79    160.0    600.00    2.1986800E-04    0.0000000E+00    2.1986800E-04
0.79    170.0    600.00    2.1820000E-04    0.0000000E+00    2.1820000E-04
0.79    180.0    600.00    2.1765600E-04    0.0000000E+00    2.1765600E-04
0.80    0.0    600.00    3.2132200E-03    0.0000000E+00    3.2132200E-03
0.80    10.0    600.00    3.1776500E-03    0.0000000E+00    3.1776500E-03
0.80    20.0    600.00    3.0787300E-03    0.0000000E+00    3.0787300E-03
0.80    30.0    600.00    2.9202300E-03    0.0000000E+00    2.9202300E-03
0.80    40.0    600.00    2.7096200E-03    0.0000000E+00    2.7096200E-03
0.80    50.0    600.00    2.4551300E-03    0.0000000E+00    2.4551300E-03
0.80    60.0    600.00    2.1634800E-03    0.0000000E+00    2.1634800E-03
0.80    70.0    600.00    1.8366000E-03    0.0000000E+00    1.8366000E-03
0.80    80.0    600.00    1.4659300E-03    0.0000000E+00    1.4659300E-03
0.80    90.0    600.00    8.2396400E-04    0.0000000E+00    8.2396400E-04
0.80    100.0    600.00    3.5885700E-04    0.0000000E+00    3.5885700E-04
0.80    110.0    600.00    2.4814100E-04    0.0000000E+00    2.4814100E-04
0.80    120.0    600.00    2.1840100E-04    0.0000000E+00    2.1840100E-04
0.80    130.0    600.00    2.1009500E-04    0.0000000E+00    2.1009500E-04
0.80    140.0    600.00    2.0736800E-04    0.0000000E+00    2.0736800E-04
0.80    150.0    600.00    2.0638900E-04    0.0000000E+00    2.0638900E-04
0.80    160.0    600.00    2.0603600E-04    0.0000000E+00    2.0603600E-04
0.80    170.0    600.00    2.0591800E-04    0.0000000E+00    2.0591800E-04
0.80    180.0    600.00    2.0588800E-04    0.0000000E+00    2.0588800E-04
0.81    0.0    600.00    3.1976000E-03    0.0000000E+00    3.1976000E-03
0.81    10.0    600.00    3.1619400E-03    0.0000000E+00    3.1619400E-03
0.81    20.0    600.00    3.0628600E-03    0.0000000E+00    3.0628600E-03
0.81    30.0    600.00    2.9040100E-03    0.0000000E+00    2.9040100E-03
0.81    40.0    600.00    2.6927600E-03    0.0000000E+00    2.6927600E-03
0.81    50.0    600.00    2.4371100E-03    0.0000000E+00    2.4371100E-03
0.81    60.0    600.00    2.1432500E-03    0.0000000E+00    2.1432500E-03
0.81    70.0    600.00    1.8115500E-03    0.0000000E+00    1.8115500E-03
0.81    80.0    600.00    1.4258700E-03    0.0000000E+00    1.4258700E-03
0.81    90.0    600.00    7.7395250E-04    0.0000000E+00    7.7395250E-04
0.81    100.0    600.00    3.5166000E-04    0.0000000E+00    3.5166000E-04
0.81    110.0    600.00    2.4566500E-04    0.0000000E+00    2.4566500E-04
0.81    120.0    600.00    2.1778800E-04    0.0000000E+00    2.1778800E-04
0.81    130.0    600.00    2.1008800E-04    0.0000000E+00    2.1008800E-04
0.81    140.0    600.00    2.0757700E-04    0.0000000E+00    2.0757700E-04
0.81    150.0    600.00    2.0668500E-04    0.0000000E+00    2.0668500E-04
0.81    160.0    600.00    2.0636900E-04    0.0000000E+00    2.0636900E-04
0.81    170.0    600.00    2.0626700E-04    0.0000000E+00    2.0626700E-04
0.81    180.0    600.00    2.0624200E-04    0.0000000E+00    2.0624200E-04
0.82    0.0    600.00    3.1819300E-03    0.0000000E+00    3.1819300E-03
0.82    10.0    600.00    3.1462000E-03    0.0000000E+00    3.1462000E-03
0.82    20.0    600.00    3.0469500E-03    0.0000000E+00    3.0469500E-03
0.82    30.0    600.00    2.8877600E-03    0.0000000E+00    2.8877600E-03
0.82    40.0    600.00    2.6758800E-03    0.0000000E+00    2.6758800E-03
0.82    50.0    600.00    2.4190800E-03    0.0000000E+00    2.4190800E-03
0.82    60.0    600.00    2.1230300E-03    0.0000000E+00    2.1230300E-03
0.82    70.0    600.00    1.7865400E-03    0.0000000E+00    1.7865400E-03
0.82    80.0    600.00    1.3867700E-03    0.0000000E+00    1.3867700E-03
0.82    90.0    600.00    7.3665650E-04    0.0000000E+00    7.3665650E-04
0.82    100.0    600.00    3.4434500E-04    0.0000000E+00    3.4434500E-04
0.82    110.0    600.00    2.4313700E-04    0.0000000E+00    2.4313700E-04
0.82    120.0    600.00    2.1715900E-04    0.0000000E+00    2.1715900E-04
0.82    130.0    600.00    2.1007000E-04    0.0000000E+00    2.1007000E-04
0.82    140.0    600.00    2.0777800E-04    0.0000000E+00    2.0777800E-04
0.82    150.0    600.00    2.0697500E-04    0.0000000E+00    2.0697500E-04
0.82    160.0    600.00    2.0669700E-04    0.0000000E+00    2.0669700E-04
0.82    170.0    600.00    2.0661100E-04    0.0000000E+00    2.0661100E-04
0.82    180.0    600.00    2.0659100E-04    0.0000000E+00    2.0659100E-04
0.83    0.0    600.00    3.1663200E-03    0.0000000E+00    3.1663200E-03
0.83    10.0    600.00    3.1305100E-03    0.0000000E+00    3.1305100E-03
0.83    20.0    600.00    3.0311000E-03    0.0000000E+00    3.0311000E-03
0.83    30.0    600.00    2.8715800E-03    0.0000000E+00    2.8715800E-03
0.83    40.0    600.00    2.6590800E-03    0.0000000E+00    2.6590800E-03
0.83    50.0    600.00    2.4011500E-03    0.0000000E+00    2.4011500E-03
0.83    60.0    600.00    2.1029300E-03    0.0000000E+00    2.1029300E-03
0.83    70.0    600.00    1.7617400E-03    0.0000000E+00    1.7617400E-03
0.83    80.0    600.00    1.3491700E-03    0.0000000E+00    1.3491700E-03
0.83    90.0    600.00    7.0808000E-04    0.0000000E+00    7.0808000E-04
0.83    100.0    600.00    3.3727800E-04    0.0000000E+00    3.3727800E-04
0.83    110.0    600.00    2.4071900E-04    0.0000000E+00    2.4071900E-04
0.83    120.0    600.00    2.1658900E-04    0.0000000E+00    2.1658900E-04
0.83    130.0    600.00    2.1008500E-04    0.0000000E+00    2.1008500E-04
0.83    140.0    600.00    2.0800000E-04    0.0000000E+00    2.0800000E-04
0.83    150.0    600.00    2.0728100E-04    0.0000000E+00    2.0728100E-04
0.83    160.0    600.00    2.0703800E-04    0.0000000E+00    2.0703800E-04
0.83    170.0    600.00    2.0696600E-04    0.0000000E+00    2.0696600E-04
0.83    180.0    600.00    2.0695100E-04    0.0000000E+00    2.0695100E-04
0.84    0.0    600.00    3.1507700E-03    0.0000000E+00    3.1507700E-03
0.84    10.0    600.00    3.1148800E-03    0.0000000E+00    3.1148800E-03
0.84    20.0    600.00    3.0153100E-03    0.0000000E+00    3.0153100E-03
0.84    30.0    600.00    2.8554600E-03    0.0000000E+00    2.8554600E-03
0.84    40.0    600.00    2.6423500E-03    0.0000000E+00    2.6423500E-03
0.84    50.0    600.00    2.3833100E-03    0.0000000E+00    2.3833100E-03
0.84    60.0    600.00    2.0829600E-03    0.0000000E+00    2.0829600E-03
0.84    70.0    600.00    1.7371800E-03    0.0000000E+00    1.7371800E-03
0.84    80.0    600.00    1.3132300E-03    0.0000000E+00    1.3132300E-03
0.84    90.0    600.00    6.8506550E-04    0.0000000E+00    6.8506550E-04
0.84    100.0    600.00    3.3036000E-04    0.0000000E+00    3.3036000E-04
0.84    110.0    600.00    2.3840000E-04    0.0000000E+00    2.3840000E-04
0.84    120.0    600.00    2.1607400E-04    0.0000000E+00    2.1607400E-04
0.84    130.0    600.00    2.1013100E-04    0.0000000E+00    2.1013100E-04
0.84    140.0    600.00    2.0824400E-04    0.0000000E+00    2.0824400E-04
0.84    150.0    600.00    2.0760100E-04    0.0000000E+00    2.0760100E-04
0.84    160.0    600.00    2.0739200E-04    0.0000000E+00    2.0739200E-04
0.84    170.0    600.00    2.0733300E-04    0.0000000E+00    2.0733300E-04
0.84    180.0    600.00    2.0732100E-04    0.0000000E+00    2.0732100E-04
0.85    0.0    600.00    3.1352800E-03    0.0000000E+00    3.1352800E-03
0.85    10.0    600.00    3.0993100E-03    0.0000000E+00    3.0993100E-03
0.85    20.0    600.00    2.9995900E-03    0.0000000E+00    2.9995900E-03
0.85    30.0    600.00    2.8394100E-03    0.0000000E+00    2.8394100E-03
0.85    40.0    600.00    2.6257100E-03    0.0000000E+00    2.6257100E-03
0.85    50.0    600.00    2.3655600E-03    0.0000000E+00    2.3655600E-03
0.85    60.0    600.00    2.0631300E-03    0.0000000E+00    2.0631300E-03
0.85    70.0    600.00    1.7128800E-03    0.0000000E+00    1.7128800E-03
0.85    80.0    600.00    1.2789600E-03    0.0000000E+00    1.2789600E-03
0.85    90.0    600.00    6.6565600E-04    0.0000000E+00    6.6565600E-04
0.85    100.0    600.00    3.2352200E-04    0.0000000E+00    3.2352200E-04
0.85    110.0    600.00    2.3617100E-04    0.0000000E+00    2.3617100E-04
0.85    120.0    600.00    2.1561100E-04    0.0000000E+00    2.1561100E-04
0.85    130.0    600.00    2.1020600E-04    0.0000000E+00    2.1020600E-04
0.85    140.0    600.00    2.0850500E-04    0.0000000E+00    2.0850500E-04
0.85    150.0    600.00    2.0793600E-04    0.0000000E+00    2.0793600E-04
0.85    160.0    600.00    2.0775600E-04    0.0000000E+00    2.0775600E-04
0.85    170.0    600.00    2.0770900E-04    0.0000000E+00    2.0770900E-04
0.85    180.0    600.00    2.0770100E-04    0.0000000E+00    2.0770100E-04
0.86    0.0    600.00    3.1198300E-03    0.0000000E+00    3.1198300E-03
0.86    10.0    600.00    3.0838000E-03    0.0000000E+00    3.0838000E-03
0.86    20.0    600.00    2.9839200E-03    0.0000000E+00    2.9839200E-03
0.86    30.0    600.00    2.8234300E-03    0.0000000E+00    2.8234300E-03
0.86    40.0    600.00    2.6091300E-03    0.0000000E+00    2.6091300E-03
0.86    50.0    600.00    2.3479100E-03    0.0000000E+00    2.3479100E-03
0.86    60.0    600.00    2.0434300E-03    0.0000000E+00    2.0434300E-03
0.86    70.0    600.00    1.6888700E-03    0.0000000E+00    1.6888700E-03
0.86    80.0    600.00    1.2463300E-03    0.0000000E+00    1.2463300E-03
0.86    90.0    600.00    6.4862900E-04    0.0000000E+00    6.4862900E-04
0.86    100.0    600.00    3.1670800E-04    0.0000000E+00    3.1670800E-04
0.86    110.0    600.00    2.3402800E-04    0.0000000E+00    2.3402800E-04
0.86    120.0    600.00    2.1519800E-04    0.0000000E+00    2.1519800E-04
0.86    130.0    600.00    2.1030900E-04    0.0000000E+00    2.1030900E-04
0.86    140.0    600.00    2.0878500E-04    0.0000000E+00    2.0878500E-04
0.86    150.0    600.00    2.0828400E-04    0.0000000E+00    2.0828400E-04
0.86    160.0    600.00    2.0813200E-04    0.0000000E+00    2.0813200E-04
0.86    170.0    600.00    2.0809600E-04    0.0000000E+00    2.0809600E-04
0.86    180.0    600.00    2.0809100E-04    0.0000000E+00    2.0809100E-04
0.87    0.0    600.00    3.1044500E-03    0.0000000E+00    3.1044500E-03
0.87    10.0    600.00    3.0683400E-03    0.0000000E+00    3.0683400E-03
0.87    20.0    600.00    2.9683200E-03    0.0000000E+00    2.9683200E-03
0.87    30.0    600.00    2.8075100E-03    0.0000000E+00    2.8075100E-03
0.87    40.0    600.00    2.5926300E-03    0.0000000E+00    2.5926300E-03
0.87    50.0    600.00    2.3303500E-03    0.0000000E+00    2.3303500E-03
0.87    60.0    600.00    2.0238600E-03    0.0000000E+00    2.0238600E-03
0.87    70.0    600.00    1.6651500E-03    0.0000000E+00    1.6651500E-03
0.87    80.0    600.00    1.2152900E-03    0.0000000E+00    1.2152900E-03
0.87    90.0    600.00    6.3323050E-04    0.0000000E+00    6.3323050E-04
0.87    100.0    600.00    3.0988400E-04    0.0000000E+00    3.0988400E-04
0.87    110.0    600.00    2.3197000E-04    0.0000000E+00    2.3197000E-04
0.87    120.0    600.00    2.1483500E-04    0.0000000E+00    2.1483500E-04
0.87    130.0    600.00    2.1043800E-04    0.0000000E+00    2.1043800E-04
0.87    140.0    600.00    2.0908200E-04    0.0000000E+00    2.0908200E-04
0.87    150.0    600.00    2.0864500E-04    0.0000000E+00    2.0864500E-04
0.87    160.0    600.00    2.0851800E-04    0.0000000E+00    2.0851800E-04
0.87    170.0    600.00    2.0849200E-04    0.0000000E+00    2.0849200E-04
0.87    180.0    600.00    2.0849000E-04    0.0000000E+00    2.0849000E-04
0.88    0.0    600.00    3.0891200E-03    0.0000000E+00    3.0891200E-03
0.88    10.0    600.00    3.0529500E-03    0.0000000E+00    3.0529500E-03
0.88    20.0    600.00    2.9527700E-03    0.0000000E+00    2.9527700E-03
0.88    30.0    600.00    2.7916600E-03    0.0000000E+00    2.7916600E-03
0.88    40.0    600.00    2.5762100E-03    0.0000000E+00    2.5762100E-03
0.88    50.0    600.00    2.3128900E-03    0.0000000E+00    2.3128900E-03
0.88    60.0    600.00    2.0044500E-03    0.0000000E+00    2.0044500E-03
0.88    70.0    600.00    1.6417500E-03    0.0000000E+00    1.6417500E-03
0.88    80.0    600.00    1.1857600E-03    0.0000000E+00    1.1857600E-03
0.88    90.0    600.00    6.1896800E-04    0.0000000E+00    6.1896800E-04
0.88    100.0    600.00    3.0301500E-04    0.0000000E+00    3.0301500E-04
0.88    110.0    600.00    2.2999800E-04    0.0000000E+00    2.2999800E-04
0.88    120.0    600.00    2.1451900E-04    0.0000000E+00    2.1451900E-04
0.88    130.0    600.00    2.1059500E-04    0.0000000E+00    2.1059500E-04
0.88    140.0    600.00    2.0939700E-04    0.0000000E+00    2.0939700E-04
0.88    150.0    600.00    2.0901900E-04    0.0000000E+00    2.0901900E-04
0.88    160.0    600.00    2.0891500E-04    0.0000000E+00    2.0891500E-04
0.88    170.0    600.00    2.0889700E-04    0.0000000E+00    2.0889700E-04
0.88    180.0    600.00    2.0889700E-04    0.0000000E+00    2.0889700E-04
0.89    0.0    600.00    3.0738600E-03    0.0000000E+00    3.0738600E-03
0.89    10.0    600.00    3.0376100E-03    0.0000000E+00    3.0376100E-03
0.89    20.0    600.00    2.9372900E-03    0.0000000E+00    2.9372900E-03
0.89    30.0    600.00    2.7758800E-03    0.0000000E+00    2.7758800E-03
0.89    40.0    600.00    2.5598800E-03    0.0000000E+00    2.5598800E-03
0.89    50.0    600.00    2.2955400E-03    0.0000000E+00    2.2955400E-03
0.89    60.0    600.00    1.9851700E-03    0.0000000E+00    1.9851700E-03
0.89    70.0    600.00    1.6186700E-03    0.0000000E+00    1.6186700E-03
0.89    80.0    600.00    1.1576500E-03    0.0000000E+00    1.1576500E-03
0.89    90.0    600.00    6.0550850E-04    0.0000000E+00    6.0550850E-04
0.89    100.0    600.00    2.9606800E-04    0.0000000E+00    2.9606800E-04
0.89    110.0    600.00    2.2811200E-04    0.0000000E+00    2.2811200E-04
0.89    120.0    600.00    2.1425100E-04    0.0000000E+00    2.1425100E-04
0.89    130.0    600.00    2.1077800E-04    0.0000000E+00    2.1077800E-04
0.89    140.0    600.00    2.0972900E-04    0.0000000E+00    2.0972900E-04
0.89    150.0    600.00    2.0940600E-04    0.0000000E+00    2.0940600E-04
0.89    160.0    600.00    2.0932300E-04    0.0000000E+00    2.0932300E-04
0.89    170.0    600.00    2.0931300E-04    0.0000000E+00    2.0931300E-04
0.89    180.0    600.00    2.0931500E-04    0.0000000E+00    2.0931500E-04
0.90    0.0    600.00    3.0586500E-03    0.0000000E+00    3.0586500E-03
0.90    10.0    600.00    3.0223400E-03    0.0000000E+00    3.0223400E-03
0.90    20.0    600.00    2.9218800E-03    0.0000000E+00    2.9218800E-03
0.90    30.0    600.00    2.7601700E-03    0.0000000E+00    2.7601700E-03
0.90    40.0    600.00    2.5436200E-03    0.0000000E+00    2.5436200E-03
0.90    50.0    600.00    2.2782800E-03    0.0000000E+00    2.2782800E-03
0.90    60.0    600.00    1.9660500E-03    0.0000000E+00    1.9660500E-03
0.90    70.0    600.00    1.5959300E-03    0.0000000E+00    1.5959300E-03
0.90    80.0    600.00    1.1308700E-03    0.0000000E+00    1.1308700E-03
0.90    90.0    600.00    5.9261250E-04    0.0000000E+00    5.9261250E-04
0.90    100.0    600.00    2.8902100E-04    0.0000000E+00    2.8902100E-04
0.90    110.0    600.00    2.2631500E-04    0.0000000E+00    2.2631500E-04
0.90    120.0    600.00    2.1403100E-04    0.0000000E+00    2.1403100E-04
0.90    130.0    600.00    2.1098700E-04    0.0000000E+00    2.1098700E-04
0.90    140.0    600.00    2.1007800E-04    0.0000000E+00    2.1007800E-04
0.90    150.0    600.00    2.0980600E-04    0.0000000E+00    2.0980600E-04
0.90    160.0    600.00    2.0974100E-04    0.0000000E+00    2.0974100E-04
0.90    170.0    600.00    2.0973700E-04    0.0000000E+00    2.0973700E-04
0.90    180.0    600.00    2.0974100E-04    0.0000000E+00    2.0974100E-04
0.91    0.0    600.00    3.0435000E-03    0.0000000E+00    3.0435000E-03
0.91    10.0    600.00    3.0071300E-03    0.0000000E+00    3.0071300E-03
0.91    20.0    600.00    2.9065300E-03    0.0000000E+00    2.9065300E-03
0.91    30.0    600.00    2.7445300E-03    0.0000000E+00    2.7445300E-03
0.91    40.0    600.00    2.5274500E-03    0.0000000E+00    2.5274500E-03
0.91    50.0    600.00    2.2611300E-03    0.0000000E+00    2.2611300E-03
0.91    60.0    600.00    1.9470900E-03    0.0000000E+00    1.9470900E-03
0.91    70.0    600.00    1.5735300E-03    0.0000000E+00    1.5735300E-03
0.91    80.0    600.00    1.1053500E-03    0.0000000E+00    1.1053500E-03
0.91    90.0    600.00    5.8007500E-04    0.0000000E+00    5.8007500E-04
0.91    100.0    600.00    2.8184900E-04    0.0000000E+00    2.8184900E-04
0.91    110.0    600.00    2.2460900E-04    0.0000000E+00    2.2460900E-04
0.91    120.0    600.00    2.1385800E-04    0.0000000E+00    2.1385800E-04
0.91    130.0    600.00    2.1122200E-04    0.0000000E+00    2.1122200E-04
0.91    140.0    600.00    2.1044500E-04    0.0000000E+00    2.1044500E-04
0.91    150.0    600.00    2.1021900E-04    0.0000000E+00    2.1021900E-04
0.91    160.0    600.00    2.1017000E-04    0.0000000E+00    2.1017000E-04
0.91    170.0    600.00    2.1017100E-04    0.0000000E+00    2.1017100E-04
0.91    180.0    600.00    2.1017600E-04    0.0000000E+00    2.1017600E-04
0.92    0.0    600.00    3.0284100E-03    0.0000000E+00    3.0284100E-03
0.92    10.0    600.00    2.9919800E-03    0.0000000E+00    2.9919800E-03
0.92    20.0    600.00    2.8912400E-03    0.0000000E+00    2.8912400E-03
0.92    30.0    600.00    2.7289600E-03    0.0000000E+00    2.7289600E-03
0.92    40.0    600.00    2.5113500E-03    0.0000000E+00    2.5113500E-03
0.92    50.0    600.00    2.2440800E-03    0.0000000E+00    2.2440800E-03
0.92    60.0    600.00    1.9282700E-03    0.0000000E+00    1.9282700E-03
0.92    70.0    600.00    1.5514800E-03    0.0000000E+00    1.5514800E-03
0.92    80.0    600.00    1.0809800E-03    0.0000000E+00    1.0809800E-03
0.92    90.0    600.00    5.6768550E-04    0.0000000E+00    5.6768550E-04
0.92    100.0    600.00    2.7453100E-04    0.0000000E+00    2.7453100E-04
0.92    110.0    600.00    2.2299900E-04    0.0000000E+00    2.2299900E-04
0.92    120.0    600.00    2.1373100E-04    0.0000000E+00    2.1373100E-04
0.92    130.0    600.00    2.1148100E-04    0.0000000E+00    2.1148100E-04
0.92    140.0    600.00    2.1082700E-04    0.0000000E+00    2.1082700E-04
0.92    150.0    600.00    2.1064300E-04    0.0000000E+00    2.1064300E-04
0.92    160.0    600.00    2.1060900E-04    0.0000000E+00    2.1060900E-04
0.92    170.0    600.00    2.1061400E-04    0.0000000E+00    2.1061400E-04
0.92    180.0    600.00    2.1062000E-04    0.0000000E+00    2.1062000E-04
0.93    0.0    600.00    3.0133900E-03    0.0000000E+00    3.0133900E-03
0.93    10.0    600.00    2.9768900E-03    0.0000000E+00    2.9768900E-03
0.93    20.0    600.00    2.8760200E-03    0.0000000E+00    2.8760200E-03
0.93    30.0    600.00    2.7134700E-03    0.0000000E+00    2.7134700E-03
0.93    40.0    600.00    2.4953400E-03    0.0000000E+00    2.4953400E-03
0.93    50.0    600.00    2.2271400E-03    0.0000000E+00    2.2271400E-03
0.93    60.0    600.00    1.9096100E-03    0.0000000E+00    1.9096100E-03
0.93    70.0    600.00    1.5297700E-03    0.0000000E+00    1.5297700E-03
0.93    80.0    600.00    1.0576900E-03    0.0000000E+00    1.0576900E-03
0.93    90.0    600.00    5.5519400E-04    0.0000000E+00    5.5519400E-04
0.93    100.0    600.00    2.6705700E-04    0.0000000E+00    2.6705700E-04
0.93    110.0    600.00    2.2148900E-04    0.0000000E+00    2.2148900E-04
0.93    120.0    600.00    2.1365200E-04    0.0000000E+00    2.1365200E-04
0.93    130.0    600.00    2.1176600E-04    0.0000000E+00    2.1176600E-04
0.93    140.0    600.00    2.1122500E-04    0.0000000E+00    2.1122500E-04
0.93    150.0    600.00    2.1107900E-04    0.0000000E+00    2.1107900E-04
0.93    160.0    600.00    2.1105700E-04    0.0000000E+00    2.1105700E-04
0.93    170.0    600.00    2.1106500E-04    0.0000000E+00    2.1106500E-04
0.93    180.0    600.00    2.1107200E-04    0.0000000E+00    2.1107200E-04
0.94    0.0    600.00    2.9984200E-03    0.0000000E+00    2.9984200E-03
0.94    10.0    600.00    2.9618600E-03    0.0000000E+00    2.9618600E-03
0.94    20.0    600.00    2.8608600E-03    0.0000000E+00    2.8608600E-03
0.94    30.0    600.00    2.6980400E-03    0.0000000E+00    2.6980400E-03
0.94    40.0    600.00    2.4794100E-03    0.0000000E+00    2.4794100E-03
0.94    50.0    600.00    2.2102900E-03    0.0000000E+00    2.2102900E-03
0.94    60.0    600.00    1.8911000E-03    0.0000000E+00    1.8911000E-03
0.94    70.0    600.00    1.5084100E-03    0.0000000E+00    1.5084100E-03
0.94    80.0    600.00    1.0354000E-03    0.0000000E+00    1.0354000E-03
0.94    90.0    600.00    5.4223750E-04    0.0000000E+00    5.4223750E-04
0.94    100.0    600.00    2.5941800E-04    0.0000000E+00    2.5941800E-04
0.94    110.0    600.00    2.2008600E-04    0.0000000E+00    2.2008600E-04
0.94    120.0    600.00    2.1361900E-04    0.0000000E+00    2.1361900E-04
0.94    130.0    600.00    2.1207600E-04    0.0000000E+00    2.1207600E-04
0.94    140.0    600.00    2.1164000E-04    0.0000000E+00    2.1164000E-04
0.94    150.0    600.00    2.1152800E-04    0.0000000E+00    2.1152800E-04
0.94    160.0    600.00    2.1151600E-04    0.0000000E+00    2.1151600E-04
0.94    170.0    600.00    2.1152600E-04    0.0000000E+00    2.1152600E-04
0.94    180.0    600.00    2.1153300E-04    0.0000000E+00    2.1153300E-04
0.95    0.0    600.00    2.9835000E-03    0.0000000E+00    2.9835000E-03
0.95    10.0    600.00    2.9468800E-03    0.0000000E+00    2.9468800E-03
0.95    20.0    600.00    2.8457500E-03    0.0000000E+00    2.8457500E-03
0.95    30.0    600.00    2.6826700E-03    0.0000000E+00    2.6826700E-03
0.95    40.0    600.00    2.4635500E-03    0.0000000E+00    2.4635500E-03
0.95    50.0    600.00    2.1935400E-03    0.0000000E+00    2.1935400E-03
0.95    60.0    600.00    1.8727400E-03    0.0000000E+00    1.8727400E-03
0.95    70.0    600.00    1.4873800E-03    0.0000000E+00    1.4873800E-03
0.95    80.0    600.00    1.0140100E-03    0.0000000E+00    1.0140100E-03
0.95    90.0    600.00    5.2827450E-04    0.0000000E+00    5.2827450E-04
0.95    100.0    600.00    2.5162900E-04    0.0000000E+00    2.5162900E-04
0.95    110.0    600.00    2.1879700E-04    0.0000000E+00    2.1879700E-04
0.95    120.0    600.00    2.1363400E-04    0.0000000E+00    2.1363400E-04
0.95    130.0    600.00    2.1241000E-04    0.0000000E+00    2.1241000E-04
0.95    140.0    600.00    2.1207100E-04    0.0000000E+00    2.1207100E-04
0.95    150.0    600.00    2.1198900E-04    0.0000000E+00    2.1198900E-04
0.95    160.0    600.00    2.1198400E-04    0.0000000E+00    2.1198400E-04
0.95    170.0    600.00    2.1199500E-04    0.0000000E+00    2.1199500E-04
0.95    180.0    600.00    2.1200200E-04    0.0000000E+00    2.1200200E-04
0.96    0.0    600.00    2.9686500E-03    0.0000000E+00    2.9686500E-03
0.96    10.0    600.00    2.9319700E-03    0.0000000E+00    2.9319700E-03
0.96    20.0    600.00    2.8307200E-03    0.0000000E+00    2.8307200E-03
0.96    30.0    600.00    2.6673800E-03    0.0000000E+00    2.6673800E-03
0.96    40.0    600.00    2.4477700E-03    0.0000000E+00    2.4477700E-03
0.96    50.0    600.00    2.1769000E-03    0.0000000E+00    2.1769000E-03
0.96    60.0    600.00    1.8545400E-03    0.0000000E+00    1.8545400E-03
0.96    70.0    600.00    1.4667000E-03    0.0000000E+00    1.4667000E-03
0.96    80.0    600.00    9.9346400E-04    0.0000000E+00    9.9346400E-04
0.96    90.0    600.00    5.1245750E-04    0.0000000E+00    5.1245750E-04
0.96    100.0    600.00    2.4373400E-04    0.0000000E+00    2.4373400E-04
0.96    110.0    600.00    2.1763100E-04    0.0000000E+00    2.1763100E-04
0.96    120.0    600.00    2.1369800E-04    0.0000000E+00    2.1369800E-04
0.96    130.0    600.00    2.1277000E-04    0.0000000E+00    2.1277000E-04
0.96    140.0    600.00    2.1251800E-04    0.0000000E+00    2.1251800E-04
0.96    150.0    600.00    2.1246200E-04    0.0000000E+00    2.1246200E-04
0.96    160.0    600.00    2.1246300E-04    0.0000000E+00    2.1246300E-04
0.96    170.0    600.00    2.1247400E-04    0.0000000E+00    2.1247400E-04
0.96    180.0    600.00    2.1248000E-04    0.0000000E+00    2.1248000E-04
0.97    0.0    600.00    2.9538500E-03    0.0000000E+00    2.9538500E-03
0.97    10.0    600.00    2.9171200E-03    0.0000000E+00    2.9171200E-03
0.97    20.0    600.00    2.8157500E-03    0.0000000E+00    2.8157500E-03
0.97    30.0    600.00    2.6521500E-03    0.0000000E+00    2.6521500E-03
0.97    40.0    600.00    2.4320800E-03    0.0000000E+00    2.4320800E-03
0.97    50.0    600.00    2.1603600E-03    0.0000000E+00    2.1603600E-03
0.97    60.0    600.00    1.8364900E-03    0.0000000E+00    1.8364900E-03
0.97    70.0    600.00    1.4463600E-03    0.0000000E+00    1.4463600E-03
0.97    80.0    600.00    9.7365200E-04    0.0000000E+00    9.7365200E-04
0.97    90.0    600.00    4.9342150E-04    0.0000000E+00    4.9342150E-04
0.97    100.0    600.00    2.3582400E-04    0.0000000E+00    2.3582400E-04
0.97    110.0    600.00    2.1660000E-04    0.0000000E+00    2.1660000E-04
0.97    120.0    600.00    2.1381100E-04    0.0000000E+00    2.1381100E-04
0.97    130.0    600.00    2.1315600E-04    0.0000000E+00    2.1315600E-04
0.97    140.0    600.00    2.1298300E-04    0.0000000E+00    2.1298300E-04
0.97    150.0    600.00    2.1294800E-04    0.0000000E+00    2.1294800E-04
0.97    160.0    600.00    2.1295200E-04    0.0000000E+00    2.1295200E-04
0.97    170.0    600.00    2.1296200E-04    0.0000000E+00    2.1296200E-04
0.97    180.0    600.00    2.1296800E-04    0.0000000E+00    2.1296800E-04
0.98    0.0    600.00    2.9391000E-03    0.0000000E+00    2.9391000E-03
0.98    10.0    600.00    2.9023200E-03    0.0000000E+00    2.9023200E-03
0.98    20.0    600.00    2.8008300E-03    0.0000000E+00    2.8008300E-03
0.98    30.0    600.00    2.6369900E-03    0.0000000E+00    2.6369900E-03
0.98    40.0    600.00    2.4164600E-03    0.0000000E+00    2.4164600E-03
0.98    50.0    600.00    2.1439200E-03    0.0000000E+00    2.1439200E-03
0.98    60.0    600.00    1.8185900E-03    0.0000000E+00    1.8185900E-03
0.98    70.0    600.00    1.4263300E-03    0.0000000E+00    1.4263300E-03
0.98    80.0    600.00    9.5445900E-04    0.0000000E+00    9.5445900E-04
0.98    90.0    600.00    4.6897700E-04    0.0000000E+00    4.6897700E-04
0.98    100.0    600.00    2.2807300E-04    0.0000000E+00    2.2807300E-04
0.98    110.0    600.00    2.1571700E-04    0.0000000E+00    2.1571700E-04
0.98    120.0    600.00    2.1397500E-04    0.0000000E+00    2.1397500E-04
0.98    130.0    600.00    2.1356700E-04    0.0000000E+00    2.1356700E-04
0.98    140.0    600.00    2.1346200E-04    0.0000000E+00    2.1346200E-04
0.98    150.0    600.00    2.1344400E-04    0.0000000E+00    2.1344400E-04
0.98    160.0    600.00    2.1344900E-04    0.0000000E+00    2.1344900E-04
0.98    170.0    600.00    2.1345800E-04    0.0000000E+00    2.1345800E-04
0.98    180.0    600.00    2.1346100E-04    0.0000000E+00    2.1346100E-04
0.99    0.0    600.00    2.9244200E-03    0.0000000E+00    2.9244200E-03
0.99    10.0    600.00    2.8875800E-03    0.0000000E+00    2.8875800E-03
0.99    20.0    600.00    2.7859800E-03    0.0000000E+00    2.7859800E-03
0.99    30.0    600.00    2.6219000E-03    0.0000000E+00    2.6219000E-03
0.99    40.0    600.00    2.4009200E-03    0.0000000E+00    2.4009200E-03
0.99    50.0    600.00    2.1275700E-03    0.0000000E+00    2.1275700E-03
0.99    60.0    600.00    1.8008400E-03    0.0000000E+00    1.8008400E-03
0.99    70.0    600.00    1.4066200E-03    0.0000000E+00    1.4066200E-03
0.99    80.0    600.00    9.3576000E-04    0.0000000E+00    9.3576000E-04
0.99    90.0    600.00    4.3551100E-04    0.0000000E+00    4.3551100E-04
0.99    100.0    600.00    2.2078000E-04    0.0000000E+00    2.2078000E-04
0.99    110.0    600.00    2.1500300E-04    0.0000000E+00    2.1500300E-04
0.99    120.0    600.00    2.1419800E-04    0.0000000E+00    2.1419800E-04
0.99    130.0    600.00    2.1400900E-04    0.0000000E+00    2.1400900E-04
0.99    140.0    600.00    2.1396300E-04    0.0000000E+00    2.1396300E-04
0.99    150.0    600.00    2.1395600E-04    0.0000000E+00    2.1395600E-04
0.99    160.0    600.00    2.1396000E-04    0.0000000E+00    2.1396000E-04
0.99    170.0    600.00    2.1396500E-04    0.0000000E+00    2.1396500E-04
0.99    180.0    600.00    2.1396700E-04    0.0000000E+00    2.1396700E-04
1.00    0.0    600.00    2.9098000E-03    0.0000000E+00    2.9098000E-03
1.00    10.0    600.00    2.8729100E-03    0.0000000E+00    2.8729100E-03
1.00    20.0    600.00    2.7711900E-03    0.0000000E+00    2.7711900E-03
1.00    30.0    600.00    2.6068800E-03    0.0000000E+00    2.6068800E-03
1.00    40.0    600.00    2.3854600E-03    0.0000000E+00    2.3854600E-03
1.00    50.0    600.00    2.1113300E-03    0.0000000E+00    2.1113300E-03
1.00    60.0    600.00    1.7832400E-03    0.0000000E+00    1.7832400E-03
1.00    70.0    600.00    1.3872100E-03    0.0000000E+00    1.3872100E-03
1.00    80.0    600.00    9.1736500E-04    0.0000000E+00    9.1736500E-04
1.00    90.0    600.00    3.8720000E-04    0.0000000E+00    3.8720000E-04
1.00    100.0    600.00    2.1448200E-04    0.0000000E+00    2.1448200E-04
1.00    110.0    600.00    2.1448200E-04    0.0000000E+00    2.1448200E-04
1.00    120.0    600.00    2.1448200E-04    0.0000000E+00    2.1448200E-04
1.00    130.0    600.00    2.1448200E-04    0.0000000E+00    2.1448200E-04
1.00    140.0    600.00    2.1448200E-04    0.0000000E+00    2.1448200E-04
1.00    150.0    600.00    2.1448200E-04    0.0000000E+00    2.1448200E-04
1.00    160.0    600.00    2.1448200E-04    0.0000000E+00    2.1448200E-04
1.00    170.0    600.00    2.1448200E-04    0.0000000E+00    2.1448200E-04
1.00    180.0    600.00    2.1448200E-04    0.0000000E+00    2.1448200E-04
