Unnamed: 0,depths,Eu_480.0,Ed_480.0,Eo_480.0,Eod_480.0,Eou_480.0,a_480.0,b_480.0,bb_480.0,Eu_540.0,Ed_540.0,Eo_540.0,Eod_540.0,Eou_540.0,a_540.0,b_540.0,bb_540.0,Eu_600.0,Ed_600.0,Eo_600.0,Eod_600.0,Eou_600.0,a_600.0,b_600.0,bb_600.0,g
0,0.0,0.10343,0.11663,0.417,0.21102,0.20598,480.0,480.0,480.0,0.095011,0.10758,0.38396,0.19464,0.18932,540.0,540.0,540.0,0.086416,0.098604,0.35078,0.17841,0.17237,600.0,600.0,600.0,0.0
1,0.0,0.11011000199099558,0.12650550782893225,0.4393000462877964,0.22577783741907625,0.21352220886872011,0.1,700.0,21.539,0.09723020750322127,0.11196963854834041,0.3905833337987863,0.2017029180613122,0.18888041573747416,0.12,700.0,21.539,0.08645765563897151,0.09962560200615425,0.34734528512554336,0.1782167726298432,0.16912851249570013,0.16,700.0,21.539,0.87
2,0.01,0.10216345339280244,0.11919700253896082,0.44021840744945184,0.23303583935055144,0.20718256809890034,0.1,700.0,21.539,0.09125186642211695,0.1060308153560157,0.3925764981106555,0.2073958422974788,0.18518065581317672,0.12,700.0,21.539,0.07899447336451221,0.09344080017828921,0.34242711293409817,0.1821792261375431,0.16024788679655502,0.16,700.0,21.539,0.87
3,0.02,0.0937526048422345,0.10986774137818109,0.4049915360137768,0.2146427995428372,0.19034873647093953,0.1,700.0,21.539,0.08163905294237878,0.09622050842964361,0.3539927480762599,0.18815700329688723,0.1658357447793727,0.12,700.0,21.539,0.07199111135372745,0.08598604054318564,0.3138126165986835,0.16746382063384474,0.14634879596483874,0.16,700.0,21.539,0.87
4,0.03,0.08332066197899475,0.09918771770795036,0.3628282899165608,0.19346224591139743,0.1693660440051634,0.1,700.0,21.539,0.07472695556056137,0.088039529904137,0.323927756444618,0.17207561986436967,0.15185213658024838,0.12,700.0,21.539,0.06430448469175673,0.07681471623967971,0.2802751156552985,0.1495791868535956,0.13069592880170294,0.16,700.0,21.539,0.87
5,0.04,0.07469572351873853,0.09045019574282408,0.32832003862268366,0.17626637461316838,0.15205366400951525,0.1,700.0,21.539,0.06670577926445538,0.07981270911991245,0.2915491138721031,0.15571513165160453,0.13583398222049858,0.12,700.0,21.539,0.057163070990823135,0.06985642400683573,0.25215963243631173,0.13562163553138343,0.11653799690492823,0.16,700.0,21.539,0.87
6,0.05,0.06736966526511526,0.08204641568026981,0.2969102849174928,0.15967935671870975,0.137230928198783,0.1,700.0,21.539,0.05841158914799329,0.07142988735198097,0.25838085325380894,0.1390854554892894,0.11929539776451946,0.12,700.0,21.539,0.05023841730831311,0.06225865820918842,0.22325457824440603,0.12072850738004076,0.10252607086436527,0.16,700.0,21.539,0.87
7,0.06,0.05860362440519855,0.07331025405096935,0.26181516423243645,0.14198471379938069,0.1198304504330557,0.1,700.0,21.539,0.05078635432796377,0.06367118709094861,0.2275760989363439,0.12365016819599041,0.10392593074035344,0.12,700.0,21.539,0.04368616542310978,0.05557458945439843,0.19671087296705847,0.10735440036409648,0.08935647260296203,0.16,700.0,21.539,0.87
8,0.07,0.04999932008348237,0.06416573396504324,0.22640912464387314,0.1238831498181008,0.10252597482577229,0.1,700.0,21.539,0.0437919575634819,0.0561077622958458,0.19846126245730863,0.10867681996451815,0.08978444249279047,0.12,700.0,21.539,0.03719670963768546,0.048758847572642476,0.1701407604776833,0.09380570800399173,0.0763350524736916,0.16,700.0,21.539,0.87
9,0.08,0.042490632853364706,0.05686955889955303,0.19695628772632154,0.10933019821485193,0.08762608951146961,0.1,700.0,21.539,0.037035044861542514,0.04917114789188139,0.17103990078233278,0.09479593387303122,0.07624396690930159,0.12,700.0,21.539,0.03098214149371404,0.041903311667779775,0.14420426234290842,0.08032231445305765,0.06388194788985078,0.16,700.0,21.539,0.87
10,0.09,0.03415121853962971,0.04841151961680801,0.1631437404728434,0.0924642347172209,0.07067950575562251,0.1,700.0,21.539,0.029944241630360274,0.041843465532851475,0.1423203097949858,0.08028558780016383,0.062034721994822,0.12,700.0,21.539,0.025197118432674206,0.035686745341071496,0.12031348185650115,0.0681462815112218,0.05216720034527934,0.16,700.0,21.539,0.87
11,0.1,0.026701354080661304,0.04030430351215846,0.13212250758042596,0.07632135561723759,0.05580115196318835,0.1,700.0,21.539,0.02270397756901463,0.034762822670822084,0.11365063896081798,0.06605783831163875,0.047592800649179236,0.12,700.0,21.539,0.01914096818054467,0.029481710194684544,0.0957362920100447,0.05569700747052029,0.04003928453952439,0.16,700.0,21.539,0.87
12,0.11,0.018731810104420762,0.032271888714291055,0.10022995739095782,0.06038815147760926,0.03984180591334857,0.1,700.0,21.539,0.015915154170740846,0.027676918794907544,0.08596431221165517,0.05207293548613858,0.033891376725516585,0.12,700.0,21.539,0.013103214773119244,0.023236938049861655,0.07122645980043871,0.043267389328374886,0.027959070472063835,0.16,700.0,21.539,0.87
13,0.12,0.011405042385628825,0.0249918459772765,0.07100960141970766,0.045767748613928405,0.02524185280577925,0.15,180.0,5.5386,0.00975485872714117,0.021111015490482374,0.060361487888414646,0.03892915997777394,0.021432327910640713,0.18,180.0,5.5386,0.007251681394747645,0.01762686739319479,0.04805914573483704,0.031894676252709336,0.01616446948212771,0.25,180.0,5.5386,0.94
14,0.13,0.010377171361278976,0.024025694788984153,0.0668572065179068,0.04378655036675403,0.023070656151152776,0.15,180.0,2.3814,0.00903198092336479,0.019928037370392757,0.05668510403159594,0.036598802724560134,0.020086301307035804,0.18,180.0,2.3814,0.006847996125068589,0.016491941943622156,0.045106848979790566,0.029808395792221932,0.015298453187568648,0.25,180.0,2.3814,0.94
15,0.14,0.009357487406922667,0.023045236195777183,0.06291777469033207,0.04192143224398813,0.020996342446343918,0.15,180.0,2.3814,0.007977873621602674,0.019220917829360282,0.053121154888479585,0.03522086032347353,0.017900294565006067,0.18,180.0,2.3814,0.006277802299967003,0.0158236481405343,0.042571954386832235,0.028470233440474293,0.014101720946357942,0.25,180.0,2.3814,0.94
16,0.15,0.00883568363788736,0.0219824765871952,0.05977248365783212,0.039931474882452675,0.019841008775379445,0.15,180.0,2.3814,0.0073079420639176225,0.018451132921327933,0.0502324630828538,0.03371561926796252,0.016516843814891272,0.18,180.0,2.3814,0.005207668380520567,0.015236834657478998,0.03922348954254827,0.027210802842791218,0.012012686699757052,0.25,180.0,2.3814,0.94
17,0.16,0.00755617922774787,0.020947701795434905,0.05513838141727456,0.03783459258388512,0.01730378883338944,0.15,180.0,2.3814,0.0066508648107360974,0.017365249865359436,0.046670872146057696,0.031488080829591196,0.015182791316466496,0.18,180.0,2.3814,0.004875472634006986,0.014258909864725167,0.03666532461849661,0.025470733403476227,0.011194591215020384,0.25,180.0,2.3814,0.94
18,0.17,0.007260275592603537,0.01965880833116088,0.05196443690688172,0.03547643043364036,0.01648800647324137,0.15,180.0,2.3814,0.00604368488262405,0.01649044320574013,0.043794641094300035,0.029935830859399073,0.013858810234900973,0.18,180.0,2.3814,0.0041657226754576665,0.013657647023639408,0.03398291378358062,0.02420156330078783,0.009781350482792795,0.25,180.0,2.3814,0.94
19,0.18,0.006165471837519568,0.01878935846540289,0.047980008289497306,0.03372778400867928,0.014252224280818033,0.15,180.0,2.3814,0.004798874774504166,0.015894453448023364,0.03990764361678763,0.028487766128997255,0.011419877487790376,0.18,180.0,2.3814,0.0036089880775600374,0.012841961250804411,0.03126544959618276,0.02263016925316966,0.008635280343013096,0.25,180.0,2.3814,0.94
20,0.19,0.005296049022011771,0.017679674385717173,0.0439100145826656,0.03145121337647156,0.012458801206194045,0.15,180.0,2.3814,0.004276115479160338,0.014856605255845114,0.03671644716506359,0.026485660582586376,0.010230786582477206,0.18,180.0,2.3814,0.0030163154717839404,0.012014776365778116,0.028314197524327067,0.02096638521602344,0.007347812308303626,0.25,180.0,2.3814,0.94
21,0.2,0.004502370811690732,0.016735383335159996,0.040046519376671176,0.029563229566044638,0.010483289810626545,0.15,70.0,0.9261,0.0036888153360627577,0.013962110364745853,0.033411084811855646,0.024656600102473565,0.008754484709382077,0.18,70.0,0.9261,0.002172827402498137,0.011276677070980436,0.024806756871999618,0.01944572547645914,0.005361031395540473,0.25,70.0,0.9261,0.99
22,0.21,0.00438349299390686,0.016747564536130244,0.039797455747187564,0.029585207130859457,0.0102122486163281,0.15,70.0,0.147,0.003445541101377978,0.013953095041314872,0.03283540519576683,0.02460808178198673,0.008227323413780093,0.18,70.0,0.147,0.0023255251914555187,0.011031081587932529,0.02455191818941439,0.019019072231299942,0.0055328459581144495,0.25,70.0,0.147,0.99
23,0.22,0.004410340605753512,0.016447121674532647,0.03927351984251306,0.02899805570153651,0.01027546414097654,0.15,70.0,0.147,0.003306331302322667,0.013962085707470727,0.032527346161554296,0.024564856852067652,0.007962489309486639,0.18,70.0,0.147,0.0023010212822937967,0.010941894487021805,0.02430306934199395,0.018794256242686016,0.005508813099307937,0.25,70.0,0.147,0.99
24,0.23,0.004070119944021774,0.016687612263713982,0.03890969367057082,0.02930097044282663,0.009608723227744193,0.15,70.0,0.147,0.0033245423962865606,0.013897039003505664,0.032304359193581156,0.024411111375393486,0.00789324781818767,0.18,70.0,0.147,0.002160834167968674,0.010951681543240948,0.023984936885592455,0.018737795786473985,0.005247141099118474,0.25,70.0,0.147,0.99
25,0.24,0.00406432134212804,0.01648662989789347,0.03849837094851974,0.028880030367253014,0.00961834058126673,0.15,70.0,0.147,0.003387926399468729,0.013644416972195908,0.031977202312879455,0.023967056529337925,0.008010145783541523,0.18,70.0,0.147,0.002021288962868045,0.010971901995907661,0.02362280910493259,0.018706339542280383,0.004916469562652206,0.25,70.0,0.147,0.99
26,0.25,0.004405028744319413,0.0161343578939032,0.03849185929253375,0.02826478841986946,0.010227070872664291,0.15,70.0,0.147,0.003209290653554511,0.01359792091654135,0.031451737212027375,0.02383174977359571,0.007619987438431662,0.18,70.0,0.147,0.002090140554380351,0.01088658942046568,0.023674845310218393,0.018601396549583687,0.005073448760634709,0.25,70.0,0.147,0.99
27,0.26,0.003990054991450602,0.01623249325438773,0.03772553789210504,0.028303924628414932,0.009421613263690107,0.15,70.0,0.147,0.003313631554920217,0.013376849852175373,0.03133258690475192,0.02343857492636187,0.007894011978390054,0.18,70.0,0.147,0.0020096653293487504,0.010762300228497007,0.023256471652268955,0.018402388161921343,0.0048540834903476205,0.25,70.0,0.147,0.99
28,0.27,0.004164912496640842,0.016001800634402447,0.037638321303206976,0.027900121275638068,0.0097382000275689,0.15,70.0,0.147,0.003209641019051099,0.013328715195135038,0.030936376351943486,0.02333205630006312,0.007604320051880371,0.18,70.0,0.147,0.0019725152075071336,0.010640824454578193,0.02292770734350764,0.018129508270460035,0.004798199073047606,0.25,70.0,0.147,0.99
29,0.28,0.004048157661283793,0.015860607374903052,0.037197947326216486,0.02773377240297687,0.009464174923239612,0.15,70.0,0.147,0.0032406197074406617,0.013210146668959045,0.030881782910222453,0.02320080507074209,0.007680977839480363,0.18,70.0,0.147,0.002087668908357584,0.010389567293565412,0.022726212759930194,0.017782822000736012,0.004943390759194174,0.25,70.0,0.147,0.99
30,0.29,0.0038876030236046936,0.016229369814284522,0.037401953530985764,0.028181652884203365,0.009220300646782394,0.15,70.0,0.147,0.00325087366281111,0.013216464628925104,0.030891372168679085,0.023182351129840132,0.007709021038838951,0.18,70.0,0.147,0.0021041377234255216,0.010438325043804698,0.022834054190265057,0.017807723928092246,0.0050263302621728154,0.25,70.0,0.147,0.99
31,0.3,0.0041226608659224164,0.015572259630370646,0.03664598950398426,0.027098897779912888,0.009547091724071368,0.15,70.0,0.147,0.0031971046069401423,0.012898215774184344,0.030175334186521227,0.022590223695583403,0.0075851104909378285,0.18,70.0,0.147,0.001943303047651501,0.010424638810623001,0.02233001413561321,0.01770595802113883,0.004624056114474374,0.25,70.0,0.147,0.99
32,0.31,0.003879226033513613,0.015752828567613064,0.036630370947140854,0.0275424437475788,0.00908792719956205,0.15,70.0,0.147,0.003136169915892416,0.012968231941256968,0.030086974790879628,0.02262608227646969,0.007460892514409936,0.18,70.0,0.147,0.002040145497653814,0.010118526131822026,0.02204818557242008,0.01717955719285431,0.004868628379565772,0.25,70.0,0.147,0.99
33,0.32,0.003701811603439278,0.01571430975798353,0.03599326852233475,0.027251469537159564,0.008741798985175176,0.15,70.0,0.147,0.0029780709936639157,0.013005791232920175,0.02981787665477706,0.0226663762641143,0.007151500390662762,0.18,70.0,0.147,0.0019458810521064945,0.010170405106592064,0.021908545099166923,0.017281697511772755,0.004626847587394167,0.25,70.0,0.147,0.99
34,0.33,0.003916645929902464,0.015464609353936454,0.03601805062811383,0.02680682280152214,0.009211227826591685,0.15,70.0,0.147,0.003170798870773389,0.012614987473611426,0.029445026718779778,0.022034558542685958,0.007410468176093818,0.18,70.0,0.147,0.0018960462153401647,0.01005209306451291,0.021601307632138207,0.017073765358206774,0.004527542273931433,0.25,70.0,0.147,0.99
35,0.34,0.0037797440414967503,0.015430788564205239,0.0356528999798506,0.026856327652403877,0.008796572327446718,0.15,70.0,0.147,0.0031539342187939415,0.012467221190941414,0.029179585457340444,0.021807280180888025,0.007372305276452423,0.18,70.0,0.147,0.001963409377126233,0.009838240415176369,0.021285954080577204,0.01662379877133549,0.004662155309241711,0.25,70.0,0.147,0.99
36,0.35,0.0038388834712908726,0.015115199616321523,0.03516060640415648,0.026155973793209407,0.00900463261094709,0.15,70.0,0.147,0.002821854611301679,0.012619087524972511,0.02864727481691773,0.02191231526573056,0.006734959551187169,0.18,70.0,0.147,0.00178635197992466,0.009894197982480092,0.020985587498526113,0.016678217187044885,0.0043073703114812276,0.25,70.0,0.147,0.99
37,0.36,0.0039316144093053005,0.014875426322910269,0.03501607639469997,0.025846374277906644,0.009169702116793329,0.15,70.0,0.147,0.003006545048375709,0.012430736008779657,0.028777332723856987,0.021614993007553186,0.007162339716303801,0.18,70.0,0.147,0.0017821174211701957,0.00976601405942141,0.02076582367992572,0.01649806182276128,0.0042677618571644385,0.25,70.0,0.147,0.99
38,0.37,0.003907218774649021,0.014902009734138234,0.03493383462600523,0.0259257395927433,0.009008095033261936,0.15,70.0,0.147,0.0029036455327981245,0.012349572750110192,0.028336873289281857,0.02138128528728728,0.006955588001994574,0.18,70.0,0.147,0.0019884696622543005,0.009591732885220975,0.020934090329594923,0.01621758441553149,0.0047165059140634345,0.25,70.0,0.147,0.99
39,0.38,0.003476784663434261,0.015033460320044276,0.034281237733124255,0.025968792578312826,0.00831244515481143,0.15,70.0,0.147,0.0028326127500518873,0.012255118122675575,0.02799479333749624,0.02126675241367739,0.006728040923818844,0.18,70.0,0.147,0.0018503282303339878,0.009543110901390628,0.02053216887426217,0.016080364711046957,0.004451804163215208,0.25,70.0,0.147,0.99
40,0.39,0.0037345878271271243,0.014726590583501781,0.03430425709991436,0.02566858567470279,0.008635671425211574,0.15,70.0,0.147,0.0029155813128365535,0.012199279825863362,0.028099838508258024,0.0212744348644401,0.006825403643817921,0.18,70.0,0.147,0.0018169824467616233,0.009535804133440176,0.02047070963344376,0.01614804294375164,0.004322666689692115,0.25,70.0,0.147,0.99
41,0.4,0.0036462846591865843,0.014774338915115082,0.034191972529904836,0.025637598849111872,0.008554373680792968,0.15,70.0,0.147,0.0029283752899825297,0.011900569571623155,0.027589317594777958,0.020686159980975366,0.006903157613802593,0.18,70.0,0.147,0.0016999173333011998,0.009439926032642204,0.019948755463381606,0.015901654033976902,0.004047101429404699,0.25,70.0,0.147,0.99
42,0.41,0.0037095747654086932,0.014556574801408793,0.03389514352026697,0.025292579538028135,0.008602563982238846,0.15,70.0,0.147,0.0027321723728681263,0.012000205510376305,0.027263597592498343,0.02076670887252122,0.0064968887199771215,0.18,70.0,0.147,0.0018752057329277769,0.00920793571761086,0.01997330703066333,0.015530698864537127,0.004442608166126201,0.25,70.0,0.147,0.99
43,0.42,0.0036348607622262636,0.014295119425782325,0.03335814914901255,0.02485118127977105,0.008506967869241497,0.15,70.0,0.147,0.002965406897001569,0.011716611553939051,0.027358122511873393,0.02042688409427521,0.006931238417598179,0.18,70.0,0.147,0.0018302515829670548,0.00920826002885507,0.019842550283299783,0.015544891103753903,0.004297659179545885,0.25,70.0,0.147,0.99
44,0.43,0.003643316919485594,0.014333062644904923,0.033252548011415334,0.024750934129266114,0.008501613882149216,0.15,70.0,0.147,0.002811988042655348,0.011692680596508366,0.026971184930298996,0.020289028422381575,0.0066821565079174215,0.18,70.0,0.147,0.0016039786414357732,0.009291679249420995,0.019493460735020587,0.015620022798586848,0.0038734379364337365,0.25,70.0,0.147,0.99
45,0.44,0.003579744541649837,0.014306496700875908,0.033097128413951585,0.02472327040103006,0.008373858012921523,0.15,70.0,0.147,0.0028589114454833416,0.01155552441821594,0.026840231309676915,0.020115499199871302,0.006724732109805615,0.18,70.0,0.147,0.0017354161865479809,0.009084828702564595,0.019400227884236055,0.015289152998576371,0.004111074885659689,0.25,70.0,0.147,0.99
46,0.45,0.0035315779882790286,0.014174885439569084,0.03285755927426097,0.024629115607787327,0.008228443666473646,0.15,70.0,0.147,0.002797280251890268,0.011444709583431807,0.026490390568668937,0.0198879791870839,0.0066024113815850395,0.18,70.0,0.147,0.0018072936939339782,0.008930621001836054,0.019363712234415967,0.01506540560392797,0.004298306630487995,0.25,70.0,0.147,0.99
47,0.46,0.0033508286832241267,0.014242412142739372,0.03254545572543108,0.02466753302360218,0.007877922701828898,0.15,70.0,0.147,0.0026138425153840114,0.011602702396093515,0.02633342994395858,0.020066457502211317,0.006266972441747264,0.18,70.0,0.147,0.0017688195082738991,0.008835044563947644,0.01908133031402793,0.014934694387475269,0.004146635926552659,0.25,70.0,0.147,0.99
48,0.47,0.0034278386414857685,0.014091897539749076,0.032375437016860256,0.024405647753511485,0.007969789263348763,0.15,70.0,0.147,0.0026705348532330263,0.011482635516761137,0.026311856677941493,0.019926780637776108,0.006385076040165388,0.18,70.0,0.147,0.0016946443467092175,0.008809599976974536,0.01882768715894684,0.014809946751612315,0.004017740407334527,0.25,70.0,0.147,0.99
49,0.48,0.0031288801216922376,0.014052151183140888,0.031664361501932324,0.024202999224576544,0.007461362277355785,0.15,70.0,0.147,0.002771260994360187,0.011151931140130295,0.025880585188829887,0.01932399607800024,0.006556589110829638,0.18,70.0,0.147,0.001577996482093268,0.008781121349217299,0.018536745940482026,0.014754253371020983,0.0037824925694610392,0.25,70.0,0.147,0.99
50,0.49,0.003223171588944604,0.013867406655663599,0.03158690450419859,0.024026246696443886,0.007560657807754711,0.15,70.0,0.147,0.0027219027322038063,0.011152720969983366,0.025810202108325204,0.0193744998771428,0.006435702231182406,0.18,70.0,0.147,0.0014917749000406084,0.008832910056802826,0.018457008596134073,0.014797053767508325,0.0036599548286257483,0.25,70.0,0.147,0.99
51,0.5,0.0034343911175232153,0.013704063543476227,0.031704605340899604,0.02365850235774251,0.0080461029831571,0.15,70.0,0.147,0.0027072918800997397,0.011095516224979188,0.025619481854116225,0.019268169856563887,0.006351311997552333,0.18,70.0,0.147,0.001538512575308851,0.008704329652060363,0.018333939346346622,0.014649665523646346,0.003684273822700272,0.25,70.0,0.147,0.99
52,0.51,0.003179330983430992,0.013602044633976124,0.030948601308499125,0.02343003681629666,0.007518564492202463,0.15,70.0,0.147,0.0025098548834012347,0.011127892876225915,0.02523551163557287,0.019236324462508014,0.005999187173064853,0.18,70.0,0.147,0.0014567946977358571,0.008649394220054174,0.0180373085479339,0.014529396569249774,0.003507911978684126,0.25,70.0,0.147,0.99
53,0.52,0.0031325873992780824,0.013556406828856378,0.03090955029761295,0.0234552133080839,0.007454336989529044,0.15,70.0,0.147,0.002525224559196813,0.011052029461227525,0.02509796876052576,0.019103943803424398,0.005994024957101363,0.18,70.0,0.147,0.0015872263884458596,0.00833599032292562,0.01779873793712109,0.013993035408891694,0.003805702528229399,0.25,70.0,0.147,0.99
54,0.53,0.0033155561362157764,0.013363360715122377,0.0308966059510675,0.02316995882863632,0.0077266471224311725,0.15,70.0,0.147,0.0025648568736051404,0.010890930306970904,0.024994121579561424,0.01887715891035906,0.006116962669202361,0.18,70.0,0.147,0.0015850882773902081,0.00836465288887438,0.017799308162273916,0.014029167427359497,0.0037701407349144157,0.25,70.0,0.147,0.99
55,0.54,0.0030003029356887073,0.013446597197787203,0.030341299653557873,0.02313826306778843,0.007203036585769446,0.15,70.0,0.147,0.0025011640009045756,0.010842085389661544,0.024627681402111877,0.01868877436297327,0.005938907039138603,0.18,70.0,0.147,0.0015389616259351767,0.008241597528994195,0.017473948849932284,0.013839961787478783,0.003633987062453507,0.25,70.0,0.147,0.99
56,0.55,0.0031168375683937486,0.013377065373679293,0.030353225974285872,0.023001600967348185,0.007351625006937686,0.15,70.0,0.147,0.0023119168937009633,0.010846903769219984,0.024340980368835138,0.018676126274148202,0.005664854094686934,0.18,70.0,0.147,0.0015839161509004966,0.008177122349744902,0.017503310299890978,0.013731420982329105,0.0037718893175618705,0.25,70.0,0.147,0.99
57,0.56,0.003065166771520512,0.013215960595464765,0.03007884393929615,0.022821592112594553,0.007257251826701597,0.15,70.0,0.147,0.002312635936029796,0.010814127678667804,0.02415202743055848,0.018583311119638384,0.005568716310920097,0.18,70.0,0.147,0.0014854969068538591,0.00806038840185946,0.01710632092695148,0.013536716511398183,0.003569604415553298,0.25,70.0,0.147,0.99
58,0.57,0.0029033135658259423,0.013259700395663342,0.02971635641122118,0.022811365081770778,0.006904991329450409,0.15,70.0,0.147,0.002469784613369581,0.01044288164404658,0.023878435820773165,0.0180593168945872,0.005819118926185967,0.18,70.0,0.147,0.0013609979084212868,0.00810495861515616,0.016866637661819284,0.013549550269053632,0.0033170873927656527,0.25,70.0,0.147,0.99
59,0.58,0.0028689527472465113,0.013250154865194583,0.02966380150863794,0.022809747367291234,0.006854054141346707,0.15,70.0,0.147,0.0024873551254098875,0.010552299921677943,0.024109139988426835,0.01824255474676992,0.005866585241656912,0.18,70.0,0.147,0.001491744833884116,0.00799672637107505,0.01699294994516474,0.013428819301903433,0.0035641306432613053,0.25,70.0,0.147,0.99
60,0.59,0.0028487275257963168,0.013028935211304176,0.029242661802543438,0.02241831436746095,0.0068243474350824914,0.15,70.0,0.147,0.002469209803795927,0.010305300312194265,0.023677106176570824,0.01780374544639405,0.005873360730176771,0.18,70.0,0.147,0.0014824837540129614,0.007912396897977035,0.016790572262831104,0.013230918204440096,0.00355965405839101,0.25,70.0,0.147,0.99
61,0.6,0.003116232547192293,0.012681172539152262,0.02911034707930404,0.021786143285578263,0.007324203793725777,0.15,70.0,0.147,0.0024165707195592094,0.010240256924866537,0.023426734914298232,0.017677090792915018,0.005749644121383214,0.18,70.0,0.147,0.001517673280453152,0.007787148080883594,0.01662935403684577,0.013068297832615882,0.0035610562042298877,0.25,70.0,0.147,0.99
62,0.61,0.002788121416431178,0.012957042133011607,0.02900510054489895,0.022264398719979803,0.006740701824919143,0.15,70.0,0.147,0.002241939581461252,0.010239216160647737,0.022994753456461927,0.01755666220525941,0.005438091251202517,0.18,70.0,0.147,0.001336826479668165,0.0077718490164633705,0.016228688286182156,0.012995797574232519,0.003232890711949634,0.25,70.0,0.147,0.99
63,0.62,0.002804845805562843,0.012725142666980665,0.02857859160984591,0.0218997696028747,0.006678822006971202,0.15,70.0,0.147,0.00222447179314298,0.010201568792394504,0.02291291332545956,0.01761736144557817,0.00529555187988139,0.18,70.0,0.147,0.0012903601234046744,0.007790623567630116,0.016110648905003144,0.012961674513571088,0.003148974391432059,0.25,70.0,0.147,0.99
64,0.63,0.0028656198601446667,0.012512169525950034,0.028378555075497497,0.021509268469387652,0.006869286606109848,0.15,70.0,0.147,0.0022068680389501845,0.01017214888556567,0.022792994605649684,0.01749094035043963,0.005302054255210046,0.18,70.0,0.147,0.0013848451877340748,0.007601593153059765,0.016049803946519035,0.012740025934048134,0.0033097780124709034,0.25,70.0,0.147,0.99
65,0.64,0.0028710825572249225,0.012452648981884973,0.028296308009714242,0.02150761770102804,0.006788690308686195,0.15,70.0,0.147,0.0021433390310508144,0.010081929492804044,0.022486771330660592,0.01731192496740094,0.005174846363259656,0.18,70.0,0.147,0.0012931600359776172,0.0076609986745110655,0.015918893418314695,0.012775746892352328,0.0031431465259623716,0.25,70.0,0.147,0.99
66,0.65,0.0029652079968286874,0.012293142251393548,0.02819454477632349,0.021216178845113554,0.006978365931209934,0.15,70.0,0.147,0.002160112758743463,0.010011414661596142,0.022435934799068257,0.017259943270202308,0.005175991528865947,0.18,70.0,0.147,0.0012582921838798847,0.007604982591382326,0.01573252635545525,0.012638615052084402,0.0030939113033708484,0.25,70.0,0.147,0.99
67,0.66,0.002559782100662036,0.012504039933735604,0.027746026674146912,0.02149895667577347,0.006247069998373439,0.15,70.0,0.147,0.0020124897708521674,0.010038904271239147,0.022147455290435675,0.01726374820098959,0.004883707089446093,0.18,70.0,0.147,0.0013681835049258175,0.007411388565002313,0.01564763919411296,0.012356981732791247,0.003290657461321714,0.25,70.0,0.147,0.99
68,0.67,0.002559255483764572,0.012283175326451288,0.027312335722869372,0.021093103791090813,0.006219231931778557,0.15,70.0,0.147,0.0021660705763577536,0.009739850174165758,0.02195809872816481,0.016731479798875036,0.005226618929289774,0.18,70.0,0.147,0.0013489822518945249,0.007338627638877992,0.015501958909044825,0.012260261140894234,0.0032416977681505917,0.25,70.0,0.147,0.99
69,0.68,0.00275200745968161,0.012147716894721034,0.027525192683539645,0.02093469988583046,0.006590492797709187,0.15,70.0,0.147,0.002107592021148031,0.009816556455403165,0.022008423110885855,0.01686681387449602,0.005141609236389836,0.18,70.0,0.147,0.0012373938272974775,0.00731879633122072,0.015234545011001759,0.012244550152526444,0.002989994858475312,0.25,70.0,0.147,0.99
70,0.69,0.002675933945580733,0.012012186265242704,0.027115164521541973,0.0206752662335342,0.006439898288007773,0.15,70.0,0.147,0.0019442480454361726,0.009729437354712276,0.021452546932115065,0.0167466828388621,0.004705864093252961,0.18,70.0,0.147,0.0012837421717728512,0.007232941516885974,0.015147741662978442,0.012043844783572774,0.0031038968794056686,0.25,70.0,0.147,0.99
71,0.7,0.0026316405819732636,0.011853128452184142,0.026666774770341517,0.020332542942234317,0.006334231828107201,0.15,70.0,0.147,0.002015639854981796,0.009678893197100436,0.021464580243198736,0.016528040598980713,0.004936539644218026,0.18,70.0,0.147,0.0010997931333360047,0.007270415258392912,0.014834621573685564,0.012113939827727772,0.002720681745957789,0.25,70.0,0.147,0.99
72,0.71,0.0024112435930988066,0.01201837885530016,0.02635854906120983,0.02049076820126342,0.0058677808599464105,0.15,70.0,0.147,0.0020251576175403115,0.009469120994450485,0.021157719497049407,0.016228686906586506,0.0049290325904629,0.18,70.0,0.147,0.0011753320342737098,0.007103830749261581,0.014686177579402744,0.011833643051108159,0.002852534528294587,0.25,70.0,0.147,0.99
73,0.72,0.002396738531373148,0.01185918954941521,0.026103355581291312,0.02027162923368987,0.00583172634760144,0.15,70.0,0.147,0.0018633911345421943,0.009504634475683652,0.0209170792107467,0.016344550334284284,0.004572528876462419,0.18,70.0,0.147,0.0012349302687473208,0.006979400502932104,0.014640132348499342,0.011633297683596255,0.003006834664903087,0.25,70.0,0.147,0.99
74,0.73,0.002527022124070188,0.011586297994044642,0.02599868935699454,0.019921635961342363,0.006077053395652178,0.15,70.0,0.147,0.0019781336928175334,0.009336215407173578,0.0208494622195692,0.01602960989189347,0.00481985232767573,0.18,70.0,0.147,0.001061940845409378,0.007099449726596422,0.014428314351532523,0.011807095322244027,0.002621219029288497,0.25,70.0,0.147,0.99
75,0.74,0.0024263749370716306,0.011736308644287013,0.025981558116312184,0.02009088887355174,0.005890669242760444,0.15,70.0,0.147,0.0018750825485483878,0.009412431114074435,0.020741809453515433,0.016138083380954207,0.004603726072561233,0.18,70.0,0.147,0.0011490938823876399,0.006912021461896789,0.0143067857955112,0.01152479657545294,0.002781989220058259,0.25,70.0,0.147,0.99
76,0.75,0.0024026249817549797,0.011557822963573031,0.02568124080827651,0.01986605500451976,0.005815185803756748,0.15,70.0,0.147,0.001980394689870999,0.009240799032006771,0.02068128148006269,0.015892240262694483,0.004789041217368208,0.18,70.0,0.147,0.0010927877128078952,0.00686889674211285,0.014072845075327677,0.011397337639053463,0.0026755074362742153,0.25,70.0,0.147,0.99
77,0.76,0.002399260707015617,0.011513443113863925,0.025555380472413517,0.019717018332111556,0.005838362140301963,0.15,70.0,0.147,0.0017808897020098384,0.009214853586830673,0.02022657432886702,0.01577976416909676,0.0044468101597702646,0.18,70.0,0.147,0.001029397648998408,0.006904632185848778,0.014052423453029532,0.011483730791508105,0.0025686926615214275,0.25,70.0,0.147,0.99
78,0.77,0.002384149186602299,0.01146373522996487,0.025421755506878176,0.019646775918215963,0.005774979588662216,0.15,70.0,0.147,0.0018822401479511584,0.009053887374717918,0.02013889507258645,0.0155895347478112,0.004549360324775251,0.18,70.0,0.147,0.0009902403913478986,0.006817492526121348,0.013789877865087235,0.011315548170501854,0.0024743296945853852,0.25,70.0,0.147,0.99
79,0.78,0.0023920337631495345,0.011202288392445746,0.024999792586466407,0.01920375890851331,0.005796033677953091,0.15,70.0,0.147,0.0018555556134282295,0.009064239247392362,0.020058902160320313,0.015603973807535775,0.0044549283527845355,0.18,70.0,0.147,0.0009882661806313842,0.0067256794115027815,0.013608176794009212,0.01119051217774261,0.002417664616266606,0.25,70.0,0.147,0.99
80,0.79,0.0024572626458839327,0.011207826878552346,0.025176815978161942,0.019351849258788894,0.005824966719373046,0.15,70.0,0.147,0.0018434665085665064,0.00888340889047081,0.019720832840533036,0.015236080324539086,0.004484752515993948,0.18,70.0,0.147,0.0011234247407921555,0.006550915023897944,0.01362284222696557,0.010914011485725078,0.002708830741240495,0.25,70.0,0.147,0.99
81,0.8,0.002291349761956316,0.011118320959770929,0.024608132433193583,0.019001838795285858,0.005606293637907729,0.15,70.0,0.147,0.0017703321459919064,0.008928136486347006,0.01963079960555167,0.015305939653073924,0.004324859952477749,0.18,70.0,0.147,0.001144185652571414,0.006498429917317994,0.01356931439534805,0.010801766162467105,0.002767548232880948,0.25,70.0,0.147,0.99
82,0.81,0.0021269263841308624,0.01115529038007102,0.02431805222635841,0.019050553810912894,0.005267498415445516,0.15,70.0,0.147,0.0018477410062175857,0.008712505584650945,0.01942788756649568,0.014972249715687776,0.004455637850807905,0.18,70.0,0.147,0.0011171857374249912,0.00646120855622473,0.013483958217063616,0.010772855122541294,0.0027111030945223217,0.25,70.0,0.147,0.99
83,0.82,0.0020848350385980637,0.011159704846665461,0.024223543073959294,0.019063928512875142,0.005159614561084157,0.15,70.0,0.147,0.0016236964424445619,0.008863881112208191,0.019162971207701378,0.015090164469802657,0.004072806737898725,0.18,70.0,0.147,0.001015757182134086,0.006462522377596814,0.01325145322283321,0.010772231999997552,0.002479221222835659,0.25,70.0,0.147,0.99
84,0.83,0.0021225576765292256,0.011048722329881447,0.02398786488813459,0.018782637279050496,0.005205227609084098,0.15,70.0,0.147,0.0017446570027937513,0.008624831999518813,0.019064920597170007,0.014806546471256003,0.004258374125914002,0.18,70.0,0.147,0.0010647408073405369,0.006330705134408036,0.013168653114114021,0.010555565436008638,0.002613087678105384,0.25,70.0,0.147,0.99
85,0.84,0.002126007800437521,0.010782666344766358,0.02370216651577895,0.018481139629710507,0.005221026886068441,0.15,70.0,0.147,0.0016146665783820136,0.00865419406131816,0.01880716423789334,0.01480690319173736,0.004000261046155977,0.18,70.0,0.147,0.0009449908158153242,0.006362480360546285,0.012906242204813139,0.010573434125283332,0.002332808079529806,0.25,70.0,0.147,0.99
86,0.85,0.0022325351173164355,0.010694426325224781,0.023707768764986707,0.01828858773750735,0.005419181027479362,0.15,70.0,0.147,0.0015926380429962493,0.008558264093945712,0.018647650192666655,0.014676057184191455,0.003971593008475199,0.18,70.0,0.147,0.000915842699182903,0.006363973317640029,0.012860230580549319,0.010545793807374498,0.002314436773174825,0.25,70.0,0.147,0.99
87,0.86,0.0020036257714912483,0.010724812248228827,0.023307922525004098,0.01836815666403117,0.004939765860972926,0.15,70.0,0.147,0.0017498188857514028,0.008409225312607065,0.018653252268711968,0.014442686698570087,0.004210565570141881,0.18,70.0,0.147,0.0009795628195600552,0.0061496762346040295,0.012594159101309678,0.010210766016699412,0.002383393084610265,0.25,70.0,0.147,0.99
88,0.87,0.002118357207089204,0.010676170881969734,0.02342632245664656,0.01823991123802814,0.005186411218618419,0.15,70.0,0.147,0.0015417528829202926,0.008488336805301953,0.01837229930069574,0.0145083087259674,0.0038639905747283403,0.18,70.0,0.147,0.0008880396965251533,0.006224023429701079,0.01250226972432379,0.010276264037188638,0.002226005687135154,0.25,70.0,0.147,0.99
89,0.88,0.0021375123248973966,0.010513895638594109,0.023174385021791553,0.017934603921577384,0.005239781100214172,0.15,70.0,0.147,0.0015319756609148139,0.008414133562457175,0.018194915144784683,0.014383296218810699,0.003811618925973984,0.18,70.0,0.147,0.0009713380067992801,0.006003319842422436,0.012396169242034908,0.009997024624424157,0.002399144617610748,0.25,70.0,0.147,0.99
90,0.89,0.0019641805172978923,0.010498242299239556,0.022686741694047535,0.017877001440807252,0.004809740253240282,0.15,70.0,0.147,0.0014848244888606107,0.008338033633756167,0.017975004512912035,0.014192877031424193,0.0037821274814878467,0.18,70.0,0.147,0.0009431738340337072,0.005981687133738596,0.012277500140397005,0.009948963744670714,0.0023285363957262907,0.25,70.0,0.147,0.99
91,0.9,0.0018957790555706076,0.010519686086580639,0.022648347004988193,0.018010950455787517,0.0046373965492006765,0.15,70.0,0.147,0.001573776042845736,0.00820957722929517,0.01796579752553562,0.014102725289953596,0.003863072235582025,0.18,70.0,0.147,0.0008044360293528251,0.00606416772844731,0.012029971097473212,0.009964492293438883,0.002065478804034327,0.25,70.0,0.147,0.99
92,0.91,0.002063836744165005,0.010150026559309234,0.022325020449148626,0.01735295624514941,0.004972064203999216,0.15,70.0,0.147,0.0014705205955117808,0.008181203013333662,0.017616290864104635,0.013958184807377911,0.003658106056726718,0.18,70.0,0.147,0.0008197110359818404,0.00600059615462869,0.011965033533992666,0.00989227114098121,0.002072762393011452,0.25,70.0,0.147,0.99
93,0.92,0.0017999853879596306,0.010460253201627807,0.022369235258456393,0.017832622679244865,0.00453661257921153,0.15,70.0,0.147,0.001524380308046436,0.008061717912454525,0.017530917405582082,0.013817534230083889,0.003713383175498192,0.18,70.0,0.147,0.0007506962452640383,0.00595861048529217,0.01179077601288687,0.009848176803138278,0.00194259920974859,0.25,70.0,0.147,0.99
94,0.93,0.0019032689512045269,0.010196377818901394,0.022090033893324434,0.017365136462237626,0.004724897431086801,0.15,70.0,0.147,0.0015038025427089765,0.007973913105584972,0.017332146147197813,0.013614787546848094,0.003717358600349715,0.18,70.0,0.147,0.0009057071816755813,0.005768881326324009,0.011774590935358568,0.009568279079373068,0.002206311855985502,0.25,70.0,0.147,0.99
95,0.94,0.0018748728187595117,0.010069281112845871,0.021844886441721206,0.017217578182502663,0.004627308259218547,0.15,70.0,0.147,0.0014767991718173856,0.007950957511462253,0.017267240039899257,0.013567554984723403,0.003699685055175852,0.18,70.0,0.147,0.0008987793429429686,0.005739001194211192,0.01173245753548225,0.00956390703461584,0.002168550500866411,0.25,70.0,0.147,0.99
96,0.95,0.001964525099272638,0.009881258205357159,0.021603194562360352,0.016826374264405086,0.004776820297955267,0.15,70.0,0.147,0.0014463372326744637,0.007838806628577204,0.01699681129039883,0.01338307186821574,0.003613739422183093,0.18,70.0,0.147,0.0007431774471295721,0.005760832676928208,0.011405569947956848,0.009490538876857395,0.0019150310710994512,0.25,70.0,0.147,0.99
97,0.96,0.0017404630276012909,0.01004689876860744,0.021426281805189695,0.01702441041271356,0.004401871392476131,0.15,70.0,0.147,0.0013945739868511228,0.00787859305517143,0.016899820506448216,0.013452774622774211,0.003447045883674006,0.18,70.0,0.147,0.0008138946419221094,0.005644069414635976,0.011369452593991462,0.009305722378690453,0.002063730215301011,0.25,70.0,0.147,0.99
98,0.97,0.001696739748266795,0.009932356763046223,0.021063711769864223,0.016829143390764627,0.0042345683790996,0.15,70.0,0.147,0.001380051854704107,0.0077536313752724715,0.016626977946229478,0.01320068324072132,0.0034262947055081544,0.18,70.0,0.147,0.0007434809665103163,0.005681760975323827,0.011272571903756717,0.009370384080624301,0.001902187823132415,0.25,70.0,0.147,0.99
99,0.98,0.0018850302095918458,0.009724484252766676,0.021104229698713197,0.01650706367053033,0.004597166028182861,0.15,70.0,0.147,0.0013940706651100906,0.007711979139361414,0.016560269408043844,0.013108416076544983,0.0034518533314988574,0.18,70.0,0.147,0.0007031311079921702,0.005612838194620497,0.011039697220499535,0.009207387852161956,0.0018323093683375773,0.25,70.0,0.147,0.99
100,0.99,0.0018861989614560406,0.009665163233322898,0.021107949345023393,0.016536210253280288,0.004571739091743105,0.15,70.0,0.147,0.0013077673431542865,0.0077079892588104515,0.016383805731530397,0.013095161825035777,0.0032886439064946224,0.18,70.0,0.147,0.0007390100059136186,0.00551138320678822,0.010947324692116763,0.009099097826502988,0.0018482268656137741,0.25,70.0,0.147,0.99
101,1.0,0.0017678543164113426,0.009598510025621104,0.02064175787828965,0.016339856923729475,0.0043019009545601766,0.18,50.0,0.105,0.0012617446641540523,0.007632391840110098,0.01610867703948509,0.01294532086869837,0.003163356170786723,0.21,50.0,0.105,0.0006703645392687666,0.0055473174712731945,0.010829343941940522,0.009146185573206511,0.0016831583687340083,0.27,50.0,0.105,0.99
102,1.01,0.0016797980956149694,0.00829238007843003,0.018830935124777667,0.01450500263853316,0.0043259324862445075,0.18,50.0,0.105,0.0013970436688214675,0.006875451901649678,0.015650537872866063,0.012048721584943151,0.0036018162879229154,0.21,50.0,0.105,0.0009889222812159374,0.005015789581877406,0.011129147493752772,0.008634194888051333,0.0024949526057014403,0.27,50.0,0.105,0.99
103,1.02,0.0016321840586282436,0.008235420569251806,0.018600681865249966,0.014382090502228285,0.004218591363021681,0.18,50.0,0.105,0.0013873438623850562,0.006820437745448108,0.015513926911105284,0.01194666200351998,0.003567264907585304,0.21,50.0,0.105,0.0009840462994022065,0.004978435356854732,0.011049753916819761,0.008570276560046062,0.002479477356773702,0.27,50.0,0.105,0.99
104,1.03,0.0016408021808320358,0.008205179228118758,0.018568957785648807,0.014330540147286155,0.0042384176383626505,0.18,50.0,0.105,0.0013800087413418378,0.006786467786810935,0.01543566336731019,0.01188009017112279,0.003555573196187402,0.21,50.0,0.105,0.0009760007981111736,0.004930781450066577,0.010925073862892236,0.00847115726148602,0.002453916601406217,0.27,50.0,0.105,0.99
105,1.04,0.001609697532472831,0.008117008526177522,0.018337980307055756,0.014167481036242479,0.004170499270813275,0.18,50.0,0.105,0.0013512540958130841,0.006720405222370299,0.015256618606710877,0.01175947329639049,0.0034971453103203867,0.21,50.0,0.105,0.0009659857478863827,0.004895011344338997,0.010842830688846913,0.008411408161625195,0.0024314225272217185,0.27,50.0,0.105,0.99
106,1.05,0.0016192593753304213,0.00807901533362093,0.01824670994409533,0.014085911845799274,0.004160798098296055,0.18,50.0,0.105,0.0013508633430093385,0.0066882935542132895,0.015173996727537425,0.01169280759437563,0.003481189133161795,0.21,50.0,0.105,0.0009510736604224254,0.004854625740760603,0.010734623267511555,0.00833346892709831,0.002401154340413246,0.27,50.0,0.105,0.99
107,1.06,0.001598159451701244,0.008022908992217949,0.018101576977312614,0.013982313480315693,0.004119263496996918,0.18,50.0,0.105,0.001340995141454158,0.006650273960189787,0.015075611972375483,0.011625012683725268,0.0034505992886502174,0.21,50.0,0.105,0.0009491313666341699,0.004810081607122674,0.010637665189640058,0.008248556818919724,0.002389108370720331,0.27,50.0,0.105,0.99
108,1.07,0.0016047726885033231,0.007981069657463313,0.018019974088741633,0.013895728131157858,0.004124245957583776,0.18,50.0,0.105,0.0013249803079269098,0.006578713239034791,0.014896295676442312,0.011488516239689975,0.003407779436752335,0.21,50.0,0.105,0.000941919728056651,0.0047725630272827035,0.010557507843063108,0.008185333040092214,0.002372174802970894,0.27,50.0,0.105,0.99
109,1.08,0.0015460258964844935,0.007906396323800137,0.017768804475502775,0.013767109490849529,0.004001694984653246,0.18,50.0,0.105,0.0013122601340499174,0.00655238653098665,0.014813576836658808,0.011436402394762232,0.0033771744418965768,0.21,50.0,0.105,0.0009225917002184162,0.004737374465070408,0.010444566060087665,0.008116826866843488,0.002327739193244177,0.27,50.0,0.105,0.99
110,1.09,0.001538416684631764,0.00787413766631048,0.01770515076929598,0.013712947206554514,0.003992203562741465,0.18,50.0,0.105,0.0012956236017283562,0.006487313001465787,0.014659032640858905,0.011322669017650454,0.00333636362320845,0.21,50.0,0.105,0.0009196630924670924,0.004698065033358167,0.010362173747829353,0.008050742384419789,0.002311431363409562,0.27,50.0,0.105,0.99
111,1.1,0.0015382835477779611,0.007815307756331984,0.017595880062125386,0.013603067388463596,0.0039928126736617905,0.18,50.0,0.105,0.0012960664063098102,0.006451052116552578,0.014594078458223126,0.01125268905789365,0.0033413894003294763,0.21,50.0,0.105,0.0009082393357981596,0.0046618390745992635,0.010266103577475757,0.007982653564903741,0.0022834500125720174,0.27,50.0,0.105,0.99
112,1.11,0.001516766806803278,0.007777672610336654,0.01745174942769787,0.013527886506636607,0.003923862921061262,0.18,50.0,0.105,0.001270834892028726,0.006390580029139282,0.01442298045082282,0.011143807665575458,0.0032791727852473623,0.21,50.0,0.105,0.0009027907170109224,0.0046186652427366165,0.010190799324337658,0.00791082814441055,0.002279971179927108,0.27,50.0,0.105,0.99
113,1.12,0.0014944627978736766,0.0077258449152102305,0.01730495950364343,0.013425045780897307,0.003879913722746127,0.18,50.0,0.105,0.0012668236766614379,0.0063606775397330164,0.014370871731173292,0.011092825970945039,0.0032780457602282526,0.21,50.0,0.105,0.0008856890413521068,0.004582298092320045,0.01007837711099532,0.007840456459421965,0.002237920651573356,0.27,50.0,0.105,0.99
114,1.13,0.001505835258417096,0.007673543087467621,0.017232088213501584,0.013339844467635765,0.0038922437458658136,0.18,50.0,0.105,0.0012383783327504783,0.006314249870356056,0.014194701779001324,0.010992331140384476,0.0032023706386168486,0.21,50.0,0.105,0.0008733639573643535,0.004548316223005166,0.009990624045340147,0.007780081023383015,0.0022105430219571333,0.27,50.0,0.105,0.99
115,1.14,0.001453061860457059,0.0076133285170828955,0.01701920347788516,0.013230410285018625,0.003788793192866537,0.18,50.0,0.105,0.0012243483205166506,0.0062627700551410375,0.014080063605742208,0.01090500013978691,0.003175063465955298,0.21,50.0,0.105,0.0008670929392599441,0.004508555251094252,0.009894927939413526,0.00770562704319563,0.002189300896217899,0.27,50.0,0.105,0.99
116,1.15,0.0014601812839192554,0.007573303695578483,0.016919022650185186,0.013140372148763976,0.003778650501421209,0.18,50.0,0.105,0.0012304324896062237,0.0062241164111152885,0.01402034331880954,0.010841529987986315,0.003178813330823221,0.21,50.0,0.105,0.0008602046870080902,0.004469571710650361,0.009823748215817479,0.007643235182846036,0.0021805130329714422,0.27,50.0,0.105,0.99
117,1.16,0.0014576292409251006,0.007560135431447009,0.016910555082675742,0.013129215062705838,0.0037813400199699044,0.18,50.0,0.105,0.00121212733008892,0.00622570399563296,0.013977534534368227,0.010833559395117756,0.00314397513925047,0.21,50.0,0.105,0.0008609738212975929,0.0044753567202842565,0.009818657050512044,0.007643637246304307,0.002175019804207738,0.27,50.0,0.105,0.99
118,1.17,0.0014228763002984686,0.007454692315674665,0.016647769630756048,0.01294315851595752,0.003704611114798532,0.18,50.0,0.105,0.0012018088624002933,0.006144532863798276,0.013814932989484661,0.010696385156012286,0.0031185478334723746,0.21,50.0,0.105,0.0008450383036632123,0.0043982830244910205,0.009653295437586144,0.007513708897202395,0.0021395865403837475,0.27,50.0,0.105,0.99
119,1.18,0.001431117117992501,0.007441506223537321,0.016638627246893398,0.012916166082216093,0.003722461164677302,0.18,50.0,0.105,0.0011841608813456196,0.006091099092101151,0.013655332194669662,0.010584307744943719,0.0030710244497259443,0.21,50.0,0.105,0.0008391079018790427,0.004365623007913793,0.009574584264488534,0.007454028148118918,0.0021205561163696166,0.27,50.0,0.105,0.99
120,1.19,0.0014235121487218827,0.007384201377756877,0.01649771235027292,0.012803935341401845,0.0036937770088710737,0.18,50.0,0.105,0.0011846459100254478,0.006053990103145643,0.013580612167268758,0.010521651145944654,0.0030589610213241024,0.21,50.0,0.105,0.000827080950785363,0.004333321828993812,0.009490754735071407,0.007398525180493069,0.0020922295545783365,0.27,50.0,0.105,0.99
121,1.2,0.0013890378317360829,0.007345207002041973,0.016351467844112552,0.012731267474022184,0.0036202003700903677,0.18,50.0,0.105,0.0011536415416465824,0.006004549105386445,0.013433638063033215,0.010430203342402668,0.0030034347206305506,0.21,50.0,0.105,0.0008139280065376442,0.004292806033324589,0.009397063484678508,0.007327327648478702,0.0020697358361998056,0.27,50.0,0.105,0.99
122,1.21,0.001363917513463227,0.0072741245343361915,0.01616881616443971,0.01260298353417846,0.0035658326302612474,0.18,50.0,0.105,0.0011528084950586423,0.005961584421084557,0.013359720128691742,0.010365858748608311,0.0029938613800834283,0.21,50.0,0.105,0.0008101528820112327,0.0042642252012010115,0.009333183613788376,0.007277232052286119,0.0020559515615022578,0.27,50.0,0.105,0.99
123,1.22,0.0013572599909349662,0.007223273176893317,0.01605931721010378,0.01251198921768248,0.003547327992421304,0.18,50.0,0.105,0.0011384372338083554,0.005916873721757727,0.013231092723836683,0.01027876349530972,0.002952329228526963,0.21,50.0,0.105,0.0008036475467464356,0.004221605244501954,0.009244608983972712,0.007204934329217146,0.0020396746547555675,0.27,50.0,0.105,0.99
124,1.23,0.0013654328500612419,0.00719695209618464,0.016027832366092364,0.012469211749030908,0.003558620617061452,0.18,50.0,0.105,0.0011271397395644371,0.00588269546440342,0.01316196348554722,0.010220014839463186,0.0029419486460840315,0.21,50.0,0.105,0.0007939436219612579,0.004196869433155119,0.0091731265994415,0.007160691142677915,0.0020124354567635865,0.27,50.0,0.105,0.99
125,1.24,0.001345057275694466,0.00713231146286096,0.01584555900617958,0.012341559771906405,0.003503999234273179,0.18,50.0,0.105,0.00111766006750536,0.005848961265155585,0.013077533642157104,0.01015786320066517,0.0029196704414919334,0.21,50.0,0.105,0.0007853361639231588,0.004156693841020251,0.009067041323471829,0.0070824539045622505,0.001984587418909579,0.27,50.0,0.105,0.99
126,1.25,0.0013265324392641386,0.007081891557806714,0.015740981545413507,0.012269362833563804,0.0034716187118497056,0.18,50.0,0.105,0.0010997566903999398,0.005802942433107958,0.012940667395870367,0.010065444301472467,0.002875223094397897,0.21,50.0,0.105,0.0007755020261489238,0.004123277393518924,0.008989468197599364,0.007024668023801267,0.0019648001737980953,0.27,50.0,0.105,0.99
127,1.26,0.0013295486877324023,0.0070472318324322734,0.01566090155559168,0.012200027280253371,0.003460874275338308,0.18,50.0,0.105,0.0011033136991889668,0.00576294540665467,0.012867448241635162,0.009998529151577456,0.0028689190900577054,0.21,50.0,0.105,0.0007652226922103889,0.004094773442863465,0.00892078063337256,0.006974141383614532,0.0019466392497580279,0.27,50.0,0.105,0.99
128,1.27,0.0013071201773026718,0.007010715070964039,0.015556024063342498,0.012135210567628679,0.003420813495713817,0.18,50.0,0.105,0.0010913632257604478,0.005725758705933023,0.012766496014069588,0.009931953454154815,0.002834542559914771,0.21,50.0,0.105,0.0007625646706168361,0.004057895061035764,0.008852028680296057,0.006915070517492693,0.0019369581628033636,0.27,50.0,0.105,0.99
129,1.28,0.001306561059221028,0.006970528753364437,0.01546691954568848,0.012056084485650879,0.003410835060037603,0.18,50.0,0.105,0.0010666262553988947,0.005673187147222879,0.012639309017070118,0.009843622139096299,0.0027956868779738155,0.21,50.0,0.105,0.0007552861333407445,0.004026478776825342,0.008769790391783012,0.006852030788064356,0.0019177596037186551,0.27,50.0,0.105,0.99
130,1.29,0.0012851346701369406,0.006913600107384839,0.015325473784284841,0.011962050791347123,0.0033634229929377195,0.18,50.0,0.105,0.0010574743455817408,0.00564198958425735,0.012558584594914012,0.00978434832623768,0.002774236268676332,0.21,50.0,0.105,0.0007401248563120458,0.003998212784809209,0.008692723236904986,0.00680792287437589,0.0018848003625290973,0.27,50.0,0.105,0.99
131,1.3,0.0012744946060817626,0.00689084137041951,0.015278130939775786,0.011922217761187126,0.0033559131785886602,0.18,50.0,0.105,0.0010458170053999332,0.005590252386518178,0.012426079933231414,0.009688965056655839,0.002737114876575574,0.21,50.0,0.105,0.0007306184378819792,0.003963687792129578,0.008615457318941304,0.006751152983294206,0.0018643043356471004,0.27,50.0,0.105,0.99
132,1.31,0.0012539185070236055,0.006817818024178438,0.01506883314038876,0.011777252389009358,0.0032915807513794054,0.18,50.0,0.105,0.0010383134407367866,0.0055660642677885066,0.012372625784958484,0.009651870103125067,0.002720755681833416,0.21,50.0,0.105,0.0007302964918862836,0.003927520707630616,0.008547308027249876,0.006687950898673737,0.0018593571285761405,0.27,50.0,0.105,0.99
133,1.32,0.0012330975900208486,0.0067796945832076854,0.014987014072743752,0.011722706748165678,0.0032643073245780746,0.18,50.0,0.105,0.0010290684329832193,0.005517753337877234,0.01224774272590498,0.009556762520528426,0.0026909802053765542,0.21,50.0,0.105,0.0007263066367352683,0.0038969999842489423,0.008479032474894191,0.006630793499404743,0.0018482389754894482,0.27,50.0,0.105,0.99
134,1.33,0.001218622857915027,0.006741861367036729,0.014868438671441164,0.011651510092938787,0.003216928578502375,0.18,50.0,0.105,0.0010210602611148483,0.005485168314103501,0.012184364699267324,0.009501301763386042,0.00268306293588128,0.21,50.0,0.105,0.000714162092281703,0.0038654565495213167,0.008400499564674115,0.006575606227987976,0.0018248933366861381,0.27,50.0,0.105,0.99
135,1.34,0.0012004378359454695,0.00668569425777951,0.01472640384283369,0.011550313747422538,0.003176090095411153,0.18,50.0,0.105,0.0009989620061458297,0.005441984403263002,0.01205386953674702,0.009422280728552574,0.002631588808194449,0.21,50.0,0.105,0.0007057152775077985,0.003834551043990739,0.008328826571171321,0.0065223824087486965,0.0018064441624226241,0.27,50.0,0.105,0.99
136,1.35,0.001212903845216671,0.006662572445184568,0.014712521771114585,0.011514765383113707,0.0031977563880008766,0.18,50.0,0.105,0.0009979690388293271,0.005416608910892433,0.012023316448533725,0.009391168306543459,0.002632148141990267,0.21,50.0,0.105,0.0006986807446545473,0.0038076192811735935,0.008263879423658698,0.006477376233419514,0.0017865031902391847,0.27,50.0,0.105,0.99
137,1.36,0.001181638983475165,0.006620760942195314,0.014571003515103416,0.011430394409247502,0.0031406091058559155,0.18,50.0,0.105,0.0009738918467995879,0.0053689027819977305,0.011868423617446255,0.00929743947996996,0.0025709841374762944,0.21,50.0,0.105,0.0006909851107424111,0.0037802760355514545,0.008197752429806525,0.006427391919987787,0.0017703605098187381,0.27,50.0,0.105,0.99
138,1.37,0.0011831426183613733,0.006586068478333029,0.014517712586191006,0.011379960177833152,0.003137752408357853,0.18,50.0,0.105,0.000977603330346564,0.005346682439288313,0.0118296867229955,0.009257971651159257,0.0025717150718362405,0.21,50.0,0.105,0.0006833014746627106,0.0037453124038933677,0.008119767620206187,0.00637053899707041,0.0017492286231357756,0.27,50.0,0.105,0.99
139,1.38,0.001148398643622634,0.006515540450241146,0.014296292016797926,0.01123700188851466,0.003059290128283267,0.18,50.0,0.105,0.0009501468327579658,0.00529347066079921,0.011691960312818751,0.009166787884097041,0.0025251724287217074,0.21,50.0,0.105,0.0006758030163701797,0.003713027850401905,0.008043738529192792,0.006311003877973638,0.001732734651219155,0.27,50.0,0.105,0.99
140,1.39,0.0011280466421263807,0.006483325954503847,0.014202493341103078,0.011190012224533433,0.003012481116569645,0.18,50.0,0.105,0.0009509350998400995,0.0052539859879543295,0.011612157382576446,0.009091659919242238,0.002520497463334207,0.21,50.0,0.105,0.0006619965318995759,0.0036857782691858566,0.007969659639747766,0.006266295484997535,0.001703364154750231,0.27,50.0,0.105,0.99
141,1.4,0.0011386885260080758,0.006443129154335255,0.014134015993604795,0.011111148333376286,0.00302286766022851,0.18,50.0,0.105,0.0009415108904635873,0.005229380059090216,0.011539538984791285,0.0090500992973633,0.0024894396874279878,0.21,50.0,0.105,0.0006574241304713294,0.0036518972805205385,0.007899987695876097,0.006207971309098987,0.0016920163867771086,0.27,50.0,0.105,0.99
142,1.41,0.0011260177809977775,0.006403350796955996,0.014032586752914059,0.01103577016084489,0.00299681659206917,0.18,50.0,0.105,0.0009363783705524184,0.0051933391919880695,0.011467905063729305,0.008987043253040427,0.0024808618106888784,0.21,50.0,0.105,0.0006556617859089865,0.003625899720362036,0.007841619149994417,0.006157334568318683,0.0016842845816757333,0.27,50.0,0.105,0.99
143,1.42,0.0011264235765500355,0.006372775398738664,0.013998189165847805,0.010996586005874293,0.003001603159973515,0.18,50.0,0.105,0.000927702824717709,0.005159672012560985,0.011386398524692363,0.008926671611463384,0.0024597269132289783,0.21,50.0,0.105,0.0006437377465590415,0.0036017309228186397,0.007774331473424406,0.00611690396421853,0.0016574275092058762,0.27,50.0,0.105,0.99
144,1.43,0.0010993635611252254,0.006316497365339855,0.01385070974942901,0.010899576006409261,0.0029511337430197476,0.18,50.0,0.105,0.0009025510473988165,0.005112884532448168,0.011252926727559044,0.008840697115670742,0.002412229611888301,0.21,50.0,0.105,0.0006398064677445123,0.0035697887954718372,0.007708517775382649,0.00606111810442296,0.0016473996709596892,0.27,50.0,0.105,0.99
145,1.44,0.0010935683793112116,0.006303656546151916,0.01381370511209442,0.010878786839151484,0.002934918272942938,0.18,50.0,0.105,0.0009048902425721682,0.005074940263028341,0.011172396843861473,0.008768556854443398,0.002403839989418074,0.21,50.0,0.105,0.0006293994892280677,0.003536953616369815,0.0076341721406624095,0.006007896357339436,0.0016262757833229737,0.27,50.0,0.105,0.99
146,1.45,0.001085748314345787,0.006261547724233249,0.013708015725748458,0.010799052077902287,0.002908963647846172,0.18,50.0,0.105,0.0008813125274908916,0.00504205701618625,0.011081625495123046,0.008718317379002642,0.0023633081161204056,0.21,50.0,0.105,0.0006236686067063764,0.003510643734940923,0.007569955756663058,0.005958844647362835,0.0016111111093002233,0.27,50.0,0.105,0.99
147,1.46,0.0010527592326851816,0.006203623829810774,0.013509029760785631,0.010677382301602248,0.0028316474591833837,0.18,50.0,0.105,0.0008738954662787892,0.005011862044860056,0.011016729086710792,0.008671544551622857,0.002345184535087934,0.21,50.0,0.105,0.0006106622862064455,0.0034828776576675082,0.007488177937181094,0.005906149083795435,0.0015820288533856578,0.27,50.0,0.105,0.99
148,1.47,0.0010727183301294213,0.006174596763757846,0.01350216341728589,0.010642391772302737,0.002859771644983151,0.18,50.0,0.105,0.0008690004701543135,0.004969044233471936,0.01091903844255998,0.008591134769736703,0.002327903672823274,0.21,50.0,0.105,0.00060772555300512,0.003458031116024323,0.007432852869631379,0.005865054923418146,0.0015677979462132333,0.27,50.0,0.105,0.99
149,1.48,0.001045711852777573,0.006139942039761001,0.013408219028511288,0.010586024788787368,0.0028221942397239188,0.18,50.0,0.105,0.0008631404674075078,0.004934567174282132,0.010840319398925838,0.00852993227863795,0.002310387120287887,0.21,50.0,0.105,0.000602138973735008,0.003427473071275314,0.00738022937712908,0.0058155261727353535,0.001564703204393726,0.27,50.0,0.105,0.99
150,1.49,0.0010282335450065687,0.006080495074140876,0.013257367525380181,0.010472164508831849,0.00278520301654833,0.18,50.0,0.105,0.0008467320635910851,0.004908007089206637,0.010752810719809072,0.008475195810058041,0.0022776149097510304,0.21,50.0,0.105,0.0005944229568667295,0.0033995571006608756,0.007307208998156573,0.005764137147811978,0.0015430718503445968,0.27,50.0,0.105,0.99
151,1.5,0.001025203688697777,0.006054282471975132,0.013193381598426396,0.0104267578804256,0.0027666237180007953,0.18,50.0,0.105,0.0008407564328249795,0.004874554597578627,0.010677823829262197,0.0084170500374727,0.002260773791789497,0.21,50.0,0.105,0.0005891315726349135,0.003371431588161351,0.0072461904679266735,0.0057169029235299455,0.0015292875443967274,0.27,50.0,0.105,0.99
152,1.51,0.0010175185331256498,0.0060158696963725665,0.013111023397013121,0.010360210968129094,0.002750812428884027,0.18,50.0,0.105,0.0008281386315473723,0.004839271744094338,0.010588826712476407,0.008353683717674146,0.0022351429948022617,0.21,50.0,0.105,0.0005790929724815802,0.003341531917589222,0.007177223637761676,0.005667462630566961,0.0015097610071947145,0.27,50.0,0.105,0.99
153,1.52,0.0009940252002279997,0.005956318972025538,0.01296483306976831,0.010259706446490368,0.0027051266232779427,0.18,50.0,0.105,0.0008142713932378972,0.004793205849222682,0.010475119716801736,0.008275257337813645,0.0021998623789880917,0.21,50.0,0.105,0.000570516094655091,0.003320838791309128,0.007117661889324612,0.005630222597954455,0.0014874392913701569,0.27,50.0,0.105,0.99
154,1.53,0.0009799987137779165,0.005928296196330141,0.012879585459522024,0.010206861265094343,0.002672724194427678,0.18,50.0,0.105,0.0008113210089900214,0.00477539581364935,0.010435357970659141,0.008245311184674515,0.0021900467859846252,0.21,50.0,0.105,0.0005618320897823251,0.003290737080813304,0.007042660880564437,0.005578008255962274,0.0014646526246021641,0.27,50.0,0.105,0.99
155,1.54,0.0009643657117421003,0.005895981772107021,0.012773422911509718,0.010142985694230026,0.002630437217279692,0.18,50.0,0.105,0.0007968242741477347,0.0047408205422203335,0.010356444839597767,0.00819152499745903,0.0021649198421387385,0.21,50.0,0.105,0.0005611708084816677,0.0032629446707463975,0.006992822311682683,0.005528341003413973,0.001464481308268709,0.27,50.0,0.105,0.99
156,1.55,0.0009676612293203942,0.0058690570077614855,0.01274006256894391,0.010099973340079796,0.0026400892288641134,0.18,50.0,0.105,0.0007876451540411404,0.004700452520404542,0.010254602326376176,0.0081142541413559,0.002140348185020276,0.21,50.0,0.105,0.0005505061757976372,0.003242136264398802,0.006936086295725914,0.005494819512460011,0.0014412667832659047,0.27,50.0,0.105,0.99
157,1.56,0.0009408267036793902,0.005805522709823857,0.012550850490337717,0.00997659796793028,0.0025742525224074363,0.18,50.0,0.105,0.0007830250746617116,0.004666018401786983,0.010185692147089542,0.008054532034990756,0.002131160112098786,0.21,50.0,0.105,0.0005415235241073174,0.0032097048889181325,0.006861590858931714,0.00543888533594046,0.0014227055229912528,0.27,50.0,0.105,0.99
158,1.57,0.0009443666955833413,0.005780491347099504,0.01253072475052133,0.009949755020573332,0.0025809697299479946,0.18,50.0,0.105,0.0007665019291804665,0.004640321203642235,0.010104736712482717,0.00800919946676271,0.0020955372457200075,0.21,50.0,0.105,0.000534646722896638,0.0031841595013140656,0.006806020235536213,0.005396499633477214,0.0014095206020589995,0.27,50.0,0.105,0.99
159,1.58,0.0009175152858255027,0.005739711930234495,0.012390366105889967,0.009868572392442031,0.0025217937134479405,0.18,50.0,0.105,0.0007473754750817277,0.004596960715658089,0.009982122692101551,0.007928113746358845,0.0020540089457427063,0.21,50.0,0.105,0.000533683977013463,0.0031593347728199606,0.00675192652783929,0.005353485529929268,0.001398440997910021,0.27,50.0,0.105,0.99
160,1.59,0.0009077183871362678,0.0056972649625405295,0.012297688475966915,0.009795226391460977,0.0025024620845059404,0.18,50.0,0.105,0.0007523127017182369,0.004579111921987662,0.00995143486334579,0.007896192105593803,0.0020552427577519876,0.21,50.0,0.105,0.0005209178105014308,0.0031339002676220263,0.006679020285646711,0.005303185626039917,0.0013758346596067952,0.27,50.0,0.105,0.99
161,1.6,0.0009188911121983012,0.005668359762471385,0.012261237635714326,0.009743585449798618,0.0025176521859157116,0.18,50.0,0.105,0.0007319715489578431,0.0045342763209712655,0.009822607586787477,0.0078082973202649895,0.002014310266522486,0.21,50.0,0.105,0.0005156968147473973,0.003114291506910897,0.006642627008923272,0.005275639126178983,0.0013669878827442892,0.27,50.0,0.105,0.99
162,1.61,0.0008927848901103421,0.0056399891826714324,0.012159369138639547,0.009691641342846178,0.002467727795793369,0.18,50.0,0.105,0.0007288853796680136,0.0045076960915253084,0.009766689005538858,0.007766821825933369,0.0019998671796054874,0.21,50.0,0.105,0.0005164967254951123,0.0030840446475528588,0.0065791862295541135,0.005219495612820516,0.0013596906167335993,0.27,50.0,0.105,0.99
163,1.62,0.0008876414531460034,0.00558729196562702,0.012076065847426477,0.00961544709813929,0.0024606187492871873,0.18,50.0,0.105,0.0007184456649503004,0.004469058809244201,0.009691204943685782,0.0077046924398650645,0.001986512503820718,0.21,50.0,0.105,0.0005046756382886084,0.003060924982939617,0.006520515806959714,0.005183016951276931,0.0013374988556827834,0.27,50.0,0.105,0.99
164,1.63,0.00087675603052779,0.0055762570126750765,0.012009557929447181,0.009585293595743427,0.002424264333703754,0.18,50.0,0.105,0.0007133354740854584,0.004439501304963922,0.009622734986040677,0.007654879827385362,0.0019678551586553156,0.21,50.0,0.105,0.0004937215685784386,0.0030365681036029464,0.0064588264027106495,0.005144285605816645,0.001314540796894005,0.27,50.0,0.105,0.99
165,1.64,0.0008553679005891445,0.005525566683412776,0.01188164121533619,0.009496347196540652,0.002385294018795539,0.18,50.0,0.105,0.0007035731715558661,0.00442241947849545,0.009564923381802216,0.007617834992250123,0.0019470883895520944,0.21,50.0,0.105,0.0004938504417417735,0.0030050888146642093,0.006392268643825433,0.00508238450005154,0.0013098841437738935,0.27,50.0,0.105,0.99
166,1.65,0.000835770556815309,0.005488977614581761,0.011760344067685502,0.009421277093457386,0.002339066974228114,0.18,50.0,0.105,0.0006857820935134792,0.004375543309880261,0.009451965225481888,0.0075382249857778635,0.0019137402397040244,0.21,50.0,0.105,0.00048573132066761723,0.0029886795378179275,0.0063493561254808996,0.005057257754022479,0.00129209837145842,0.27,50.0,0.105,0.99
167,1.66,0.0008364497510137305,0.0054387835553425246,0.011681755616398939,0.009342817454626864,0.0023389381617720754,0.18,50.0,0.105,0.0006851285131823395,0.00435396147245356,0.00940398852130236,0.007500457144410036,0.0019035313768923224,0.21,50.0,0.105,0.0004838741195083097,0.0029599070685877903,0.006289592792328527,0.005005293281576523,0.0012842995107520052,0.27,50.0,0.105,0.99
168,1.67,0.0008176354205635688,0.005409793819252355,0.011591294446061355,0.009291987738812986,0.002299306707248372,0.18,50.0,0.105,0.0006676214839932432,0.004313682668608149,0.009291770890360465,0.0074223329431276795,0.0018694379472327844,0.21,50.0,0.105,0.00047133668850190673,0.0029364772219761656,0.006226571882295804,0.004966370251427649,0.0012602016308681544,0.27,50.0,0.105,0.99
169,1.68,0.0008233394311188213,0.005383407769617874,0.01155027054733669,0.00924556963755672,0.002304700909779973,0.18,50.0,0.105,0.0006694429768832359,0.0042907031121649656,0.009253295637438859,0.007388042465863648,0.0018652531715752099,0.21,50.0,0.105,0.000469569260069092,0.0029124994325362345,0.0061878056390382,0.004929872628627193,0.0012579330104110064,0.27,50.0,0.105,0.99
170,1.69,0.0007831908078478118,0.005343105115548284,0.011399737906865421,0.009169705257004182,0.002230032649861239,0.18,50.0,0.105,0.0006466396365947144,0.004257529410081195,0.00915325109067056,0.007330177728045906,0.0018230733626246544,0.21,50.0,0.105,0.00046026328382668636,0.0028897380841104866,0.006132723042118428,0.004890793110994196,0.0012419299311242319,0.27,50.0,0.105,0.99
171,1.7,0.0007989154837022143,0.005306482831221652,0.011372073486264761,0.009118617901447868,0.0022534555848168917,0.18,50.0,0.105,0.000638506671641354,0.004229778481254982,0.009090065921174636,0.007285504486143236,0.0018045614350313988,0.21,50.0,0.105,0.00045325711768942563,0.002865306945983884,0.00606935917072603,0.004847316216539599,0.001222042954186432,0.27,50.0,0.105,0.99
172,1.71,0.0007771427473423473,0.005261168537396121,0.011247150090234241,0.009031164211248065,0.002215985878986177,0.18,50.0,0.105,0.0006327465749133773,0.0042023277002106365,0.009010169240345393,0.007228431604185469,0.0017817376361599234,0.21,50.0,0.105,0.00044652346068527676,0.0028457624636258126,0.006021584086293845,0.004813154923423416,0.00120842916287043,0.27,50.0,0.105,0.99
173,1.72,0.0007731948633523336,0.005250250551974077,0.01120200957579304,0.00900999262812488,0.0021920169476681577,0.18,50.0,0.105,0.0006274031552862722,0.00416245793093825,0.008940715783403932,0.007163450969489072,0.0017772648139148602,0.21,50.0,0.105,0.00043955551060449006,0.0028179184285184993,0.005957811764641873,0.00476596561002071,0.0011918461546211634,0.27,50.0,0.105,0.99
174,1.73,0.000760565626921897,0.005213905918732911,0.01110548808945808,0.008943062243269474,0.002162425846188607,0.18,50.0,0.105,0.0006175014781611297,0.004134538208741788,0.008865367041150738,0.00711479531503684,0.0017505717261139,0.21,50.0,0.105,0.00043486336691051734,0.002799518808915023,0.005913008526737628,0.00473175810902405,0.0011812504177135797,0.27,50.0,0.105,0.99
175,1.74,0.0007377264992605695,0.005177285488875635,0.010996043522037422,0.008877405703439945,0.002118637818597478,0.18,50.0,0.105,0.000603092579257044,0.004100105129865622,0.008785693755155477,0.007058888407165002,0.0017268053479904746,0.21,50.0,0.105,0.00042826034515119725,0.0027744151102635623,0.005858945450705542,0.004692664602420728,0.0011662808482848141,0.27,50.0,0.105,0.99
176,1.75,0.0007442440089115541,0.005145388413130308,0.010962579122798091,0.00882564982864851,0.0021369292941495806,0.18,50.0,0.105,0.0005921290549123256,0.004073220217008629,0.008702108279903758,0.007007122961101461,0.0016949853188022975,0.21,50.0,0.105,0.0004273391244497784,0.0027538911754486305,0.005811870887291851,0.004651717793747878,0.001160153093543973,0.27,50.0,0.105,0.99
177,1.76,0.0007265327445954786,0.0051018217944053,0.010846391426498604,0.008749808678847993,0.002096582747650608,0.18,50.0,0.105,0.0005813155097624421,0.004051403093528133,0.008654803515650919,0.006969424605740829,0.0016853789099100876,0.21,50.0,0.105,0.00041741990938917126,0.0027320572704495577,0.005761184892635745,0.004618651998873577,0.0011425328937621658,0.27,50.0,0.105,0.99
178,1.77,0.000721200033148051,0.005074477553425037,0.010782629853572792,0.008697050119511695,0.0020855797340610977,0.18,50.0,0.105,0.0005761260844990341,0.00402343273798328,0.008585779434024492,0.006917579673785192,0.0016681997602393018,0.21,50.0,0.105,0.0004118414472162118,0.002711209009891836,0.005708023862171001,0.004580208867290666,0.001127814994880334,0.27,50.0,0.105,0.99
179,1.78,0.0007056715564913263,0.005028219275299066,0.010669426796665648,0.008617069359375874,0.0020523574372897737,0.18,50.0,0.105,0.0005665872271298008,0.003994349936688525,0.008513037552124349,0.0068692701321563954,0.0016437674199679534,0.21,50.0,0.105,0.0004000825791656004,0.002685908189696164,0.005652930147080948,0.004540757768240635,0.0011121723788403129,0.27,50.0,0.105,0.99
180,1.79,0.0006922362772811044,0.005007315262243133,0.010605549155034219,0.008580701698422854,0.0020248474566113657,0.18,50.0,0.105,0.000561951842360376,0.003971535172176803,0.008463588336563427,0.006828339113794869,0.0016352492227685578,0.21,50.0,0.105,0.0003949080066461614,0.00266576231770962,0.005598074516921272,0.0045034948404186126,0.0010945796765026601,0.27,50.0,0.105,0.99
181,1.8,0.0006875670728049573,0.004983141268330963,0.010567053685389217,0.00855023427042195,0.002016819414967264,0.22,80.0,0.168,0.000548955971559567,0.00394354642250976,0.008399918505373185,0.0067826699871704876,0.0016172485182026958,0.25,80.0,0.168,0.00038937238938439595,0.0026443906722266887,0.005557727470631548,0.004469632453884073,0.001088095016747475,0.3,80.0,0.168,0.99
182,1.81,0.0006794159133115392,0.004937085180886309,0.010465513323141638,0.008472051176195613,0.0019934621469460236,0.22,80.0,0.168,0.0005397835075145958,0.003897124742078164,0.00828720768289402,0.00670111547530093,0.0015860922075930906,0.25,80.0,0.168,0.00037800305021035526,0.002617936765497115,0.005487096147048753,0.00442599226948375,0.0010611038775650023,0.3,80.0,0.168,0.99
183,1.82,0.0006296081513212043,0.0048809833641088405,0.01025304124658091,0.008359983288346222,0.0018930579582346852,0.22,80.0,0.168,0.0005239175268282613,0.0038626079254732945,0.008214103007435984,0.006649871065235724,0.001564231942200261,0.25,80.0,0.168,0.0003716143246860048,0.002587291140353294,0.0054272950850428195,0.004378064997377754,0.001049230087665066,0.3,80.0,0.168,0.99
184,1.83,0.0006179685684351417,0.004827634762947285,0.010145937237703663,0.008275584093411285,0.0018703531442923783,0.22,80.0,0.168,0.0005014531862511838,0.0038229440251336825,0.008077586151835712,0.006574249208721267,0.0015033369431144469,0.25,80.0,0.168,0.000362184079600248,0.0025575677707806105,0.0053566397770839725,0.004329243819016548,0.0010273959580674248,0.3,80.0,0.168,0.99
185,1.84,0.0006000848725045599,0.00478314330085977,0.010014681292050963,0.008196215273257479,0.0018184660187934834,0.22,80.0,0.168,0.0004925322319979735,0.0037877219383540086,0.008014200679634119,0.006522601548879416,0.0014915991307547021,0.25,80.0,0.168,0.000346658347558652,0.0025334965696213532,0.005284124380311604,0.00428996589219327,0.000994158488118333,0.3,80.0,0.168,0.99
186,1.85,0.0005952428449256344,0.004747914449954115,0.00996985757432978,0.00814761706073179,0.001822240513597991,0.22,80.0,0.168,0.0004760831729638292,0.0037504562776531636,0.007911152063107661,0.006456895669482768,0.0014542563936248926,0.25,80.0,0.168,0.00033675316849498947,0.002507295425792838,0.0052191679027543715,0.00424593934579304,0.0009732285569613321,0.3,80.0,0.168,0.99
187,1.86,0.0005588806494988581,0.004695633020044757,0.009792404784362465,0.008049445053705803,0.0017429597306566626,0.22,80.0,0.168,0.00045700861702965975,0.0037109703850977047,0.007791159366146444,0.006382406509850152,0.001408752856296292,0.25,80.0,0.168,0.0003269745248869309,0.002476641335069797,0.005148469866127744,0.004196245532761173,0.0009522243333665701,0.3,80.0,0.168,0.99
188,1.87,0.0005506452848922772,0.0046747777738644445,0.009718962895337096,0.008010638536014428,0.0017083243593226675,0.22,80.0,0.168,0.0004309102351592809,0.0036685065020659762,0.007664983824262819,0.006310531497180546,0.0013544523270822707,0.25,80.0,0.168,0.0003162852877315976,0.002448848100594761,0.005074795369437742,0.00414581977112539,0.0009289755983123514,0.3,80.0,0.168,0.99
189,1.88,0.0005269329981692392,0.004613796766020883,0.009560676710536188,0.00789950362124618,0.0016611730892900087,0.22,80.0,0.168,0.00042525644600325266,0.00363701373867385,0.007593721291278304,0.0062545763533699865,0.0013391449379083161,0.25,80.0,0.168,0.00030625599787842395,0.002421737852502285,0.005000549926686025,0.00409872372947927,0.0009018261972067546,0.3,80.0,0.168,0.99
190,1.89,0.0004971208015897934,0.0045749105484527855,0.009431458368558892,0.007829653615568312,0.0016018047529905786,0.22,80.0,0.168,0.0004004357305695771,0.0035989443267882126,0.007471659323058429,0.0061876473220534465,0.0012840120010049834,0.25,80.0,0.168,0.00029410426561260396,0.0023966486271144363,0.004929914002769055,0.004054458966217875,0.0008754550365511801,0.3,80.0,0.168,0.99
191,1.9,0.00048349130693636853,0.004534866489197798,0.009318820164610763,0.007757499645505733,0.0015613205191050289,0.22,80.0,0.168,0.0003858587353393546,0.0035556573962847293,0.007358594515308545,0.006109099960080101,0.0012494945552284442,0.25,80.0,0.168,0.0002791588990365999,0.002369299117861066,0.004854629133345172,0.004009634576846656,0.0008449945564985163,0.3,80.0,0.168,0.99
192,1.91,0.0004657979784312152,0.0044915135470282325,0.009195951333245618,0.007678977289895035,0.0015169740433505822,0.22,80.0,0.168,0.0003696377106827813,0.0035274340430967326,0.007265710839211676,0.006055610429565338,0.0012101004096463403,0.25,80.0,0.168,0.0002692998980791685,0.0023444367440092775,0.00479143792359497,0.003969921743737275,0.0008215161798576944,0.3,80.0,0.168,0.99
193,1.92,0.00044460927138702684,0.0044496169722507955,0.0090831930410012,0.007608311507947258,0.001474881533053943,0.22,80.0,0.168,0.0003530193562714653,0.0034929165524389388,0.007169509969823008,0.005999870853044282,0.0011696391167787268,0.25,80.0,0.168,0.00025845922703141813,0.002318096336110318,0.004719214569013379,0.003920744065989574,0.0007984705030238058,0.3,80.0,0.168,0.99
194,1.93,0.00042000730254353067,0.0044037984552410476,0.008951294763760864,0.007530476644201925,0.001420818119558941,0.22,80.0,0.168,0.0003408921367892984,0.003455400078300924,0.007071777569547426,0.005932527136843424,0.001139250432704001,0.25,80.0,0.168,0.0002407122847329837,0.0022920727708920785,0.004631073070797304,0.0038732846427116624,0.0007577884280856432,0.3,80.0,0.168,0.99
195,1.94,0.00042099497168225777,0.004358294216646136,0.008865256657472476,0.007451088175369902,0.0014141684821025744,0.22,80.0,0.168,0.0003197486270757008,0.0034110970816575025,0.0069464171183469875,0.005849100014691496,0.0010973171036554928,0.25,80.0,0.168,0.00023446134314208673,0.0022624667795379935,0.004562046615335511,0.003823989180972607,0.0007380574343629049,0.3,80.0,0.168,0.99
196,1.95,0.0003805992627925256,0.004314438837471593,0.008705733965927005,0.007369591149938215,0.0013361428159887915,0.22,80.0,0.168,0.00029885456037984624,0.0033795442000930094,0.006839945582958931,0.005794304397023954,0.001045641185934977,0.25,80.0,0.168,0.00021921300352122197,0.002242336073705252,0.00449526602998571,0.003787850637707573,0.0007074153922781374,0.3,80.0,0.168,0.99
197,1.96,0.0003647143251942069,0.004269178044522721,0.00856959886986413,0.007285720479581217,0.0012838783902829117,0.22,80.0,0.168,0.0002844721656428015,0.003340723229023161,0.006740726151403494,0.005726105045100172,0.0010146211063033217,0.25,80.0,0.168,0.0002115986537320566,0.002212744870125674,0.004423494002516539,0.0037367355307075046,0.0006867584718090342,0.3,80.0,0.168,0.99
198,1.97,0.000354173269326569,0.004227728075552678,0.0084782451076976,0.007218686306280603,0.0012595588014169975,0.22,80.0,0.168,0.0002679644398436383,0.00330508012782719,0.006631618948588332,0.005659746893783793,0.0009718720548045394,0.25,80.0,0.168,0.00019637375979039646,0.002189285332298801,0.0043379592230332635,0.0036902436502800427,0.0006477155727532206,0.3,80.0,0.168,0.99
199,1.98,0.0003206157102241085,0.004189637371234855,0.008331589740089771,0.007145496433055539,0.0011860933070342303,0.22,80.0,0.168,0.00025250372202074154,0.00327590488958316,0.006534679637070592,0.005603016611935089,0.0009316630251355037,0.25,80.0,0.168,0.00018212206216807153,0.002164420136320934,0.004268947553954044,0.003649951674106154,0.0006189958798478899,0.3,80.0,0.168,0.99
200,1.99,0.0003102458917955124,0.004152345619547346,0.008223480636979464,0.0070723079158556135,0.0011511727211238507,0.22,80.0,0.168,0.00023518320168802143,0.0032447575419767938,0.006437151218674002,0.005547119765223089,0.0008900314534509146,0.25,80.0,0.168,0.00017563995542084525,0.0021385427508945755,0.004197957696759085,0.0036009965643501412,0.0005969611324089448,0.3,80.0,0.168,0.99
201,2.0,0.0002795303620572687,0.004101065968931438,0.008049963422758532,0.006971831186862513,0.001078132235896019,0.22,80.0,0.168,0.0002099661956989244,0.0032066136246937603,0.006305370733178755,0.005475809617873196,0.0008295611153055595,0.25,80.0,0.168,0.00016396025982845356,0.0021127687620744236,0.004124452294860695,0.0035564936335753584,0.0005679586612853361,0.3,80.0,0.168,0.99
202,2.01,0.0002668499859498335,0.0040569521603455805,0.007926297732311021,0.006895003404433576,0.001031294327877447,0.22,80.0,0.168,0.00020123533777031662,0.0031697799818313187,0.006204094933687782,0.005404448845630523,0.0007996460880572595,0.25,80.0,0.168,0.00014904367360367313,0.0020884404893888125,0.0040435904524109625,0.0035114482444487446,0.0005321422079622171,0.3,80.0,0.168,0.99
203,2.02,0.0002397934490762471,0.00402851592258447,0.007812028709641309,0.0068388911336578085,0.0009731375759834993,0.22,80.0,0.168,0.00018745348981305816,0.0031397538401022633,0.006114710734023722,0.005352808742039433,0.0007619019919842904,0.25,80.0,0.168,0.00013848257494852354,0.002063592456647107,0.00397086634166028,0.0034671320305708865,0.0005037343110893929,0.3,80.0,0.168,0.99
204,2.03,0.00023513095776046133,0.003984937098481331,0.0077078469562100165,0.006761704347492984,0.000946142608717033,0.22,80.0,0.168,0.00016674358019681815,0.003100259420206825,0.005974968624848795,0.00527276549479495,0.0007022031300538465,0.25,80.0,0.168,0.00012646002004751628,0.002038148818441964,0.003890564715539898,0.0034188685604994,0.00047169615504049744,0.3,80.0,0.168,0.99
205,2.04,0.0001979473343891613,0.003943186184798796,0.007551528048706846,0.006681789259749954,0.0008697387889568929,0.22,80.0,0.168,0.00014533061405159353,0.0030735501403913257,0.005871586641314222,0.005223602566658815,0.0006479840746554069,0.25,80.0,0.168,0.0001133406368499256,0.0020157374691815023,0.0038065243950648037,0.003374473390150958,0.0004320510049138452,0.3,80.0,0.168,0.99
206,2.05,0.00021669597622289921,0.003950084801201598,0.0076058443925282855,0.006704643138769904,0.0009012012537583828,0.22,80.0,0.168,0.0001435085951093594,0.0030741415596572904,0.005876309594134013,0.005226279829754607,0.0006500297643794051,0.25,80.0,0.168,0.00011328132702845486,0.0020149767817488175,0.00381434215470233,0.0033774434177239678,0.00043689873697836203,0.3,80.0,0.168,0.99
207,2.06,0.00015820532311734155,0.0038560096688735612,0.007261373777183815,0.006515668891191751,0.0007457048859920637,0.22,80.0,0.168,0.00010529270609603897,0.0030010788957985915,0.005625210587791079,0.005085412836924053,0.0005397977508670265,0.25,80.0,0.168,8.52152944997739e-05,0.0019673725011603443,0.003638947754173032,0.0032843715638366825,0.0003545761903363503,0.3,80.0,0.168,0.99
208,2.07,0.0001596874865995805,0.0038585294973095385,0.007264124050051984,0.006518784371288951,0.0007453396787630328,0.22,80.0,0.168,0.00010723163967780533,0.0030063509608239543,0.005629972394032497,0.005090603072045461,0.0005393693219870369,0.25,80.0,0.168,8.58276417002701e-05,0.001967553905071986,0.0036380278713031657,0.00328447846819019,0.0003535494031129759,0.3,80.0,0.168,0.99
209,2.08,0.00010868548937569673,0.003782389193180659,0.00695627499041459,0.006366391063411016,0.000589883927003574,0.22,80.0,0.168,7.979131295482743e-05,0.0029322900125806463,0.00538206492806828,0.0049489990500575275,0.0004330658780107523,0.25,80.0,0.168,5.792299593723112e-05,0.0019161960051426547,0.0034465560681994365,0.0031832067118702763,0.0002633493563291599,0.3,80.0,0.168,0.99
210,2.09,9.407037466877903e-05,0.003739425609367451,0.006801050653866533,0.00627572876365368,0.0005253218902128512,0.22,80.0,0.168,6.723748529525745e-05,0.0028938336958652714,0.0052328641217633505,0.004866795498821132,0.0003660686229422186,0.25,80.0,0.168,4.452852418026487e-05,0.0018937986994705261,0.003345309645161955,0.0031343825158853,0.00021092712927665535,0.3,80.0,0.168,0.99
211,2.1,7.829207475812398e-05,0.003680551910998254,0.006546059280617787,0.006126696280110096,0.0004193630005076911,0.05,0.23,0.000483,5.761596554685131e-05,0.002860292697654161,0.005052180266209741,0.004769410514217746,0.00028276975199199536,0.09,0.23,0.000483,3.1578040525516036e-05,0.0018653716169810713,0.0032007126462572696,0.003059641862894019,0.00014107078336325092,0.15,0.23,0.000483,0.88
212,2.11,7.638277644821349e-05,0.0036759459030739784,0.006544187139432343,0.006126740969409107,0.000417446170023237,0.05,0.23,0.0064653,5.9658215528798344e-05,0.002856586348603654,0.005044604778687045,0.004759317349426963,0.00028528742926008056,0.09,0.23,0.0064653,3.2198198914963425e-05,0.001860417668524772,0.0031839711232089936,0.003046576454366289,0.00013739466884270476,0.15,0.23,0.0064653,0.88
213,2.12,7.61201994546224e-05,0.0036751791775567035,0.006531528832363025,0.006114157052394084,0.0004173717799689419,0.05,0.23,0.0064653,5.913625621369833e-05,0.0028507151680449033,0.0050212911407442745,0.004742650706495877,0.0002786404342483987,0.09,0.23,0.0064653,3.205675105858348e-05,0.001854483918338609,0.0031665810223153856,0.0030312720510631886,0.00013530897125219713,0.15,0.23,0.0064653,0.88
214,2.13,7.308992495585651e-05,0.0036772148049560374,0.00651427323037068,0.006109978088892621,0.000404295141478059,0.05,0.23,0.0064653,5.7033689406759945e-05,0.0028434216226034775,0.004998265175932348,0.004725847740681638,0.00027241743525070885,0.09,0.23,0.0064653,3.1539353111766604e-05,0.0018481782124137233,0.003145810585926539,0.003014675028934467,0.0001311355569920716,0.15,0.23,0.0064653,0.88
215,2.14,7.76421613776893e-05,0.0036705152519961926,0.006511824071667627,0.006100524661675123,0.00041129940999250317,0.05,0.23,0.0064653,5.7177419127336236e-05,0.0028394123751205274,0.0049870587262754425,0.004714970216194828,0.0002720885100806133,0.09,0.23,0.0064653,3.110480894425654e-05,0.0018434312963635329,0.0031430033594665977,0.00301044464573333,0.00013255871373326754,0.15,0.23,0.0064653,0.88
216,2.15,7.790681752928225e-05,0.0036755593870408327,0.006513360829318278,0.006102927479466215,0.0004104333498520627,0.05,0.23,0.0064653,5.679862475554432e-05,0.002837395015415046,0.004979346609762635,0.004708816230914561,0.0002705303788480745,0.09,0.23,0.0064653,3.1528182843036685e-05,0.0018388686383814393,0.0031273163222807787,0.002996867468464797,0.00013044885381598113,0.15,0.23,0.0064653,0.88
217,2.16,7.649780277867116e-05,0.003660647778291792,0.006494005341080454,0.006079459926537964,0.00041454541454249045,0.05,0.23,0.0064653,5.789417822063718e-05,0.0028295187413711234,0.0049586640544196075,0.004693876131309549,0.00026478792311005866,0.09,0.23,0.0064653,3.249057417049471e-05,0.0018346195604201294,0.003113793240994789,0.0029847068588351876,0.00012908638215960156,0.15,0.23,0.0064653,0.88
218,2.17,7.644876723961003e-05,0.0036626834169070136,0.0064903378359451895,0.006080246417213776,0.00041009141873141273,0.05,0.23,0.0064653,5.515153304237792e-05,0.002825017016361497,0.004940667983006131,0.004681885621220309,0.0002587823617858206,0.09,0.23,0.0064653,3.076871912265423e-05,0.0018317683727839518,0.0031006740100400754,0.0029773556476419575,0.00012331836239811803,0.15,0.23,0.0064653,0.88
219,2.18,7.225380170914743e-05,0.0036598995729451686,0.00647381444898834,0.006075515123220826,0.00039829932576751357,0.05,0.23,0.0064653,5.801185974795061e-05,0.0028219891955061434,0.004940425458404342,0.004674069048845986,0.00026635640955835623,0.09,0.23,0.0064653,3.1746050316158464e-05,0.001822286107723077,0.0030896727613100856,0.0029611851383141616,0.0001284876229959236,0.15,0.23,0.0064653,0.88
220,2.19,7.515664266710853e-05,0.003653081130585132,0.006468769514569797,0.006064984753633129,0.0004037847609366683,0.05,0.23,0.0064653,5.7032974199789204e-05,0.0028193285022332978,0.004933797176628954,0.004669659556368095,0.0002641376202608591,0.09,0.23,0.0064653,3.151446235068398e-05,0.0018199711669278096,0.0030740463585829003,0.002949752005081608,0.00012429435350129302,0.15,0.23,0.0064653,0.88
221,2.2,7.474801867470434e-05,0.003652209097087045,0.00646126715885098,0.006060155659805138,0.0004011114990458412,0.05,0.23,0.0064653,5.804329004464377e-05,0.0028119560456177466,0.004905801735400933,0.004646003927260762,0.00025979780814017005,0.09,0.23,0.0064653,3.0173220207856518e-05,0.0018135788140326771,0.003061337459213255,0.0029396200970668385,0.00012171736214641668,0.15,0.23,0.0064653,0.88
222,2.21,7.495686287969084e-05,0.0036435139348651594,0.006435532070600321,0.00603695382648408,0.00039857824411624037,0.05,0.23,0.0064653,5.6106507718540714e-05,0.0028041170924083805,0.0048988324265234065,0.00463993736234804,0.00025889506417536666,0.09,0.23,0.0064653,3.1980602956068384e-05,0.0018084613774682512,0.0030477856062991393,0.002926406359127057,0.00012137924717208214,0.15,0.23,0.0064653,0.88
223,2.22,7.27921647298653e-05,0.0036507498592505193,0.006449639724772571,0.006050931313521704,0.00039870841125086735,0.05,0.23,0.0064653,5.639466822933392e-05,0.0027996000456210683,0.004882846401053887,0.004624349098464164,0.00025849730258972194,0.09,0.23,0.0064653,3.080919945223136e-05,0.001806281565460835,0.0030418043316178703,0.0029221241346292473,0.00011968019698862324,0.15,0.23,0.0064653,0.88
224,2.23,7.616961157352938e-05,0.003639189571097743,0.006419526614822482,0.006023194714739172,0.0003963319000833097,0.05,0.23,0.0064653,5.8278339676977145e-05,0.0027909851944373956,0.004872131873344837,0.004610978702257524,0.00026115317108731334,0.09,0.23,0.0064653,3.00724086210561e-05,0.0018011447375521343,0.003029551470525789,0.002909995658241632,0.00011955581228415684,0.15,0.23,0.0064653,0.88
225,2.24,7.56794533440271e-05,0.003642412830943676,0.006434965071887889,0.0060329907556338856,0.0004019743162540042,0.05,0.23,0.0064653,5.828333961271259e-05,0.002786790871250415,0.004856653685413638,0.004598533608037967,0.0002581200773756715,0.09,0.23,0.0064653,2.9993412583534746e-05,0.0017966026881248071,0.003017686904262284,0.002900125025291065,0.00011756187897121985,0.15,0.23,0.0064653,0.88
226,2.25,7.433462223119637e-05,0.00363377813869438,0.006406644850825317,0.00601273592122344,0.0003939089296018759,0.05,0.23,0.0064653,5.7723858303859405e-05,0.0027904951720867325,0.004857753949464482,0.004600303345908179,0.0002574506035563035,0.09,0.23,0.0064653,3.078551456495025e-05,0.0017892497000869076,0.0030049425086190497,0.002886603399108566,0.00011833910951048313,0.15,0.23,0.0064653,0.88
227,2.26,7.275637522787086e-05,0.003629551673012506,0.006399755551409808,0.006006095030092913,0.00039366052131689373,0.05,0.23,0.0064653,5.3641178127047695e-05,0.0027832931206532054,0.004829646849918845,0.0045835899348596,0.00024605691505924445,0.09,0.23,0.0064653,3.08982857413863e-05,0.0017869189985565534,0.0029911701319549305,0.0028768252057941707,0.00011434492616075939,0.15,0.23,0.0064653,0.88
228,2.27,6.916369863682244e-05,0.003622257586905686,0.006361159251412732,0.0059828192789939455,0.00037833997241878585,0.05,0.23,0.0064653,5.792465233291708e-05,0.0027751463377603046,0.004821097682902366,0.004568459171559352,0.0002526385113430128,0.09,0.23,0.0064653,3.0489285927785716e-05,0.0017800010317814883,0.002980952224679878,0.002866033193970238,0.0001149190307096404,0.15,0.23,0.0064653,0.88
229,2.28,7.41345927333738e-05,0.0036196542640750877,0.006370159709589171,0.0059819410354826396,0.0003882186741065325,0.05,0.23,0.0064653,5.7524642982866264e-05,0.0027750451667945693,0.004823521940211236,0.004571108641116549,0.00025241329909468717,0.09,0.23,0.0064653,3.0487446732955727e-05,0.001774458809248756,0.00296993553125944,0.0028551998653741236,0.00011473566588531665,0.15,0.23,0.0064653,0.88
230,2.29,7.381673060128664e-05,0.0036029899027421744,0.006341902618157434,0.005953713831280916,0.00038818878687651916,0.05,0.23,0.0064653,5.748876217325709e-05,0.0027677530214610707,0.004807497932216826,0.0045551269340411375,0.00025237099817568916,0.09,0.23,0.0064653,3.06222278822055e-05,0.0017720623492840188,0.002953656475519806,0.002844746525856228,0.0001089099496635783,0.15,0.23,0.0064653,0.88
231,2.3,7.119174837772919e-05,0.0036200256486819795,0.006364258156794605,0.005980985376207263,0.00038327278058734117,0.05,0.23,0.0064653,5.589619193564712e-05,0.0027614509633875186,0.004780351469919374,0.00453733992403024,0.0002430115458891355,0.09,0.23,0.0064653,2.8997841837386693e-05,0.001766858125816357,0.0029408053745995388,0.0028331925598287446,0.00010761281477079484,0.15,0.23,0.0064653,0.88
232,2.31,7.500405227507975e-05,0.0036148038399524797,0.006354234991586781,0.005966014245749488,0.0003882207458372936,0.05,0.23,0.0064653,5.489189894745245e-05,0.0027641929140953155,0.004788097614575295,0.004541338816238535,0.00024675879833675957,0.09,0.23,0.0064653,2.9303034475350984e-05,0.0017653584892226377,0.002936838009850225,0.0028294241963925434,0.00010741381345768161,0.15,0.23,0.0064653,0.88
233,2.32,7.378305444695212e-05,0.0036152971968429347,0.0063614067370621145,0.005972663134310278,0.0003887436027518366,0.05,0.23,0.0064653,5.403874527283127e-05,0.0027577879398607502,0.004763335608979746,0.004525724482588049,0.00023761112639169598,0.09,0.23,0.0064653,2.9516722721722447e-05,0.0017617014274213894,0.0029363696668514047,0.0028251662076245088,0.00011120345922689627,0.15,0.23,0.0064653,0.88
234,2.33,7.022939126738841e-05,0.003598013485375021,0.006311045012528527,0.005934082350232514,0.0003769626622960125,0.05,0.23,0.0064653,5.497607359638349e-05,0.0027459127126677647,0.004746048654243812,0.004507326941938536,0.00023872171230527643,0.09,0.23,0.0064653,2.9725619835559257e-05,0.0017524327628149442,0.0029090601664820146,0.002803556134163469,0.00010550403231854633,0.15,0.23,0.0064653,0.88
235,2.34,7.109776863857137e-05,0.003590117235030065,0.006304695046542312,0.005923613338128323,0.0003810817084139888,0.05,0.23,0.0064653,5.510036971794627e-05,0.0027438914330747584,0.004738603288624817,0.004498480504406843,0.00024012278421797452,0.09,0.23,0.0064653,2.9412483917593696e-05,0.001749552641932308,0.002900114685726528,0.002796163956073917,0.00010395072965261125,0.15,0.23,0.0064653,0.88
236,2.35,7.078545766527275e-05,0.0036008288194870237,0.006321164991265833,0.005942485080902092,0.0003786799103637409,0.05,0.23,0.0064653,5.4337032021473314e-05,0.0027383155434821363,0.004722649003056917,0.004485103106487376,0.00023754589656954214,0.09,0.23,0.0064653,2.888696973212267e-05,0.001743955167403749,0.002893321620780582,0.002788233771441587,0.00010508784933899465,0.15,0.23,0.0064653,0.88
237,2.36,7.162973651739689e-05,0.0035876823372607593,0.006285349353433029,0.005910164903449856,0.0003751844499831736,0.05,0.23,0.0064653,5.274921286914982e-05,0.0027385212029444324,0.00471445863987437,0.004481614970142848,0.00023284366973152173,0.09,0.23,0.0064653,3.052301046087402e-05,0.0017399050287105684,0.002882454694465323,0.0027756601853691876,0.00010679450909613547,0.15,0.23,0.0064653,0.88
238,2.37,7.309992310163963e-05,0.003587534372279006,0.006291413487376059,0.005911219112583771,0.0003801943747922889,0.05,0.23,0.0064653,5.516563497914669e-05,0.002730323755418392,0.004713245420922306,0.004471345347451848,0.0002419000734704577,0.09,0.23,0.0064653,2.9776430585487568e-05,0.0017375616699830366,0.0028734545540321597,0.0027698885308914184,0.00010356602314074188,0.15,0.23,0.0064653,0.88
239,2.38,7.178706029881066e-05,0.003579099257355502,0.006266183244214775,0.005893764130803441,0.0003724191134113341,0.05,0.23,0.0064653,5.2130674199491276e-05,0.0027250348187657673,0.004690465612210902,0.004459808961076217,0.00023065665113468652,0.09,0.23,0.0064653,2.846223274980576e-05,0.001730259818770871,0.0028625149621585005,0.002758444533285924,0.00010407042887257593,0.15,0.23,0.0064653,0.88
240,2.39,7.223305341072056e-05,0.003581589941643688,0.0062747519676772095,0.005899063216439862,0.0003756887512373468,0.05,0.23,0.0064653,5.439933363797546e-05,0.002722314378089985,0.004689313846173016,0.004456051196488035,0.00023326264968498016,0.09,0.23,0.0064653,3.071873537653218e-05,0.0017241271860177411,0.002850284625526982,0.002745791634177464,0.00010449299134951832,0.15,0.23,0.0064653,0.88
241,2.4,7.058170352407445e-05,0.0035785101004697085,0.006267416116568842,0.005894311389735579,0.0003731047268332622,0.05,0.23,0.0064653,5.1350823531892116e-05,0.002713451086769256,0.004655782997997226,0.00443058433740476,0.00022519866059246712,0.09,0.23,0.0064653,2.7630196509608463e-05,0.0017217970883744856,0.002838766634060939,0.00273954310260523,9.922353145570901e-05,0.15,0.23,0.0064653,0.88
242,2.41,6.696036683189661e-05,0.0035655218219527345,0.006220859383366126,0.005860132428802209,0.0003607269545639178,0.05,0.23,0.0064653,5.259365940025734e-05,0.0027162486769293226,0.004661365299509443,0.004434839585359275,0.00022652571415016765,0.09,0.23,0.0064653,2.8392845030407724e-05,0.0017186083704051557,0.0028312929179472304,0.00273176018977853,9.95327281687005e-05,0.15,0.23,0.0064653,0.88
243,2.42,7.276461606210614e-05,0.003566961147540756,0.006255779303824545,0.005875987055228808,0.00037979224859573655,0.05,0.23,0.0064653,5.136390249726043e-05,0.0027050169214404137,0.004644296669109239,0.004418331613544321,0.00022596505556491764,0.09,0.23,0.0064653,2.8230712011808595e-05,0.0017135748154972158,0.0028199874626229264,0.0027226684545755006,9.731900804742577e-05,0.15,0.23,0.0064653,0.88
244,2.43,6.746713251053413e-05,0.0035617357304691243,0.006221043161206616,0.0058570802842656325,0.0003639628769409827,0.05,0.23,0.0064653,5.182120261306318e-05,0.002702149856888091,0.004641002300388154,0.0044113953223986375,0.00022960697798951612,0.09,0.23,0.0064653,2.8937369778784284e-05,0.0017093530019861752,0.002812243420366455,0.002713531009302561,9.871241106389386e-05,0.15,0.23,0.0064653,0.88
245,2.44,7.398092036235991e-05,0.003563167158085311,0.006239811967347643,0.005859741485813453,0.0003800704815341896,0.05,0.23,0.0064653,5.198756041125937e-05,0.0026992022130471424,0.004629739914533972,0.004402322258444014,0.00022741765608995764,0.09,0.23,0.0064653,3.0239972612311365e-05,0.001702542361578234,0.0028023987503152437,0.002700707857848413,0.00010169089246683078,0.15,0.23,0.0064653,0.88
246,2.45,6.958960662542601e-05,0.0035649628544814193,0.006220610036822735,0.005855737024051585,0.00036487301277114855,0.05,0.23,0.0064653,5.62785760017568e-05,0.0026958352025162067,0.004629238564968021,0.004397101837236512,0.00023213672773150844,0.09,0.23,0.0064653,2.9119105188393362e-05,0.0016973784899379054,0.002787336366559302,0.0026893838835693636,9.795248298993829e-05,0.15,0.23,0.0064653,0.88
247,2.46,6.957984138425442e-05,0.0035472868890419652,0.00618629914230452,0.005825672478801566,0.0003606266635029535,0.05,0.23,0.0064653,5.104915778452241e-05,0.00268931806929907,0.004608330607900885,0.0043834133324868315,0.00022491727541405218,0.09,0.23,0.0064653,2.8423561413328012e-05,0.0016961889074951454,0.002785717685387386,0.0026871966369518044,9.852104843558063e-05,0.15,0.23,0.0064653,0.88
248,2.47,6.905870359992739e-05,0.0035550161815274153,0.006207764734764179,0.005842497306994909,0.00036526742776927086,0.05,0.23,0.0064653,5.180607995346483e-05,0.002680621614175843,0.004580941694309556,0.004361302717833131,0.0002196389764764259,0.09,0.23,0.0064653,2.848501475359047e-05,0.0016931147005230026,0.0027767886551281133,0.002679517881975781,9.727077315233233e-05,0.15,0.23,0.0064653,0.88
249,2.48,6.909523003778323e-05,0.003535454907445689,0.006168137869129473,0.005804919528134227,0.0003632183409952463,0.05,0.23,0.0064653,5.2823871759161236e-05,0.0026829607857862398,0.00459987148487093,0.0043709856387161815,0.00022888584615474684,0.09,0.23,0.0064653,2.858725593247793e-05,0.001688534932502687,0.0027656181491665906,0.0026702064797216414,9.541166944494876e-05,0.15,0.23,0.0064653,0.88
250,2.49,6.798638079212575e-05,0.003540298291104249,0.006171860737689708,0.005811467391040676,0.00036039334664903123,0.05,0.23,0.0064653,5.1194277569928615e-05,0.0026809133411420582,0.0045846926845487645,0.0043638529623757985,0.00022083972217296568,0.09,0.23,0.0064653,2.8957696794331284e-05,0.001682479003554839,0.002760229047491741,0.002661163251173218,9.906579631852329e-05,0.15,0.23,0.0064653,0.88
251,2.5,7.194667955820291e-05,0.0035447649124356827,0.006186673464679343,0.005816802077972847,0.000369871386706496,0.05,0.23,0.0064653,5.08973855732369e-05,0.0026692390749685382,0.0045559312429467435,0.004336729303370358,0.00021920193957638542,0.09,0.23,0.0064653,2.746315487610617e-05,0.001676945108441228,0.0027420859525494733,0.0026474421049623334,9.464384758713967e-05,0.15,0.23,0.0064653,0.88
252,2.51,6.886237703314558e-05,0.003529306275913239,0.0061433942978499,0.0057826260870396514,0.0003607682108102479,0.05,0.23,0.0064653,5.186740990136921e-05,0.002669406949400433,0.004556580781005496,0.0043361986622151,0.00022038211879039647,0.09,0.23,0.0064653,2.8739263639776826e-05,0.001674124657042597,0.002736064630008314,0.0026411841291407562,9.488050086755823e-05,0.15,0.23,0.0064653,0.88
253,2.52,7.195694982145386e-05,0.003534784363096643,0.006178175414285995,0.005805959648968698,0.0003722157653172988,0.05,0.23,0.0064653,5.110432429490038e-05,0.0026689760757081806,0.004559016158022387,0.004339350645437732,0.00021966551258465448,0.09,0.23,0.0064653,2.7439061414952093e-05,0.001669001911139872,0.0027293491123423228,0.0026345594239470496,9.478968839527335e-05,0.15,0.23,0.0064653,0.88
254,2.53,6.856906306596047e-05,0.003527160094257901,0.006144907770971581,0.005782825486282856,0.0003620822846887263,0.05,0.23,0.0064653,5.089733373087158e-05,0.0026547164242091124,0.004525002403800794,0.0043102624485892695,0.0002147399552115262,0.09,0.23,0.0064653,2.7103391761050586e-05,0.0016638576619434592,0.0027183305351653033,0.002623859314334745,9.447122083055829e-05,0.15,0.23,0.0064653,0.88
255,2.54,6.90936749023256e-05,0.003531435421245601,0.006140288432765839,0.0057832334143668295,0.0003570550183990079,0.05,0.23,0.0064653,5.216189989360811e-05,0.002648956735499085,0.004512989881491968,0.004296919189634206,0.0002160706918577613,0.09,0.23,0.0064653,2.768539114034398e-05,0.001659561977060836,0.0027065986606834348,0.002613728724080067,9.286993660336857e-05,0.15,0.23,0.0064653,0.88
256,2.55,6.714390424541774e-05,0.003517925424605301,0.0061183467741297995,0.005764881381461766,0.00035346539266803244,0.05,0.23,0.0064653,5.250711963079032e-05,0.002650210537877142,0.004514335136617133,0.004297339058904042,0.00021699607771308996,0.09,0.23,0.0064653,2.647077020051997e-05,0.0016552945128202744,0.0026986914145331335,0.0026073638911910772,9.132752334205684e-05,0.15,0.23,0.0064653,0.88
257,2.56,6.636670471882137e-05,0.003520737239439651,0.0061231734549618425,0.0057707330818275665,0.0003524403731342768,0.05,0.23,0.0064653,5.25259415929489e-05,0.0026447618037979894,0.004498938679025194,0.004286263316675945,0.00021267536234924884,0.09,0.23,0.0064653,2.8250633580422646e-05,0.0016497779826252909,0.002687861788970618,0.002594116597138901,9.374519183171679e-05,0.15,0.23,0.0064653,0.88
258,2.57,6.696389891936103e-05,0.0035100394649728362,0.006105616148871309,0.005747286263590346,0.00035832988528096367,0.05,0.23,0.0064653,5.0557456648089775e-05,0.0026383409946366793,0.004485262437372441,0.004273309637294542,0.00021195280007789955,0.09,0.23,0.0064653,2.8405327444069038e-05,0.0016495448051450474,0.00268171880447819,0.002590332032375867,9.138677210232303e-05,0.15,0.23,0.0064653,0.88
259,2.58,6.954118637354047e-05,0.0035180466184805822,0.006115611537980084,0.005757539526922437,0.0003580720110576456,0.05,0.23,0.0064653,5.1054851761960194e-05,0.0026338058854643138,0.0044763974464885024,0.004265624533804459,0.0002107729126840428,0.09,0.23,0.0064653,2.8169473932464417e-05,0.001640931604986031,0.0026702705430663213,0.0025776527071426324,9.261783592368858e-05,0.15,0.23,0.0064653,0.88
260,2.59,6.594313521981209e-05,0.0035006146153986886,0.006082803459414698,0.0057321441054481075,0.0003506593539665912,0.05,0.23,0.0064653,5.287484237650888e-05,0.002635350695722276,0.004486372908860978,0.004270014872557352,0.0002163580363036259,0.09,0.23,0.0064653,2.73895911897221e-05,0.001638787621738582,0.0026620351448366194,0.0025709820378664256,9.10531069701941e-05,0.15,0.23,0.0064653,0.88
261,2.6,6.724414989193763e-05,0.00350602638125459,0.006081656283346221,0.00573290130846452,0.00034875497488169973,0.05,0.23,0.0064653,5.0408412830819716e-05,0.002632656652857995,0.004476311899120396,0.004263974074177045,0.00021233782494335204,0.09,0.23,0.0064653,2.810966317944791e-05,0.001635845200974765,0.0026577159078267996,0.0025670803461392165,9.063556168758256e-05,0.15,0.23,0.0064653,0.88
262,2.61,6.698991963055756e-05,0.0034934803420887347,0.006071385435661049,0.005716457516462151,0.00035492791919889907,0.05,0.23,0.0064653,5.155351501568487e-05,0.0026251821136592905,0.0044609980450767035,0.004249995339478505,0.00021100270559820135,0.09,0.23,0.0064653,2.7798193055587068e-05,0.0016296227961873561,0.002640732663752315,0.002553177255940326,8.755540781199026e-05,0.15,0.23,0.0064653,0.88
263,2.62,6.83345779822266e-05,0.003498581301761163,0.006078190247970436,0.005719785937865772,0.0003584043101046653,0.05,0.23,0.0064653,5.241750744142964e-05,0.0026203632387212855,0.004449529299463634,0.00423441623612981,0.00021511306333382404,0.09,0.23,0.0064653,2.672098510905932e-05,0.0016271225888335567,0.0026340384352229363,0.0025474652012722047,8.657323395073168e-05,0.15,0.23,0.0064653,0.88
264,2.63,6.661769770873028e-05,0.003485542881512939,0.006048347895933056,0.005696192012414515,0.00035215588351854087,0.05,0.23,0.0064653,4.8990269336803576e-05,0.002619888516235679,0.004445195785257489,0.004236477726765197,0.00020871805849229138,0.09,0.23,0.0064653,2.6660418195512825e-05,0.0016230628198487926,0.002633634283844208,0.0025433220223623804,9.031226148182748e-05,0.15,0.23,0.0064653,0.88
265,2.64,6.823632816815578e-05,0.003493941959787338,0.006073691450795057,0.005717203902970432,0.0003564875478246242,0.05,0.23,0.0064653,4.966801615992916e-05,0.0026130846519639528,0.004437405699602408,0.004226709968797536,0.00021069573080487254,0.09,0.23,0.0064653,2.6749665522207786e-05,0.0016206691046196755,0.002627633141416329,0.0025383029835127024,8.933015790362628e-05,0.15,0.23,0.0064653,0.88
266,2.65,7.041165531443566e-05,0.0034869954546444403,0.006055032373497716,0.005698199369086615,0.0003568330044111009,0.05,0.23,0.0064653,4.958936737186156e-05,0.0026074668831457043,0.004422337933389823,0.004213831018586985,0.0002085069148028379,0.09,0.23,0.0064653,2.745602653149664e-05,0.0016124288042671812,0.0026114727694539273,0.0025237153346957266,8.775743475820015e-05,0.15,0.23,0.0064653,0.88
267,2.66,6.531179027976756e-05,0.0034824760887692753,0.006034236679409366,0.00569060606183745,0.0003436306175719149,0.05,0.23,0.0064653,4.9808110089435785e-05,0.002604807462391624,0.004416274936555558,0.004207435722335337,0.00020883921422022153,0.09,0.23,0.0064653,2.7103532752720114e-05,0.0016082011889559649,0.0026053314798274376,0.002515617728307681,8.971375151975684e-05,0.15,0.23,0.0064653,0.88
268,2.67,6.789669435172843e-05,0.0034753102183009703,0.00602032653362888,0.00567161400618545,0.0003487125274434304,0.05,0.23,0.0064653,4.877857308456043e-05,0.002597305637885453,0.004394779465597845,0.004190592314359796,0.00020418715123804882,0.09,0.23,0.0064653,2.606484680685495e-05,0.0016082716544940305,0.0025984054365248864,0.002512013289676143,8.639214684874337e-05,0.15,0.23,0.0064653,0.88
269,2.68,6.491668250427514e-05,0.0034664231860701182,0.006001408697799812,0.005657317577359853,0.00034409112043995877,0.05,0.23,0.0064653,5.1506214583973127e-05,0.0025913714786415807,0.004386508955751485,0.004178982085983304,0.00020752686976818185,0.09,0.23,0.0064653,2.8443317133351245e-05,0.0016003030655183847,0.0025862011680762046,0.002497625621948419,8.857554612778565e-05,0.15,0.23,0.0064653,0.88
270,2.69,6.914088552010583e-05,0.003471840983015981,0.0060308869973373135,0.00567195481577978,0.0003589321815575346,0.05,0.23,0.0064653,4.990326891793064e-05,0.00259122634464233,0.004393428464001604,0.004184083635437181,0.00020934482856442172,0.09,0.23,0.0064653,2.676871872988239e-05,0.0015964784200411383,0.0025766400962714143,0.00249062068752332,8.601940874809344e-05,0.15,0.23,0.0064653,0.88
271,2.7,6.475524939575405e-05,0.0034639115972869,0.0059892713265919375,0.005647805970715123,0.0003414653558768146,0.05,0.23,0.0064653,4.785130597539013e-05,0.0025871914358166497,0.004370731116460082,0.004168290259118883,0.00020244085734119827,0.09,0.23,0.0064653,2.7750143830306555e-05,0.0015927994697669315,0.0025711777945321653,0.0024833108765964845,8.786691793568145e-05,0.15,0.23,0.0064653,0.88
272,2.71,6.996950277158223e-05,0.003470793087734283,0.006008487057972022,0.005659569284736777,0.00034891777323524376,0.05,0.23,0.0064653,4.939510486865596e-05,0.002579645856052238,0.004351422487518355,0.0041502211275984855,0.00020120135991986981,0.09,0.23,0.0064653,2.6659864933774166e-05,0.0015917374709720205,0.0025702474493384717,0.002483236036730573,8.701141260789881e-05,0.15,0.23,0.0064653,0.88
273,2.72,6.656998949136372e-05,0.003451330567579497,0.005970168561286947,0.005624035069325393,0.0003461334919615538,0.05,0.23,0.0064653,4.948053733934303e-05,0.0025756211739897997,0.004349706458896698,0.004147832763361019,0.00020187369553567786,0.09,0.23,0.0064653,2.6168600571350078e-05,0.001588262729452352,0.0025602724976561183,0.002474690475322893,8.558202233322538e-05,0.15,0.23,0.0064653,0.88
274,2.73,6.51621877794242e-05,0.0034550859427005445,0.005971556973924887,0.005632251110454203,0.00033930586347068436,0.05,0.23,0.0064653,4.8165718754548884e-05,0.0025705343053773737,0.004335980012068928,0.00413749436314863,0.00019848564892029723,0.09,0.23,0.0064653,2.6588507777475283e-05,0.001580331423153981,0.0025439844283168616,0.0024595317984125557,8.445262990430597e-05,0.15,0.23,0.0064653,0.88
275,2.74,6.392978012353098e-05,0.003445850604170168,0.00594434606833185,0.005608950412499236,0.0003353956558326137,0.05,0.23,0.0064653,4.6420069316775524e-05,0.002566929902197937,0.004322233498268952,0.004127206081194191,0.00019502741707476035,0.09,0.23,0.0064653,2.6836807607962536e-05,0.0015763142019987607,0.0025392214932204345,0.002452282553706247,8.693893951418733e-05,0.15,0.23,0.0064653,0.88
276,2.75,6.332152393854791e-05,0.0034557556301275543,0.005965631346521757,0.005629856397973651,0.0003357749485481052,0.05,0.23,0.0064653,4.890649246567392e-05,0.0025671651528921023,0.004336333103431457,0.004132333132267294,0.00020399997116416472,0.09,0.23,0.0064653,2.6736010406941e-05,0.0015721656780143308,0.00253164470065159,0.0024446587811679816,8.698591948360896e-05,0.15,0.23,0.0064653,0.88
277,2.76,6.591316414675923e-05,0.0034434744610519702,0.0059471369197006815,0.005609573131761353,0.0003375637879393284,0.05,0.23,0.0064653,4.797438993577317e-05,0.0025578185688952828,0.0043100478876628235,0.004113504969928005,0.00019654291773481963,0.09,0.23,0.0064653,2.5729472722994976e-05,0.0015716543389148099,0.0025258324188848916,0.002443181297361219,8.265112152367302e-05,0.15,0.23,0.0064653,0.88
278,2.77,6.876917083711169e-05,0.0034467064167365293,0.005966157371774686,0.005615594291120226,0.0003505630806544595,0.05,0.23,0.0064653,5.021431800904901e-05,0.002559812038156124,0.00431934707053228,0.004115176804900059,0.00020417026563222235,0.09,0.23,0.0064653,2.6585870943650465e-05,0.0015668901847143704,0.0025160158805807675,0.002432389831146108,8.362604943466e-05,0.15,0.23,0.0064653,0.88
279,2.78,6.792530284314613e-05,0.003434870409612652,0.005929654391444948,0.005587928486692001,0.0003417259047529463,0.05,0.23,0.0064653,4.916521738765162e-05,0.002546505158257178,0.004294352107290004,0.004093861343814528,0.0002004907634754763,0.09,0.23,0.0064653,2.8024614446726536e-05,0.001560152768618992,0.002508193026818759,0.0024229317192369323,8.526130758182689e-05,0.15,0.23,0.0064653,0.88
280,2.79,6.893612573508603e-05,0.003437334371280079,0.0059323093690422,0.005589469132267296,0.000342840236774904,0.05,0.23,0.0064653,4.833055813423673e-05,0.0025489413899961633,0.004298496221518793,0.004096782731109125,0.0002017134904096681,0.09,0.23,0.0064653,2.6466796828771484e-05,0.0015582517493063072,0.002497664851910904,0.002415779903559797,8.188494835110635e-05,0.15,0.23,0.0064653,0.88
281,2.8,6.456130465196217e-05,0.0034278542624445233,0.005918139349980531,0.005578393177286513,0.0003397461726940173,0.05,0.23,0.0064653,4.779425936438027e-05,0.0025433972202239317,0.004279381657293712,0.004082340283311061,0.00019704137398265137,0.09,0.23,0.0064653,2.563708542266508e-05,0.0015549378484289787,0.0024933394992370465,0.0024112222521612907,8.211724707575528e-05,0.15,0.23,0.0064653,0.88
282,2.81,6.366826265318567e-05,0.0034201033160717238,0.005895755480093946,0.005561345312297949,0.00033441016779599703,0.05,0.23,0.0064653,4.848750733865868e-05,0.0025416887360654307,0.004270243472476584,0.004076828319712264,0.00019341515276431975,0.09,0.23,0.0064653,2.6349231619240834e-05,0.0015476887764220419,0.0024836601681507108,0.002400863550387714,8.279661776299695e-05,0.15,0.23,0.0064653,0.88
283,2.82,6.103968607365722e-05,0.0034153509395237645,0.005869902117171028,0.005547080319012025,0.00032282179815900253,0.05,0.23,0.0064653,4.941031447807617e-05,0.002537427241157946,0.004265136150974574,0.0040689037308216675,0.00019623242015290616,0.09,0.23,0.0064653,2.6191684618595417e-05,0.001545228622074077,0.0024741415507025088,0.0023923212346675504,8.18203160349584e-05,0.15,0.23,0.0064653,0.88
284,2.83,6.655538254727797e-05,0.003429961038366084,0.005919739936480362,0.00558003633209016,0.0003397036043902027,0.05,0.23,0.0064653,4.595993068116353e-05,0.0025306313869145644,0.00424612753808922,0.004055487562762475,0.00019063997532674487,0.09,0.23,0.0064653,2.6849317291747495e-05,0.0015419731262199775,0.002469413386591572,0.002387337928534571,8.207545805700032e-05,0.15,0.23,0.0064653,0.88
285,2.84,6.0251803775583156e-05,0.0034200043055417797,0.005880005487952337,0.00555947471433806,0.0003205307736142773,0.05,0.23,0.0064653,4.623559248372984e-05,0.0025246777983893025,0.004241761312678815,0.004046663577866391,0.0001950977348124236,0.09,0.23,0.0064653,2.6816037943499405e-05,0.001538981586183672,0.002464038468390554,0.002382413929175283,8.16245392152712e-05,0.15,0.23,0.0064653,0.88
286,2.85,6.35258500805823e-05,0.0034129660278565213,0.005866835281006416,0.005539911668083412,0.0003269236129230038,0.05,0.23,0.0064653,4.807309407231779e-05,0.0025233906094318435,0.0042288614476746235,0.004037273595920166,0.00019158785175445693,0.09,0.23,0.0064653,2.5667213800341055e-05,0.0015327206173407328,0.002452154964321888,0.0023718600538278783,8.029491049400976e-05,0.15,0.23,0.0064653,0.88
287,2.86,6.426687064407213e-05,0.0034114291295424446,0.005879800719848136,0.005547135517492907,0.0003326652023552295,0.05,0.23,0.0064653,4.750526096137859e-05,0.002515069491913554,0.0042182367853971755,0.004025285007493688,0.00019295177790348768,0.09,0.23,0.0064653,2.5341165942548324e-05,0.0015304504723311803,0.0024470938088957247,0.0023656829722341777,8.14108366615468e-05,0.15,0.23,0.0064653,0.88
288,2.87,6.428942621228811e-05,0.0034104269625975167,0.005865899134856397,0.005537178288340319,0.0003287208465160773,0.05,0.23,0.0064653,4.965748245254841e-05,0.002518688411234662,0.004234551217553963,0.004034235640422594,0.00020031557713136902,0.09,0.23,0.0064653,2.5661389931268844e-05,0.0015266737549915078,0.0024412373760044426,0.002360037446194026,8.119992981041744e-05,0.15,0.23,0.0064653,0.88
289,2.88,6.155481204612944e-05,0.003409807013610988,0.005852564904730631,0.00553332338756165,0.00031924151716898185,0.05,0.23,0.0064653,4.719870390959366e-05,0.0025080358242722733,0.004200091783680039,0.004011413220618109,0.00018867856306192945,0.09,0.23,0.0064653,2.7656361265105807e-05,0.0015236492112160255,0.002430511785235795,0.0023509604292810946,7.955135595470011e-05,0.15,0.23,0.0064653,0.88
290,2.89,5.8719850030628125e-05,0.003395294005093831,0.005830613529028307,0.005511149150306345,0.000319464378721962,0.05,0.23,0.0064653,4.696039214621713e-05,0.002503286404003453,0.004197089814268699,0.004007397214322672,0.00018969259994602768,0.09,0.23,0.0064653,2.6068571681907212e-05,0.0015165194245264162,0.0024177926231722545,0.0023399368235312926,7.785579964096163e-05,0.15,0.23,0.0064653,0.88
291,2.9,6.230766363954678e-05,0.0033967317265905196,0.0058425794781475715,0.005516744295514272,0.00032583518263329966,0.05,0.23,0.0064653,4.800593515092555e-05,0.0025011068433303725,0.004199405372065964,0.004002570530583723,0.00019683484148224113,0.09,0.23,0.0064653,2.5711046374542127e-05,0.001512361636356213,0.0024130924576013257,0.0023336600376196674,7.94324199816587e-05,0.15,0.23,0.0064653,0.88
292,2.91,6.126189983228435e-05,0.003395434458340862,0.005831346011072296,0.005510263127767999,0.00032108288330429514,0.05,0.23,0.0064653,4.671762272964322e-05,0.0024991473863438737,0.0041861957624582625,0.003994401798074745,0.00019179396438351746,0.09,0.23,0.0064653,2.6013929414121585e-05,0.001509120504430755,0.002405751305105034,0.002325858953683469,7.989235142156493e-05,0.15,0.23,0.0064653,0.88
293,2.92,6.686970272534066e-05,0.0033869521342740523,0.005826413573511478,0.0054945638498129674,0.00033184972369850943,0.05,0.23,0.0064653,4.7491724053334456e-05,0.002493644378914657,0.004168975966037581,0.003983998178390368,0.0001849777876472126,0.09,0.23,0.0064653,2.559227655460725e-05,0.0015070505131207278,0.002401547687045579,0.0023230178723596066,7.85298146859725e-05,0.15,0.23,0.0064653,0.88
294,2.93,6.391707317778381e-05,0.0033858668580813833,0.005808304680429584,0.005486908640344795,0.0003213960400847889,0.05,0.23,0.0064653,5.071611910633328e-05,0.002486917074916044,0.004162939223746893,0.003971340299876266,0.0001915989238706262,0.09,0.23,0.0064653,2.5473306274869004e-05,0.0015044062584525027,0.0023947912986830716,0.0023174170342362835,7.737426444678827e-05,0.15,0.23,0.0064653,0.88
295,2.94,6.297180078459017e-05,0.0033862855047619,0.005820162150858883,0.005493475812210729,0.0003266863386481548,0.05,0.23,0.0064653,4.564743804850059e-05,0.002481492838483757,0.004145220978482375,0.003960569792802132,0.00018465118568024348,0.09,0.23,0.0064653,2.485608218021852e-05,0.0014998497908345306,0.002386079438342625,0.002308318948668409,7.776048967421558e-05,0.15,0.23,0.0064653,0.88
296,2.95,6.0158349933344104e-05,0.003375019415219379,0.005786591201130317,0.005471721151545456,0.00031487004958486066,0.05,0.23,0.0064653,4.9396276035162073e-05,0.0024790935605042198,0.0041485073827116905,0.003958081808778255,0.00019042557393343537,0.09,0.23,0.0064653,2.633410193280124e-05,0.0014935547308709413,0.002374676561786478,0.0022966209882678192,7.805557351865875e-05,0.15,0.23,0.0064653,0.88
297,2.96,6.725487471637564e-05,0.003377019664517823,0.005807531460339665,0.005475046004256214,0.00033248545608344964,0.05,0.23,0.0064653,4.796905472033659e-05,0.0024781248836313915,0.004143742652791596,0.0039543699336122414,0.00018937271917935402,0.09,0.23,0.0064653,2.5924863437480373e-05,0.0014908590046061286,0.0023694006805114525,0.002292225450364139,7.717523014731363e-05,0.15,0.23,0.0064653,0.88
298,2.97,6.095284243359516e-05,0.0033719002714481085,0.005783813237077486,0.005464207695351381,0.0003196055417261056,0.05,0.23,0.0064653,4.7692883515343314e-05,0.0024787937899255676,0.004146745064596048,0.003955240695141844,0.0001915043694542042,0.09,0.23,0.0064653,2.5006716340133706e-05,0.0014892917239823127,0.002362648669897251,0.002287332180877006,7.531648902024565e-05,0.15,0.23,0.0064653,0.88
299,2.98,6.2865398248395e-05,0.0033765593267197757,0.005797475662610315,0.005473747747992499,0.0003237279146178158,0.05,0.23,0.0064653,4.5078354027707436e-05,0.0024711209111495827,0.004125807194681139,0.003943005934933341,0.00018280125974779796,0.09,0.23,0.0064653,2.7047385374944156e-05,0.0014833778846320839,0.0023565813996037385,0.0022780516725832197,7.85297270205186e-05,0.15,0.23,0.0064653,0.88
300,2.99,5.97558151133762e-05,0.0033631063556999025,0.0057503795802452745,0.005439318287358129,0.00031106129288714526,0.05,0.23,0.0064653,4.6997322078859e-05,0.0024670941170871997,0.004117311047577299,0.003932936037820108,0.0001843750097571913,0.09,0.23,0.0064653,2.544454437124703e-05,0.001479958239180413,0.0023455555021001644,0.002271110060307536,7.444544179262746e-05,0.15,0.23,0.0064653,0.88
301,3.0,6.376332633281467e-05,0.003357028596138017,0.005756093072057017,0.005432913551906605,0.0003231795201504127,0.05,0.23,0.0064653,4.555726334001896e-05,0.0024606873153158815,0.004105766348549608,0.003923750952659169,0.00018201539589043976,0.09,0.23,0.0064653,2.481782508209938e-05,0.0014745094810161674,0.002338658829150141,0.002262780691759701,7.587813739043912e-05,0.15,0.23,0.0064653,0.88
